CustomerID,Recency,Frequency,Monetary,Age,Gender,State,Region,Country,City,HasChurned,FirstPurchaseYear,LastPurchaseYear,LastPurchaseMonth,R_Score,F_Score,M_Score,RFM_Segment,Simplified_RFM_Segment,AgeGroup,Advanced_Segment,Churn_Probability
1,89,18,4878.52,22,Female,IL,Midwest,USA,Chicago,0,2022,2024,10,1,4,4,144,Other,18-24,4,0.149816047538945
2,48,16,3723.37,58,Female,NSW,NSW,Australia,Sydney,0,2022,2024,11,2,3,2,232,Other,55-64,5,0.3802857225639665
3,17,8,2498.57,52,Female,NY,Northeast,USA,New York,0,2022,2024,12,4,1,1,411,Other,45-54,3,0.292797576724562
4,26,23,5370.22,40,Female,TX,South,USA,Houston,0,2022,2024,12,3,5,5,355,Loyal Customers,35-44,5,0.23946339367881464
5,6,22,5717.82,40,Female,ON,Ontario,Canada,Toronto,0,2022,2024,12,5,5,5,555,Champions,35-44,5,0.06240745617697461
6,25,12,3444.63,62,Female,TX,South,USA,Houston,0,2022,2024,12,3,1,2,312,Other,55-64,2,0.062397808134481064
7,2,16,4855.28,22,Male,IL,Midwest,USA,Chicago,0,2022,2024,12,5,3,4,534,Loyal Customers,18-24,3,0.023233444867279785
8,10,13,3305.41,54,Female,TX,South,USA,Houston,0,2022,2024,12,5,2,2,522,Other,45-54,3,0.3464704583099741
9,42,8,2190.54,28,Female,CA,West,USA,Los Angeles,0,2023,2024,11,3,1,1,311,Other,25-34,3,0.24044600469728353
10,135,14,4602.28,22,Male,IL,Midwest,USA,Chicago,0,2022,2024,8,1,2,4,124,Other,18-24,5,0.2832290311184182
11,58,16,4397.2,45,Male,CA,West,USA,Los Angeles,0,2022,2024,11,2,3,4,234,Other,45-54,4,0.008233797718320978
12,8,16,4036.96,68,Female,CA,West,USA,Los Angeles,0,2022,2024,12,5,3,3,533,Loyal Customers,65+,3,0.38796394086479774
13,20,17,4709.57,56,Male,FL,Southeast,USA,Miami,0,2022,2024,12,4,4,4,444,Champions,55-64,5,0.3329770563201687
14,97,12,3075.45,57,Male,IL,Midwest,USA,Chicago,1,2022,2024,9,1,1,1,111,Hibernating,55-64,2,0.4849356442713105
15,24,13,3101.11,55,Male,ENG,England,UK,London,0,2022,2024,12,4,2,2,422,Other,55-64,4,0.07272998688284026
16,154,14,3944.01,58,Male,NY,Northeast,USA,New York,0,2022,2024,7,1,2,3,123,Other,55-64,2,0.07336180394137352
17,78,11,2548.23,44,Male,CA,West,USA,Los Angeles,0,2022,2024,10,2,1,1,211,Hibernating,35-44,4,0.1216968971838151
18,6,16,5053.67,24,Female,NSW,NSW,Australia,Sydney,1,2022,2024,12,5,3,5,535,Loyal Customers,18-24,5,0.6099025726528952
19,37,12,3944.86,61,Male,CA,West,USA,Los Angeles,0,2022,2024,11,3,1,3,313,Potential Loyalists,55-64,1,0.17277800745684632
20,135,12,3929.11,41,Female,CA,West,USA,Los Angeles,0,2022,2024,8,1,1,3,113,Other,35-44,4,0.11649165607921677
21,14,13,4584.75,44,Female,NY,Northeast,USA,New York,0,2022,2024,12,4,2,4,424,Potential Loyalists,35-44,2,0.2447411578889518
22,2,15,2974.99,37,Male,TX,South,USA,Houston,0,2022,2024,12,5,3,1,531,Need Attention,35-44,5,0.055797544260816734
23,34,13,3209.97,27,Male,ENG,England,UK,London,0,2022,2024,11,3,2,2,322,Other,25-34,4,0.11685785941408727
24,10,20,5240.58,66,Female,WA,West,USA,Seattle,0,2022,2024,12,5,5,5,555,Champions,65+,1,0.1465447373174767
25,25,19,7074.45,58,Male,IL,Midwest,USA,Chicago,0,2022,2024,12,3,5,5,355,Loyal Customers,55-64,1,0.1824279936868144
26,63,17,5016.62,51,Male,CA,West,USA,Los Angeles,0,2022,2024,10,2,4,4,244,Other,45-54,3,0.3140703845572055
27,4,12,2828.29,38,Other,NY,Northeast,USA,New York,1,2022,2024,12,5,1,1,511,Other,35-44,3,0.4798695128633439
28,1,11,2388.63,60,Other,TX,South,USA,Houston,0,2023,2024,12,5,1,1,511,Other,55-64,2,0.20569377536544464
29,11,13,3528.35,46,Female,CA,West,USA,Los Angeles,0,2022,2024,12,4,2,2,422,Other,45-54,4,0.236965827544817
30,62,15,4222.78,41,Male,NY,Northeast,USA,New York,0,2022,2024,10,2,3,3,233,Other,35-44,4,0.01858016508799909
31,56,10,3114.2,41,Female,NY,Northeast,USA,New York,0,2022,2024,11,2,1,2,212,Hibernating,35-44,3,0.24301794076057537
32,11,18,4993.68,29,Female,CA,West,USA,Los Angeles,0,2022,2024,12,4,4,4,444,Champions,25-34,4,0.06820964947491662
33,2,18,3929.19,22,Male,FL,Southeast,USA,Miami,0,2022,2024,12,5,4,3,543,Loyal Customers,18-24,4,0.02602063719411181
34,14,14,3387.5,46,Female,IL,Midwest,USA,Chicago,0,2022,2024,12,4,2,2,422,Other,45-54,1,0.37955421490133334
35,49,17,4231.87,64,Male,CA,West,USA,Los Angeles,0,2022,2024,11,2,4,3,243,Other,55-64,3,0.38625281322982374
36,2,22,6633.36,21,Male,TX,South,USA,Houston,0,2022,2024,12,5,5,5,555,Champions,18-24,5,0.3233589392465845
37,40,15,4019.83,62,Female,WA,West,USA,Seattle,0,2022,2024,11,3,3,3,333,Loyal Customers,55-64,3,0.12184550766934828
38,81,14,4233.01,61,Male,IL,Midwest,USA,Chicago,0,2022,2024,10,2,2,3,223,Other,55-64,5,0.039068845602553554
39,57,8,1505.1,32,Male,ON,Ontario,Canada,Toronto,0,2022,2024,11,2,1,1,211,Hibernating,25-34,1,0.2736932106048628
40,242,8,2687.58,50,Female,TX,South,USA,Houston,0,2022,2024,5,1,1,1,111,Hibernating,45-54,2,0.17606099749584053
41,77,17,4895.5,26,Other,ON,Ontario,Canada,Toronto,0,2022,2024,10,2,4,4,244,Other,25-34,4,0.048815293937911536
42,75,17,3471.75,57,Female,NY,Northeast,USA,New York,0,2022,2024,10,2,4,2,242,Other,55-64,1,0.19807076404450807
43,26,15,3669.62,54,Female,NY,Northeast,USA,New York,0,2022,2024,12,3,3,2,332,Need Attention,45-54,4,0.013755408446087358
44,70,19,5698.93,36,Other,CA,West,USA,Los Angeles,0,2022,2024,10,2,5,5,255,Other,35-44,2,0.3637281608315128
45,6,16,3252.88,21,Male,TX,South,USA,Houston,0,2022,2024,12,5,3,2,532,Need Attention,18-24,2,0.10351199264000677
46,94,17,4932.62,68,Male,NY,Northeast,USA,New York,0,2022,2024,9,1,4,4,144,Other,65+,1,0.2650089137415928
47,195,15,4157.73,41,Male,NY,Northeast,USA,New York,0,2022,2024,6,1,3,3,133,Other,35-44,2,0.12468443043576438
48,58,17,4233.99,64,Male,WA,West,USA,Seattle,0,2022,2024,11,2,4,3,243,Other,55-64,5,0.20802720847112433
49,13,11,2901.17,53,Female,NY,Northeast,USA,New York,1,2022,2024,12,4,1,1,411,Other,45-54,2,0.6186841117373119
50,19,12,2180.21,58,Male,NY,Northeast,USA,New York,0,2022,2024,12,4,1,1,411,Other,55-64,4,0.07394178221021082
51,4,23,6245.69,57,Female,CA,West,USA,Los Angeles,1,2022,2024,12,5,5,5,555,Champions,55-64,4,0.7878338511058235
52,46,14,4228.54,28,Male,TX,South,USA,Houston,0,2022,2024,11,2,2,3,223,Other,25-34,4,0.31005312934444584
53,4,21,5601.94,36,Male,NY,Northeast,USA,New York,0,2022,2024,12,5,5,5,555,Champions,35-44,4,0.37579957662567565
54,33,13,3104.33,42,Female,NY,Northeast,USA,New York,0,2022,2024,11,3,2,2,322,Other,35-44,5,0.35793094017105953
55,24,17,6030.33,43,Male,NY,Northeast,USA,New York,0,2022,2024,12,4,4,5,445,Champions,35-44,3,0.23915999152443407
56,176,9,2547.05,20,Male,WA,West,USA,Seattle,0,2022,2024,7,1,1,1,111,Hibernating,18-24,1,0.36874969400924673
57,16,16,3829.3,46,Male,BY,Bavaria,Germany,Munich,0,2022,2024,12,4,3,3,433,Loyal Customers,45-54,4,0.0353970008207678
58,27,11,3041.97,26,Female,TX,South,USA,Houston,1,2023,2024,12,3,1,1,311,Other,25-34,2,0.4783931449676581
59,1,17,4412.69,56,Female,FL,Southeast,USA,Miami,0,2022,2024,12,5,4,4,544,Champions,55-64,4,0.018090915564215226
60,15,22,4842.6,53,Female,ENG,England,UK,London,1,2022,2024,12,4,5,4,454,Champions,45-54,2,0.5301321323053058
61,15,16,4769.84,65,Male,MH,Maharashtra,India,Mumbai,0,2022,2024,12,4,3,4,434,Loyal Customers,65+,2,0.15547091587579281
62,119,7,2074.95,56,Male,FL,Southeast,USA,Miami,0,2022,2024,9,1,1,1,111,Hibernating,55-64,4,0.10853961270955836
63,48,8,1388.57,37,Female,ENG,England,UK,London,0,2022,2024,11,2,1,1,211,Hibernating,35-44,5,0.3314950036607718
64,173,16,4493.77,68,Female,BY,Bavaria,Germany,Munich,0,2022,2024,7,1,3,4,134,Other,65+,2,0.1427013306774357
65,58,11,3308.87,39,Female,WA,West,USA,Seattle,0,2022,2024,11,2,1,2,212,Hibernating,35-44,2,0.11237380387495231
66,170,12,2293.28,34,Female,TX,South,USA,Houston,0,2022,2024,7,1,1,1,111,Hibernating,25-34,4,0.2170784332632994
67,92,8,2220.61,65,Female,CA,West,USA,Los Angeles,0,2022,2024,9,1,1,1,111,Hibernating,65+,2,0.05636968998990506
68,94,19,5322.75,37,Male,CA,West,USA,Los Angeles,0,2022,2024,9,1,5,5,155,Other,35-44,2,0.32087879230161587
69,93,16,4680.52,21,Male,TX,South,USA,Houston,0,2022,2024,9,1,3,4,134,Other,18-24,4,0.02982025747190833
70,2,20,6680.85,42,Female,TX,South,USA,Houston,1,2022,2024,12,5,5,5,555,Champions,35-44,4,0.7947547746402069
71,5,14,3177.35,59,Male,TX,South,USA,Houston,0,2022,2024,12,5,2,2,522,Other,55-64,1,0.308897907718663
72,25,10,3637.25,27,Female,FL,Southeast,USA,Miami,0,2022,2024,12,3,1,2,312,Other,25-34,5,0.07948627261366897
73,31,15,4312.75,42,Female,FL,Southeast,USA,Miami,1,2022,2024,11,3,3,4,334,Loyal Customers,35-44,5,0.40220884684944097
74,65,17,4126.79,24,Female,ON,Ontario,Canada,Toronto,0,2022,2024,10,2,4,3,243,Other,18-24,2,0.3261845713819337
75,19,14,3660.48,53,Female,CA,West,USA,Los Angeles,0,2022,2024,12,4,2,2,422,Other,45-54,5,0.28274293753904683
76,44,17,4698.54,42,Female,NY,Northeast,USA,New York,0,2022,2024,11,2,4,4,244,Other,35-44,2,0.29160286721639495
77,85,13,3604.19,35,Female,WA,West,USA,Seattle,1,2022,2024,10,1,2,2,122,Hibernating,35-44,1,0.7085081386743783
78,25,15,3222.46,29,Female,ON,Ontario,Canada,Toronto,0,2022,2024,12,3,3,2,332,Need Attention,25-34,4,0.029617860693636144
79,4,18,4639.18,47,Female,MH,Maharashtra,India,Mumbai,0,2022,2024,12,5,4,4,544,Champions,45-54,4,0.14338629141770906
80,81,18,4515.43,52,Male,ENG,England,UK,London,0,2022,2024,10,2,4,4,244,Other,45-54,4,0.04634762381005189
81,86,19,5751.09,66,Female,ENG,England,UK,London,0,2022,2024,10,1,5,5,155,Other,65+,5,0.34524137035023744
82,37,19,4632.38,40,Female,NY,Northeast,USA,New York,1,2022,2024,11,3,5,4,354,Loyal Customers,35-44,1,0.6493192507310233
83,43,19,5134.62,26,Male,TX,South,USA,Houston,0,2022,2024,11,2,5,5,255,Other,25-34,5,0.13235920994105968
84,26,15,4470.67,61,Male,NY,Northeast,USA,New York,1,2022,2024,12,3,3,4,334,Loyal Customers,55-64,5,0.42542334011440947
85,9,16,4612.1,50,Female,FL,Southeast,USA,Miami,0,2022,2024,12,5,3,4,534,Loyal Customers,45-54,1,0.12439292868626489
86,125,9,3977.38,54,Female,BY,Bavaria,Germany,Munich,0,2022,2024,8,1,1,3,113,Other,45-54,1,0.13007332881069883
87,219,3,828.09,23,Male,NY,Northeast,USA,New York,0,2023,2024,5,1,1,1,111,Hibernating,18-24,1,0.2918424713352256
88,7,17,4937.15,34,Male,FL,Southeast,USA,Miami,0,2022,2024,12,5,4,4,544,Champions,25-34,1,0.25502298854208527
89,41,10,2204.44,57,Male,NY,Northeast,USA,New York,0,2022,2024,11,3,1,1,311,Other,55-64,4,0.3548850970305306
90,41,19,5883.63,61,Male,CA,West,USA,Los Angeles,0,2022,2024,11,3,5,5,355,Loyal Customers,55-64,3,0.18888597006477972
91,23,14,3523.28,40,Female,CA,West,USA,Los Angeles,0,2022,2024,12,4,2,2,422,Other,35-44,3,0.04783769837532068
92,35,11,1148.58,59,Male,CA,West,USA,Los Angeles,0,2022,2024,11,3,1,1,311,Other,55-64,1,0.28529791488919803
93,136,12,3231.77,61,Male,NSW,NSW,Australia,Sydney,0,2022,2024,8,1,1,2,112,Hibernating,55-64,3,0.304314019446759
94,72,18,5457.47,38,Female,TX,South,USA,Houston,0,2022,2024,10,2,4,5,245,Other,35-44,3,0.2245108790277985
95,69,9,2657.26,64,Male,ON,Ontario,Canada,Toronto,0,2022,2024,10,2,1,1,211,Hibernating,55-64,1,0.3083868719818244
96,7,13,3242.0,32,Male,IL,Midwest,USA,Chicago,0,2022,2024,12,5,2,2,522,Other,25-34,3,0.19751823854575631
97,13,20,5876.49,30,Female,CA,West,USA,Los Angeles,0,2022,2024,12,4,5,5,455,Champions,25-34,5,0.20909313175279765
98,15,11,3332.57,53,Female,CA,West,USA,Los Angeles,0,2022,2024,12,4,1,2,412,Other,45-54,2,0.17101640734341986
99,41,12,3950.54,51,Other,ON,Ontario,Canada,Toronto,0,2022,2024,11,3,1,3,313,Potential Loyalists,45-54,2,0.010167650697638076
100,36,8,2487.36,25,Female,NY,Northeast,USA,New York,0,2022,2024,11,3,1,1,311,Other,25-34,1,0.04315657079732178
101,1,19,4371.55,61,Female,BY,Bavaria,Germany,Munich,0,2022,2024,12,5,5,4,554,Champions,55-64,4,0.012571674274693702
102,47,16,5343.54,28,Female,CA,West,USA,Los Angeles,0,2022,2024,11,2,3,5,235,Other,25-34,1,0.25456416450551217
103,13,9,2243.79,59,Female,IL,Midwest,USA,Chicago,0,2022,2024,12,4,1,1,411,Other,55-64,4,0.12574239243053068
104,11,19,5452.58,18,Female,ON,Ontario,Canada,Toronto,0,2022,2024,12,4,5,5,455,Champions,18-24,2,0.20342827646588113
105,5,16,3815.23,59,Other,NY,Northeast,USA,New York,1,2022,2024,12,5,3,3,533,Loyal Customers,55-64,1,0.7630265895704372
106,4,15,4137.46,58,Female,NY,Northeast,USA,New York,0,2022,2024,12,5,3,3,533,Loyal Customers,55-64,5,0.09971689165954999
107,2,22,6124.27,58,Female,NSW,NSW,Australia,Sydney,0,2022,2024,12,5,5,5,555,Champions,55-64,3,0.1641531692142519
108,50,16,4487.42,52,Male,NY,Northeast,USA,New York,0,2022,2024,11,2,3,4,234,Other,45-54,4,0.3022204554172195
109,128,14,4030.76,42,Female,TX,South,USA,Houston,0,2022,2024,8,1,2,3,123,Other,35-44,3,0.09151926619664899
110,1,12,4208.55,54,Male,TX,South,USA,Houston,1,2022,2024,12,5,1,3,513,Potential Loyalists,45-54,3,0.4307919639315172
111,96,16,3501.04,32,Female,NY,Northeast,USA,New York,1,2022,2024,9,1,3,2,132,Other,25-34,1,0.5159005811655073
112,48,15,3690.98,58,Female,WA,West,USA,Seattle,0,2022,2024,11,2,3,2,232,Other,55-64,3,0.06448851490160178
113,3,14,4315.36,46,Other,WA,West,USA,Seattle,0,2022,2024,12,5,2,4,524,Potential Loyalists,45-54,5,0.37187906093702927
114,15,13,3159.33,41,Other,NY,Northeast,USA,New York,0,2022,2024,12,4,2,2,422,Other,35-44,3,0.3232481518257668
115,47,19,4518.31,44,Male,ON,Ontario,Canada,Toronto,1,2022,2024,11,2,5,4,254,Other,35-44,1,0.6533615026041695
116,71,20,4802.24,47,Female,CA,West,USA,Los Angeles,1,2022,2024,10,2,5,4,254,Other,45-54,5,0.7485842360750872
117,66,13,2628.44,19,Female,CA,West,USA,Los Angeles,0,2022,2024,10,2,2,1,221,Hibernating,18-24,2,0.32146883075964583
118,17,12,3112.87,25,Male,FL,Southeast,USA,Miami,0,2022,2024,12,4,1,2,412,Other,25-34,3,0.07462802355441434
119,179,14,4049.37,30,Male,MH,Maharashtra,India,Mumbai,0,2022,2024,7,1,2,3,123,Other,25-34,1,0.35702359939599115
120,246,11,2648.56,23,Male,CA,West,USA,Los Angeles,1,2022,2024,4,1,1,1,111,Hibernating,18-24,2,0.6157368967662603
121,43,13,3288.76,40,Female,CA,West,USA,Los Angeles,0,2022,2024,11,2,2,2,222,Hibernating,35-44,2,0.322976062065625
122,15,13,3444.28,52,Female,TX,South,USA,Houston,0,2022,2024,12,4,2,2,422,Other,45-54,4,0.3584365199693973
123,19,24,6972.19,52,Other,ON,Ontario,Canada,Toronto,0,2022,2024,12,4,5,5,455,Champions,45-54,5,0.12720138998874556
124,1,15,4156.99,42,Female,CA,West,USA,Los Angeles,0,2022,2024,12,5,3,3,533,Loyal Customers,35-44,3,0.044020769811070705
125,133,13,3845.8,62,Other,NY,Northeast,USA,New York,0,2022,2024,8,1,2,3,123,Other,55-64,1,0.09117406501677668
126,4,12,3106.09,47,Male,IL,Midwest,USA,Chicago,0,2022,2024,12,5,1,2,512,Other,45-54,4,0.17084311545050254
127,17,20,5733.68,22,Female,NY,Northeast,USA,New York,0,2022,2024,12,4,5,5,455,Champions,18-24,5,0.32720590636899727
128,83,13,3433.05,57,Male,CA,West,USA,Los Angeles,0,2022,2024,10,1,2,2,122,Hibernating,55-64,4,0.3442922333025374
129,54,20,5613.57,47,Female,CA,West,USA,Los Angeles,0,2022,2024,11,2,5,5,255,Other,45-54,5,0.0027808522124762817
130,114,16,4797.95,51,Female,TX,South,USA,Houston,1,2022,2024,9,1,3,4,134,Other,45-54,5,0.6042989210310263
131,1,12,3592.41,47,Female,TX,South,USA,Houston,1,2022,2024,12,5,1,2,512,Other,45-54,3,0.5669644012595116
132,9,10,3078.81,46,Female,ENG,England,UK,London,0,2022,2024,12,5,1,1,511,Other,45-54,5,0.0888431241882921
133,72,15,4842.39,22,Male,FL,Southeast,USA,Miami,1,2022,2024,10,2,3,4,234,Other,18-24,4,0.4479461469334731
134,157,20,4796.76,47,Male,IL,Midwest,USA,Chicago,0,2022,2024,7,1,5,4,154,Other,45-54,5,0.13504606856145118
135,19,14,4152.12,59,Male,MH,Maharashtra,India,Mumbai,0,2022,2024,12,4,2,3,423,Potential Loyalists,55-64,3,0.3771638815650077
136,6,18,5234.56,33,Male,TX,South,USA,Houston,0,2022,2024,12,5,4,5,545,Champions,25-34,3,0.1292811728083021
137,124,14,3241.79,49,Female,TX,South,USA,Houston,0,2022,2024,8,1,2,2,122,Hibernating,45-54,4,0.20751624869734644
138,35,11,2784.98,19,Female,BY,Bavaria,Germany,Munich,0,2022,2024,11,3,1,1,311,Other,18-24,2,0.28120758355807113
139,31,17,3531.81,36,Female,NY,Northeast,USA,New York,0,2022,2024,11,3,4,2,342,Need Attention,35-44,2,0.1454518409517176
140,3,17,3957.69,40,Female,IL,Midwest,USA,Chicago,0,2022,2024,12,5,4,3,543,Loyal Customers,35-44,5,0.3887128330883843
141,34,12,3785.95,69,Female,WA,West,USA,Seattle,0,2022,2024,11,3,1,3,313,Potential Loyalists,65+,1,0.3849789179768445
142,9,20,6181.57,29,Female,CA,West,USA,Los Angeles,0,2022,2024,12,5,5,5,555,Champions,25-34,5,0.10071291833014567
143,9,9,2756.42,32,Male,TX,South,USA,Houston,0,2022,2024,12,5,1,1,511,Other,25-34,4,0.1988994023569542
144,102,14,3215.96,39,Male,CA,West,USA,Los Angeles,1,2022,2024,9,1,2,2,122,Hibernating,35-44,4,0.5203513239267079
145,89,11,3091.69,69,Female,CA,West,USA,Los Angeles,0,2022,2024,10,1,1,1,111,Hibernating,65+,4,0.11393619775098705
146,40,14,3726.12,62,Female,TX,South,USA,Houston,0,2022,2024,11,3,2,2,322,Other,55-64,4,0.014754778941813118
147,2,10,2379.73,19,Male,NY,Northeast,USA,New York,0,2022,2024,12,5,1,1,511,Other,18-24,4,0.24382573359195875
148,68,17,3836.57,30,Female,WA,West,USA,Seattle,0,2022,2024,10,2,4,3,243,Other,25-34,3,0.2010716092915446
149,11,15,3809.41,60,Female,BY,Bavaria,Germany,Munich,1,2022,2024,12,4,3,3,433,Loyal Customers,55-64,2,0.4205915004999958
150,46,19,6081.14,21,Male,ON,Ontario,Canada,Toronto,0,2022,2024,11,2,5,5,255,Other,18-24,4,0.11145858569464458
151,27,19,5382.94,62,Male,NY,Northeast,USA,New York,0,2022,2024,12,3,5,5,355,Loyal Customers,55-64,1,0.3633063543866615
152,89,12,2746.12,32,Female,NY,Northeast,USA,New York,0,2022,2024,10,1,1,1,111,Hibernating,25-34,1,0.09582475626678898
153,114,12,3913.42,65,Female,NY,Northeast,USA,New York,0,2022,2024,9,1,1,3,113,Other,65+,1,0.05795794883648924
154,3,17,4050.13,33,Male,CA,West,USA,Los Angeles,0,2022,2024,12,5,4,3,543,Loyal Customers,25-34,1,0.19578110411102523
155,33,15,4364.2,40,Female,NSW,NSW,Australia,Sydney,0,2022,2024,11,3,3,4,334,Loyal Customers,35-44,3,0.3942601816442403
156,21,12,3500.54,52,Male,TX,South,USA,Houston,1,2022,2024,12,4,1,2,412,Other,45-54,1,0.4968221086046002
157,83,12,2864.49,24,Female,NY,Northeast,USA,New York,0,2022,2024,10,1,1,1,111,Hibernating,18-24,4,0.26885421896235145
158,2,18,5659.24,46,Male,ON,Ontario,Canada,Toronto,0,2022,2024,12,5,4,5,545,Champions,45-54,5,0.30464784613148704
159,28,15,5191.41,44,Female,NY,Northeast,USA,New York,0,2022,2024,12,3,3,5,335,Loyal Customers,35-44,1,0.09505501759695988
160,8,12,2401.55,58,Male,CA,West,USA,Los Angeles,0,2022,2024,12,5,2,1,521,Other,55-64,3,0.29128653944474386
161,19,15,3948.48,69,Male,CA,West,USA,Los Angeles,0,2022,2024,12,4,3,3,433,Loyal Customers,65+,3,0.1471132530877013
162,58,16,4751.19,52,Female,FL,Southeast,USA,Miami,1,2022,2024,11,2,3,4,234,Other,45-54,1,0.6529223322374318
163,21,18,3940.82,39,Male,WA,West,USA,Seattle,0,2022,2024,12,4,4,3,443,Loyal Customers,35-44,5,0.2534118843043579
164,222,15,3485.94,39,Male,CA,West,USA,Los Angeles,1,2022,2024,5,1,3,2,132,Other,35-44,1,0.6143098736299034
165,26,13,2839.43,39,Male,BY,Bavaria,Germany,Munich,0,2022,2024,12,3,2,1,321,Other,35-44,3,0.03611590802176332
166,33,15,3151.3,60,Female,ENG,England,UK,London,0,2022,2024,11,3,3,2,332,Need Attention,55-64,2,0.3341209982356952
167,55,21,5673.83,34,Female,ON,Ontario,Canada,Toronto,0,2022,2024,11,2,5,5,255,Other,25-34,4,0.12831202598869434
168,4,10,1818.57,26,Other,NY,Northeast,USA,New York,0,2022,2024,12,5,1,1,511,Other,25-34,3,0.0746074041599417
169,47,12,3524.06,35,Male,CA,West,USA,Los Angeles,0,2022,2024,11,2,2,2,222,Hibernating,35-44,1,0.01631005662190557
170,26,11,3501.41,19,Male,ENG,England,UK,London,0,2022,2024,12,3,1,2,312,Other,18-24,4,0.23635717727529673
171,108,17,4628.25,23,Male,NY,Northeast,USA,New York,1,2022,2024,9,1,4,4,144,Other,18-24,1,0.671025744736913
172,138,10,3389.51,22,Female,FL,Southeast,USA,Miami,0,2022,2024,8,1,1,2,112,Hibernating,18-24,1,0.006635131571142461
173,19,17,4697.73,58,Other,WA,West,USA,Seattle,0,2022,2024,12,4,4,4,444,Champions,55-64,2,0.2048372233197124
174,83,16,4810.14,55,Female,CA,West,USA,Los Angeles,0,2022,2024,10,1,3,4,134,Other,55-64,4,0.09059831007917518
175,35,13,3173.36,54,Female,WA,West,USA,Seattle,0,2023,2024,11,3,2,2,322,Other,45-54,4,0.25806911616378
176,11,14,4173.1,42,Male,BY,Bavaria,Germany,Munich,1,2022,2024,12,4,2,3,423,Potential Loyalists,35-44,2,0.4697465716019966
177,36,19,5255.1,55,Female,IL,Midwest,USA,Chicago,1,2022,2024,11,3,5,5,355,Loyal Customers,55-64,3,0.6763750952409864
178,40,23,7331.55,26,Female,TX,South,USA,Houston,0,2022,2024,11,3,5,5,355,Loyal Customers,25-34,1,0.15469413852021496
179,2,14,4018.21,64,Male,ENG,England,UK,London,0,2022,2024,12,5,2,3,523,Potential Loyalists,55-64,5,0.37469199549469384
180,125,13,4213.75,44,Male,TX,South,USA,Houston,0,2022,2024,8,1,2,3,123,Other,35-44,1,0.055008377658397306
181,34,16,4694.93,66,Male,IL,Midwest,USA,Chicago,0,2022,2024,11,3,3,4,334,Loyal Customers,65+,1,0.1364265404201034
182,149,18,4703.13,25,Male,ON,Ontario,Canada,Toronto,0,2022,2024,8,1,4,4,144,Other,25-34,3,0.04538940849623563
183,3,16,4528.65,43,Male,IL,Midwest,USA,Chicago,0,2022,2024,12,5,3,4,534,Loyal Customers,35-44,1,0.36987744731142513
184,9,18,5128.37,54,Female,NY,Northeast,USA,New York,0,2022,2024,12,5,4,5,545,Champions,45-54,2,0.3509357413523924
185,145,13,3899.88,43,Female,CA,West,USA,Los Angeles,0,2022,2024,8,1,2,3,123,Other,35-44,2,0.10317665108606225
186,86,15,3460.99,41,Male,NY,Northeast,USA,New York,0,2022,2024,10,1,3,2,132,Other,35-44,4,0.26399361841367164
187,4,14,3102.72,26,Male,TX,South,USA,Houston,0,2022,2024,12,5,2,2,522,Other,25-34,5,0.32688888008048633
188,39,16,3556.56,37,Other,TX,South,USA,Houston,0,2022,2024,11,3,3,2,332,Need Attention,35-44,1,0.22208032463978494
189,51,13,3041.41,30,Female,FL,Southeast,USA,Miami,0,2022,2024,11,2,2,1,221,Hibernating,25-34,1,0.21186023134240262
190,13,18,5414.54,33,Female,NY,Northeast,USA,New York,1,2022,2024,12,4,4,5,445,Champions,25-34,3,0.4967409163601807
191,7,12,2953.98,53,Male,WA,West,USA,Seattle,0,2022,2024,12,5,2,1,521,Other,45-54,2,0.03724110712235969
192,3,12,3430.05,50,Female,BY,Bavaria,Germany,Munich,0,2022,2024,12,5,2,2,522,Other,45-54,5,0.35888630318133075
193,33,11,3383.03,49,Male,NY,Northeast,USA,New York,0,2022,2024,11,3,1,2,312,Other,45-54,4,0.3601672228653322
194,75,12,3029.61,36,Male,IL,Midwest,USA,Chicago,0,2022,2024,10,2,2,1,221,Hibernating,35-44,2,0.2532405829093072
195,41,9,2508.51,67,Female,IL,Midwest,USA,Chicago,0,2022,2024,11,3,1,1,311,Other,65+,4,0.13561191641948028
196,36,18,4182.83,22,Female,TX,South,USA,Houston,0,2022,2024,11,3,4,3,343,Loyal Customers,18-24,3,0.13968382984506436
197,9,16,4933.92,35,Female,CA,West,USA,Los Angeles,0,2022,2024,12,5,3,4,534,Loyal Customers,35-44,3,0.29038227154809576
198,9,16,4668.26,24,Female,WA,West,USA,Seattle,1,2022,2024,12,5,3,4,534,Loyal Customers,18-24,1,0.7588441039810309
199,13,18,5805.61,35,Female,NSW,NSW,Australia,Sydney,0,2022,2024,12,4,4,5,445,Champions,35-44,5,0.35483456970604693
200,27,15,4207.47,68,Male,IL,Midwest,USA,Chicago,0,2022,2024,12,3,3,3,333,Loyal Customers,65+,4,0.3119502183430496
201,39,15,4010.95,37,Male,BY,Bavaria,Germany,Munich,0,2022,2024,11,3,3,3,333,Loyal Customers,35-44,2,0.25681265846171514
202,318,9,2956.45,65,Male,MH,Maharashtra,India,Mumbai,1,2022,2024,2,1,1,1,111,Hibernating,65+,3,0.4336559859980196
203,34,14,3502.79,43,Male,NY,Northeast,USA,New York,0,2022,2024,11,3,2,2,322,Other,35-44,1,0.06465148563784551
204,9,12,4346.22,54,Female,FL,Southeast,USA,Miami,0,2022,2024,12,5,2,4,524,Potential Loyalists,45-54,1,0.3594216754108317
205,83,9,2190.07,41,Male,TX,South,USA,Houston,0,2022,2024,10,1,1,1,111,Hibernating,35-44,4,0.242571623863836
206,15,17,3950.98,31,Female,MH,Maharashtra,India,Mumbai,0,2022,2024,12,4,4,3,443,Loyal Customers,25-34,3,0.0036788206466518594
207,31,17,5289.16,57,Female,CA,West,USA,Los Angeles,0,2022,2024,11,3,4,5,345,Loyal Customers,55-64,5,0.04058861714641285
208,8,19,4516.28,68,Female,TX,South,USA,Houston,0,2022,2024,12,5,5,4,554,Champions,65+,3,0.2654007076432223
209,19,12,2667.26,31,Male,ENG,England,UK,London,0,2022,2024,12,4,2,1,421,Other,25-34,4,0.0020246335384874747
210,103,16,5016.45,58,Female,NY,Northeast,USA,New York,0,2022,2024,9,1,3,4,134,Other,55-64,4,0.06432322056699946
211,24,16,4797.08,31,Other,WA,West,USA,Seattle,0,2022,2024,12,3,3,4,334,Loyal Customers,25-34,3,0.21949351574663445
212,41,16,4138.6,55,Female,NY,Northeast,USA,New York,0,2022,2024,11,3,3,3,333,Loyal Customers,55-64,4,0.27675807907707733
213,14,27,6699.26,59,Female,MH,Maharashtra,India,Mumbai,0,2022,2024,12,4,5,5,455,Champions,55-64,3,0.26078450380104023
214,56,9,2781.06,41,Female,ENG,England,UK,London,0,2022,2024,11,2,1,1,211,Hibernating,35-44,2,0.08970772378422393
215,306,12,2910.47,56,Female,NY,Northeast,USA,New York,1,2022,2024,2,1,2,1,121,Hibernating,55-64,3,0.6848716885390144
216,19,18,4603.07,32,Male,WA,West,USA,Seattle,0,2022,2024,12,4,4,4,444,Champions,25-34,3,0.09489963499872003
217,144,13,3666.14,22,Female,NY,Northeast,USA,New York,1,2022,2024,8,1,2,2,122,Hibernating,18-24,4,0.5301598792637071
218,101,19,5080.88,23,Male,FL,Southeast,USA,Miami,1,2022,2024,9,1,5,5,155,Other,18-24,4,0.6985965620472097
219,27,15,4259.81,41,Female,IL,Midwest,USA,Chicago,0,2022,2024,12,3,3,3,333,Loyal Customers,35-44,1,0.2598531596188859
220,28,16,3460.65,64,Other,ON,Ontario,Canada,Toronto,0,2022,2024,12,3,3,2,332,Need Attention,55-64,1,0.3396893641976712
221,126,14,3658.51,24,Female,CA,West,USA,Los Angeles,0,2022,2024,8,1,2,2,122,Hibernating,18-24,2,0.26304515692013736
222,12,15,3466.21,41,Male,NY,Northeast,USA,New York,0,2022,2024,12,4,3,2,432,Need Attention,35-44,1,0.22732344133418866
223,6,13,4499.75,54,Male,IL,Midwest,USA,Chicago,1,2022,2024,12,5,2,4,524,Potential Loyalists,45-54,3,0.437469907131237
224,203,6,1532.15,28,Other,FL,Southeast,USA,Miami,0,2022,2024,6,1,1,1,111,Hibernating,25-34,4,0.1470863212237734
225,64,14,4065.23,55,Male,TX,South,USA,Houston,0,2022,2024,10,2,2,3,223,Other,55-64,1,0.10608094707269018
226,9,11,3345.37,33,Male,CA,West,USA,Los Angeles,0,2022,2024,12,5,1,2,512,Other,25-34,1,0.09759585735163344
227,147,19,4995.34,60,Male,NY,Northeast,USA,New York,0,2022,2024,8,1,5,4,154,Other,55-64,2,0.38920422190097825
228,86,12,2595.48,48,Male,ENG,England,UK,London,0,2023,2024,10,1,2,1,121,Hibernating,45-54,2,0.15723908986670418
229,158,7,1273.43,46,Female,CA,West,USA,Los Angeles,1,2022,2024,7,1,1,1,111,Hibernating,45-54,3,0.7568186220708454
230,22,12,3007.65,27,Female,NY,Northeast,USA,New York,0,2022,2024,12,4,2,1,421,Other,25-34,4,0.25245545039890516
231,83,13,5040.92,42,Male,NSW,NSW,Australia,Sydney,0,2022,2024,10,1,2,5,125,Other,35-44,2,0.3179245214166594
232,4,15,4765.99,62,Male,CA,West,USA,Los Angeles,0,2022,2024,12,5,3,4,534,Loyal Customers,55-64,1,0.20105483724207684
233,32,17,4150.4,19,Male,IL,Midwest,USA,Chicago,0,2022,2024,11,3,4,3,343,Loyal Customers,18-24,4,0.23076155385054364
234,33,15,2672.85,57,Male,NY,Northeast,USA,New York,0,2022,2024,11,3,3,1,331,Need Attention,55-64,4,0.19700707752754557
235,12,11,3126.6,43,Male,ENG,England,UK,London,0,2022,2024,12,4,1,2,412,Other,35-44,1,0.07809719511921781
236,52,15,3986.95,55,Female,IL,Midwest,USA,Chicago,0,2022,2024,11,2,3,3,233,Other,55-64,2,0.2889808461046021
237,115,16,4124.54,52,Male,ENG,England,UK,London,0,2022,2024,9,1,3,3,133,Other,45-54,1,0.11230894497634232
238,18,11,3384.46,40,Male,CA,West,USA,Los Angeles,0,2022,2024,12,4,1,2,412,Other,35-44,4,0.009726386572581536
239,54,14,3828.7,34,Male,TX,South,USA,Houston,0,2022,2024,11,2,2,3,223,Other,25-34,5,0.2581889183628671
240,4,10,3308.96,50,Male,WA,West,USA,Seattle,0,2022,2024,12,5,1,2,512,Other,45-54,5,0.07084427176281959
241,9,11,2940.4,25,Male,NY,Northeast,USA,New York,0,2022,2024,12,5,1,1,511,Other,25-34,3,0.37618343374116575
242,27,10,3172.03,48,Male,NY,Northeast,USA,New York,0,2022,2024,12,3,1,2,312,Other,45-54,1,0.38157143080103495
243,32,16,4270.33,22,Female,CA,West,USA,Los Angeles,0,2022,2024,11,3,3,3,333,Loyal Customers,18-24,1,0.3659457560881794
244,69,15,3659.24,51,Male,NSW,NSW,Australia,Sydney,0,2022,2024,10,2,3,2,232,Other,45-54,3,0.14806348010217776
245,26,16,4545.55,50,Female,IL,Midwest,USA,Chicago,0,2022,2024,12,3,3,4,334,Loyal Customers,45-54,3,0.006182646611546972
246,6,14,4483.87,22,Female,FL,Southeast,USA,Miami,0,2022,2024,12,5,2,4,524,Potential Loyalists,18-24,3,0.3713274250350902
247,50,11,2541.58,57,Male,IL,Midwest,USA,Chicago,0,2022,2024,11,2,1,1,211,Hibernating,55-64,4,0.17127365932692573
248,46,16,4630.83,39,Male,TX,South,USA,Houston,0,2022,2024,11,2,3,4,234,Other,35-44,1,0.38666192761746787
249,68,16,4602.53,58,Female,TX,South,USA,Houston,1,2022,2024,10,2,3,4,234,Other,55-64,4,0.7854479908357012
250,6,17,4240.0,20,Female,TX,South,USA,Houston,0,2022,2024,12,5,4,3,543,Loyal Customers,18-24,3,0.341203782186944
251,37,16,4915.71,27,Male,FL,Southeast,USA,Miami,0,2022,2024,11,3,3,4,334,Loyal Customers,25-34,1,0.11777955682783428
252,56,9,2926.45,43,Male,CA,West,USA,Los Angeles,0,2022,2024,11,2,1,1,211,Hibernating,35-44,4,0.1540390914407701
253,10,20,4026.51,27,Male,ENG,England,UK,London,0,2022,2024,12,5,5,3,553,Loyal Customers,25-34,4,0.3404546686067428
254,129,13,4027.85,35,Female,ON,Ontario,Canada,Toronto,0,2022,2024,8,1,2,3,123,Other,35-44,3,0.12676880206251107
255,6,8,1369.51,52,Female,NY,Northeast,USA,New York,1,2022,2024,12,5,1,1,511,Other,45-54,1,0.46779709867443703
256,1,13,3859.96,25,Male,FL,Southeast,USA,Miami,0,2022,2024,12,5,2,3,523,Potential Loyalists,25-34,3,0.22272050498334006
257,4,20,5330.62,53,Male,CA,West,USA,Los Angeles,0,2022,2024,12,5,5,5,555,Champions,45-54,1,0.3744619096643124
258,21,14,4529.45,23,Female,MH,Maharashtra,India,Mumbai,1,2022,2024,12,4,2,4,424,Potential Loyalists,18-24,5,0.6784119186699893
259,69,16,5148.92,27,Male,BY,Bavaria,Germany,Munich,0,2022,2024,10,2,3,5,235,Other,25-34,2,0.228024468035746
260,3,22,5964.09,48,Female,BY,Bavaria,Germany,Munich,0,2022,2024,12,5,5,5,555,Champions,45-54,2,0.03887059750830742
261,102,11,3179.3,59,Female,NY,Northeast,USA,New York,0,2023,2024,9,1,1,2,112,Hibernating,55-64,2,0.2460028906796679
262,78,13,3668.3,26,Male,CA,West,USA,Los Angeles,0,2022,2024,10,2,2,2,222,Hibernating,25-34,3,0.3960215400417053
263,93,7,1720.33,33,Male,CA,West,USA,Los Angeles,0,2022,2024,9,1,1,1,111,Hibernating,25-34,5,0.05603360609460961
264,127,19,4381.54,66,Male,CA,West,USA,Los Angeles,1,2022,2024,8,1,5,4,154,Other,65+,1,0.6073318609454947
265,32,10,2186.2,69,Female,CA,West,USA,Los Angeles,0,2022,2024,11,3,1,1,311,Other,65+,4,0.3509492287711822
266,19,16,5713.23,48,Male,CA,West,USA,Los Angeles,0,2022,2024,12,4,3,5,435,Loyal Customers,45-54,1,0.2963074471016818
267,128,19,6567.87,41,Male,MH,Maharashtra,India,Mumbai,0,2022,2024,8,1,5,5,155,Other,35-44,4,0.2788062963981072
268,8,14,3714.43,36,Male,CA,West,USA,Los Angeles,0,2022,2024,12,5,2,2,522,Other,35-44,1,0.2809936335948437
269,47,20,6130.11,49,Male,CA,West,USA,Los Angeles,0,2022,2024,11,2,5,5,255,Other,45-54,5,0.14379646048790207
270,1,20,5867.7,48,Female,ON,Ontario,Canada,Toronto,0,2022,2024,12,5,5,5,555,Champions,45-54,4,0.11743673770579735
271,13,19,5388.32,33,Male,FL,Southeast,USA,Miami,0,2022,2024,12,4,5,5,455,Champions,25-34,3,0.32374446219140546
272,6,20,5540.87,19,Female,WA,West,USA,Seattle,1,2022,2024,12,5,5,5,555,Champions,18-24,1,0.7240453578716723
273,47,12,3971.63,25,Female,FL,Southeast,USA,Miami,0,2022,2024,11,2,2,3,223,Other,25-34,1,0.3468289274320415
274,130,11,3317.83,67,Female,ENG,England,UK,London,0,2022,2024,8,1,1,2,112,Hibernating,65+,4,0.3652962210225885
275,10,22,5502.17,39,Male,FL,Southeast,USA,Miami,0,2022,2024,12,5,5,5,555,Champions,35-44,3,0.20453695954437512
276,27,14,3872.23,43,Female,TX,South,USA,Houston,0,2022,2024,12,3,2,3,323,Potential Loyalists,35-44,3,0.20060651787487985
277,124,21,5834.79,42,Female,IL,Midwest,USA,Chicago,0,2022,2024,8,1,5,5,155,Other,35-44,5,0.3193180715867101
278,83,16,4731.04,58,Male,TX,South,USA,Houston,0,2022,2024,10,1,3,4,134,Other,55-64,3,0.2599855723111061
279,68,12,3326.6,21,Female,NY,Northeast,USA,New York,0,2022,2024,10,2,2,2,222,Hibernating,18-24,3,0.28078675090308136
280,3,13,2929.69,22,Female,TX,South,USA,Houston,0,2022,2024,12,5,2,1,521,Other,18-24,3,0.31831706777444047
281,16,15,3464.42,32,Male,CA,West,USA,Los Angeles,1,2022,2024,12,4,3,2,432,Need Attention,25-34,2,0.7560021367270265
282,38,15,4566.87,43,Female,WA,West,USA,Seattle,1,2022,2024,11,3,3,4,334,Loyal Customers,35-44,5,0.5351980627406143
283,8,24,7476.22,52,Female,NY,Northeast,USA,New York,0,2022,2024,12,5,5,5,555,Champions,45-54,1,0.1502331810559776
284,118,16,4300.1,43,Female,CA,West,USA,Los Angeles,0,2022,2024,9,1,3,4,134,Other,35-44,4,0.037592775936347606
285,117,13,3197.87,40,Other,NY,Northeast,USA,New York,0,2022,2024,9,1,2,2,122,Hibernating,35-44,1,0.2313120563984696
286,28,17,4895.3,66,Male,ON,Ontario,Canada,Toronto,0,2022,2024,12,3,4,4,344,Loyal Customers,65+,5,0.014376909518696836
287,63,21,5035.63,26,Female,NY,Northeast,USA,New York,0,2022,2024,10,2,5,4,254,Other,25-34,4,0.18623920725298407
288,31,11,2739.4,47,Male,IL,Midwest,USA,Chicago,0,2022,2024,11,3,1,1,311,Other,45-54,5,0.21705785388303067
289,49,25,7844.52,46,Female,ENG,England,UK,London,0,2022,2024,11,2,5,5,255,Other,45-54,3,0.11461650085131377
290,80,13,3419.26,42,Female,CA,West,USA,Los Angeles,0,2022,2024,10,2,2,2,222,Hibernating,35-44,4,0.23633330422760432
291,44,20,5441.9,59,Male,WA,West,USA,Seattle,0,2022,2024,11,2,5,5,255,Other,55-64,3,0.012200099975619771
292,9,13,3207.9,31,Male,NY,Northeast,USA,New York,0,2022,2024,12,5,2,2,522,Other,25-34,1,0.014939275499685767
293,6,13,3206.1,67,Male,CA,West,USA,Los Angeles,0,2022,2024,12,5,2,2,522,Other,65+,1,0.3290402242638633
294,32,15,3881.81,35,Male,IL,Midwest,USA,Chicago,0,2022,2024,11,3,3,3,333,Loyal Customers,35-44,4,0.14407625656450515
295,11,17,4542.14,46,Male,BY,Bavaria,Germany,Munich,1,2022,2024,12,4,4,4,444,Champions,45-54,4,0.45082420506075394
296,58,15,3155.58,45,Male,NY,Northeast,USA,New York,0,2022,2024,11,2,3,2,232,Other,45-54,5,0.20889730402192175
297,39,20,5235.57,62,Male,FL,Southeast,USA,Miami,1,2022,2024,11,3,5,5,355,Loyal Customers,55-64,5,0.7079974212394444
298,11,14,4472.44,40,Male,NY,Northeast,USA,New York,0,2022,2024,12,4,2,4,424,Potential Loyalists,35-44,3,0.08632841099873728
299,10,14,3751.98,32,Female,FL,Southeast,USA,Miami,0,2022,2024,12,5,2,2,522,Other,25-34,4,0.2491561903276001
300,22,12,2754.22,19,Female,FL,Southeast,USA,Miami,0,2023,2024,12,4,2,1,421,Other,18-24,1,0.0341389859975072
301,18,18,5266.92,36,Female,FL,Southeast,USA,Miami,0,2023,2024,12,4,4,5,445,Champions,35-44,5,0.02067268846744308
302,119,9,2596.5,60,Male,FL,Southeast,USA,Miami,0,2022,2024,9,1,1,1,111,Hibernating,55-64,5,0.21254185262725922
303,5,21,5341.04,18,Female,CA,West,USA,Los Angeles,0,2022,2024,12,5,5,5,555,Champions,18-24,1,0.21625404864404263
304,71,14,3638.9,64,Female,IL,Midwest,USA,Chicago,0,2022,2024,10,2,2,2,222,Hibernating,55-64,5,0.2549719605992826
305,15,15,5335.1,46,Male,IL,Midwest,USA,Chicago,0,2022,2024,12,4,3,5,435,Loyal Customers,45-54,3,0.2904365334890646
306,1,16,5004.15,25,Male,IL,Midwest,USA,Chicago,0,2022,2024,12,5,3,4,534,Loyal Customers,25-34,4,0.3903408317850139
307,10,19,6208.06,33,Female,CA,West,USA,Los Angeles,0,2022,2024,12,5,5,5,555,Champions,25-34,1,0.20652013932047814
308,84,9,2261.22,46,Male,TX,South,USA,Houston,0,2022,2024,10,1,1,1,111,Hibernating,45-54,4,0.12918258917649839
309,37,13,3616.41,34,Female,TX,South,USA,Houston,0,2022,2024,11,3,2,2,322,Other,25-34,5,0.3180744779074815
310,211,9,3026.93,23,Other,CA,West,USA,Los Angeles,1,2022,2024,6,1,1,1,111,Hibernating,18-24,5,0.5083329005048297
311,138,16,4225.72,52,Male,NY,Northeast,USA,New York,0,2022,2024,8,1,3,3,133,Other,45-54,1,0.17558856828225444
312,34,12,4073.3,52,Male,TX,South,USA,Houston,0,2022,2024,11,3,2,3,323,Potential Loyalists,45-54,3,0.03138255253690638
313,22,12,2689.11,24,Other,IL,Midwest,USA,Chicago,0,2023,2024,12,4,2,1,421,Other,18-24,2,0.010140297366183005
314,11,17,6026.56,32,Female,NY,Northeast,USA,New York,0,2022,2024,12,4,4,5,445,Champions,25-34,1,0.38505936587117007
315,39,14,3838.96,30,Male,ON,Ontario,Canada,Toronto,1,2022,2024,11,3,2,3,323,Potential Loyalists,25-34,2,0.7343920482048824
316,67,18,5212.68,52,Female,TX,South,USA,Houston,0,2022,2024,10,2,4,5,245,Other,45-54,2,0.2783896824374792
317,175,7,1295.07,55,Female,WA,West,USA,Seattle,0,2022,2024,7,1,1,1,111,Hibernating,55-64,3,0.16358117776570796
318,67,18,5147.47,55,Female,TX,South,USA,Houston,1,2022,2024,10,2,4,5,245,Other,55-64,2,0.4693177280283383
319,112,10,2107.51,66,Female,TX,South,USA,Houston,0,2022,2024,9,1,1,1,111,Hibernating,65+,2,0.06257481706843442
320,15,16,3930.22,57,Male,FL,Southeast,USA,Miami,0,2022,2024,12,4,4,3,443,Loyal Customers,55-64,3,0.10009715926583813
321,119,10,2964.19,34,Male,BY,Bavaria,Germany,Munich,0,2022,2024,9,1,1,1,111,Hibernating,25-34,2,0.2196906658824482
322,3,14,4367.38,23,Female,TX,South,USA,Houston,0,2022,2024,12,5,2,4,524,Potential Loyalists,18-24,2,0.28583836908002497
323,2,19,4589.34,49,Male,TX,South,USA,Houston,0,2022,2024,12,5,5,4,554,Champions,45-54,2,0.26407895068709253
324,19,15,4061.73,65,Female,FL,Southeast,USA,Miami,0,2022,2024,12,4,3,3,433,Loyal Customers,65+,1,0.11197355877837714
325,170,9,3048.55,68,Female,IL,Midwest,USA,Chicago,0,2022,2024,7,1,1,1,111,Hibernating,65+,1,0.38194611226527764
326,10,17,4986.82,29,Male,CA,West,USA,Los Angeles,1,2022,2024,12,5,4,4,544,Champions,25-34,1,0.6951587666783074
327,24,17,3948.47,30,Female,TX,South,USA,Houston,0,2022,2024,12,3,4,3,343,Loyal Customers,25-34,3,0.2217416210045603
328,113,14,3908.03,19,Male,TX,South,USA,Houston,0,2022,2024,9,1,2,3,123,Other,18-24,5,0.2446882984937409
329,8,13,3448.43,25,Female,BY,Bavaria,Germany,Munich,0,2022,2024,12,5,2,2,522,Other,25-34,2,0.16784002497111597
330,73,17,4359.27,46,Male,TX,South,USA,Houston,1,2022,2024,10,2,4,4,244,Other,45-54,2,0.499092395800463
331,81,17,4847.5,46,Female,TX,South,USA,Houston,0,2022,2024,10,2,4,4,244,Other,45-54,3,0.14238907146050464
332,66,23,6441.65,37,Female,NSW,NSW,Australia,Sydney,0,2022,2024,10,2,5,5,255,Other,35-44,2,0.30313844418574765
333,13,14,4387.68,34,Male,TX,South,USA,Houston,0,2022,2024,12,4,2,4,424,Potential Loyalists,25-34,1,0.005757395451902347
334,105,17,4864.34,61,Female,CA,West,USA,Los Angeles,0,2022,2024,9,1,4,4,144,Other,55-64,5,0.046429056202766494
335,2,19,5263.81,41,Female,CA,West,USA,Los Angeles,1,2022,2024,12,5,5,5,555,Champions,35-44,4,0.4184010568087011
336,96,17,5017.66,60,Female,CA,West,USA,Los Angeles,0,2022,2024,9,1,4,4,144,Other,55-64,2,0.016291520927588055
337,42,16,4280.14,68,Female,CA,West,USA,Los Angeles,0,2022,2024,11,3,4,3,343,Loyal Customers,65+,1,0.3421842336044029
338,48,16,4953.28,34,Other,TX,South,USA,Houston,0,2022,2024,11,2,4,4,244,Other,25-34,4,0.2814631437520095
339,127,8,2150.24,28,Male,WA,West,USA,Seattle,0,2022,2024,8,1,1,1,111,Hibernating,25-34,5,0.18966953163493008
340,22,8,2624.35,67,Female,IL,Midwest,USA,Chicago,0,2022,2024,12,4,1,1,411,Other,65+,4,0.039133664260400595
341,36,13,3380.01,51,Male,CA,West,USA,Los Angeles,1,2022,2024,11,3,2,2,322,Other,45-54,1,0.5966463500467329
342,63,12,2588.61,33,Female,FL,Southeast,USA,Miami,0,2022,2024,10,2,2,1,221,Hibernating,25-34,4,0.1893887083122263
343,34,12,3199.9,50,Female,CA,West,USA,Los Angeles,0,2022,2024,11,3,2,2,322,Other,45-54,3,0.06928074796400607
344,65,18,4859.23,44,Male,NSW,NSW,Australia,Sydney,0,2022,2024,10,2,4,4,244,Other,35-44,4,0.17354065969518923
345,76,12,2514.27,65,Male,CA,West,USA,Los Angeles,0,2022,2024,10,2,2,1,221,Hibernating,65+,2,0.1594018937589494
346,6,14,3860.19,31,Female,FL,Southeast,USA,Miami,0,2022,2024,12,5,2,3,523,Potential Loyalists,25-34,2,0.2463400392208866
347,33,7,1618.96,69,Male,NY,Northeast,USA,New York,0,2022,2024,11,3,1,1,311,Other,65+,3,0.25403746034705754
348,11,13,2994.28,66,Female,FL,Southeast,USA,Miami,0,2022,2024,12,4,2,1,421,Other,65+,1,0.01812160390881781
349,56,18,4036.03,27,Male,TX,South,USA,Houston,0,2022,2024,11,2,4,3,243,Other,25-34,2,0.1498450458505885
350,7,21,5407.6,26,Other,WA,West,USA,Seattle,0,2022,2024,12,5,5,5,555,Champions,25-34,5,0.25034396628569455
351,18,21,5556.63,45,Male,NY,Northeast,USA,New York,0,2022,2024,12,4,5,5,455,Champions,45-54,2,0.2012545034320351
352,165,10,2943.45,20,Male,BY,Bavaria,Germany,Munich,1,2022,2024,7,1,1,1,111,Hibernating,18-24,2,0.742595936475329
353,38,19,4876.94,33,Female,TX,South,USA,Houston,0,2022,2024,11,3,5,4,354,Loyal Customers,25-34,1,0.263477452647578
354,37,11,2752.97,40,Female,WA,West,USA,Seattle,1,2022,2024,11,3,1,1,311,Other,35-44,4,0.4651737708325719
355,2,12,3207.07,68,Male,ON,Ontario,Canada,Toronto,0,2022,2024,12,5,2,2,522,Other,65+,2,0.02822749896017194
356,35,16,3701.46,69,Female,MH,Maharashtra,India,Mumbai,0,2022,2024,11,3,4,2,342,Need Attention,65+,3,0.25696771128252627
357,76,23,5761.38,25,Female,NY,Northeast,USA,New York,0,2022,2024,10,2,5,5,255,Other,25-34,4,0.010604524216648726
358,141,10,2248.58,64,Female,NY,Northeast,USA,New York,0,2022,2024,8,1,1,1,111,Hibernating,55-64,5,0.23431023250938532
359,9,23,5585.57,22,Male,NY,Northeast,USA,New York,0,2022,2024,12,5,5,5,555,Champions,18-24,1,0.37609209656998305
360,2,19,3780.94,56,Female,NY,Northeast,USA,New York,0,2022,2024,12,5,5,3,553,Loyal Customers,55-64,5,0.2301896711503516
361,36,16,4505.44,61,Female,FL,Southeast,USA,Miami,0,2022,2024,11,3,4,4,344,Loyal Customers,55-64,4,0.15526797048260876
362,39,26,5818.93,64,Female,MH,Maharashtra,India,Mumbai,1,2022,2024,11,3,5,5,355,Loyal Customers,55-64,4,0.6573152873769412
363,83,17,4030.28,29,Female,MH,Maharashtra,India,Mumbai,0,2022,2024,10,1,4,3,143,Other,25-34,4,0.18330115619660667
364,25,21,5356.25,64,Female,TX,South,USA,Houston,0,2022,2024,12,3,5,5,355,Loyal Customers,55-64,5,0.218246715726374
365,19,24,6672.74,24,Male,FL,Southeast,USA,Miami,0,2022,2024,12,4,5,5,455,Champions,18-24,4,0.3765859235106101
366,178,10,2320.38,44,Female,ENG,England,UK,London,0,2022,2024,7,1,1,1,111,Hibernating,35-44,5,0.1544410551203097
367,165,16,4664.16,42,Female,BY,Bavaria,Germany,Munich,0,2022,2024,7,1,4,4,144,Other,35-44,4,0.38447622552956573
368,7,20,5179.91,34,Female,CA,West,USA,Los Angeles,0,2022,2024,12,5,5,5,555,Champions,25-34,3,0.3621402567824255
369,6,13,3813.31,19,Male,TX,South,USA,Houston,0,2022,2024,12,5,2,3,523,Potential Loyalists,18-24,4,0.07831645391571858
370,26,17,4229.46,58,Male,ON,Ontario,Canada,Toronto,0,2022,2024,12,3,4,3,343,Loyal Customers,55-64,5,0.027744520350066183
371,80,8,2108.73,35,Female,NY,Northeast,USA,New York,1,2022,2024,10,2,1,1,211,Hibernating,35-44,2,0.44031120055097067
372,11,14,4457.63,52,Male,TX,South,USA,Houston,0,2022,2024,12,4,2,4,424,Potential Loyalists,45-54,4,0.007288730260619891
373,23,14,3702.15,39,Other,MH,Maharashtra,India,Mumbai,0,2022,2024,12,4,2,2,422,Other,35-44,2,0.03777718430237136
374,233,7,2340.44,37,Male,MH,Maharashtra,India,Mumbai,0,2022,2024,5,1,1,1,111,Hibernating,35-44,3,0.27320270936654273
375,9,18,4978.1,64,Female,BY,Bavaria,Germany,Munich,0,2022,2024,12,5,4,4,544,Champions,55-64,1,0.028475459384091597
376,44,25,5708.19,22,Female,WA,West,USA,Seattle,0,2022,2024,11,2,5,5,255,Other,18-24,3,0.12759025211750452
377,31,21,6087.09,56,Male,NY,Northeast,USA,New York,0,2022,2024,11,3,5,5,355,Loyal Customers,55-64,4,0.3379501243877818
378,115,9,2166.33,56,Male,NY,Northeast,USA,New York,0,2022,2024,9,1,1,1,111,Hibernating,55-64,2,0.009308774294330347
379,142,17,4455.35,37,Female,TX,South,USA,Houston,0,2022,2024,8,1,4,4,144,Other,35-44,2,0.32578739303557436
380,42,19,4916.02,31,Female,FL,Southeast,USA,Miami,0,2022,2024,11,3,5,4,354,Loyal Customers,25-34,5,0.11274190990935998
381,9,14,3329.52,18,Male,TX,South,USA,Houston,0,2022,2024,12,5,2,2,522,Other,18-24,2,0.0472659310486625
382,46,19,6394.58,66,Female,FL,Southeast,USA,Miami,0,2022,2024,11,2,5,5,255,Other,65+,5,0.27869486614566025
383,225,19,4517.02,67,Female,TX,South,USA,Houston,0,2022,2024,5,1,5,4,154,Other,65+,1,0.2515771387119536
384,28,13,3690.1,30,Female,IL,Midwest,USA,Chicago,0,2022,2024,12,3,2,2,322,Other,25-34,4,0.3509888054108212
385,78,23,6602.96,19,Male,NY,Northeast,USA,New York,0,2022,2024,10,2,5,5,255,Other,18-24,5,0.29402841752155434
386,16,11,1817.54,24,Male,NY,Northeast,USA,New York,0,2022,2024,12,4,1,1,411,Other,18-24,1,0.32139237215393945
387,36,10,2278.13,21,Male,CA,West,USA,Los Angeles,0,2022,2024,11,3,1,1,311,Other,18-24,2,0.1128138290285226
388,28,11,3173.51,61,Male,CA,West,USA,Los Angeles,0,2023,2024,12,3,1,2,312,Other,55-64,2,0.07097581751188912
389,167,15,3338.48,64,Male,ENG,England,UK,London,0,2022,2024,7,1,3,2,132,Other,55-64,1,0.3002459006563434
390,15,13,3161.08,25,Female,TX,South,USA,Houston,0,2022,2024,12,4,2,2,422,Other,25-34,2,0.32273389570690564
391,2,18,5044.51,56,Male,NY,Northeast,USA,New York,0,2022,2024,12,5,4,5,545,Champions,55-64,1,0.3962020568002693
392,27,15,4140.44,27,Other,WA,West,USA,Seattle,0,2022,2024,12,3,3,3,333,Loyal Customers,25-34,5,0.1650470707645706
393,86,12,3912.16,37,Male,FL,Southeast,USA,Miami,0,2022,2024,10,1,2,3,123,Other,35-44,5,0.14880723431711326
394,89,12,3854.15,49,Male,CA,West,USA,Los Angeles,0,2022,2024,10,1,2,3,123,Other,45-54,1,0.31056518429679875
395,45,10,3365.32,55,Female,NY,Northeast,USA,New York,0,2023,2024,11,2,1,2,212,Hibernating,55-64,5,0.13632141610120715
396,126,17,3752.0,63,Female,CA,West,USA,Los Angeles,0,2022,2024,8,1,4,2,142,Other,55-64,5,0.3723029302414259
397,31,9,2127.18,20,Male,IL,Midwest,USA,Chicago,0,2022,2024,11,3,1,1,311,Other,18-24,5,0.3433651007372047
398,15,16,4172.3,28,Male,NY,Northeast,USA,New York,0,2022,2024,12,4,4,3,443,Loyal Customers,25-34,3,0.17159761095000736
399,32,24,6347.39,32,Male,CA,West,USA,Los Angeles,0,2022,2024,11,3,5,5,355,Loyal Customers,25-34,4,0.300348427116599
400,1,24,6832.67,34,Female,CA,West,USA,Los Angeles,0,2022,2024,12,5,5,5,555,Champions,25-34,2,0.30181714963387296
401,23,13,3753.24,69,Female,FL,Southeast,USA,Miami,0,2022,2024,12,4,2,2,422,Other,65+,3,0.04124954753437304
402,31,15,2759.63,58,Male,CA,West,USA,Los Angeles,0,2022,2024,11,3,3,1,331,Need Attention,55-64,5,0.3610211626718267
403,23,18,5737.27,34,Male,ON,Ontario,Canada,Toronto,0,2022,2024,12,4,4,5,445,Champions,25-34,1,0.20210094897914288
404,5,14,3998.38,68,Female,CA,West,USA,Los Angeles,0,2022,2024,12,5,2,3,523,Potential Loyalists,65+,5,0.3305829864430967
405,4,18,4910.17,43,Other,FL,Southeast,USA,Miami,0,2022,2024,12,5,4,4,544,Champions,35-44,4,0.1280198404122447
406,73,15,3841.61,44,Female,TX,South,USA,Houston,0,2022,2024,10,2,3,3,233,Other,35-44,5,0.35820929139848023
407,109,18,5243.51,40,Female,TX,South,USA,Houston,0,2022,2024,9,1,4,5,145,Other,35-44,1,0.15568067149366527
408,75,15,3953.28,25,Male,CA,West,USA,Los Angeles,0,2022,2024,10,2,3,3,233,Other,25-34,4,0.004335060592119344
409,205,16,3853.55,66,Male,ON,Ontario,Canada,Toronto,1,2022,2024,6,1,4,3,143,Other,65+,5,0.7621527905677055
410,34,14,4270.16,18,Male,ENG,England,UK,London,1,2022,2024,11,3,2,3,323,Potential Loyalists,18-24,4,0.43651467071445343
411,4,18,4311.63,27,Female,CA,West,USA,Los Angeles,0,2022,2024,12,5,4,4,544,Champions,25-34,2,0.12772545503616595
412,80,9,1966.66,29,Female,CA,West,USA,Los Angeles,0,2022,2024,10,2,1,1,211,Hibernating,25-34,2,0.380024786820322
413,71,18,3808.17,32,Female,BY,Bavaria,Germany,Munich,0,2022,2024,10,2,4,3,243,Other,25-34,5,0.38024285877502245
414,129,6,1686.77,24,Other,TX,South,USA,Houston,0,2023,2024,8,1,1,1,111,Hibernating,18-24,4,0.22937515524931446
415,32,16,5101.04,18,Other,CA,West,USA,Los Angeles,0,2022,2024,11,3,4,5,345,Loyal Customers,18-24,1,0.25273488486791973
416,148,15,4579.31,53,Other,CA,West,USA,Los Angeles,1,2022,2024,8,1,3,4,134,Other,45-54,5,0.579378208791328
417,240,16,4279.04,68,Male,IL,Midwest,USA,Chicago,0,2022,2024,5,1,4,3,143,Other,65+,2,0.11728430867922582
418,4,12,4457.56,24,Male,IL,Midwest,USA,Chicago,0,2022,2024,12,5,2,4,524,Potential Loyalists,18-24,2,0.1314658181479664
419,68,13,3383.79,33,Male,FL,Southeast,USA,Miami,0,2022,2024,10,2,2,2,222,Hibernating,25-34,5,0.2690073824308154
420,35,24,5896.11,44,Female,NSW,NSW,Australia,Sydney,0,2022,2024,11,3,5,5,355,Loyal Customers,35-44,4,0.300949811775072
421,3,12,2672.65,66,Male,TX,South,USA,Houston,1,2022,2024,12,5,2,1,521,Other,65+,2,0.7166316174903394
422,6,14,4180.51,54,Female,NY,Northeast,USA,New York,0,2022,2024,12,5,2,3,523,Potential Loyalists,45-54,4,0.3158472571178216
423,3,24,6197.88,57,Female,TX,South,USA,Houston,0,2022,2024,12,5,5,5,555,Champions,55-64,2,0.03648244121947615
424,209,10,2624.2,48,Female,NY,Northeast,USA,New York,0,2022,2024,6,1,1,1,111,Hibernating,45-54,2,0.1977681218810326
425,7,11,3015.25,39,Male,NY,Northeast,USA,New York,0,2022,2024,12,5,1,1,511,Other,35-44,3,0.023023504006657716
426,41,20,5458.98,28,Male,CA,West,USA,Los Angeles,1,2022,2024,11,3,5,5,355,Loyal Customers,25-34,2,0.6198115529294943
427,46,9,2087.9,62,Male,NY,Northeast,USA,New York,0,2023,2024,11,2,1,1,211,Hibernating,55-64,1,0.1766122005493508
428,41,19,4936.3,59,Female,IL,Midwest,USA,Chicago,1,2022,2024,11,3,5,4,354,Loyal Customers,55-64,5,0.75508167310332
429,9,13,4048.44,19,Female,CA,West,USA,Los Angeles,1,2022,2024,12,5,2,3,523,Potential Loyalists,18-24,5,0.5403660050208315
430,217,12,3043.77,55,Female,TX,South,USA,Houston,0,2022,2024,5,1,2,1,121,Hibernating,55-64,4,0.04682680657104235
431,23,12,2983.45,22,Male,FL,Southeast,USA,Miami,0,2022,2024,12,4,2,1,421,Other,18-24,2,0.057196672821134345
432,24,16,3942.16,56,Male,FL,Southeast,USA,Miami,0,2022,2024,12,3,4,3,343,Loyal Customers,55-64,1,0.30460425268698893
433,18,22,5567.11,60,Male,WA,West,USA,Seattle,0,2022,2024,12,4,5,5,455,Champions,55-64,4,0.24728722532650443
434,52,21,6638.25,24,Female,ON,Ontario,Canada,Toronto,0,2022,2024,11,2,5,5,255,Other,18-24,3,0.0404490704491161
435,13,16,3713.23,40,Female,IL,Midwest,USA,Chicago,0,2022,2024,12,4,4,2,442,Need Attention,35-44,4,0.033642722445998974
436,5,12,3808.15,24,Male,CA,West,USA,Los Angeles,0,2022,2024,12,5,2,3,523,Potential Loyalists,18-24,4,0.280387652583648
437,12,15,3672.37,47,Female,TX,South,USA,Houston,1,2023,2024,12,4,3,2,432,Need Attention,45-54,2,0.4291052025456774
438,4,16,3898.53,66,Male,FL,Southeast,USA,Miami,0,2022,2024,12,5,4,3,543,Loyal Customers,65+,3,0.32874402371614253
439,14,12,3455.43,22,Female,NY,Northeast,USA,New York,0,2022,2024,12,4,2,2,422,Other,18-24,4,0.2824968908625985
440,101,17,4532.73,38,Male,CA,West,USA,Los Angeles,0,2022,2024,9,1,4,4,144,Other,35-44,1,0.032539512256759905
441,55,13,3983.17,68,Male,NY,Northeast,USA,New York,0,2022,2024,11,2,2,3,223,Other,65+,1,0.03393508563407677
442,38,16,4704.74,33,Female,TX,South,USA,Houston,0,2022,2024,11,3,4,4,344,Loyal Customers,25-34,5,0.3946558314004702
443,67,19,4279.71,24,Male,TX,South,USA,Houston,0,2022,2024,10,2,5,3,253,Other,18-24,3,0.14970831830244813
444,94,15,4073.4,43,Male,CA,West,USA,Los Angeles,0,2022,2024,9,1,3,3,133,Other,35-44,3,0.14825685882675638
445,42,13,3046.52,44,Male,ON,Ontario,Canada,Toronto,0,2022,2024,11,3,2,1,321,Other,35-44,5,0.32511982690300106
446,43,17,3991.99,52,Male,BY,Bavaria,Germany,Munich,0,2022,2024,11,2,4,3,243,Other,45-54,4,0.3788994309535435
447,83,15,3761.87,34,Female,CA,West,USA,Los Angeles,1,2022,2024,10,1,3,2,132,Other,25-34,3,0.7944004255291484
448,49,18,5083.5,67,Female,BY,Bavaria,Germany,Munich,0,2022,2024,11,2,4,5,245,Other,65+,1,0.30135127410357665
449,22,18,5118.39,45,Female,CA,West,USA,Los Angeles,0,2022,2024,12,4,4,5,445,Champions,45-54,1,0.15050383421236632
450,42,13,3649.98,32,Male,BY,Bavaria,Germany,Munich,0,2022,2024,11,3,2,2,322,Other,25-34,2,0.033400286679467504
451,54,16,4033.25,67,Female,NSW,NSW,Australia,Sydney,0,2022,2024,11,2,4,3,243,Other,65+,3,0.31085876637097476
452,1,11,2829.75,66,Male,CA,West,USA,Los Angeles,0,2022,2024,12,5,1,1,511,Other,65+,4,0.22336169989432203
453,51,20,5197.79,43,Male,WA,West,USA,Seattle,0,2022,2024,11,2,5,5,255,Other,35-44,5,0.16968880369879052
454,108,22,5063.03,19,Male,MH,Maharashtra,India,Mumbai,0,2022,2024,9,1,5,5,155,Other,18-24,5,0.3625417540378944
455,44,14,4004.6,49,Female,BY,Bavaria,Germany,Munich,0,2022,2024,11,2,2,3,223,Other,45-54,4,0.04447899292246054
456,16,12,2992.48,46,Female,MH,Maharashtra,India,Mumbai,0,2023,2024,12,4,2,1,421,Other,45-54,2,0.19705004171634366
457,154,11,2891.17,25,Female,FL,Southeast,USA,Miami,0,2022,2024,7,1,1,1,111,Hibernating,25-34,5,0.004541457906967627
458,99,10,3423.57,50,Female,CA,West,USA,Los Angeles,0,2022,2024,9,1,1,2,112,Hibernating,45-54,3,0.18746425679765052
459,53,9,2505.38,61,Female,ON,Ontario,Canada,Toronto,0,2022,2024,11,2,1,1,211,Hibernating,55-64,2,0.02252131027273494
460,15,13,3165.18,23,Female,FL,Southeast,USA,Miami,0,2022,2024,12,4,2,2,422,Other,18-24,3,0.04752716650722877
461,26,25,7006.97,55,Female,FL,Southeast,USA,Miami,0,2022,2024,12,3,5,5,355,Loyal Customers,55-64,1,0.04701049871084195
462,3,12,3303.11,25,Male,TX,South,USA,Houston,1,2022,2024,12,5,2,2,522,Other,25-34,2,0.6596841208464255
463,47,19,6039.96,56,Male,FL,Southeast,USA,Miami,0,2022,2024,11,2,5,5,255,Other,55-64,5,0.2984179517061693
464,32,14,3445.95,39,Male,CA,West,USA,Los Angeles,0,2022,2024,11,3,2,2,322,Other,35-44,2,0.23334750603886387
465,117,10,2684.79,18,Other,IL,Midwest,USA,Chicago,0,2023,2024,9,1,1,1,111,Hibernating,18-24,2,0.38486901938981677
466,14,14,4295.79,68,Female,CA,West,USA,Los Angeles,1,2022,2024,12,4,2,3,423,Potential Loyalists,65+,2,0.5499482318094817
467,92,19,5627.51,26,Other,IL,Midwest,USA,Chicago,0,2022,2024,9,1,5,5,155,Other,25-34,2,0.1142848345127443
468,9,15,3422.58,48,Male,ON,Ontario,Canada,Toronto,0,2022,2024,12,5,3,2,532,Need Attention,45-54,3,0.34743965127578413
469,21,8,2122.67,27,Female,TX,South,USA,Houston,0,2023,2024,12,4,1,1,411,Other,25-34,1,0.08943833540778107
470,54,15,3484.11,66,Male,TX,South,USA,Houston,1,2022,2024,11,2,3,2,232,Other,65+,4,0.7852890157762445
471,34,14,4005.19,56,Male,NY,Northeast,USA,New York,0,2022,2024,11,3,2,3,323,Potential Loyalists,55-64,2,0.004861789875926537
472,71,12,3543.63,59,Male,NSW,NSW,Australia,Sydney,0,2022,2024,10,2,2,2,222,Hibernating,55-64,5,0.38795153068305566
473,3,22,5829.32,40,Male,IL,Midwest,USA,Chicago,0,2022,2024,12,5,5,5,555,Champions,35-44,2,0.017263964780230446
474,10,17,6051.09,42,Female,NY,Northeast,USA,New York,0,2022,2024,12,5,4,5,545,Champions,35-44,5,0.35645724547922847
475,7,11,3426.74,50,Male,CA,West,USA,Los Angeles,1,2022,2024,12,5,1,2,512,Other,45-54,3,0.61108044363452
476,17,16,2760.72,58,Female,CA,West,USA,Los Angeles,0,2022,2024,12,4,4,1,441,Need Attention,55-64,5,0.39718591844772017
477,1,8,1218.14,62,Female,TX,South,USA,Houston,0,2022,2024,12,5,1,1,511,Other,55-64,4,0.029518625894159545
478,11,15,4220.17,18,Male,NSW,NSW,Australia,Sydney,0,2022,2024,12,4,3,3,433,Loyal Customers,18-24,1,0.22154171376052834
479,38,17,4974.58,52,Female,IL,Midwest,USA,Chicago,0,2022,2024,11,3,4,4,344,Loyal Customers,45-54,5,0.3877210142476396
480,6,16,4798.25,23,Male,CA,West,USA,Los Angeles,0,2022,2024,12,5,4,4,544,Champions,18-24,5,0.20923913766805954
481,17,12,3686.58,32,Other,ENG,England,UK,London,0,2022,2024,12,4,2,2,422,Other,25-34,1,0.25175945525410504
482,125,17,5279.76,61,Female,NY,Northeast,USA,New York,0,2022,2024,8,1,4,5,145,Other,55-64,4,0.2782994755938469
483,12,13,4047.4,31,Female,ENG,England,UK,London,0,2022,2024,12,4,2,3,423,Potential Loyalists,25-34,2,0.1818164259071093
484,3,12,2689.84,59,Female,NY,Northeast,USA,New York,0,2022,2024,12,5,2,1,521,Other,55-64,5,0.25102323203362537
485,141,17,3503.93,42,Male,FL,Southeast,USA,Miami,0,2022,2024,8,1,4,2,142,Other,35-44,1,0.2337257247692401
486,37,18,7005.55,30,Female,BY,Bavaria,Germany,Munich,0,2022,2024,11,3,4,5,345,Loyal Customers,25-34,3,0.3604632041963956
487,39,11,3349.38,35,Male,NY,Northeast,USA,New York,0,2023,2024,11,3,1,2,312,Other,35-44,1,0.018178552136583148
488,19,21,4918.6,45,Male,IL,Midwest,USA,Chicago,1,2022,2024,12,4,5,4,454,Champions,45-54,3,0.5123852758368922
489,10,14,4055.38,57,Male,MH,Maharashtra,India,Mumbai,0,2022,2024,12,5,3,3,533,Loyal Customers,55-64,4,0.3801645936306235
490,4,15,3961.66,49,Female,CA,West,USA,Los Angeles,0,2022,2024,12,5,3,3,533,Loyal Customers,45-54,2,0.35610551355636655
491,38,15,4112.84,66,Female,CA,West,USA,Los Angeles,0,2022,2024,11,3,3,3,333,Loyal Customers,65+,1,0.1822627011142852
492,28,13,2866.84,63,Female,IL,Midwest,USA,Chicago,0,2022,2024,12,3,2,1,321,Other,55-64,5,0.24805303912061472
493,46,16,3413.45,57,Female,NY,Northeast,USA,New York,1,2022,2024,11,2,4,2,242,Other,55-64,4,0.5109524731924531
494,42,11,3741.04,49,Male,CA,West,USA,Los Angeles,1,2022,2024,11,3,1,2,312,Other,45-54,1,0.47524846388950454
495,12,8,1723.29,33,Female,TX,South,USA,Houston,0,2022,2024,12,4,1,1,411,Other,25-34,5,0.18547936197599288
496,82,10,3018.64,39,Male,WA,West,USA,Seattle,0,2022,2024,10,2,1,1,211,Hibernating,35-44,1,0.14134089121042112
497,12,10,2335.23,24,Female,NY,Northeast,USA,New York,0,2022,2024,12,4,1,1,411,Other,18-24,3,0.23346244474034883
498,174,17,6061.65,37,Male,NY,Northeast,USA,New York,0,2022,2024,7,1,4,5,145,Other,35-44,1,0.031093854785993937
499,79,10,2570.49,66,Other,ON,Ontario,Canada,Toronto,0,2022,2024,10,2,1,1,211,Hibernating,65+,1,0.3897579230664666
500,128,11,2802.48,40,Male,TX,South,USA,Houston,0,2022,2024,8,1,1,1,111,Hibernating,35-44,1,0.3944842977918412
501,33,12,2841.51,23,Male,ON,Ontario,Canada,Toronto,0,2022,2024,11,3,2,1,321,Other,18-24,4,0.2792646856078981
502,82,12,3062.52,51,Female,TX,South,USA,Houston,0,2023,2024,10,2,2,1,221,Hibernating,45-54,1,0.21443854653764816
503,2,21,4978.41,68,Male,NSW,NSW,Australia,Sydney,0,2022,2024,12,5,5,4,554,Champions,65+,5,0.1238110465145311
504,28,15,4063.54,63,Male,IL,Midwest,USA,Chicago,0,2022,2024,12,3,3,3,333,Loyal Customers,55-64,3,0.3255180078827795
505,110,11,2567.25,32,Female,CA,West,USA,Los Angeles,0,2022,2024,9,1,1,1,111,Hibernating,25-34,3,0.27389246902155173
506,1,13,3336.78,41,Male,ENG,England,UK,London,0,2022,2024,12,5,2,2,522,Other,35-44,1,0.06504677573795652
507,27,13,3900.53,45,Female,TX,South,USA,Houston,0,2022,2024,12,3,2,3,323,Potential Loyalists,45-54,4,0.364370873797537
508,3,12,3936.9,30,Male,CA,West,USA,Los Angeles,0,2022,2024,12,5,2,3,523,Potential Loyalists,25-34,4,0.32901489716926763
509,293,12,4132.36,31,Female,CA,West,USA,Los Angeles,0,2022,2024,3,1,2,3,123,Other,25-34,5,0.37991996531676964
510,13,18,5829.93,30,Female,IL,Midwest,USA,Chicago,0,2022,2024,12,4,4,5,445,Champions,25-34,1,0.290287803355344
511,50,16,3974.76,69,Female,CA,West,USA,Los Angeles,1,2022,2024,11,2,4,3,243,Other,65+,3,0.645366078374316
512,92,15,3714.19,56,Female,NY,Northeast,USA,New York,0,2022,2024,9,1,3,2,132,Other,55-64,4,0.16729721451624757
513,64,11,2376.31,61,Female,CA,West,USA,Los Angeles,0,2022,2024,10,2,1,1,211,Hibernating,55-64,1,0.37309139334160535
514,117,11,2910.97,60,Other,TX,South,USA,Houston,0,2022,2024,9,1,1,1,111,Hibernating,55-64,4,0.3464255558001634
515,7,21,6577.77,67,Male,TX,South,USA,Houston,0,2022,2024,12,5,5,5,555,Champions,65+,4,0.018087468042475765
516,6,12,4487.1,23,Male,TX,South,USA,Houston,0,2022,2024,12,5,2,4,524,Potential Loyalists,18-24,3,0.010546789798900802
517,82,17,4157.63,63,Female,NY,Northeast,USA,New York,0,2022,2024,10,1,4,3,143,Other,55-64,2,0.15058534675121985
518,22,11,2676.14,21,Female,CA,West,USA,Los Angeles,0,2022,2024,12,4,1,1,411,Other,18-24,5,0.3242213323127332
519,28,19,5605.82,42,Male,FL,Southeast,USA,Miami,0,2022,2024,12,3,5,5,355,Loyal Customers,35-44,5,0.39491045172597783
520,1,14,3153.61,48,Male,NY,Northeast,USA,New York,0,2022,2024,12,5,3,2,532,Need Attention,45-54,3,0.06016675644141128
521,6,20,4724.82,36,Female,IL,Midwest,USA,Chicago,1,2022,2024,12,5,5,4,554,Champions,35-44,4,0.6376522861408541
522,73,14,4021.05,25,Female,CA,West,USA,Los Angeles,0,2022,2024,10,2,3,3,233,Other,25-34,1,0.1523563426524086
523,45,12,3329.9,27,Other,CA,West,USA,Los Angeles,1,2022,2024,11,2,2,2,222,Hibernating,25-34,4,0.7879657591258413
524,19,20,5939.31,60,Female,NY,Northeast,USA,New York,0,2022,2024,12,4,5,5,455,Champions,55-64,3,0.3368475692542835
525,5,14,3372.62,34,Female,TX,South,USA,Houston,0,2023,2024,12,5,3,2,532,Need Attention,25-34,5,0.33533148188445516
526,36,14,4808.11,34,Male,NY,Northeast,USA,New York,0,2022,2024,11,3,3,4,334,Loyal Customers,25-34,4,0.18747726391798814
527,13,11,2182.8,66,Female,ON,Ontario,Canada,Toronto,0,2022,2024,12,4,1,1,411,Other,65+,5,0.1659278009350661
528,181,13,3377.41,25,Male,NY,Northeast,USA,New York,0,2022,2024,7,1,2,2,122,Hibernating,25-34,1,0.1093628287722825
529,7,12,2913.97,65,Female,TX,South,USA,Houston,0,2022,2024,12,5,2,1,521,Other,65+,5,0.02255019866037085
530,98,18,4742.68,65,Male,FL,Southeast,USA,Miami,0,2022,2024,9,1,4,4,144,Other,65+,5,0.3458889505020213
531,26,9,2941.21,49,Female,CA,West,USA,Los Angeles,0,2022,2024,12,3,1,1,311,Other,45-54,2,0.325160403652031
532,15,16,4676.87,26,Female,TX,South,USA,Houston,0,2022,2024,12,4,4,4,444,Champions,25-34,2,0.3998870693144523
533,50,16,4654.58,26,Female,NY,Northeast,USA,New York,0,2022,2024,11,2,4,4,244,Other,25-34,2,0.39865473482956215
534,37,12,2778.73,32,Female,TX,South,USA,Houston,0,2022,2024,11,3,2,1,321,Other,25-34,5,0.222172682241051
535,51,16,5214.17,48,Male,CA,West,USA,Los Angeles,0,2022,2024,11,2,4,5,245,Other,45-54,3,0.3075949660722042
536,5,20,5046.64,25,Female,WA,West,USA,Seattle,0,2022,2024,12,5,5,5,555,Champions,25-34,5,0.3779062919529712
537,18,14,3731.3,41,Male,NSW,NSW,Australia,Sydney,0,2022,2024,12,4,3,2,432,Need Attention,35-44,3,0.33985895627096463
538,55,18,3948.72,24,Male,CA,West,USA,Los Angeles,0,2022,2024,11,2,4,3,243,Other,18-24,3,0.09893924069727907
539,73,14,4793.6,46,Male,FL,Southeast,USA,Miami,0,2022,2024,10,2,3,4,234,Other,45-54,2,0.18021765412403742
540,119,7,1819.28,19,Male,WA,West,USA,Seattle,0,2023,2024,9,1,1,1,111,Hibernating,18-24,4,0.051663766060598
541,3,15,4017.19,54,Male,NY,Northeast,USA,New York,0,2022,2024,12,5,3,3,533,Loyal Customers,45-54,1,0.38162041090348897
542,63,18,5271.81,20,Female,WA,West,USA,Seattle,0,2022,2024,10,2,4,5,245,Other,18-24,2,0.24246985378035202
543,40,10,3216.01,28,Female,FL,Southeast,USA,Miami,0,2022,2024,11,3,1,2,312,Other,25-34,2,0.09145712220138509
544,8,17,3873.53,27,Female,BY,Bavaria,Germany,Munich,0,2022,2024,12,5,4,3,543,Loyal Customers,25-34,4,0.2686802737623427
545,15,11,3706.2,61,Male,MH,Maharashtra,India,Mumbai,0,2022,2024,12,4,1,2,412,Other,55-64,1,0.24725129618315833
546,25,14,3790.85,20,Male,CA,West,USA,Los Angeles,0,2022,2024,12,3,3,3,333,Loyal Customers,18-24,5,0.14326508721313622
547,31,17,4371.03,40,Male,TX,South,USA,Houston,0,2022,2024,11,3,4,4,344,Loyal Customers,35-44,5,0.04542303687985161
548,51,16,4058.58,48,Female,TX,South,USA,Houston,0,2022,2024,11,2,4,3,243,Other,45-54,2,0.26862927823711985
549,21,12,3215.71,44,Female,CA,West,USA,Los Angeles,1,2022,2024,12,4,2,2,422,Other,35-44,1,0.6081230803615174
550,35,20,4805.73,53,Male,NY,Northeast,USA,New York,0,2022,2024,11,3,5,4,354,Loyal Customers,45-54,2,0.30892735669425575
551,11,11,3012.98,59,Female,MH,Maharashtra,India,Mumbai,0,2022,2024,12,4,1,1,411,Other,55-64,3,0.20806540044479738
552,41,12,3443.99,38,Male,CA,West,USA,Los Angeles,0,2022,2024,11,3,2,2,322,Other,35-44,2,0.34087260012741605
553,10,12,3255.01,61,Male,TX,South,USA,Houston,0,2023,2024,12,5,2,2,522,Other,55-64,2,0.22076273550979422
554,5,14,3884.79,34,Male,ON,Ontario,Canada,Toronto,1,2022,2024,12,5,3,3,533,Loyal Customers,25-34,5,0.6243751886141545
555,62,18,6522.2,69,Male,NY,Northeast,USA,New York,1,2022,2024,10,2,4,5,245,Other,65+,5,0.7506614410633381
556,135,14,3493.32,44,Female,TX,South,USA,Houston,0,2022,2024,8,1,3,2,132,Other,35-44,5,0.16139314648495884
557,50,14,4212.35,56,Female,MH,Maharashtra,India,Mumbai,0,2022,2024,11,2,3,3,233,Other,55-64,3,0.05360609138025629
558,42,15,3249.19,63,Male,TX,South,USA,Houston,0,2022,2024,11,3,3,2,332,Need Attention,55-64,5,0.01151307052533559
559,19,12,3956.04,59,Female,CA,West,USA,Los Angeles,0,2022,2024,12,4,2,3,423,Potential Loyalists,55-64,1,0.30205490226944764
560,2,16,4223.71,62,Female,CA,West,USA,Los Angeles,0,2022,2024,12,5,4,3,543,Loyal Customers,55-64,4,0.24812382054138588
561,118,11,4129.38,45,Other,NSW,NSW,Australia,Sydney,0,2022,2024,9,1,1,3,113,Other,45-54,1,0.28163190723968945
562,11,17,5429.04,20,Female,NY,Northeast,USA,New York,0,2022,2024,12,4,4,5,445,Champions,18-24,1,0.0851856646035643
563,66,14,4092.06,43,Male,TX,South,USA,Houston,0,2022,2024,10,2,3,3,233,Other,35-44,5,0.05454859023470791
564,92,15,3832.69,27,Female,CA,West,USA,Los Angeles,0,2022,2024,9,1,3,3,133,Other,25-34,4,0.005817866267152772
565,99,15,4651.47,64,Male,TX,South,USA,Houston,0,2022,2024,9,1,3,4,134,Other,55-64,4,0.1402350235226388
566,154,22,6153.15,30,Other,BY,Bavaria,Germany,Munich,0,2022,2024,7,1,5,5,155,Other,25-34,4,0.23596707474185324
567,103,10,2998.9,29,Male,TX,South,USA,Houston,0,2022,2024,9,1,1,1,111,Hibernating,25-34,3,0.15689761803989294
568,11,19,5713.23,30,Female,MH,Maharashtra,India,Mumbai,0,2022,2024,12,4,5,5,455,Champions,25-34,5,0.17498996880949164
569,12,10,2756.98,51,Male,NY,Northeast,USA,New York,0,2022,2024,12,4,1,1,411,Other,45-54,4,0.3616634777974994
570,1,17,5077.96,47,Male,TX,South,USA,Houston,1,2022,2024,12,5,4,5,545,Champions,45-54,3,0.5393021868093202
571,118,14,4764.92,67,Female,ENG,England,UK,London,0,2022,2024,9,1,3,4,134,Other,65+,2,0.20559579566392433
572,102,15,3901.89,39,Female,TX,South,USA,Houston,0,2022,2024,9,1,3,3,133,Other,35-44,2,0.31346120509645725
573,157,13,3930.5,32,Male,NY,Northeast,USA,New York,0,2022,2024,7,1,2,3,123,Other,25-34,3,0.15861711292850808
574,69,10,3041.74,20,Female,ENG,England,UK,London,0,2022,2024,10,2,1,1,211,Hibernating,18-24,3,0.2488346800911494
575,48,19,4791.93,18,Female,NY,Northeast,USA,New York,0,2022,2024,11,2,5,4,254,Other,18-24,5,0.3449454834986981
576,156,10,2467.49,37,Male,TX,South,USA,Houston,0,2022,2024,7,1,1,1,111,Hibernating,35-44,5,0.37980824946305686
577,2,18,5075.74,66,Female,MH,Maharashtra,India,Mumbai,0,2022,2024,12,5,4,5,545,Champions,65+,2,0.05882939237161518
578,35,11,3551.0,45,Female,CA,West,USA,Los Angeles,0,2022,2024,11,3,1,2,312,Other,45-54,4,0.3706350500645978
579,39,20,5709.5,64,Female,NY,Northeast,USA,New York,0,2022,2024,11,3,5,5,355,Loyal Customers,55-64,2,0.1968465172318153
580,32,17,4819.1,23,Male,CA,West,USA,Los Angeles,0,2022,2024,11,3,4,4,344,Loyal Customers,18-24,4,0.10329775531958335
581,31,16,4056.78,22,Male,NY,Northeast,USA,New York,0,2022,2024,11,3,4,3,343,Loyal Customers,18-24,4,0.18365430249530454
582,68,16,4696.46,61,Female,CA,West,USA,Los Angeles,0,2022,2024,10,2,4,4,244,Other,55-64,5,0.39201303011419086
583,5,11,2950.62,23,Female,IL,Midwest,USA,Chicago,0,2022,2024,12,5,1,1,511,Other,18-24,1,0.19704723759714785
584,2,11,4160.75,20,Female,CA,West,USA,Los Angeles,0,2023,2024,12,5,1,3,513,Potential Loyalists,18-24,1,0.13150064411500328
585,34,14,3654.87,39,Other,IL,Midwest,USA,Chicago,0,2022,2024,11,3,3,2,332,Need Attention,35-44,3,0.2533603417266903
586,15,17,4596.29,66,Female,NY,Northeast,USA,New York,0,2022,2024,12,4,4,4,444,Champions,65+,5,0.09605824751127723
587,51,17,4231.21,53,Female,NY,Northeast,USA,New York,1,2022,2024,11,2,4,3,243,Other,45-54,4,0.4303453312434656
588,101,12,3390.26,23,Female,NY,Northeast,USA,New York,0,2022,2024,9,1,2,2,122,Hibernating,18-24,1,0.051551888764259694
589,16,12,3022.51,61,Female,IL,Midwest,USA,Chicago,0,2022,2024,12,4,2,1,421,Other,55-64,4,0.05121833558310898
590,22,16,3310.91,61,Female,TX,South,USA,Houston,0,2022,2024,12,4,4,2,442,Need Attention,55-64,1,0.06076107740491774
591,113,11,2715.39,59,Male,NY,Northeast,USA,New York,0,2022,2024,9,1,1,1,111,Hibernating,55-64,1,0.05553086905976406
592,24,20,4666.25,64,Female,ENG,England,UK,London,0,2022,2024,12,3,5,4,354,Loyal Customers,55-64,1,0.2563498979212859
593,62,9,2188.79,30,Male,FL,Southeast,USA,Miami,0,2022,2024,10,2,1,1,211,Hibernating,25-34,5,0.07275203375965793
594,83,6,1342.0,68,Male,CA,West,USA,Los Angeles,0,2023,2024,10,1,1,1,111,Hibernating,65+,2,0.1382669133295453
595,46,8,1525.51,34,Female,BY,Bavaria,Germany,Munich,0,2022,2024,11,2,1,1,211,Hibernating,25-34,4,0.3587153639624048
596,44,20,5154.18,59,Male,NY,Northeast,USA,New York,0,2022,2024,11,2,5,5,255,Other,55-64,5,0.18958465610514896
597,14,17,4619.71,48,Male,CA,West,USA,Los Angeles,0,2022,2024,12,4,4,4,444,Champions,45-54,5,0.2670230954084109
598,32,17,4187.94,58,Female,TX,South,USA,Houston,0,2022,2024,11,3,4,3,343,Loyal Customers,55-64,5,0.06892794848065194
599,255,8,2566.41,50,Female,CA,West,USA,Los Angeles,1,2022,2024,4,1,1,1,111,Hibernating,45-54,5,0.47691560752346834
600,173,18,3655.12,51,Male,NY,Northeast,USA,New York,0,2022,2024,7,1,4,2,142,Other,45-54,5,0.016347446506591545
601,49,12,3390.17,50,Male,IL,Midwest,USA,Chicago,0,2022,2024,11,2,2,2,222,Hibernating,45-54,3,0.06757402522886582
602,14,12,3351.29,58,Male,CA,West,USA,Los Angeles,1,2022,2024,12,4,2,2,422,Other,55-64,4,0.5114361356127834
603,65,12,3440.47,56,Female,ON,Ontario,Canada,Toronto,0,2022,2024,10,2,2,2,222,Hibernating,55-64,5,0.07080419371069872
604,16,15,4480.56,24,Female,BY,Bavaria,Germany,Munich,0,2022,2024,12,4,3,4,434,Loyal Customers,18-24,4,0.03548101350282225
605,3,15,4131.93,60,Male,FL,Southeast,USA,Miami,1,2022,2024,12,5,3,3,533,Loyal Customers,55-64,3,0.44825434844024037
606,187,8,2960.99,45,Female,IL,Midwest,USA,Chicago,0,2023,2024,6,1,1,1,111,Hibernating,45-54,3,0.1843115072130903
607,71,12,3091.6,34,Male,IL,Midwest,USA,Chicago,0,2022,2024,10,2,2,1,221,Hibernating,25-34,4,0.08253348736231701
608,162,8,1944.56,44,Male,MH,Maharashtra,India,Mumbai,0,2022,2024,7,1,1,1,111,Hibernating,35-44,1,0.14570794441923018
609,5,16,4723.98,68,Other,NY,Northeast,USA,New York,0,2022,2024,12,5,4,4,544,Champions,65+,2,0.20136690834194276
610,9,16,4633.61,62,Male,CA,West,USA,Los Angeles,0,2022,2024,12,5,4,4,544,Champions,55-64,1,0.2761579314517461
611,8,15,4271.64,61,Male,TX,South,USA,Houston,0,2022,2024,12,5,3,3,533,Loyal Customers,55-64,1,0.015724855936439575
612,36,12,3049.22,42,Male,TX,South,USA,Houston,0,2022,2024,11,3,2,1,321,Other,35-44,1,0.3197641595636171
613,62,11,1967.56,58,Female,CA,West,USA,Los Angeles,0,2022,2024,10,2,1,1,211,Hibernating,55-64,5,0.25116015579636314
614,62,15,4261.74,38,Female,FL,Southeast,USA,Miami,0,2022,2024,10,2,3,3,233,Other,35-44,3,0.032703612779548766
615,13,20,5360.49,53,Other,CA,West,USA,Los Angeles,0,2022,2024,12,4,5,5,455,Champions,45-54,1,0.3494314496427109
616,18,20,5458.37,51,Male,BY,Bavaria,Germany,Munich,0,2022,2024,12,4,5,5,455,Champions,45-54,3,0.3683489602127253
617,9,18,5904.6,30,Male,NY,Northeast,USA,New York,0,2022,2024,12,5,4,5,545,Champions,25-34,4,0.024431183941945503
618,55,13,3171.98,31,Female,CA,West,USA,Los Angeles,0,2022,2024,11,2,2,2,222,Hibernating,25-34,2,0.1107510592588815
619,24,14,3426.89,21,Male,CA,West,USA,Los Angeles,0,2022,2024,12,3,3,2,332,Need Attention,18-24,4,0.32248051191722454
620,109,11,2471.46,25,Female,NY,Northeast,USA,New York,0,2022,2024,9,1,1,1,111,Hibernating,25-34,4,0.2993038761534634
621,84,14,3964.85,40,Female,NY,Northeast,USA,New York,0,2022,2024,10,1,3,3,133,Other,35-44,5,0.07380840774255093
622,33,19,4307.79,42,Male,CA,West,USA,Los Angeles,0,2022,2024,11,3,5,4,354,Loyal Customers,35-44,2,0.08373972933468413
623,39,12,4099.69,26,Female,NY,Northeast,USA,New York,0,2023,2024,11,3,2,3,323,Potential Loyalists,25-34,4,0.1481888411165528
624,13,16,4417.63,39,Male,CA,West,USA,Los Angeles,0,2022,2024,12,4,4,4,444,Champions,35-44,4,0.19380919407640854
625,34,11,2595.4,49,Male,NY,Northeast,USA,New York,0,2022,2024,11,3,1,1,311,Other,45-54,2,0.2473019086121184
626,10,15,4022.57,30,Female,NY,Northeast,USA,New York,0,2022,2024,12,4,3,3,433,Loyal Customers,25-34,2,0.14756545582790898
627,35,15,4852.08,35,Female,NY,Northeast,USA,New York,0,2023,2024,11,3,3,4,334,Loyal Customers,35-44,4,0.18501388645325917
628,24,15,3872.72,37,Female,NY,Northeast,USA,New York,0,2022,2024,12,3,3,3,333,Loyal Customers,35-44,2,0.29898837525350264
629,109,21,6023.45,44,Female,CA,West,USA,Los Angeles,0,2022,2024,9,1,5,5,155,Other,35-44,4,0.01467328115623916
630,74,15,3807.03,37,Other,CA,West,USA,Los Angeles,1,2022,2024,10,2,3,3,233,Other,35-44,4,0.5009747777376083
631,35,13,4094.26,56,Other,CA,West,USA,Los Angeles,0,2022,2024,11,3,2,3,323,Potential Loyalists,55-64,5,0.285339834353821
632,31,13,3615.18,35,Female,WA,West,USA,Seattle,0,2022,2024,11,3,2,2,322,Other,35-44,1,0.35808273507487975
633,13,26,6805.7,40,Male,MH,Maharashtra,India,Mumbai,0,2022,2024,12,4,5,5,455,Champions,35-44,4,0.20467097684626645
634,63,17,4582.24,37,Female,BY,Bavaria,Germany,Munich,0,2022,2024,10,2,4,4,244,Other,35-44,3,0.21284539410612627
635,35,16,4340.14,27,Other,TX,South,USA,Houston,0,2022,2024,11,3,4,4,344,Loyal Customers,25-34,1,0.042868804535910424
636,5,19,6184.25,53,Male,TX,South,USA,Houston,1,2022,2024,12,5,5,5,555,Champions,45-54,1,0.5789649467293819
637,26,20,4975.41,30,Female,NY,Northeast,USA,New York,1,2022,2024,12,3,5,4,354,Loyal Customers,25-34,1,0.6130469065820093
638,83,11,3950.31,33,Male,WA,West,USA,Seattle,0,2022,2024,10,1,1,3,113,Other,25-34,5,0.09698820145389186
639,37,12,3331.32,59,Male,WA,West,USA,Seattle,0,2022,2024,11,3,2,2,322,Other,55-64,4,0.1076972923797524
640,9,15,3865.21,67,Female,ON,Ontario,Canada,Toronto,0,2022,2024,12,5,3,3,533,Loyal Customers,65+,5,0.15091366524184907
641,57,10,2311.68,52,Male,ENG,England,UK,London,0,2022,2024,11,2,1,1,211,Hibernating,45-54,4,0.008028479111090548
642,58,16,4367.65,65,Female,TX,South,USA,Houston,0,2022,2024,11,2,4,4,244,Other,65+,5,0.12883166623327133
643,49,16,4536.79,62,Female,WA,West,USA,Seattle,0,2022,2024,11,2,4,4,244,Other,55-64,5,0.08457920279861786
644,32,17,4840.48,43,Female,ON,Ontario,Canada,Toronto,1,2023,2024,11,3,4,4,344,Loyal Customers,35-44,3,0.530998940871166
645,9,18,5120.45,58,Male,NY,Northeast,USA,New York,0,2022,2024,12,5,4,5,545,Champions,55-64,5,0.04790485272770049
646,16,19,5335.91,35,Male,BY,Bavaria,Germany,Munich,0,2022,2024,12,4,5,5,455,Champions,35-44,2,0.356210912295958
647,133,17,5290.68,41,Female,CA,West,USA,Los Angeles,0,2022,2024,8,1,4,5,145,Other,35-44,3,0.23743698142161948
648,31,14,4026.31,45,Female,MH,Maharashtra,India,Mumbai,0,2022,2024,11,3,3,3,333,Loyal Customers,45-54,5,0.27164092765779585
649,124,13,3292.56,67,Female,WA,West,USA,Seattle,0,2022,2024,8,1,2,2,122,Hibernating,65+,1,0.31566849544293535
650,11,20,4946.76,62,Female,CA,West,USA,Los Angeles,0,2022,2024,12,4,5,4,454,Champions,55-64,2,0.19937687957162292
651,2,15,4087.78,43,Male,IL,Midwest,USA,Chicago,0,2022,2024,12,5,3,3,533,Loyal Customers,35-44,2,0.03476811523496948
652,169,14,4013.5,51,Female,CA,West,USA,Los Angeles,0,2022,2024,7,1,3,3,133,Other,45-54,2,0.2148426167274191
653,300,6,1469.9,28,Male,WA,West,USA,Seattle,0,2023,2024,3,1,1,1,111,Hibernating,25-34,3,0.23473644720835166
654,68,10,2874.52,59,Male,WA,West,USA,Seattle,0,2022,2024,10,2,1,1,211,Hibernating,55-64,5,0.298175789673732
655,36,19,6362.43,46,Female,FL,Southeast,USA,Miami,0,2022,2024,11,3,5,5,355,Loyal Customers,45-54,5,0.17266381849187176
656,17,16,3945.33,45,Male,ENG,England,UK,London,0,2022,2024,12,4,4,3,443,Loyal Customers,45-54,1,0.051032121118225506
657,10,17,5164.45,57,Male,CA,West,USA,Los Angeles,1,2022,2024,12,4,4,5,445,Champions,55-64,1,0.5135103623194899
658,41,13,3891.39,50,Male,NY,Northeast,USA,New York,0,2022,2024,11,3,2,3,323,Potential Loyalists,45-54,2,0.14523291855945406
659,14,15,4218.83,21,Male,TX,South,USA,Houston,0,2022,2024,12,4,3,3,433,Loyal Customers,18-24,1,0.2583668965326405
660,42,16,4343.31,32,Female,CA,West,USA,Los Angeles,1,2022,2024,11,3,4,4,344,Loyal Customers,25-34,3,0.6283113218675648
661,10,14,4297.06,27,Male,TX,South,USA,Houston,0,2022,2024,12,4,3,4,434,Loyal Customers,25-34,5,0.1424386903591385
662,26,18,4887.43,56,Female,NY,Northeast,USA,New York,1,2022,2024,12,3,4,4,344,Loyal Customers,55-64,2,0.794606099517192
663,10,21,6701.39,19,Female,NY,Northeast,USA,New York,0,2022,2024,12,4,5,5,455,Champions,18-24,1,0.24230992774275487
664,23,17,4505.6,28,Male,TX,South,USA,Houston,0,2022,2024,12,4,4,4,444,Champions,25-34,3,0.0948907166943978
665,2,14,3022.45,49,Male,ENG,England,UK,London,0,2022,2024,12,5,3,1,531,Need Attention,45-54,3,0.0407129890481615
666,52,14,3639.52,54,Female,NY,Northeast,USA,New York,0,2022,2024,11,2,3,2,232,Other,45-54,1,0.06114365567373281
667,2,15,4285.69,44,Female,ENG,England,UK,London,1,2022,2024,12,5,3,3,533,Loyal Customers,35-44,5,0.49838309135380326
668,12,20,5457.67,62,Female,TX,South,USA,Houston,0,2022,2024,12,4,5,5,455,Champions,55-64,1,0.06427254930382227
669,15,14,4199.68,65,Female,NY,Northeast,USA,New York,0,2022,2024,12,4,3,3,433,Loyal Customers,65+,2,0.0746268096205223
670,10,15,4125.94,24,Male,TX,South,USA,Houston,0,2022,2024,12,4,3,3,433,Loyal Customers,18-24,1,0.11403806747753885
671,15,13,3667.61,67,Male,TX,South,USA,Houston,0,2022,2024,12,4,2,2,422,Other,65+,3,0.06934943811790194
672,7,14,4079.2,49,Female,NY,Northeast,USA,New York,0,2022,2024,12,5,3,3,533,Loyal Customers,45-54,1,0.3587061698505701
673,161,14,3370.42,51,Male,TX,South,USA,Houston,0,2022,2024,7,1,3,2,132,Other,45-54,5,0.032093498264656885
674,20,17,5502.89,22,Female,CA,West,USA,Los Angeles,1,2022,2024,12,4,4,5,445,Champions,18-24,4,0.6098045558281019
675,56,18,4472.68,50,Female,NY,Northeast,USA,New York,0,2022,2024,11,2,4,4,244,Other,45-54,1,0.16415873079586463
676,78,17,4045.11,55,Female,FL,Southeast,USA,Miami,1,2022,2024,10,2,4,3,243,Other,55-64,5,0.7929514467634426
677,13,18,4790.51,48,Female,TX,South,USA,Houston,0,2022,2024,12,4,4,4,444,Champions,45-54,5,0.04481556086722094
678,20,18,4845.71,22,Male,ON,Ontario,Canada,Toronto,0,2022,2024,12,4,4,4,444,Champions,18-24,3,0.15914223961829665
679,1,11,2800.03,45,Male,NY,Northeast,USA,New York,0,2022,2024,12,5,1,1,511,Other,45-54,5,0.3877881733101476
680,1,12,2913.77,66,Male,NSW,NSW,Australia,Sydney,0,2022,2024,12,5,2,1,521,Other,65+,5,0.34620285035759213
681,22,9,1610.98,55,Female,WA,West,USA,Seattle,0,2022,2024,12,4,1,1,411,Other,55-64,5,0.326828828379712
682,26,19,4745.57,25,Male,NSW,NSW,Australia,Sydney,0,2022,2024,12,3,5,4,354,Loyal Customers,25-34,5,0.10316113081797594
683,159,13,3714.37,67,Male,ON,Ontario,Canada,Toronto,0,2022,2024,7,1,2,2,122,Hibernating,65+,2,0.06835503495602634
684,1,21,5251.64,67,Male,CA,West,USA,Los Angeles,1,2022,2024,12,5,5,5,555,Champions,65+,2,0.6674572879697724
685,108,13,2941.0,26,Male,TX,South,USA,Houston,0,2022,2024,9,1,2,1,121,Hibernating,25-34,3,0.37175039565103435
686,116,8,2184.09,59,Female,CA,West,USA,Los Angeles,0,2022,2024,9,1,1,1,111,Hibernating,55-64,1,0.22270515720557194
687,43,14,3572.07,39,Male,ON,Ontario,Canada,Toronto,0,2022,2024,11,2,3,2,232,Other,35-44,5,0.22864507578795995
688,38,16,4706.67,48,Other,FL,Southeast,USA,Miami,1,2022,2024,11,3,4,4,344,Loyal Customers,45-54,1,0.5119916374641137
689,7,9,2591.99,41,Male,NY,Northeast,USA,New York,0,2022,2024,12,5,1,1,511,Other,35-44,1,0.3077971732767748
690,69,23,5953.67,58,Female,BY,Bavaria,Germany,Munich,0,2022,2024,10,2,5,5,255,Other,55-64,3,0.07481749942300935
691,86,12,3775.7,69,Male,CA,West,USA,Los Angeles,0,2022,2024,10,1,2,2,122,Hibernating,65+,5,0.12947169456169746
692,11,24,5831.29,59,Male,FL,Southeast,USA,Miami,1,2022,2024,12,4,5,5,455,Champions,55-64,5,0.5701745754465668
693,50,15,4115.68,66,Female,IL,Midwest,USA,Chicago,0,2022,2024,11,2,3,3,233,Other,65+,4,0.20304415147378202
694,11,14,4238.48,67,Other,CA,West,USA,Los Angeles,0,2022,2024,12,4,3,3,433,Loyal Customers,65+,1,0.0969638929660321
695,17,12,3442.13,22,Female,FL,Southeast,USA,Miami,1,2022,2024,12,4,2,2,422,Other,18-24,1,0.44593472989568145
696,49,15,4426.23,31,Male,ON,Ontario,Canada,Toronto,0,2022,2024,11,2,3,4,234,Other,25-34,2,0.24424801697665305
697,74,15,3571.28,55,Male,CA,West,USA,Los Angeles,0,2022,2024,10,2,3,2,232,Other,55-64,4,0.11545222129610232
698,4,15,3635.95,48,Female,TX,South,USA,Houston,1,2022,2024,12,5,3,2,532,Need Attention,45-54,2,0.6324952885690449
699,49,19,6714.95,20,Male,NY,Northeast,USA,New York,0,2022,2024,11,2,5,5,255,Other,18-24,2,0.06174508610968093
700,5,9,1458.1,22,Female,IL,Midwest,USA,Chicago,0,2022,2024,12,5,1,1,511,Other,18-24,2,0.19245604074192701
701,148,19,4782.98,45,Female,CA,West,USA,Los Angeles,0,2022,2024,8,1,5,4,154,Other,45-54,3,0.21303577302063437
702,78,22,5114.1,50,Female,BY,Bavaria,Germany,Munich,0,2022,2024,10,2,5,5,255,Other,45-54,3,0.020729414728970764
703,101,15,3474.37,26,Female,ENG,England,UK,London,0,2022,2024,9,1,3,2,132,Other,25-34,2,0.13464171127756824
704,21,23,5651.85,26,Female,CA,West,USA,Los Angeles,0,2022,2024,12,4,5,5,455,Champions,25-34,4,0.0537658707755897
705,1,16,5366.09,24,Male,NY,Northeast,USA,New York,0,2022,2024,12,5,4,5,545,Champions,18-24,1,0.0253499881891071
706,75,10,2825.67,47,Male,FL,Southeast,USA,Miami,1,2022,2024,10,2,1,1,211,Hibernating,45-54,4,0.7959840929559782
707,46,14,3152.89,18,Female,IL,Midwest,USA,Chicago,0,2022,2024,11,2,3,2,232,Other,18-24,5,0.1289415379898892
708,3,21,6712.19,47,Female,TX,South,USA,Houston,0,2022,2024,12,5,5,5,555,Champions,45-54,3,0.32394977834185396
709,46,14,3607.51,42,Male,CA,West,USA,Los Angeles,0,2022,2024,11,2,3,2,232,Other,35-44,1,0.10185626190550555
710,52,19,5668.93,42,Male,CA,West,USA,Los Angeles,0,2022,2024,11,2,5,5,255,Other,35-44,1,0.27260108888957174
711,4,19,4816.38,53,Female,MH,Maharashtra,India,Mumbai,0,2022,2024,12,5,5,4,554,Champions,45-54,5,0.30409114395587467
712,164,9,2687.2,45,Female,TX,South,USA,Houston,0,2022,2024,7,1,1,1,111,Hibernating,45-54,5,0.23825549624313772
713,19,17,4229.81,55,Female,ENG,England,UK,London,0,2022,2024,12,4,4,3,443,Loyal Customers,55-64,2,0.18863047542006336
714,40,16,4282.39,57,Male,TX,South,USA,Houston,0,2022,2024,11,3,4,3,343,Loyal Customers,55-64,3,0.16473636565890742
715,24,16,4212.39,65,Male,BY,Bavaria,Germany,Munich,1,2022,2024,12,3,4,3,343,Loyal Customers,65+,3,0.5395473066171982
716,58,14,3424.57,59,Female,CA,West,USA,Los Angeles,1,2022,2024,11,2,3,2,232,Other,55-64,4,0.7718116576991304
717,12,18,5117.77,44,Male,CA,West,USA,Los Angeles,0,2022,2024,12,4,4,5,445,Champions,35-44,2,0.3322477631150917
718,19,16,3873.44,43,Female,BY,Bavaria,Germany,Munich,1,2022,2024,12,4,4,3,443,Loyal Customers,35-44,2,0.7860107642666051
719,47,10,3001.88,30,Female,NSW,NSW,Australia,Sydney,0,2022,2024,11,2,1,1,211,Hibernating,25-34,2,0.0497188893942179
720,14,19,5739.87,49,Male,NY,Northeast,USA,New York,0,2022,2024,12,4,5,5,455,Champions,45-54,2,0.2923469900814577
721,7,23,5960.6,25,Male,NY,Northeast,USA,New York,0,2022,2024,12,5,5,5,555,Champions,25-34,3,0.3753361827284152
722,12,19,4900.47,66,Male,TX,South,USA,Houston,0,2022,2024,12,4,5,4,454,Champions,65+,3,0.07249322646626406
723,2,14,3805.27,61,Female,TX,South,USA,Houston,0,2022,2024,12,5,3,3,533,Loyal Customers,55-64,2,0.026598506946711
724,22,17,5509.42,24,Female,CA,West,USA,Los Angeles,0,2022,2024,12,4,4,5,445,Champions,18-24,4,0.2964482597160236
725,6,13,4313.27,58,Male,ENG,England,UK,London,0,2022,2024,12,5,2,4,524,Potential Loyalists,55-64,1,0.22978924527196476
726,8,22,5750.24,24,Female,NY,Northeast,USA,New York,1,2022,2024,12,5,5,5,555,Champions,18-24,1,0.7367315107033089
727,2,18,4667.21,55,Female,IL,Midwest,USA,Chicago,0,2022,2024,12,5,4,4,544,Champions,55-64,4,0.0559089506505158
728,34,20,6118.39,22,Female,CA,West,USA,Los Angeles,1,2022,2024,11,3,5,5,355,Loyal Customers,18-24,2,0.7181069247439561
729,13,10,2798.06,43,Female,CA,West,USA,Los Angeles,0,2022,2024,12,4,1,1,411,Other,35-44,3,0.08065092801909782
730,9,15,4087.68,52,Male,IL,Midwest,USA,Chicago,1,2022,2024,12,5,3,3,533,Loyal Customers,45-54,1,0.4654623771462818
731,100,17,5458.44,55,Male,NY,Northeast,USA,New York,0,2022,2024,9,1,4,5,145,Other,55-64,5,0.06570631917239718
732,118,12,2400.46,39,Female,IL,Midwest,USA,Chicago,0,2022,2024,9,1,2,1,121,Hibernating,35-44,5,0.32582988809255287
733,40,14,3093.94,65,Male,CA,West,USA,Los Angeles,0,2022,2024,11,3,3,1,331,Need Attention,65+,4,0.2660788882784801
734,34,23,5589.39,58,Female,NSW,NSW,Australia,Sydney,0,2022,2024,11,3,5,5,355,Loyal Customers,55-64,2,0.20922616990764775
735,42,21,5033.86,28,Male,IL,Midwest,USA,Chicago,0,2022,2024,11,3,5,4,354,Loyal Customers,25-34,1,0.143532193649401
736,7,10,2747.23,52,Male,ENG,England,UK,London,0,2022,2024,12,5,1,1,511,Other,45-54,2,0.35088021632524335
737,64,14,4618.72,55,Male,CA,West,USA,Los Angeles,1,2022,2024,10,2,3,4,234,Other,55-64,1,0.5569780429690542
738,3,16,5391.91,35,Male,NY,Northeast,USA,New York,0,2022,2024,12,5,4,5,545,Champions,35-44,4,0.32663977578863085
739,70,16,4730.54,56,Male,NY,Northeast,USA,New York,0,2022,2024,10,2,4,4,244,Other,55-64,4,0.17565396342808737
740,43,16,4906.42,64,Male,TX,South,USA,Houston,0,2022,2024,11,2,4,4,244,Other,55-64,5,0.15077777176996304
741,13,11,2920.72,60,Female,NY,Northeast,USA,New York,0,2022,2024,12,4,1,1,411,Other,55-64,2,0.18507191426784259
742,84,15,4469.99,57,Male,CA,West,USA,Los Angeles,0,2022,2024,10,1,3,4,134,Other,55-64,5,0.12055114966565683
743,24,13,3782.9,50,Male,NY,Northeast,USA,New York,0,2022,2024,12,3,2,3,323,Potential Loyalists,45-54,2,0.29904375207050043
744,13,19,5799.57,32,Male,NY,Northeast,USA,New York,0,2022,2024,12,4,5,5,455,Champions,25-34,5,0.20108815603699168
745,6,14,4363.44,59,Male,NY,Northeast,USA,New York,0,2022,2024,12,5,3,4,534,Loyal Customers,55-64,3,0.09288507805872692
746,111,16,5008.19,36,Male,CA,West,USA,Los Angeles,0,2022,2024,9,1,4,4,144,Other,35-44,3,0.35982982930982743
747,80,18,5002.35,45,Female,NY,Northeast,USA,New York,0,2022,2024,10,2,4,4,244,Other,45-54,3,0.15355648854928458
748,13,14,4170.6,34,Male,FL,Southeast,USA,Miami,0,2022,2024,12,4,3,3,433,Loyal Customers,25-34,3,0.21742114444559546
749,24,18,5006.42,34,Female,NY,Northeast,USA,New York,0,2022,2024,12,3,4,4,344,Loyal Customers,25-34,1,0.3625888443858188
750,51,17,4217.49,26,Female,NY,Northeast,USA,New York,0,2022,2024,11,2,4,3,243,Other,25-34,3,0.24969519836559684
751,114,16,5091.01,67,Male,TX,South,USA,Houston,0,2022,2024,9,1,4,5,145,Other,65+,4,0.04675921628334563
752,33,12,3466.88,25,Male,WA,West,USA,Seattle,0,2022,2024,11,3,2,2,322,Other,25-34,4,0.37593284944539007
753,6,11,3198.61,22,Male,NY,Northeast,USA,New York,0,2022,2024,12,5,1,2,512,Other,18-24,1,0.25108322122856713
754,11,24,6944.99,66,Female,FL,Southeast,USA,Miami,0,2022,2024,12,4,5,5,455,Champions,65+,3,0.13396224586283445
755,77,16,4119.0,46,Male,NSW,NSW,Australia,Sydney,0,2022,2024,10,2,4,3,243,Other,45-54,3,0.0557088290653549
756,77,13,4723.38,40,Female,TX,South,USA,Houston,0,2022,2024,10,2,2,4,224,Other,35-44,3,0.3176100757081184
757,186,18,4383.85,56,Female,BY,Bavaria,Germany,Munich,0,2022,2024,6,1,4,4,144,Other,55-64,5,0.2480291023714054
758,40,13,3781.65,37,Female,WA,West,USA,Seattle,0,2022,2024,11,3,2,3,323,Potential Loyalists,35-44,2,0.21338443679052863
759,218,10,1835.4,24,Female,CA,West,USA,Los Angeles,1,2022,2024,5,1,1,1,111,Hibernating,18-24,5,0.7575570332203831
760,94,15,3397.15,55,Other,TX,South,USA,Houston,0,2022,2024,9,1,3,2,132,Other,55-64,2,0.31543888448981233
761,19,21,4749.35,27,Male,IL,Midwest,USA,Chicago,0,2022,2024,12,4,5,4,454,Champions,25-34,3,0.060669951893100475
762,47,13,4603.16,46,Male,MH,Maharashtra,India,Mumbai,0,2022,2024,11,2,2,4,224,Other,45-54,3,0.1246888271182193
763,3,19,5036.42,67,Male,TX,South,USA,Houston,0,2022,2024,12,5,5,5,555,Champions,65+,5,0.09939565592578631
764,48,13,2636.64,66,Female,CA,West,USA,Los Angeles,0,2022,2024,11,2,2,1,221,Hibernating,65+,5,0.2975785170290708
765,19,16,4706.02,36,Female,FL,Southeast,USA,Miami,0,2022,2024,12,4,4,4,444,Champions,35-44,2,0.013412973894311753
766,13,18,5209.82,58,Female,CA,West,USA,Los Angeles,0,2022,2024,12,4,4,5,445,Champions,55-64,4,0.22795587394852662
767,16,17,5123.55,49,Male,WA,West,USA,Seattle,0,2022,2024,12,4,4,5,445,Champions,45-54,2,0.30498347429627626
768,2,16,5195.85,42,Other,TX,South,USA,Houston,0,2022,2024,12,5,4,5,545,Champions,35-44,5,0.3507062547046998
769,127,13,2983.77,25,Female,IL,Midwest,USA,Chicago,0,2022,2024,8,1,2,1,121,Hibernating,25-34,5,0.13683269948636298
770,12,15,4697.27,37,Female,ENG,England,UK,London,0,2022,2024,12,4,3,4,434,Loyal Customers,35-44,1,0.32850292186880514
771,2,15,4058.89,51,Other,FL,Southeast,USA,Miami,0,2022,2024,12,5,3,3,533,Loyal Customers,45-54,5,0.044252694782082894
772,83,18,5309.37,69,Male,FL,Southeast,USA,Miami,0,2022,2024,10,1,4,5,145,Other,65+,1,0.3385809166938073
773,19,19,4222.12,18,Male,WA,West,USA,Seattle,0,2022,2024,12,4,5,3,453,Loyal Customers,18-24,4,0.05099546493279297
774,7,11,3320.92,55,Female,ON,Ontario,Canada,Toronto,0,2023,2024,12,5,1,2,512,Other,55-64,2,0.1589149162241469
775,211,12,4020.69,62,Male,ENG,England,UK,London,0,2022,2024,6,1,2,3,123,Other,55-64,2,0.31891814631182147
776,219,11,3004.21,67,Male,CA,West,USA,Los Angeles,0,2022,2024,5,1,1,1,111,Hibernating,65+,1,0.05996697093950951
777,296,7,2169.97,40,Male,FL,Southeast,USA,Miami,1,2022,2024,3,1,1,1,111,Hibernating,35-44,2,0.4917005580930566
778,44,13,3691.8,24,Male,CA,West,USA,Los Angeles,0,2022,2024,11,2,2,2,222,Hibernating,18-24,5,0.2889010273572265
779,1,14,3541.12,32,Female,ENG,England,UK,London,0,2022,2024,12,5,3,2,532,Need Attention,25-34,3,0.28801461461842975
780,17,19,4475.66,62,Female,FL,Southeast,USA,Miami,0,2022,2024,12,4,5,4,454,Champions,55-64,1,0.25645905315411893
781,27,16,3724.85,63,Male,TX,South,USA,Houston,0,2022,2024,12,3,4,2,342,Need Attention,55-64,2,0.27757937778684
782,128,15,3963.21,51,Male,CA,West,USA,Los Angeles,0,2022,2024,8,1,3,3,133,Other,45-54,1,0.21708977733903848
783,12,14,4011.55,24,Male,NY,Northeast,USA,New York,0,2022,2024,12,4,3,3,433,Loyal Customers,18-24,1,0.10071962356278111
784,2,16,4350.28,24,Female,IL,Midwest,USA,Chicago,0,2022,2024,12,5,4,4,544,Champions,18-24,3,0.13827839740156778
785,87,14,3708.22,42,Female,CA,West,USA,Los Angeles,1,2022,2024,10,1,3,2,132,Other,35-44,5,0.4726390867205703
786,154,12,3776.79,48,Female,CA,West,USA,Los Angeles,0,2022,2024,7,1,2,2,122,Hibernating,45-54,1,0.36338022453345137
787,47,13,4743.13,19,Male,ENG,England,UK,London,0,2022,2024,11,2,2,4,224,Other,18-24,2,0.23335671790644819
788,33,13,4583.84,53,Male,WA,West,USA,Seattle,0,2022,2024,11,3,2,4,324,Potential Loyalists,45-54,4,0.16034056670545596
789,52,10,3141.48,46,Female,CA,West,USA,Los Angeles,0,2022,2024,11,2,1,2,212,Hibernating,45-54,1,0.18480232145765307
790,11,15,4896.63,18,Female,NY,Northeast,USA,New York,0,2022,2024,12,4,3,4,434,Loyal Customers,18-24,1,0.37891333584472614
791,12,20,7078.4,22,Female,MH,Maharashtra,India,Mumbai,1,2022,2024,12,4,5,5,455,Champions,18-24,3,0.4613405612464321
792,105,9,2623.65,41,Female,IL,Midwest,USA,Chicago,0,2022,2024,9,1,1,1,111,Hibernating,35-44,5,0.2344919328067189
793,3,21,6333.32,55,Female,FL,Southeast,USA,Miami,0,2022,2024,12,5,5,5,555,Champions,55-64,4,0.20235547155378641
794,2,12,3424.66,60,Male,NY,Northeast,USA,New York,0,2022,2024,12,5,2,2,522,Other,55-64,2,0.24458169417385914
795,1,13,3850.92,40,Male,NY,Northeast,USA,New York,0,2022,2024,12,5,2,3,523,Potential Loyalists,35-44,4,0.007244073528336204
796,63,16,5749.41,33,Male,CA,West,USA,Los Angeles,0,2022,2024,10,2,4,5,245,Other,25-34,2,0.3488495635776606
797,55,20,5634.67,68,Male,IL,Midwest,USA,Chicago,0,2022,2024,11,2,5,5,255,Other,65+,5,0.372847312993445
798,7,16,3567.78,41,Male,CA,West,USA,Los Angeles,0,2022,2024,12,5,4,2,542,Need Attention,35-44,2,0.2260532734356836
799,10,19,5996.2,34,Female,CA,West,USA,Los Angeles,0,2022,2024,12,4,5,5,455,Champions,25-34,3,0.2786603295507569
800,14,25,8019.5,41,Male,IL,Midwest,USA,Chicago,1,2022,2024,12,4,5,5,455,Champions,35-44,3,0.7689997524709183
801,34,18,4142.47,18,Male,NSW,NSW,Australia,Sydney,0,2022,2024,11,3,4,3,343,Loyal Customers,18-24,3,0.28289545372535946
802,4,15,3682.17,33,Female,WA,West,USA,Seattle,0,2022,2024,12,5,3,2,532,Need Attention,25-34,3,0.06101561716570454
803,6,18,3873.09,44,Female,TX,South,USA,Houston,1,2022,2024,12,5,4,3,543,Loyal Customers,35-44,4,0.6305153440667253
804,6,23,6058.49,65,Male,TX,South,USA,Houston,0,2022,2024,12,5,5,5,555,Champions,65+,5,0.24268601855314237
805,17,14,4835.26,56,Female,TX,South,USA,Houston,0,2022,2024,12,4,3,4,434,Loyal Customers,55-64,2,0.1696522685209544
806,18,19,5323.54,58,Female,NY,Northeast,USA,New York,0,2022,2024,12,4,5,5,455,Champions,55-64,2,0.29457769424988917
807,17,16,5901.47,46,Female,TX,South,USA,Houston,0,2022,2024,12,4,4,5,445,Champions,45-54,3,0.37374680590760595
808,19,17,4422.51,23,Female,TX,South,USA,Houston,0,2022,2024,12,4,4,4,444,Champions,18-24,3,0.3702274051627106
809,115,7,1810.25,38,Male,FL,Southeast,USA,Miami,0,2022,2024,9,1,1,1,111,Hibernating,35-44,1,0.18033574856165285
810,13,12,3091.24,69,Female,ENG,England,UK,London,0,2022,2024,12,4,2,1,421,Other,65+,5,0.0452952183363021
811,36,15,3227.31,20,Male,MH,Maharashtra,India,Mumbai,0,2022,2024,11,3,3,2,332,Need Attention,18-24,4,0.39393647958493383
812,25,16,3421.05,63,Female,CA,West,USA,Los Angeles,0,2022,2024,12,3,4,2,342,Need Attention,55-64,2,0.33555923457837367
813,75,8,2065.83,53,Female,NY,Northeast,USA,New York,0,2023,2024,10,2,1,1,211,Hibernating,45-54,1,0.04986507248130674
814,6,10,2576.47,32,Male,CA,West,USA,Los Angeles,0,2022,2024,12,5,1,1,511,Other,25-34,1,0.36833675304694896
815,8,22,6019.31,58,Male,NY,Northeast,USA,New York,0,2022,2024,12,5,5,5,555,Champions,55-64,2,0.34795854482485133
816,202,16,4798.66,61,Female,NY,Northeast,USA,New York,1,2022,2024,6,1,4,4,144,Other,55-64,4,0.6075352228504289
817,36,17,3734.2,20,Female,CA,West,USA,Los Angeles,1,2022,2024,11,3,4,2,342,Need Attention,18-24,1,0.6365101742979717
818,44,13,3930.77,23,Male,WA,West,USA,Seattle,1,2022,2024,11,2,2,3,223,Other,18-24,1,0.5596010815480521
819,65,9,3350.65,52,Female,TX,South,USA,Houston,1,2022,2024,10,2,1,2,212,Hibernating,45-54,5,0.42190465552881257
820,68,14,3946.46,69,Female,BY,Bavaria,Germany,Munich,0,2022,2024,10,2,3,3,233,Other,65+,4,0.13407889665836037
821,219,12,3391.12,19,Female,CA,West,USA,Los Angeles,0,2022,2024,5,1,2,2,122,Hibernating,18-24,1,0.3211413794392046
822,22,18,4805.49,52,Female,CA,West,USA,Los Angeles,0,2022,2024,12,4,4,4,444,Champions,45-54,4,0.0018528092018411436
823,21,20,5687.72,25,Male,TX,South,USA,Houston,0,2022,2024,12,4,5,5,455,Champions,25-34,2,0.13339966867645767
824,18,20,4373.71,51,Female,CA,West,USA,Los Angeles,0,2022,2024,12,4,5,4,454,Champions,45-54,3,0.15926747743637734
825,19,10,2769.82,50,Male,NY,Northeast,USA,New York,0,2022,2024,12,4,1,1,411,Other,45-54,1,0.21495824117516915
826,17,12,3703.02,22,Female,MH,Maharashtra,India,Mumbai,0,2022,2024,12,4,2,2,422,Other,18-24,5,0.3679422465651042
827,52,16,5078.57,53,Male,CA,West,USA,Los Angeles,0,2022,2024,11,2,4,5,245,Other,45-54,2,0.13853839774638452
828,49,11,2465.86,64,Female,CA,West,USA,Los Angeles,0,2022,2024,11,2,1,1,211,Hibernating,55-64,4,0.13878128075849108
829,12,13,4035.22,62,Male,FL,Southeast,USA,Miami,1,2022,2024,12,4,2,3,423,Potential Loyalists,55-64,2,0.6950004992438994
830,128,9,3226.93,19,Male,TX,South,USA,Houston,0,2022,2024,8,1,1,2,112,Hibernating,18-24,1,0.18088717635592289
831,46,18,5112.82,30,Female,FL,Southeast,USA,Miami,0,2022,2024,11,2,5,5,255,Other,25-34,4,0.08984192917599279
832,18,14,4157.43,30,Female,NY,Northeast,USA,New York,0,2022,2024,12,4,3,3,433,Loyal Customers,25-34,3,0.18097580645307737
833,21,20,6100.7,41,Female,ON,Ontario,Canada,Toronto,1,2022,2024,12,4,5,5,455,Champions,35-44,2,0.45634280815191997
834,32,20,5267.79,25,Other,CA,West,USA,Los Angeles,0,2022,2024,11,3,5,5,355,Loyal Customers,25-34,1,0.07055479460248933
835,22,10,3266.98,62,Other,TX,South,USA,Houston,0,2022,2024,12,4,1,2,412,Other,55-64,5,0.1993471090957919
836,53,14,3130.51,58,Female,IL,Midwest,USA,Chicago,0,2022,2024,11,2,3,2,232,Other,55-64,4,0.16757017980181918
837,172,9,3201.82,60,Male,ENG,England,UK,London,0,2022,2024,7,1,1,2,112,Hibernating,55-64,2,0.36593836042724004
838,7,16,4181.39,28,Female,NY,Northeast,USA,New York,0,2022,2024,12,5,4,3,543,Loyal Customers,25-34,2,0.14495755964665324
839,36,13,3768.12,18,Female,FL,Southeast,USA,Miami,0,2022,2024,11,3,2,2,322,Other,18-24,3,0.23223534011121738
840,9,14,3435.6,65,Male,CA,West,USA,Los Angeles,0,2022,2024,12,5,3,2,532,Need Attention,65+,3,0.2529057151678122
841,104,19,6038.83,33,Male,CA,West,USA,Los Angeles,1,2022,2024,9,1,5,5,155,Other,25-34,5,0.4052377826353335
842,25,21,6585.19,52,Female,CA,West,USA,Los Angeles,0,2023,2024,12,3,5,5,355,Loyal Customers,45-54,5,0.26541494880668426
843,12,19,6852.42,65,Female,IL,Midwest,USA,Chicago,0,2022,2024,12,4,5,5,455,Champions,65+,1,0.07121438674790058
844,9,22,6287.1,19,Female,NY,Northeast,USA,New York,1,2022,2024,12,5,5,5,555,Champions,18-24,1,0.7844281269877821
845,34,12,2955.3,18,Other,IL,Midwest,USA,Chicago,0,2022,2024,11,3,2,1,321,Other,18-24,5,0.059465091101245184
846,3,18,4070.44,18,Female,CA,West,USA,Los Angeles,0,2022,2024,12,5,5,3,553,Loyal Customers,18-24,5,0.1658496494908095
847,42,15,4193.03,26,Male,ENG,England,UK,London,0,2022,2024,11,3,3,3,333,Loyal Customers,25-34,4,0.034139867231457545
848,12,14,3197.38,20,Male,ON,Ontario,Canada,Toronto,0,2022,2024,12,4,3,2,432,Need Attention,18-24,3,0.39874970073837895
849,78,18,3895.34,60,Male,CA,West,USA,Los Angeles,0,2022,2024,10,2,5,3,253,Other,55-64,1,0.20087800413249704
850,106,10,3395.48,49,Male,CA,West,USA,Los Angeles,1,2022,2024,9,1,1,2,112,Hibernating,45-54,3,0.6381540069280176
851,5,25,7347.53,68,Female,CA,West,USA,Los Angeles,0,2022,2024,12,5,5,5,555,Champions,65+,3,0.026830590955370992
852,2,18,5091.6,59,Female,ENG,England,UK,London,1,2022,2024,12,5,5,5,555,Champions,55-64,5,0.6999841881596711
853,34,15,4604.03,68,Male,NY,Northeast,USA,New York,1,2022,2024,11,3,3,4,334,Loyal Customers,65+,4,0.48396223723823434
854,42,15,4100.81,30,Male,TX,South,USA,Houston,0,2022,2024,11,3,3,3,333,Loyal Customers,25-34,2,0.35922171577628553
855,27,13,3611.71,32,Female,TX,South,USA,Houston,0,2022,2024,12,3,2,2,322,Other,25-34,4,0.08205585619280287
856,14,14,4483.58,62,Male,WA,West,USA,Seattle,0,2022,2024,12,4,3,4,434,Loyal Customers,55-64,4,0.07627508826546664
857,42,12,3133.28,30,Female,TX,South,USA,Houston,0,2022,2024,11,3,2,2,322,Other,25-34,3,0.014619867139237953
858,17,16,3739.04,20,Female,TX,South,USA,Houston,0,2022,2024,12,4,4,2,442,Need Attention,18-24,4,0.18882677804399972
859,53,17,4003.44,52,Female,MH,Maharashtra,India,Mumbai,0,2022,2024,11,2,4,3,243,Other,45-54,1,0.22593645330504658
860,125,12,2668.94,59,Male,CA,West,USA,Los Angeles,0,2022,2024,8,1,2,1,121,Hibernating,55-64,3,0.026283455771340947
861,7,22,6466.69,68,Female,ON,Ontario,Canada,Toronto,0,2022,2024,12,5,5,5,555,Champions,65+,1,0.31021104667800425
862,1,19,4204.47,66,Male,CA,West,USA,Los Angeles,0,2022,2024,12,5,5,3,553,Loyal Customers,65+,2,0.18131553389921107
863,92,15,3785.73,24,Female,TX,South,USA,Houston,0,2022,2024,9,1,3,3,133,Other,18-24,3,0.20975610773103204
864,46,17,4665.04,58,Male,ENG,England,UK,London,0,2022,2024,11,2,4,4,244,Other,55-64,2,0.17630509877529127
865,82,18,3864.37,61,Female,IL,Midwest,USA,Chicago,0,2022,2024,10,1,5,3,153,Other,55-64,3,0.1603052243501304
866,54,14,4042.12,54,Female,IL,Midwest,USA,Chicago,1,2022,2024,11,2,3,3,233,Other,45-54,5,0.6238561325232872
867,138,14,2754.51,60,Male,NY,Northeast,USA,New York,1,2022,2024,8,1,3,1,131,Other,55-64,4,0.46209609837228505
868,57,14,3982.32,61,Male,TX,South,USA,Houston,0,2022,2024,11,2,3,3,233,Other,55-64,5,0.07277125219810845
869,53,14,4407.21,41,Male,NY,Northeast,USA,New York,0,2022,2024,11,2,3,4,234,Other,35-44,2,0.34471424840540693
870,11,16,4838.45,20,Male,TX,South,USA,Houston,0,2022,2024,12,4,4,4,444,Champions,18-24,4,0.3784461848534531
871,42,20,5789.46,41,Male,TX,South,USA,Houston,0,2022,2024,11,3,5,5,355,Loyal Customers,35-44,3,0.14932372651190118
872,72,17,3119.17,28,Female,NY,Northeast,USA,New York,0,2022,2024,10,2,4,2,242,Other,25-34,4,0.10829786925742152
873,18,15,3805.17,23,Male,NY,Northeast,USA,New York,0,2022,2024,12,4,3,3,433,Loyal Customers,18-24,1,0.2575998172956063
874,23,15,4316.34,24,Female,NY,Northeast,USA,New York,0,2022,2024,12,4,3,4,434,Loyal Customers,18-24,4,0.16349366843923857
875,10,11,3730.21,54,Other,NY,Northeast,USA,New York,0,2022,2024,12,4,1,2,412,Other,45-54,1,0.010154542264137945
876,81,18,4928.72,44,Male,CA,West,USA,Los Angeles,0,2022,2024,10,2,5,4,254,Other,35-44,4,0.062461038946476144
877,44,13,3304.42,46,Female,ENG,England,UK,London,1,2022,2024,11,2,2,2,222,Hibernating,45-54,1,0.6863888915389591
878,20,18,4879.25,56,Female,FL,Southeast,USA,Miami,0,2022,2024,12,4,5,4,454,Champions,55-64,2,0.26356957676406056
879,38,17,3623.38,46,Female,CA,West,USA,Los Angeles,0,2022,2024,11,3,4,2,342,Need Attention,45-54,5,0.010838397001393397
880,10,18,4610.61,50,Male,IL,Midwest,USA,Chicago,0,2022,2024,12,4,5,4,454,Champions,45-54,3,0.08878886477317978
881,45,20,5850.52,22,Male,ON,Ontario,Canada,Toronto,0,2022,2024,11,2,5,5,255,Other,18-24,4,0.09242991863522856
882,50,20,5989.68,62,Male,NY,Northeast,USA,New York,1,2022,2024,11,2,5,5,255,Other,55-64,5,0.6687570974394914
883,126,11,3690.0,41,Female,CA,West,USA,Los Angeles,0,2023,2024,8,1,1,2,112,Hibernating,35-44,3,0.007884215101745662
884,87,18,4994.23,26,Other,CA,West,USA,Los Angeles,0,2022,2024,10,1,5,4,154,Other,25-34,3,0.04164343279382954
885,113,14,3750.89,60,Other,CA,West,USA,Los Angeles,0,2022,2024,9,1,3,2,132,Other,55-64,1,0.3199664341492758
886,4,11,2655.42,56,Male,WA,West,USA,Seattle,1,2022,2024,12,5,1,1,511,Other,55-64,2,0.4714178648217335
887,52,14,4176.68,20,Female,MH,Maharashtra,India,Mumbai,1,2022,2024,11,2,3,3,233,Other,18-24,2,0.6610984431407498
888,1,12,3450.9,28,Male,CA,West,USA,Los Angeles,0,2022,2024,12,5,2,2,522,Other,25-34,5,0.09527311241869062
889,20,12,3066.21,18,Female,IL,Midwest,USA,Chicago,0,2022,2024,12,4,2,1,421,Other,18-24,2,0.039776557103738064
890,18,16,4534.54,32,Male,CA,West,USA,Los Angeles,0,2022,2024,12,4,4,4,444,Champions,25-34,4,0.09726887639978164
891,17,11,3074.38,23,Female,FL,Southeast,USA,Miami,0,2022,2024,12,4,1,1,411,Other,18-24,2,0.2889067727422637
892,16,23,4485.05,54,Female,WA,West,USA,Seattle,0,2022,2024,12,4,5,4,454,Champions,45-54,5,0.3422785872425143
893,2,14,3721.72,45,Male,NY,Northeast,USA,New York,1,2022,2024,12,5,3,2,532,Need Attention,45-54,2,0.7320879458267967
894,42,16,4364.06,68,Male,CA,West,USA,Los Angeles,0,2023,2024,11,3,4,4,344,Loyal Customers,65+,4,0.15887341184738193
895,13,12,2677.66,56,Female,FL,Southeast,USA,Miami,0,2022,2024,12,4,2,1,421,Other,55-64,1,0.2672340546282585
896,28,16,4647.0,49,Male,MH,Maharashtra,India,Mumbai,0,2022,2024,12,3,4,4,344,Loyal Customers,45-54,5,0.08199371816632839
897,119,24,6958.91,44,Female,NY,Northeast,USA,New York,0,2022,2024,9,1,5,5,155,Other,35-44,1,0.11725909210440531
898,16,7,1954.68,20,Female,CA,West,USA,Los Angeles,0,2022,2024,12,4,1,1,411,Other,18-24,1,0.35853432740844793
899,28,18,5524.74,21,Female,CA,West,USA,Los Angeles,0,2022,2024,12,3,5,5,355,Loyal Customers,18-24,1,0.005200769404294415
900,39,10,2239.59,50,Male,FL,Southeast,USA,Miami,0,2022,2024,11,3,1,1,311,Other,45-54,3,0.03420341234178723
901,26,18,4574.63,18,Male,FL,Southeast,USA,Miami,0,2022,2024,12,3,5,4,354,Loyal Customers,18-24,3,0.08315450205841093
902,131,13,2883.1,20,Male,WA,West,USA,Seattle,0,2022,2024,8,1,2,1,121,Hibernating,18-24,1,0.010612881549527886
903,11,11,2389.33,29,Other,WA,West,USA,Seattle,0,2022,2024,12,4,1,1,411,Other,25-34,5,0.07257417403591893
904,79,18,4616.04,63,Male,ENG,England,UK,London,0,2022,2024,10,2,5,4,254,Other,55-64,4,0.23321662438787688
905,85,13,3871.05,41,Male,ON,Ontario,Canada,Toronto,0,2022,2024,10,1,2,3,123,Other,35-44,4,0.16856982023699918
906,54,12,3425.69,54,Male,NY,Northeast,USA,New York,0,2022,2024,11,2,2,2,222,Hibernating,45-54,2,0.35706868443079
907,20,21,4633.84,39,Other,FL,Southeast,USA,Miami,0,2022,2024,12,4,5,4,454,Champions,35-44,5,0.3269774246953764
908,21,18,4895.8,27,Male,NY,Northeast,USA,New York,0,2022,2024,12,4,5,4,454,Champions,25-34,3,0.1367269406791504
909,115,14,3659.56,37,Female,NY,Northeast,USA,New York,0,2022,2024,9,1,3,2,132,Other,35-44,1,0.103769373372517
910,397,15,4090.18,22,Female,BY,Bavaria,Germany,Munich,1,2022,2023,11,1,3,3,133,Other,18-24,2,0.5518769632669068
911,4,18,4454.78,58,Female,IL,Midwest,USA,Chicago,1,2022,2024,12,5,5,4,554,Champions,55-64,4,0.6361179770059231
912,81,14,3917.08,27,Other,MH,Maharashtra,India,Mumbai,0,2022,2024,10,2,3,3,233,Other,25-34,3,0.10722545632915051
913,142,13,3879.48,37,Female,TX,South,USA,Houston,0,2022,2024,8,1,2,3,123,Other,35-44,3,0.24965956313965362
914,138,10,2189.82,68,Female,TX,South,USA,Houston,0,2022,2024,8,1,1,1,111,Hibernating,65+,1,0.1637646608764962
915,48,12,2198.68,48,Male,TX,South,USA,Houston,0,2023,2024,11,2,2,1,221,Hibernating,45-54,4,0.22081887234079212
916,4,11,2394.2,41,Female,CA,West,USA,Los Angeles,0,2022,2024,12,5,1,1,511,Other,35-44,5,0.17445061165412667
917,54,5,1283.39,46,Female,NY,Northeast,USA,New York,0,2023,2024,11,2,1,1,211,Hibernating,45-54,3,0.11778630381676708
918,26,11,2773.56,58,Female,TX,South,USA,Houston,0,2022,2024,12,3,1,1,311,Other,55-64,1,0.3793813227848627
919,43,25,7103.05,31,Female,CA,West,USA,Los Angeles,0,2022,2024,11,2,5,5,255,Other,25-34,5,0.30544231766390434
920,27,15,3397.58,51,Other,BY,Bavaria,Germany,Munich,0,2022,2024,12,3,3,2,332,Need Attention,45-54,4,0.05604527030658102
921,26,16,5284.44,63,Female,CA,West,USA,Los Angeles,0,2022,2024,12,3,4,5,345,Loyal Customers,55-64,3,0.34738719035916515
922,54,12,3363.52,47,Female,CA,West,USA,Los Angeles,0,2022,2024,11,2,2,2,222,Hibernating,45-54,5,0.19497247929980546
923,108,7,1932.55,41,Female,WA,West,USA,Seattle,0,2022,2024,9,1,1,1,111,Hibernating,35-44,5,0.35782089075763657
924,100,14,3145.35,25,Male,CA,West,USA,Los Angeles,0,2022,2024,9,1,3,2,132,Other,25-34,5,0.3199421023789261
925,86,22,7181.9,30,Male,BY,Bavaria,Germany,Munich,0,2022,2024,10,1,5,5,155,Other,25-34,3,0.17008540178769338
926,86,12,4374.19,67,Male,IL,Midwest,USA,Chicago,0,2022,2024,10,1,2,4,124,Other,65+,3,0.008987723328046959
927,46,28,7372.94,46,Male,CA,West,USA,Los Angeles,0,2022,2024,11,2,5,5,255,Other,45-54,2,0.10747094375397843
928,18,23,6003.49,33,Male,IL,Midwest,USA,Chicago,0,2022,2024,12,4,5,5,455,Champions,25-34,4,0.21665368586434677
929,66,14,4006.77,39,Female,FL,Southeast,USA,Miami,0,2022,2024,10,2,3,3,233,Other,35-44,1,0.2533912879304589
930,43,16,3377.12,48,Male,WA,West,USA,Seattle,0,2022,2024,11,2,4,2,242,Other,45-54,5,0.10315507417328092
931,11,17,3581.81,45,Female,ON,Ontario,Canada,Toronto,0,2022,2024,12,4,4,2,442,Need Attention,45-54,2,0.055742429629129654
932,22,23,5454.26,54,Female,IL,Midwest,USA,Chicago,1,2022,2024,12,4,5,5,455,Champions,45-54,1,0.7339720947197197
933,5,13,4752.33,31,Male,FL,Southeast,USA,Miami,0,2022,2024,12,5,2,4,524,Potential Loyalists,25-34,2,0.39376087228142087
934,66,14,3023.42,51,Male,NY,Northeast,USA,New York,0,2022,2024,10,2,3,1,231,Other,45-54,3,0.21027607292107434
935,56,10,2886.62,41,Male,IL,Midwest,USA,Chicago,0,2022,2024,11,2,1,1,211,Hibernating,35-44,5,0.0686717143393214
936,44,18,5924.12,66,Other,NSW,NSW,Australia,Sydney,0,2022,2024,11,2,5,5,255,Other,65+,1,0.10892293060774759
937,16,13,3066.96,26,Male,FL,Southeast,USA,Miami,0,2022,2024,12,4,2,1,421,Other,25-34,1,0.007356270618986693
938,20,9,2448.63,25,Female,IL,Midwest,USA,Chicago,0,2022,2024,12,4,1,1,411,Other,25-34,1,0.3657195226241996
939,48,13,3645.73,42,Female,TX,South,USA,Houston,0,2022,2024,11,2,2,2,222,Hibernating,35-44,1,0.047100433156056457
940,25,15,4020.81,44,Other,WA,West,USA,Seattle,0,2022,2024,12,3,3,3,333,Loyal Customers,35-44,1,0.23060659020570143
941,39,18,4801.01,53,Male,MH,Maharashtra,India,Mumbai,1,2022,2024,11,3,5,4,354,Loyal Customers,45-54,2,0.5096220882748824
942,5,20,5737.15,39,Male,CA,West,USA,Los Angeles,0,2022,2024,12,5,5,5,555,Champions,35-44,5,0.22167120100631738
943,62,9,2530.38,65,Male,CA,West,USA,Los Angeles,1,2022,2024,10,2,1,1,211,Hibernating,65+,3,0.6605681553407456
944,12,21,5497.24,42,Male,TX,South,USA,Houston,0,2022,2024,12,4,5,5,455,Champions,35-44,3,0.3318967214828807
945,7,11,3544.46,24,Male,TX,South,USA,Houston,0,2022,2024,12,5,1,2,512,Other,18-24,3,0.08256850870424129
946,10,18,4889.89,24,Female,FL,Southeast,USA,Miami,0,2022,2024,12,4,5,4,454,Champions,18-24,3,0.004398331463392191
947,23,15,3179.19,68,Female,CA,West,USA,Los Angeles,0,2022,2024,12,4,3,2,432,Need Attention,65+,2,0.05475425202752291
948,3,18,4256.04,24,Female,TX,South,USA,Houston,1,2022,2024,12,5,5,3,553,Loyal Customers,18-24,4,0.7600074567392421
949,88,10,3220.55,67,Female,FL,Southeast,USA,Miami,0,2022,2024,10,1,1,2,112,Hibernating,65+,5,0.3495560310250061
950,88,9,2596.39,32,Male,FL,Southeast,USA,Miami,0,2022,2024,10,1,1,1,111,Hibernating,25-34,1,0.23896524086812332
951,66,10,2590.06,22,Female,IL,Midwest,USA,Chicago,0,2022,2024,10,2,1,1,211,Hibernating,18-24,4,0.24020674417346136
952,20,14,4706.8,33,Female,IL,Midwest,USA,Chicago,0,2022,2024,12,4,3,4,434,Loyal Customers,25-34,3,0.2660146698185022
953,1,15,3610.74,49,Female,FL,Southeast,USA,Miami,0,2022,2024,12,5,3,2,532,Need Attention,45-54,4,0.07014851144937984
954,42,15,3965.36,40,Female,WA,West,USA,Seattle,0,2022,2024,11,3,3,3,333,Loyal Customers,35-44,5,0.36576477836998394
955,64,17,4160.68,58,Male,FL,Southeast,USA,Miami,0,2022,2024,10,2,4,3,243,Other,55-64,1,0.16750820995682925
956,33,12,3393.96,49,Male,TX,South,USA,Houston,0,2022,2024,11,3,2,2,322,Other,45-54,1,0.153255411299799
957,19,18,5142.99,38,Male,FL,Southeast,USA,Miami,0,2022,2024,12,4,5,5,455,Champions,35-44,5,0.20756708211313502
958,16,21,6645.05,51,Male,CA,West,USA,Los Angeles,0,2022,2024,12,4,5,5,455,Champions,45-54,5,0.01878638671002202
959,8,15,2899.42,68,Female,NY,Northeast,USA,New York,0,2022,2024,12,5,3,1,531,Need Attention,65+,3,0.06651334750243176
960,42,17,4672.46,39,Male,TX,South,USA,Houston,0,2022,2024,11,3,4,4,344,Loyal Customers,35-44,1,0.2952134465705482
961,101,10,2711.43,25,Female,ENG,England,UK,London,0,2022,2024,9,1,1,1,111,Hibernating,25-34,4,0.03311946717005059
962,135,17,4709.73,39,Female,IL,Midwest,USA,Chicago,0,2022,2024,8,1,4,4,144,Other,35-44,2,0.2412608437865553
963,21,19,5313.1,61,Male,CA,West,USA,Los Angeles,0,2022,2024,12,4,5,5,455,Champions,55-64,2,0.09813964387252838
964,4,15,4758.15,29,Male,FL,Southeast,USA,Miami,0,2022,2024,12,5,3,4,534,Loyal Customers,25-34,5,0.15571824561679062
965,39,16,4974.1,67,Female,NY,Northeast,USA,New York,0,2022,2024,11,3,4,4,344,Loyal Customers,65+,3,0.11547749470827995
966,25,11,2798.5,48,Female,IL,Midwest,USA,Chicago,0,2022,2024,12,3,1,1,311,Other,45-54,2,0.14226908658597967
967,27,11,3802.47,49,Male,ON,Ontario,Canada,Toronto,0,2022,2024,12,3,1,3,313,Potential Loyalists,45-54,1,0.28761836207369823
968,22,15,3994.58,34,Male,FL,Southeast,USA,Miami,0,2022,2024,12,4,3,3,433,Loyal Customers,25-34,5,0.11884868624927002
969,35,21,5707.61,65,Female,FL,Southeast,USA,Miami,0,2022,2024,11,3,5,5,355,Loyal Customers,65+,4,0.2265618561187589
970,54,11,3410.67,19,Male,NY,Northeast,USA,New York,0,2022,2024,11,2,1,2,212,Hibernating,18-24,5,0.19042016087963987
971,10,17,4477.83,33,Female,TX,South,USA,Houston,0,2022,2024,12,4,4,4,444,Champions,25-34,4,0.26546846614505926
972,27,21,4771.56,39,Male,ENG,England,UK,London,0,2022,2024,12,3,5,4,354,Loyal Customers,35-44,5,0.37473189572990323
973,13,18,4340.84,42,Male,IL,Midwest,USA,Chicago,0,2022,2024,12,4,5,4,454,Champions,35-44,5,0.29302883888410014
974,37,17,4952.98,42,Female,TX,South,USA,Houston,0,2022,2024,11,3,4,4,344,Loyal Customers,35-44,5,0.08597615143630272
975,46,20,6030.14,25,Female,NY,Northeast,USA,New York,0,2022,2024,11,2,5,5,255,Other,25-34,4,0.01247325402451387
976,19,15,4539.74,29,Female,CA,West,USA,Los Angeles,0,2022,2024,12,4,3,4,434,Loyal Customers,25-34,4,0.10490561771993004
977,28,14,4739.99,22,Male,CA,West,USA,Los Angeles,0,2022,2024,12,3,3,4,334,Loyal Customers,18-24,5,0.23803117228010195
978,140,14,3750.41,47,Other,CA,West,USA,Los Angeles,0,2022,2024,8,1,3,2,132,Other,45-54,2,0.020570325393700142
979,2,17,5295.62,36,Female,NY,Northeast,USA,New York,0,2022,2024,12,5,4,5,545,Champions,35-44,3,0.19854649888049455
980,38,14,3937.32,47,Female,NSW,NSW,Australia,Sydney,0,2022,2024,11,3,3,3,333,Loyal Customers,45-54,3,0.23873713956675569
981,165,15,3778.8,48,Male,TX,South,USA,Houston,0,2022,2024,7,1,3,2,132,Other,45-54,3,0.13369755632678434
982,106,10,2729.03,54,Male,NY,Northeast,USA,New York,0,2022,2024,9,1,1,1,111,Hibernating,45-54,4,0.3083648814983288
983,34,18,4681.84,46,Female,CA,West,USA,Los Angeles,0,2022,2024,11,3,5,4,354,Loyal Customers,45-54,4,0.042639301253508725
984,2,21,5615.2,51,Male,NY,Northeast,USA,New York,0,2022,2024,12,5,5,5,555,Champions,45-54,2,0.030055112694323507
985,32,17,4252.69,48,Female,ON,Ontario,Canada,Toronto,0,2022,2024,11,3,4,3,343,Loyal Customers,45-54,3,0.29127550248144135
986,25,16,4115.16,51,Male,NY,Northeast,USA,New York,0,2022,2024,12,3,4,3,343,Loyal Customers,45-54,3,0.1981965264824794
987,69,17,4228.39,50,Other,WA,West,USA,Seattle,0,2022,2024,10,2,4,3,243,Other,45-54,5,0.27536095857109444
988,24,17,3785.55,34,Female,ON,Ontario,Canada,Toronto,0,2022,2024,12,3,4,3,343,Loyal Customers,25-34,4,0.1739309354414985
989,55,19,6088.86,30,Female,CA,West,USA,Los Angeles,0,2022,2024,11,2,5,5,255,Other,25-34,3,0.09856081329564273
990,3,18,4575.94,58,Female,FL,Southeast,USA,Miami,0,2022,2024,12,5,5,4,554,Champions,55-64,2,0.3276409270696799
991,104,15,4108.26,35,Male,NSW,NSW,Australia,Sydney,0,2022,2024,9,1,3,3,133,Other,35-44,2,0.3197663515875917
992,23,22,6044.46,46,Female,TX,South,USA,Houston,0,2022,2024,12,4,5,5,455,Champions,45-54,3,0.2778785883417707
993,41,12,3018.56,28,Female,CA,West,USA,Los Angeles,0,2022,2024,11,3,2,1,321,Other,25-34,4,0.10885805489198508
994,31,8,2662.08,40,Female,BY,Bavaria,Germany,Munich,0,2022,2024,11,3,1,1,311,Other,35-44,2,0.23609226674763484
995,68,15,4444.26,45,Male,ENG,England,UK,London,0,2022,2024,10,2,3,4,234,Other,45-54,5,0.14438955877601073
996,33,10,3018.35,50,Female,TX,South,USA,Houston,0,2022,2024,11,3,1,1,311,Other,45-54,2,0.03663282933065366
997,38,21,5124.35,45,Female,FL,Southeast,USA,Miami,0,2022,2024,11,3,5,5,355,Loyal Customers,45-54,1,0.36692543018489715
998,27,15,5475.45,36,Female,CA,West,USA,Los Angeles,1,2022,2024,12,3,3,5,335,Loyal Customers,35-44,1,0.4547274523675846
999,26,16,3184.57,68,Male,ON,Ontario,Canada,Toronto,0,2022,2024,12,3,4,2,342,Need Attention,65+,4,0.380094941528321
1000,34,9,2559.22,44,Female,TX,South,USA,Houston,1,2022,2024,11,3,1,1,311,Other,35-44,3,0.5784023091831824
