TransactionID,CustomerID,TransactionDate,Amount,Age,Gender,State,Region,Country,City,HasChurned
1,723,2022-07-12,152.8,61,Female,TX,South,USA,Houston,0
2,106,2024-12-23,77.52,58,Female,NY,Northeast,USA,New York,0
3,174,2024-02-17,70.13,55,Female,CA,West,USA,Los Angeles,0
4,137,2024-08-27,16.33,49,Female,TX,South,USA,Houston,0
5,731,2023-05-05,518.76,55,Male,NY,Northeast,USA,New York,0
6,614,2022-09-25,330.99,38,Female,FL,Southeast,USA,Miami,0
7,920,2024-09-16,187.49,51,Other,BY,Bavaria,Germany,Munich,0
8,709,2024-04-22,329.0,42,Male,CA,West,USA,Los Angeles,0
9,874,2023-10-22,332.15,24,Female,NY,Northeast,USA,New York,0
10,755,2024-02-17,111.59,46,Male,NSW,NSW,Australia,Sydney,0
11,629,2023-11-13,160.64,44,Female,CA,West,USA,Los Angeles,0
12,519,2023-04-23,294.86,42,Male,FL,Southeast,USA,Miami,0
13,136,2022-08-15,421.5,33,Male,TX,South,USA,Houston,0
14,601,2022-05-28,73.5,50,Male,IL,Midwest,USA,Chicago,0
15,530,2022-08-19,430.58,65,Male,FL,Southeast,USA,Miami,0
16,975,2024-04-18,345.41,25,Female,NY,Northeast,USA,New York,0
17,910,2022-08-17,249.93,22,Female,BY,Bavaria,Germany,Munich,1
18,349,2022-01-07,80.53,27,Male,TX,South,USA,Houston,0
19,189,2023-06-21,296.22,30,Female,FL,Southeast,USA,Miami,0
20,215,2022-11-07,183.28,56,Female,NY,Northeast,USA,New York,1
21,488,2022-07-18,102.59,45,Male,IL,Midwest,USA,Chicago,1
22,969,2023-07-23,467.66,65,Female,FL,Southeast,USA,Miami,0
23,863,2023-08-13,249.82,24,Female,TX,South,USA,Houston,0
24,919,2024-06-28,54.97,31,Female,CA,West,USA,Los Angeles,0
25,232,2024-11-05,177.01,62,Male,CA,West,USA,Los Angeles,0
26,8,2022-06-06,98.94,54,Female,TX,South,USA,Houston,0
27,674,2024-12-09,526.66,22,Female,CA,West,USA,Los Angeles,1
28,402,2024-11-28,144.59,58,Male,CA,West,USA,Los Angeles,0
29,464,2024-06-15,289.11,39,Male,CA,West,USA,Los Angeles,0
30,735,2024-06-08,420.34,28,Male,IL,Midwest,USA,Chicago,0
31,990,2024-09-28,98.19,58,Female,FL,Southeast,USA,Miami,0
32,178,2024-10-12,251.29,26,Female,TX,South,USA,Houston,0
33,609,2024-03-08,369.72,68,Other,NY,Northeast,USA,New York,0
34,32,2022-04-26,442.16,29,Female,CA,West,USA,Los Angeles,0
35,502,2024-03-05,370.17,51,Female,TX,South,USA,Houston,0
36,37,2024-10-27,55.15,62,Female,WA,West,USA,Seattle,0
37,817,2024-10-02,187.67,20,Female,CA,West,USA,Los Angeles,1
38,565,2023-03-16,192.87,64,Male,TX,South,USA,Houston,0
39,257,2022-07-17,200.25,53,Male,CA,West,USA,Los Angeles,0
40,231,2023-10-27,499.68,42,Male,NSW,NSW,Australia,Sydney,0
41,655,2023-12-27,29.14,46,Female,FL,Southeast,USA,Miami,0
42,258,2023-03-24,167.55,23,Female,MH,Maharashtra,India,Mumbai,1
43,386,2023-05-26,266.38,24,Male,NY,Northeast,USA,New York,0
44,16,2023-05-25,55.47,58,Male,NY,Northeast,USA,New York,0
45,349,2023-08-15,261.75,27,Male,TX,South,USA,Houston,0
46,726,2023-03-25,66.24,24,Female,NY,Northeast,USA,New York,1
47,58,2024-03-22,470.97,26,Female,TX,South,USA,Houston,1
48,844,2022-10-11,142.34,19,Female,NY,Northeast,USA,New York,1
49,270,2023-08-25,282.25,48,Female,ON,Ontario,Canada,Toronto,0
50,734,2023-03-01,331.75,58,Female,NSW,NSW,Australia,Sydney,0
51,140,2023-06-03,169.39,40,Female,IL,Midwest,USA,Chicago,0
52,137,2023-02-05,193.07,49,Female,TX,South,USA,Houston,0
53,870,2024-05-15,291.37,20,Male,TX,South,USA,Houston,0
54,958,2024-06-03,453.22,51,Male,CA,West,USA,Los Angeles,0
55,268,2023-02-07,245.73,36,Male,CA,West,USA,Los Angeles,0
56,963,2024-01-07,280.6,61,Male,CA,West,USA,Los Angeles,0
57,818,2022-11-07,301.97,23,Male,WA,West,USA,Seattle,1
58,260,2023-11-02,231.45,48,Female,BY,Bavaria,Germany,Munich,0
59,805,2023-01-07,387.73,56,Female,TX,South,USA,Houston,0
60,984,2022-09-08,12.4,51,Male,NY,Northeast,USA,New York,0
61,303,2024-02-22,276.28,18,Female,CA,West,USA,Los Angeles,0
62,445,2024-11-17,517.75,44,Male,ON,Ontario,Canada,Toronto,0
63,289,2024-11-09,349.21,46,Female,ENG,England,UK,London,0
64,42,2023-08-04,263.24,57,Female,NY,Northeast,USA,New York,0
65,935,2024-08-15,434.89,41,Male,IL,Midwest,USA,Chicago,0
66,576,2023-06-09,214.72,37,Male,TX,South,USA,Houston,0
67,183,2022-04-20,238.95,43,Male,IL,Midwest,USA,Chicago,0
68,527,2022-07-07,105.63,66,Female,ON,Ontario,Canada,Toronto,0
69,781,2024-02-28,79.36,63,Male,TX,South,USA,Houston,0
70,859,2024-09-03,25.21,52,Female,MH,Maharashtra,India,Mumbai,0
71,780,2022-07-24,368.44,62,Female,FL,Southeast,USA,Miami,0
72,356,2023-03-19,253.78,69,Female,MH,Maharashtra,India,Mumbai,0
73,925,2024-08-19,526.72,30,Male,BY,Bavaria,Germany,Munich,0
74,767,2024-11-26,108.24,49,Male,WA,West,USA,Seattle,0
75,448,2023-08-13,137.32,67,Female,BY,Bavaria,Germany,Munich,0
76,787,2024-07-21,361.73,19,Male,ENG,England,UK,London,0
77,993,2024-11-15,41.16,28,Female,CA,West,USA,Los Angeles,0
78,35,2024-01-20,287.47,64,Male,CA,West,USA,Los Angeles,0
79,609,2022-08-16,70.55,68,Other,NY,Northeast,USA,New York,0
80,674,2024-06-28,99.77,22,Female,CA,West,USA,Los Angeles,1
81,873,2022-03-10,260.93,23,Male,NY,Northeast,USA,New York,0
82,480,2024-12-21,323.51,23,Male,CA,West,USA,Los Angeles,0
83,344,2022-06-05,113.9,44,Male,NSW,NSW,Australia,Sydney,0
84,203,2022-05-02,142.91,43,Male,NY,Northeast,USA,New York,0
85,413,2022-03-20,149.21,32,Female,BY,Bavaria,Germany,Munich,0
86,417,2023-12-07,84.26,68,Male,IL,Midwest,USA,Chicago,0
87,831,2023-11-01,512.2,30,Female,FL,Southeast,USA,Miami,0
88,858,2022-01-18,349.18,20,Female,TX,South,USA,Houston,0
89,507,2023-08-18,68.17,45,Female,TX,South,USA,Houston,0
90,690,2023-03-18,196.11,58,Female,BY,Bavaria,Germany,Munich,0
91,735,2024-10-13,105.92,28,Male,IL,Midwest,USA,Chicago,0
92,628,2024-07-24,139.83,37,Female,NY,Northeast,USA,New York,0
93,751,2024-02-01,526.79,67,Male,TX,South,USA,Houston,0
94,82,2022-08-05,77.01,40,Female,NY,Northeast,USA,New York,1
95,463,2023-12-11,467.57,56,Male,FL,Southeast,USA,Miami,0
96,667,2024-05-28,473.2,44,Female,ENG,England,UK,London,1
97,519,2022-01-21,374.4,42,Male,FL,Southeast,USA,Miami,0
98,759,2023-12-15,268.6,24,Female,CA,West,USA,Los Angeles,1
99,317,2024-03-27,152.99,55,Female,WA,West,USA,Seattle,0
100,950,2024-07-26,467.24,32,Male,FL,Southeast,USA,Miami,0
101,125,2023-08-03,443.82,62,Other,NY,Northeast,USA,New York,0
102,799,2024-04-15,299.49,34,Female,CA,West,USA,Los Angeles,0
103,727,2023-03-27,35.33,55,Female,IL,Midwest,USA,Chicago,0
104,80,2024-02-06,117.1,52,Male,ENG,England,UK,London,0
105,246,2022-01-05,37.48,22,Female,FL,Southeast,USA,Miami,0
106,944,2022-07-10,98.12,42,Male,TX,South,USA,Houston,0
107,682,2024-11-28,290.22,25,Male,NSW,NSW,Australia,Sydney,0
108,792,2022-02-07,428.54,41,Female,IL,Midwest,USA,Chicago,0
109,845,2024-09-18,369.7,18,Other,IL,Midwest,USA,Chicago,0
110,4,2023-06-08,322.71,40,Female,TX,South,USA,Houston,0
111,851,2024-01-21,421.68,68,Female,CA,West,USA,Los Angeles,0
112,713,2024-07-25,362.38,55,Female,ENG,England,UK,London,0
113,245,2023-04-02,240.92,50,Female,IL,Midwest,USA,Chicago,0
114,304,2024-08-11,458.67,64,Female,IL,Midwest,USA,Chicago,0
115,395,2023-05-17,171.71,55,Female,NY,Northeast,USA,New York,0
116,606,2023-09-06,492.66,45,Female,IL,Midwest,USA,Chicago,0
117,269,2022-12-18,66.93,49,Male,CA,West,USA,Los Angeles,0
118,283,2024-04-11,361.16,52,Female,NY,Northeast,USA,New York,0
119,541,2024-12-01,285.88,54,Male,NY,Northeast,USA,New York,0
120,731,2024-03-18,244.86,55,Male,NY,Northeast,USA,New York,0
121,431,2024-02-02,247.03,22,Male,FL,Southeast,USA,Miami,0
122,187,2024-03-06,34.36,26,Male,TX,South,USA,Houston,0
123,113,2022-11-05,378.24,46,Other,WA,West,USA,Seattle,0
124,835,2024-09-02,204.57,62,Other,TX,South,USA,Houston,0
125,489,2024-12-12,272.78,57,Male,MH,Maharashtra,India,Mumbai,0
126,73,2023-09-25,450.84,42,Female,FL,Southeast,USA,Miami,1
127,374,2023-06-09,310.35,37,Male,MH,Maharashtra,India,Mumbai,0
128,25,2023-11-07,452.84,58,Male,IL,Midwest,USA,Chicago,0
129,202,2023-12-23,81.8,65,Male,MH,Maharashtra,India,Mumbai,1
130,132,2023-10-27,156.98,46,Female,ENG,England,UK,London,0
131,928,2022-08-09,121.69,33,Male,IL,Midwest,USA,Chicago,0
132,385,2023-11-02,470.96,19,Male,NY,Northeast,USA,New York,0
133,174,2024-03-22,440.12,55,Female,CA,West,USA,Los Angeles,0
134,657,2024-12-19,468.95,57,Male,CA,West,USA,Los Angeles,1
135,995,2023-12-28,305.97,45,Male,ENG,England,UK,London,0
136,481,2023-09-19,125.26,32,Other,ENG,England,UK,London,0
137,183,2023-03-27,206.41,43,Male,IL,Midwest,USA,Chicago,0
138,476,2022-03-05,279.65,58,Female,CA,West,USA,Los Angeles,0
139,624,2024-12-05,21.62,39,Male,CA,West,USA,Los Angeles,0
140,866,2022-11-19,323.42,54,Female,IL,Midwest,USA,Chicago,1
141,141,2024-10-21,480.35,69,Female,WA,West,USA,Seattle,0
142,560,2024-12-11,189.91,62,Female,CA,West,USA,Los Angeles,0
143,42,2024-07-13,384.27,57,Female,NY,Northeast,USA,New York,0
144,508,2024-11-11,276.58,30,Male,CA,West,USA,Los Angeles,0
145,15,2023-03-02,12.67,55,Male,ENG,England,UK,London,0
146,420,2024-03-25,167.05,44,Female,NSW,NSW,Australia,Sydney,0
147,496,2024-07-26,300.89,39,Male,WA,West,USA,Seattle,0
148,979,2024-05-27,409.03,36,Female,NY,Northeast,USA,New York,0
149,193,2024-06-15,231.84,49,Male,NY,Northeast,USA,New York,0
150,243,2024-11-05,113.41,22,Female,CA,West,USA,Los Angeles,0
151,580,2024-01-12,44.7,23,Male,CA,West,USA,Los Angeles,0
152,156,2023-10-20,381.81,52,Male,TX,South,USA,Houston,1
153,59,2024-02-05,211.53,56,Female,FL,Southeast,USA,Miami,0
154,493,2024-11-05,366.33,57,Female,NY,Northeast,USA,New York,1
155,240,2023-03-28,125.78,50,Male,WA,West,USA,Seattle,0
156,678,2024-10-01,425.37,22,Male,ON,Ontario,Canada,Toronto,0
157,93,2023-08-17,189.47,61,Male,NSW,NSW,Australia,Sydney,0
158,22,2023-06-05,37.8,37,Male,TX,South,USA,Houston,0
159,223,2022-04-01,260.01,54,Male,IL,Midwest,USA,Chicago,1
160,857,2022-01-18,368.41,30,Female,TX,South,USA,Houston,0
161,553,2024-05-06,522.95,61,Male,TX,South,USA,Houston,0
162,284,2023-03-21,514.86,43,Female,CA,West,USA,Los Angeles,0
163,597,2023-03-24,247.66,48,Male,CA,West,USA,Los Angeles,0
164,646,2023-10-15,328.41,35,Male,BY,Bavaria,Germany,Munich,0
165,443,2023-04-05,300.02,24,Male,TX,South,USA,Houston,0
166,174,2024-04-27,304.01,55,Female,CA,West,USA,Los Angeles,0
167,370,2024-05-11,74.06,58,Male,ON,Ontario,Canada,Toronto,0
168,872,2022-07-22,338.72,28,Female,NY,Northeast,USA,New York,0
169,702,2024-07-06,540.94,50,Female,BY,Bavaria,Germany,Munich,0
170,359,2023-09-05,76.46,22,Male,NY,Northeast,USA,New York,0
171,899,2024-08-19,182.35,21,Female,CA,West,USA,Los Angeles,0
172,187,2023-07-06,50.62,26,Male,TX,South,USA,Houston,0
173,167,2023-06-15,219.81,34,Female,ON,Ontario,Canada,Toronto,0
174,20,2023-04-17,260.78,41,Female,CA,West,USA,Los Angeles,0
175,92,2024-09-04,207.68,59,Male,CA,West,USA,Los Angeles,0
176,309,2023-05-10,258.14,34,Female,TX,South,USA,Houston,0
177,55,2023-11-06,427.66,43,Male,NY,Northeast,USA,New York,0
178,380,2024-08-01,128.6,31,Female,FL,Southeast,USA,Miami,0
179,70,2024-09-27,427.17,42,Female,TX,South,USA,Houston,1
180,36,2023-07-01,422.63,21,Male,TX,South,USA,Houston,0
181,583,2024-12-24,330.13,23,Female,IL,Midwest,USA,Chicago,0
182,556,2024-06-12,184.25,44,Female,TX,South,USA,Houston,0
183,795,2022-06-08,468.89,40,Male,NY,Northeast,USA,New York,0
184,455,2024-11-15,210.91,49,Female,BY,Bavaria,Germany,Munich,0
185,865,2023-08-26,36.53,61,Female,IL,Midwest,USA,Chicago,0
186,494,2024-06-19,85.89,49,Male,CA,West,USA,Los Angeles,1
187,272,2023-04-03,473.69,19,Female,WA,West,USA,Seattle,1
188,134,2024-04-22,93.51,47,Male,IL,Midwest,USA,Chicago,0
189,491,2023-11-22,242.98,66,Female,CA,West,USA,Los Angeles,0
190,384,2023-04-28,370.01,30,Female,IL,Midwest,USA,Chicago,0
191,514,2024-01-06,326.02,60,Other,TX,South,USA,Houston,0
192,968,2023-01-24,349.96,34,Male,FL,Southeast,USA,Miami,0
193,53,2024-12-11,202.63,36,Male,NY,Northeast,USA,New York,0
194,358,2024-08-10,374.64,64,Female,NY,Northeast,USA,New York,0
195,137,2024-07-18,16.19,49,Female,TX,South,USA,Houston,0
196,793,2022-12-15,138.99,55,Female,FL,Southeast,USA,Miami,0
197,538,2024-05-07,79.03,24,Male,CA,West,USA,Los Angeles,0
198,125,2022-10-07,233.08,62,Other,NY,Northeast,USA,New York,0
199,797,2023-10-19,86.34,68,Male,IL,Midwest,USA,Chicago,0
200,123,2024-07-28,311.6,52,Other,ON,Ontario,Canada,Toronto,0
201,772,2024-10-07,110.35,69,Male,FL,Southeast,USA,Miami,0
202,999,2023-12-15,225.77,68,Male,ON,Ontario,Canada,Toronto,0
203,513,2023-03-09,49.15,61,Female,CA,West,USA,Los Angeles,0
204,649,2024-01-07,252.66,67,Female,WA,West,USA,Seattle,0
205,24,2024-11-23,454.62,66,Female,WA,West,USA,Seattle,0
206,665,2023-06-21,175.2,49,Male,ENG,England,UK,London,0
207,152,2024-08-14,398.83,32,Female,NY,Northeast,USA,New York,0
208,426,2022-04-14,218.73,28,Male,CA,West,USA,Los Angeles,1
209,515,2022-11-12,124.76,67,Male,TX,South,USA,Houston,0
210,762,2024-10-28,177.75,46,Male,MH,Maharashtra,India,Mumbai,0
211,784,2024-12-27,177.25,24,Female,IL,Midwest,USA,Chicago,0
212,929,2023-07-03,396.19,39,Female,FL,Southeast,USA,Miami,0
213,753,2023-12-23,114.97,22,Male,NY,Northeast,USA,New York,0
214,83,2022-07-10,489.11,26,Male,TX,South,USA,Houston,0
215,685,2024-08-19,388.49,26,Male,TX,South,USA,Houston,0
216,173,2022-09-27,206.57,58,Other,WA,West,USA,Seattle,0
217,948,2023-07-12,528.96,24,Female,TX,South,USA,Houston,1
218,867,2024-08-13,129.83,60,Male,NY,Northeast,USA,New York,1
219,310,2022-04-18,383.83,23,Other,CA,West,USA,Los Angeles,1
220,80,2023-05-09,151.32,52,Male,ENG,England,UK,London,0
221,905,2023-09-08,292.93,41,Male,ON,Ontario,Canada,Toronto,0
222,360,2024-01-17,41.07,56,Female,NY,Northeast,USA,New York,0
223,851,2023-09-06,450.25,68,Female,CA,West,USA,Los Angeles,0
224,84,2023-05-19,200.78,61,Male,NY,Northeast,USA,New York,1
225,254,2022-04-07,296.4,35,Female,ON,Ontario,Canada,Toronto,0
226,408,2024-09-03,520.09,25,Male,CA,West,USA,Los Angeles,0
227,128,2024-04-03,27.8,57,Male,CA,West,USA,Los Angeles,0
228,448,2022-12-08,484.33,67,Female,BY,Bavaria,Germany,Munich,0
229,925,2023-12-03,283.38,30,Male,BY,Bavaria,Germany,Munich,0
230,181,2024-07-09,439.67,66,Male,IL,Midwest,USA,Chicago,0
231,420,2022-06-12,241.79,44,Female,NSW,NSW,Australia,Sydney,0
232,82,2023-02-07,434.38,40,Female,NY,Northeast,USA,New York,1
233,659,2023-10-15,467.96,21,Male,TX,South,USA,Houston,0
234,418,2023-03-11,208.84,24,Male,IL,Midwest,USA,Chicago,0
235,510,2023-12-03,385.94,30,Female,IL,Midwest,USA,Chicago,0
236,515,2023-12-10,529.28,67,Male,TX,South,USA,Houston,0
237,658,2022-02-01,380.99,50,Male,NY,Northeast,USA,New York,0
238,738,2023-09-21,507.6,35,Male,NY,Northeast,USA,New York,0
239,969,2024-07-13,415.46,65,Female,FL,Southeast,USA,Miami,0
240,726,2024-08-17,192.24,24,Female,NY,Northeast,USA,New York,1
241,846,2022-03-04,415.3,18,Female,CA,West,USA,Los Angeles,0
242,70,2024-10-13,376.89,42,Female,TX,South,USA,Houston,1
243,123,2022-03-23,26.2,52,Other,ON,Ontario,Canada,Toronto,0
244,438,2024-11-06,105.83,66,Male,FL,Southeast,USA,Miami,0
245,139,2023-07-28,146.31,36,Female,NY,Northeast,USA,New York,0
246,844,2024-09-12,419.27,19,Female,NY,Northeast,USA,New York,1
247,859,2022-12-04,400.6,52,Female,MH,Maharashtra,India,Mumbai,0
248,597,2022-10-06,415.17,48,Male,CA,West,USA,Los Angeles,0
249,488,2023-08-13,45.51,45,Male,IL,Midwest,USA,Chicago,1
250,855,2022-06-27,45.36,32,Female,TX,South,USA,Houston,0
251,568,2022-07-14,156.73,30,Female,MH,Maharashtra,India,Mumbai,0
252,951,2024-05-05,385.07,22,Female,IL,Midwest,USA,Chicago,0
253,806,2024-12-11,473.39,58,Female,NY,Northeast,USA,New York,0
254,335,2022-04-25,435.99,41,Female,CA,West,USA,Los Angeles,1
255,647,2024-06-28,125.08,41,Female,CA,West,USA,Los Angeles,0
256,133,2024-10-18,432.36,22,Male,FL,Southeast,USA,Miami,1
257,47,2024-05-25,362.86,41,Male,NY,Northeast,USA,New York,0
258,84,2024-11-23,519.79,61,Male,NY,Northeast,USA,New York,1
259,987,2024-04-12,435.35,50,Other,WA,West,USA,Seattle,0
260,127,2023-01-25,285.17,22,Female,NY,Northeast,USA,New York,0
261,207,2024-08-03,441.02,57,Female,CA,West,USA,Los Angeles,0
262,683,2024-07-23,180.38,67,Male,ON,Ontario,Canada,Toronto,0
263,174,2022-12-17,395.21,55,Female,CA,West,USA,Los Angeles,0
264,120,2023-06-17,416.34,23,Male,CA,West,USA,Los Angeles,1
265,696,2022-03-27,429.05,31,Male,ON,Ontario,Canada,Toronto,0
266,953,2024-05-08,144.23,49,Female,FL,Southeast,USA,Miami,0
267,129,2023-06-06,451.57,47,Female,CA,West,USA,Los Angeles,0
268,659,2024-08-19,103.97,21,Male,TX,South,USA,Houston,0
269,535,2024-04-21,434.82,48,Male,CA,West,USA,Los Angeles,0
270,956,2024-08-01,521.54,49,Male,TX,South,USA,Houston,0
271,955,2022-12-14,27.54,58,Male,FL,Southeast,USA,Miami,0
272,564,2024-06-11,354.76,27,Female,CA,West,USA,Los Angeles,0
273,886,2024-09-23,373.18,56,Male,WA,West,USA,Seattle,1
274,203,2022-04-25,409.42,43,Male,NY,Northeast,USA,New York,0
275,592,2024-11-04,67.63,64,Female,ENG,England,UK,London,0
276,169,2023-04-17,482.96,35,Male,CA,West,USA,Los Angeles,0
277,25,2024-08-21,556.59,58,Male,IL,Midwest,USA,Chicago,0
278,768,2023-05-08,359.69,42,Other,TX,South,USA,Houston,0
279,566,2023-01-27,233.91,30,Other,BY,Bavaria,Germany,Munich,0
280,1,2022-05-25,321.16,22,Female,IL,Midwest,USA,Chicago,0
281,808,2022-04-05,36.81,23,Female,TX,South,USA,Houston,0
282,876,2022-11-01,378.99,44,Male,CA,West,USA,Los Angeles,0
283,399,2024-04-17,49.6,32,Male,CA,West,USA,Los Angeles,0
284,30,2023-12-25,178.15,41,Male,NY,Northeast,USA,New York,0
285,296,2022-07-20,78.31,45,Male,NY,Northeast,USA,New York,0
286,605,2024-04-22,409.65,60,Male,FL,Southeast,USA,Miami,1
287,54,2024-06-21,337.42,42,Female,NY,Northeast,USA,New York,0
288,389,2023-03-05,373.77,64,Male,ENG,England,UK,London,0
289,220,2024-11-02,46.63,64,Other,ON,Ontario,Canada,Toronto,0
290,612,2023-02-02,202.99,42,Male,TX,South,USA,Houston,0
291,207,2024-11-28,234.11,57,Female,CA,West,USA,Los Angeles,0
292,783,2022-01-27,305.18,24,Male,NY,Northeast,USA,New York,0
293,304,2024-05-24,67.36,64,Female,IL,Midwest,USA,Chicago,0
294,112,2024-03-02,366.4,58,Female,WA,West,USA,Seattle,0
295,272,2024-09-25,227.81,19,Female,WA,West,USA,Seattle,1
296,947,2024-07-28,508.37,68,Female,CA,West,USA,Los Angeles,0
297,798,2024-12-22,258.06,41,Male,CA,West,USA,Los Angeles,0
298,596,2023-06-12,63.62,59,Male,NY,Northeast,USA,New York,0
299,208,2024-01-03,67.95,68,Female,TX,South,USA,Houston,0
300,382,2024-10-10,150.76,66,Female,FL,Southeast,USA,Miami,0
301,467,2024-08-06,142.81,26,Other,IL,Midwest,USA,Chicago,0
302,980,2023-11-19,424.4,47,Female,NSW,NSW,Australia,Sydney,0
303,325,2022-06-25,363.97,68,Female,IL,Midwest,USA,Chicago,0
304,812,2024-10-14,53.28,63,Female,CA,West,USA,Los Angeles,0
305,286,2022-03-02,427.2,66,Male,ON,Ontario,Canada,Toronto,0
306,163,2023-12-11,60.53,39,Male,WA,West,USA,Seattle,0
307,772,2023-03-23,418.66,69,Male,FL,Southeast,USA,Miami,0
308,89,2024-11-18,72.46,57,Male,NY,Northeast,USA,New York,0
309,768,2022-04-02,194.42,42,Other,TX,South,USA,Houston,0
310,923,2022-10-10,377.96,41,Female,WA,West,USA,Seattle,0
311,148,2022-11-10,134.28,30,Female,WA,West,USA,Seattle,0
312,585,2024-11-01,73.4,39,Other,IL,Midwest,USA,Chicago,0
313,166,2024-07-10,443.21,60,Female,ENG,England,UK,London,0
314,464,2022-06-24,348.58,39,Male,CA,West,USA,Los Angeles,0
315,463,2022-11-04,446.72,56,Male,FL,Southeast,USA,Miami,0
316,78,2023-08-15,343.82,29,Female,ON,Ontario,Canada,Toronto,0
317,186,2023-08-19,49.01,41,Male,NY,Northeast,USA,New York,0
318,542,2024-04-20,361.68,20,Female,WA,West,USA,Seattle,0
319,840,2023-06-10,437.81,65,Male,CA,West,USA,Los Angeles,0
320,272,2024-06-17,57.12,19,Female,WA,West,USA,Seattle,1
321,840,2023-09-21,81.08,65,Male,CA,West,USA,Los Angeles,0
322,194,2024-03-18,383.05,36,Male,IL,Midwest,USA,Chicago,0
323,25,2022-06-24,397.75,58,Male,IL,Midwest,USA,Chicago,0
324,392,2024-11-07,205.01,27,Other,WA,West,USA,Seattle,0
325,3,2024-08-04,414.71,52,Female,NY,Northeast,USA,New York,0
326,36,2024-12-27,103.05,21,Male,TX,South,USA,Houston,0
327,305,2023-04-21,241.22,46,Male,IL,Midwest,USA,Chicago,0
328,598,2022-06-13,376.51,58,Female,TX,South,USA,Houston,0
329,963,2024-07-16,120.4,61,Male,CA,West,USA,Los Angeles,0
330,622,2024-06-26,202.67,42,Male,CA,West,USA,Los Angeles,0
331,674,2022-09-25,318.24,22,Female,CA,West,USA,Los Angeles,1
332,695,2023-03-23,190.31,22,Female,FL,Southeast,USA,Miami,1
333,524,2023-07-17,464.64,60,Female,NY,Northeast,USA,New York,0
334,23,2024-03-21,536.25,27,Male,ENG,England,UK,London,0
335,342,2024-08-17,363.69,33,Female,FL,Southeast,USA,Miami,0
336,176,2024-11-13,440.58,42,Male,BY,Bavaria,Germany,Munich,1
337,561,2024-01-19,508.8,45,Other,NSW,NSW,Australia,Sydney,0
338,773,2023-07-01,375.15,18,Male,WA,West,USA,Seattle,0
339,426,2023-07-24,412.26,28,Male,CA,West,USA,Los Angeles,1
340,575,2022-10-09,49.31,18,Female,NY,Northeast,USA,New York,0
341,639,2024-02-16,463.28,59,Male,WA,West,USA,Seattle,0
342,10,2023-06-19,153.21,22,Male,IL,Midwest,USA,Chicago,0
343,750,2023-10-10,47.38,26,Female,NY,Northeast,USA,New York,0
344,731,2023-07-10,316.77,55,Male,NY,Northeast,USA,New York,0
345,966,2022-10-05,121.13,48,Female,IL,Midwest,USA,Chicago,0
346,417,2024-05-03,55.02,68,Male,IL,Midwest,USA,Chicago,0
347,972,2022-12-25,308.69,39,Male,ENG,England,UK,London,0
348,264,2022-02-15,58.29,66,Male,CA,West,USA,Los Angeles,1
349,407,2024-02-20,498.11,40,Female,TX,South,USA,Houston,0
350,755,2023-07-05,514.04,46,Male,NSW,NSW,Australia,Sydney,0
351,498,2023-07-24,394.02,37,Male,NY,Northeast,USA,New York,0
352,361,2023-09-09,160.01,61,Female,FL,Southeast,USA,Miami,0
353,577,2024-04-13,319.92,66,Female,MH,Maharashtra,India,Mumbai,0
354,454,2023-04-15,26.9,19,Male,MH,Maharashtra,India,Mumbai,0
355,95,2024-10-21,352.22,64,Male,ON,Ontario,Canada,Toronto,0
356,861,2024-05-04,156.0,68,Female,ON,Ontario,Canada,Toronto,0
357,762,2024-10-26,260.92,46,Male,MH,Maharashtra,India,Mumbai,0
358,150,2023-09-04,103.5,21,Male,ON,Ontario,Canada,Toronto,0
359,216,2024-02-18,552.62,32,Male,WA,West,USA,Seattle,0
360,566,2023-10-06,118.34,30,Other,BY,Bavaria,Germany,Munich,0
361,451,2023-11-26,227.16,67,Female,NSW,NSW,Australia,Sydney,0
362,104,2023-11-17,142.84,18,Female,ON,Ontario,Canada,Toronto,0
363,359,2023-01-27,291.9,22,Male,NY,Northeast,USA,New York,0
364,978,2022-07-27,453.62,47,Other,CA,West,USA,Los Angeles,0
365,284,2023-12-08,95.46,43,Female,CA,West,USA,Los Angeles,0
366,312,2022-08-07,79.0,52,Male,TX,South,USA,Houston,0
367,820,2023-05-04,49.07,69,Female,BY,Bavaria,Germany,Munich,0
368,911,2023-03-21,316.71,58,Female,IL,Midwest,USA,Chicago,1
369,189,2024-09-01,341.62,30,Female,FL,Southeast,USA,Miami,0
370,368,2022-10-06,412.48,34,Female,CA,West,USA,Los Angeles,0
371,846,2024-12-26,469.98,18,Female,CA,West,USA,Los Angeles,0
372,847,2023-12-18,63.55,26,Male,ENG,England,UK,London,0
373,403,2022-05-13,456.16,34,Male,ON,Ontario,Canada,Toronto,0
374,765,2023-08-04,441.38,36,Female,FL,Southeast,USA,Miami,0
375,306,2022-02-24,327.15,25,Male,IL,Midwest,USA,Chicago,0
376,233,2022-02-24,180.06,19,Male,IL,Midwest,USA,Chicago,0
377,945,2023-02-02,397.86,24,Male,TX,South,USA,Houston,0
378,647,2023-12-21,332.98,41,Female,CA,West,USA,Los Angeles,0
379,781,2023-03-10,193.97,63,Male,TX,South,USA,Houston,0
380,234,2022-07-20,16.5,57,Male,NY,Northeast,USA,New York,0
381,20,2022-06-09,300.31,41,Female,CA,West,USA,Los Angeles,0
382,19,2022-05-01,292.48,61,Male,CA,West,USA,Los Angeles,0
383,697,2023-07-22,90.89,55,Male,CA,West,USA,Los Angeles,0
384,301,2023-01-24,481.35,36,Female,FL,Southeast,USA,Miami,0
385,518,2023-06-20,93.33,21,Female,CA,West,USA,Los Angeles,0
386,711,2022-07-05,150.68,53,Female,MH,Maharashtra,India,Mumbai,0
387,768,2022-11-13,192.27,42,Other,TX,South,USA,Houston,0
388,179,2024-09-15,386.01,64,Male,ENG,England,UK,London,0
389,575,2022-11-23,50.0,18,Female,NY,Northeast,USA,New York,0
390,628,2022-06-22,354.16,37,Female,NY,Northeast,USA,New York,0
391,568,2022-03-25,213.09,30,Female,MH,Maharashtra,India,Mumbai,0
392,765,2024-06-18,111.6,36,Female,FL,Southeast,USA,Miami,0
393,360,2024-12-27,72.71,56,Female,NY,Northeast,USA,New York,0
394,311,2024-04-23,237.49,52,Male,NY,Northeast,USA,New York,0
395,319,2024-03-06,255.96,66,Female,TX,South,USA,Houston,0
396,103,2022-12-20,77.28,59,Female,IL,Midwest,USA,Chicago,0
397,43,2024-12-03,275.98,54,Female,NY,Northeast,USA,New York,0
398,597,2022-03-22,256.19,48,Male,CA,West,USA,Los Angeles,0
399,998,2024-10-07,549.58,36,Female,CA,West,USA,Los Angeles,1
400,132,2023-06-09,381.09,46,Female,ENG,England,UK,London,0
401,252,2023-07-17,16.92,43,Male,CA,West,USA,Los Angeles,0
402,3,2024-07-11,272.91,52,Female,NY,Northeast,USA,New York,0
403,244,2022-12-19,20.58,51,Male,NSW,NSW,Australia,Sydney,0
404,131,2024-03-15,291.75,47,Female,TX,South,USA,Houston,1
405,997,2023-10-18,186.12,45,Female,FL,Southeast,USA,Miami,0
406,267,2024-01-17,507.04,41,Male,MH,Maharashtra,India,Mumbai,0
407,933,2024-08-06,281.92,31,Male,FL,Southeast,USA,Miami,0
408,678,2022-09-20,426.45,22,Male,ON,Ontario,Canada,Toronto,0
409,309,2024-10-27,331.63,34,Female,TX,South,USA,Houston,0
410,333,2024-12-16,228.81,34,Male,TX,South,USA,Houston,0
411,94,2024-10-18,137.26,38,Female,TX,South,USA,Houston,0
412,919,2022-10-20,99.75,31,Female,CA,West,USA,Los Angeles,0
413,804,2023-04-03,423.29,65,Male,TX,South,USA,Houston,0
414,743,2024-12-05,495.78,50,Male,NY,Northeast,USA,New York,0
415,22,2023-07-16,178.93,37,Male,TX,South,USA,Houston,0
416,988,2022-06-12,252.36,34,Female,ON,Ontario,Canada,Toronto,0
417,248,2023-07-20,159.93,39,Male,TX,South,USA,Houston,0
418,666,2024-06-26,261.07,54,Female,NY,Northeast,USA,New York,0
419,574,2022-08-22,436.05,20,Female,ENG,England,UK,London,0
420,22,2024-05-07,86.92,37,Male,TX,South,USA,Houston,0
421,396,2024-04-09,171.17,63,Female,CA,West,USA,Los Angeles,0
422,149,2022-12-05,350.68,60,Female,BY,Bavaria,Germany,Munich,1
423,172,2022-12-03,162.21,22,Female,FL,Southeast,USA,Miami,0
424,270,2024-07-21,55.74,48,Female,ON,Ontario,Canada,Toronto,0
425,6,2022-12-20,193.46,62,Female,TX,South,USA,Houston,0
426,704,2024-06-06,382.4,26,Female,CA,West,USA,Los Angeles,0
427,744,2024-06-20,551.22,32,Male,NY,Northeast,USA,New York,0
428,646,2024-12-13,500.81,35,Male,BY,Bavaria,Germany,Munich,0
429,457,2023-09-25,302.44,25,Female,FL,Southeast,USA,Miami,0
430,206,2024-10-20,437.8,31,Female,MH,Maharashtra,India,Mumbai,0
431,616,2024-06-08,324.78,51,Male,BY,Bavaria,Germany,Munich,0
432,699,2022-06-14,252.01,20,Male,NY,Northeast,USA,New York,0
433,214,2023-02-07,99.23,41,Female,ENG,England,UK,London,0
434,280,2024-12-26,171.54,22,Female,TX,South,USA,Houston,0
435,858,2024-04-15,259.32,20,Female,TX,South,USA,Houston,0
436,669,2023-07-25,522.52,65,Female,NY,Northeast,USA,New York,0
437,494,2023-02-15,326.69,49,Male,CA,West,USA,Los Angeles,1
438,311,2022-09-15,472.99,52,Male,NY,Northeast,USA,New York,0
439,220,2023-06-06,144.96,64,Other,ON,Ontario,Canada,Toronto,0
440,211,2022-10-27,43.8,31,Other,WA,West,USA,Seattle,0
441,887,2024-07-19,548.13,20,Female,MH,Maharashtra,India,Mumbai,1
442,495,2022-02-09,171.52,33,Female,TX,South,USA,Houston,0
443,562,2024-01-24,304.98,20,Female,NY,Northeast,USA,New York,0
444,981,2022-04-07,44.86,48,Male,TX,South,USA,Houston,0
445,696,2023-10-03,457.49,31,Male,ON,Ontario,Canada,Toronto,0
446,647,2023-11-19,10.95,41,Female,CA,West,USA,Los Angeles,0
447,226,2023-05-21,481.18,33,Male,CA,West,USA,Los Angeles,0
448,352,2024-07-17,101.96,20,Male,BY,Bavaria,Germany,Munich,1
449,66,2024-04-20,111.89,34,Female,TX,South,USA,Houston,0
450,519,2024-11-08,464.4,42,Male,FL,Southeast,USA,Miami,0
451,274,2022-12-08,199.25,67,Female,ENG,England,UK,London,0
452,439,2024-10-11,151.7,22,Female,NY,Northeast,USA,New York,0
453,425,2022-02-06,302.26,39,Male,NY,Northeast,USA,New York,0
454,32,2024-06-07,150.82,29,Female,CA,West,USA,Los Angeles,0
455,504,2023-12-02,159.43,63,Male,IL,Midwest,USA,Chicago,0
456,675,2023-04-07,34.26,50,Female,NY,Northeast,USA,New York,0
457,804,2022-09-16,274.31,65,Male,TX,South,USA,Houston,0
458,206,2022-12-11,73.42,31,Female,MH,Maharashtra,India,Mumbai,0
459,395,2023-10-13,445.4,55,Female,NY,Northeast,USA,New York,0
460,535,2024-08-26,423.36,48,Male,CA,West,USA,Los Angeles,0
461,828,2024-07-01,167.86,64,Female,CA,West,USA,Los Angeles,0
462,71,2024-12-24,304.14,59,Male,TX,South,USA,Houston,0
463,494,2022-06-01,292.91,49,Male,CA,West,USA,Los Angeles,1
464,791,2024-12-15,376.95,22,Female,MH,Maharashtra,India,Mumbai,1
465,42,2023-06-04,228.19,57,Female,NY,Northeast,USA,New York,0
466,18,2023-10-14,349.53,24,Female,NSW,NSW,Australia,Sydney,1
467,88,2023-12-26,98.58,34,Male,FL,Southeast,USA,Miami,0
468,322,2023-08-01,255.25,23,Female,TX,South,USA,Houston,0
469,118,2024-05-15,62.79,25,Male,FL,Southeast,USA,Miami,0
470,384,2022-01-13,471.12,30,Female,IL,Midwest,USA,Chicago,0
471,299,2023-11-13,219.09,32,Female,FL,Southeast,USA,Miami,0
472,773,2024-08-18,350.05,18,Male,WA,West,USA,Seattle,0
473,378,2022-04-10,250.01,56,Male,NY,Northeast,USA,New York,0
474,974,2024-11-22,25.92,42,Female,TX,South,USA,Houston,0
475,157,2023-12-07,43.17,24,Female,NY,Northeast,USA,New York,0
476,192,2024-11-10,156.39,50,Female,BY,Bavaria,Germany,Munich,0
477,802,2024-08-14,381.6,33,Female,WA,West,USA,Seattle,0
478,140,2024-12-26,363.22,40,Female,IL,Midwest,USA,Chicago,0
479,376,2024-11-15,114.34,22,Female,WA,West,USA,Seattle,0
480,622,2024-02-24,279.35,42,Male,CA,West,USA,Los Angeles,0
481,893,2024-12-04,212.64,45,Male,NY,Northeast,USA,New York,1
482,218,2023-08-03,305.9,23,Male,FL,Southeast,USA,Miami,1
483,277,2022-12-15,174.0,42,Female,IL,Midwest,USA,Chicago,0
484,25,2024-10-26,503.03,58,Male,IL,Midwest,USA,Chicago,0
485,406,2022-09-07,241.49,44,Female,TX,South,USA,Houston,0
486,232,2023-05-07,232.16,62,Male,CA,West,USA,Los Angeles,0
487,291,2022-01-05,354.63,59,Male,WA,West,USA,Seattle,0
488,235,2023-04-26,416.09,43,Male,ENG,England,UK,London,0
489,997,2022-09-03,224.4,45,Female,FL,Southeast,USA,Miami,0
490,552,2024-11-18,71.0,38,Male,CA,West,USA,Los Angeles,0
491,501,2024-01-11,57.9,23,Male,ON,Ontario,Canada,Toronto,0
492,451,2024-03-12,190.59,67,Female,NSW,NSW,Australia,Sydney,0
493,587,2023-09-20,391.1,53,Female,NY,Northeast,USA,New York,1
494,334,2023-04-13,350.1,61,Female,CA,West,USA,Los Angeles,0
495,151,2023-03-01,160.05,62,Male,NY,Northeast,USA,New York,0
496,290,2023-02-16,12.88,42,Female,CA,West,USA,Los Angeles,0
497,321,2024-09-01,363.9,34,Male,BY,Bavaria,Germany,Munich,0
498,268,2022-08-24,286.56,36,Male,CA,West,USA,Los Angeles,0
499,147,2024-11-27,435.14,19,Male,NY,Northeast,USA,New York,0
500,862,2022-05-24,346.22,66,Male,CA,West,USA,Los Angeles,0
501,433,2024-03-12,146.7,60,Male,WA,West,USA,Seattle,0
502,461,2024-11-12,413.42,55,Female,FL,Southeast,USA,Miami,0
503,891,2023-12-17,263.23,23,Female,FL,Southeast,USA,Miami,0
504,855,2024-05-24,326.64,32,Female,TX,South,USA,Houston,0
505,247,2022-11-22,184.93,57,Male,IL,Midwest,USA,Chicago,0
506,996,2024-10-14,445.08,50,Female,TX,South,USA,Houston,0
507,422,2024-12-23,118.81,54,Female,NY,Northeast,USA,New York,0
508,496,2022-06-12,110.22,39,Male,WA,West,USA,Seattle,0
509,934,2022-02-22,126.34,51,Male,NY,Northeast,USA,New York,0
510,929,2024-02-07,444.51,39,Female,FL,Southeast,USA,Miami,0
511,939,2023-10-13,388.78,42,Female,TX,South,USA,Houston,0
512,175,2024-11-24,159.15,54,Female,WA,West,USA,Seattle,0
513,79,2024-07-07,90.16,47,Female,MH,Maharashtra,India,Mumbai,0
514,310,2024-01-18,26.67,23,Other,CA,West,USA,Los Angeles,1
515,284,2023-01-08,365.78,43,Female,CA,West,USA,Los Angeles,0
516,659,2024-08-13,306.93,21,Male,TX,South,USA,Houston,0
517,161,2024-12-10,396.63,69,Male,CA,West,USA,Los Angeles,0
518,239,2022-06-19,357.04,34,Male,TX,South,USA,Houston,0
519,799,2023-09-22,449.38,34,Female,CA,West,USA,Los Angeles,0
520,592,2023-08-25,226.65,64,Female,ENG,England,UK,London,0
521,795,2023-11-10,440.29,40,Male,NY,Northeast,USA,New York,0
522,899,2024-11-06,250.35,21,Female,CA,West,USA,Los Angeles,0
523,937,2023-03-27,378.24,26,Male,FL,Southeast,USA,Miami,0
524,974,2024-09-11,313.67,42,Female,TX,South,USA,Houston,0
525,674,2023-11-19,489.19,22,Female,CA,West,USA,Los Angeles,1
526,535,2022-12-11,191.36,48,Male,CA,West,USA,Los Angeles,0
527,643,2023-08-24,368.9,62,Female,WA,West,USA,Seattle,0
528,737,2024-03-03,339.43,55,Male,CA,West,USA,Los Angeles,1
529,873,2024-08-02,559.28,23,Male,NY,Northeast,USA,New York,0
530,604,2023-09-10,50.73,24,Female,BY,Bavaria,Germany,Munich,0
531,583,2024-04-12,339.44,23,Female,IL,Midwest,USA,Chicago,0
532,420,2022-12-22,123.9,44,Female,NSW,NSW,Australia,Sydney,0
533,814,2023-04-14,469.85,32,Male,CA,West,USA,Los Angeles,0
534,357,2022-12-08,399.3,25,Female,NY,Northeast,USA,New York,0
535,343,2024-06-03,374.42,50,Female,CA,West,USA,Los Angeles,0
536,615,2024-01-23,274.82,53,Other,CA,West,USA,Los Angeles,0
537,633,2024-08-15,385.09,40,Male,MH,Maharashtra,India,Mumbai,0
538,346,2022-08-27,281.63,31,Female,FL,Southeast,USA,Miami,0
539,12,2022-11-10,150.78,68,Female,CA,West,USA,Los Angeles,0
540,750,2024-08-07,460.9,26,Female,NY,Northeast,USA,New York,0
541,89,2023-02-08,276.83,57,Male,NY,Northeast,USA,New York,0
542,127,2024-12-12,152.31,22,Female,NY,Northeast,USA,New York,0
543,110,2024-08-04,375.8,54,Male,TX,South,USA,Houston,1
544,719,2023-04-04,20.28,30,Female,NSW,NSW,Australia,Sydney,0
545,753,2024-12-23,406.39,22,Male,NY,Northeast,USA,New York,0
546,512,2024-02-20,269.32,56,Female,NY,Northeast,USA,New York,0
547,93,2023-02-15,340.06,61,Male,NSW,NSW,Australia,Sydney,0
548,82,2024-07-14,97.48,40,Female,NY,Northeast,USA,New York,1
549,562,2024-08-14,405.38,20,Female,NY,Northeast,USA,New York,0
550,840,2023-07-17,386.27,65,Male,CA,West,USA,Los Angeles,0
551,708,2024-12-09,418.18,47,Female,TX,South,USA,Houston,0
552,550,2022-04-22,238.93,53,Male,NY,Northeast,USA,New York,0
553,504,2024-12-01,362.71,63,Male,IL,Midwest,USA,Chicago,0
554,735,2024-01-22,312.63,28,Male,IL,Midwest,USA,Chicago,0
555,212,2024-02-23,139.11,55,Female,NY,Northeast,USA,New York,0
556,124,2023-03-15,22.56,42,Female,CA,West,USA,Los Angeles,0
557,356,2024-02-09,238.17,69,Female,MH,Maharashtra,India,Mumbai,0
558,156,2022-06-25,409.31,52,Male,TX,South,USA,Houston,1
559,270,2022-11-23,167.9,48,Female,ON,Ontario,Canada,Toronto,0
560,879,2023-11-27,399.63,46,Female,CA,West,USA,Los Angeles,0
561,481,2024-10-01,362.25,32,Other,ENG,England,UK,London,0
562,467,2023-01-18,194.09,26,Other,IL,Midwest,USA,Chicago,0
563,750,2023-11-01,10.9,26,Female,NY,Northeast,USA,New York,0
564,296,2024-06-02,247.74,45,Male,NY,Northeast,USA,New York,0
565,708,2023-10-02,214.65,47,Female,TX,South,USA,Houston,0
566,519,2023-10-22,82.66,42,Male,FL,Southeast,USA,Miami,0
567,573,2023-03-21,435.85,32,Male,NY,Northeast,USA,New York,0
568,372,2022-07-25,478.19,52,Male,TX,South,USA,Houston,0
569,931,2024-12-18,77.74,45,Female,ON,Ontario,Canada,Toronto,0
570,974,2023-04-16,130.55,42,Female,TX,South,USA,Houston,0
571,125,2022-10-06,319.92,62,Other,NY,Northeast,USA,New York,0
572,197,2024-12-20,533.03,35,Female,CA,West,USA,Los Angeles,0
573,749,2024-05-26,523.78,34,Female,NY,Northeast,USA,New York,0
574,531,2024-06-10,522.32,49,Female,CA,West,USA,Los Angeles,0
575,771,2024-07-20,252.75,51,Other,FL,Southeast,USA,Miami,0
576,333,2024-11-15,552.26,34,Male,TX,South,USA,Houston,0
577,647,2023-06-15,200.01,41,Female,CA,West,USA,Los Angeles,0
578,166,2024-07-23,58.78,60,Female,ENG,England,UK,London,0
579,962,2024-04-09,397.8,39,Female,IL,Midwest,USA,Chicago,0
580,682,2023-12-25,299.48,25,Male,NSW,NSW,Australia,Sydney,0
581,645,2022-11-28,401.73,58,Male,NY,Northeast,USA,New York,0
582,137,2022-08-04,314.34,49,Female,TX,South,USA,Houston,0
583,893,2024-12-15,461.57,45,Male,NY,Northeast,USA,New York,1
584,275,2024-09-01,199.93,39,Male,FL,Southeast,USA,Miami,0
585,123,2024-12-10,169.22,52,Other,ON,Ontario,Canada,Toronto,0
586,488,2023-03-11,403.91,45,Male,IL,Midwest,USA,Chicago,1
587,967,2022-04-19,253.88,49,Male,ON,Ontario,Canada,Toronto,0
588,424,2023-11-11,103.78,48,Female,NY,Northeast,USA,New York,0
589,8,2023-06-11,205.38,54,Female,TX,South,USA,Houston,0
590,911,2024-06-22,450.6,58,Female,IL,Midwest,USA,Chicago,1
591,654,2024-10-22,518.25,59,Male,WA,West,USA,Seattle,0
592,651,2024-09-01,428.46,43,Male,IL,Midwest,USA,Chicago,0
593,557,2024-05-10,405.31,56,Female,MH,Maharashtra,India,Mumbai,0
594,70,2024-06-22,456.63,42,Female,TX,South,USA,Houston,1
595,700,2023-06-03,114.76,22,Female,IL,Midwest,USA,Chicago,0
596,144,2022-02-16,293.99,39,Male,CA,West,USA,Los Angeles,1
597,208,2022-04-14,301.15,68,Female,TX,South,USA,Houston,0
598,587,2023-07-20,501.92,53,Female,NY,Northeast,USA,New York,1
599,518,2023-10-19,18.55,21,Female,CA,West,USA,Los Angeles,0
600,226,2022-06-15,485.56,33,Male,CA,West,USA,Los Angeles,0
601,67,2024-06-12,409.67,65,Female,CA,West,USA,Los Angeles,0
602,196,2022-09-23,20.99,22,Female,TX,South,USA,Houston,0
603,45,2024-03-11,295.92,21,Male,TX,South,USA,Houston,0
604,988,2024-06-13,49.5,34,Female,ON,Ontario,Canada,Toronto,0
605,79,2024-03-12,342.34,47,Female,MH,Maharashtra,India,Mumbai,0
606,710,2024-09-10,259.04,42,Male,CA,West,USA,Los Angeles,0
607,376,2023-02-18,411.8,22,Female,WA,West,USA,Seattle,0
608,303,2024-06-18,329.19,18,Female,CA,West,USA,Los Angeles,0
609,4,2022-08-26,395.33,40,Female,TX,South,USA,Houston,0
610,28,2024-11-13,213.59,60,Other,TX,South,USA,Houston,0
611,998,2023-10-22,455.67,36,Female,CA,West,USA,Los Angeles,1
612,796,2023-12-09,460.56,33,Male,CA,West,USA,Los Angeles,0
613,282,2024-09-27,370.9,43,Female,WA,West,USA,Seattle,1
614,578,2024-05-26,155.93,45,Female,CA,West,USA,Los Angeles,0
615,897,2023-04-17,525.55,44,Female,NY,Northeast,USA,New York,0
616,312,2024-01-21,459.97,52,Male,TX,South,USA,Houston,0
617,962,2022-04-17,427.31,39,Female,IL,Midwest,USA,Chicago,0
618,528,2024-03-06,17.54,25,Male,NY,Northeast,USA,New York,0
619,455,2023-06-27,439.7,49,Female,BY,Bavaria,Germany,Munich,0
620,897,2023-09-21,123.7,44,Female,NY,Northeast,USA,New York,0
621,458,2022-09-12,259.05,50,Female,CA,West,USA,Los Angeles,0
622,64,2023-05-08,376.41,68,Female,BY,Bavaria,Germany,Munich,0
623,149,2023-07-19,223.71,60,Female,BY,Bavaria,Germany,Munich,1
624,732,2023-04-13,137.14,39,Female,IL,Midwest,USA,Chicago,0
625,632,2022-07-24,255.09,35,Female,WA,West,USA,Seattle,0
626,863,2022-07-07,156.89,24,Female,TX,South,USA,Houston,0
627,197,2023-05-15,330.2,35,Female,CA,West,USA,Los Angeles,0
628,521,2022-04-04,63.76,36,Female,IL,Midwest,USA,Chicago,1
629,375,2024-12-20,235.28,64,Female,BY,Bavaria,Germany,Munich,0
630,961,2024-07-12,335.87,25,Female,ENG,England,UK,London,0
631,800,2023-08-06,525.08,41,Male,IL,Midwest,USA,Chicago,1
632,232,2024-01-16,283.11,62,Male,CA,West,USA,Los Angeles,0
633,744,2022-03-16,218.68,32,Male,NY,Northeast,USA,New York,0
634,722,2022-05-09,494.71,66,Male,TX,South,USA,Houston,0
635,391,2024-12-27,519.05,56,Male,NY,Northeast,USA,New York,0
636,425,2024-03-03,380.52,39,Male,NY,Northeast,USA,New York,0
637,237,2024-05-10,310.17,52,Male,ENG,England,UK,London,0
638,380,2022-12-07,142.74,31,Female,FL,Southeast,USA,Miami,0
639,102,2024-07-26,353.57,28,Female,CA,West,USA,Los Angeles,0
640,637,2023-05-07,443.77,30,Female,NY,Northeast,USA,New York,1
641,502,2023-09-07,520.44,51,Female,TX,South,USA,Houston,0
642,610,2022-07-17,93.78,62,Male,CA,West,USA,Los Angeles,0
643,963,2024-12-08,161.6,61,Male,CA,West,USA,Los Angeles,0
644,368,2022-02-08,443.37,34,Female,CA,West,USA,Los Angeles,0
645,127,2024-10-07,483.7,22,Female,NY,Northeast,USA,New York,0
646,376,2024-04-15,404.5,22,Female,WA,West,USA,Seattle,0
647,353,2024-11-21,68.13,33,Female,TX,South,USA,Houston,0
648,480,2024-11-14,398.79,23,Male,CA,West,USA,Los Angeles,0
649,845,2024-11-25,268.62,18,Other,IL,Midwest,USA,Chicago,0
650,993,2022-11-08,191.91,28,Female,CA,West,USA,Los Angeles,0
651,633,2022-10-24,132.84,40,Male,MH,Maharashtra,India,Mumbai,0
652,799,2024-03-21,185.71,34,Female,CA,West,USA,Los Angeles,0
653,289,2023-01-03,288.89,46,Female,ENG,England,UK,London,0
654,367,2022-05-19,89.36,42,Female,BY,Bavaria,Germany,Munich,0
655,877,2022-07-28,259.56,46,Female,ENG,England,UK,London,1
656,364,2023-05-20,35.64,64,Female,TX,South,USA,Houston,0
657,371,2022-10-08,211.21,35,Female,NY,Northeast,USA,New York,1
658,897,2022-10-13,480.41,44,Female,NY,Northeast,USA,New York,0
659,802,2024-12-25,416.75,33,Female,WA,West,USA,Seattle,0
660,780,2023-06-09,46.23,62,Female,FL,Southeast,USA,Miami,0
661,726,2024-10-14,388.68,24,Female,NY,Northeast,USA,New York,1
662,654,2024-10-17,118.83,59,Male,WA,West,USA,Seattle,0
663,551,2022-12-24,242.34,59,Female,MH,Maharashtra,India,Mumbai,0
664,715,2024-10-27,172.64,65,Male,BY,Bavaria,Germany,Munich,1
665,35,2024-04-20,523.87,64,Male,CA,West,USA,Los Angeles,0
666,57,2024-01-13,41.08,46,Male,BY,Bavaria,Germany,Munich,0
667,870,2022-12-12,441.67,20,Male,TX,South,USA,Houston,0
668,93,2022-10-19,353.68,61,Male,NSW,NSW,Australia,Sydney,0
669,650,2022-11-03,187.77,62,Female,CA,West,USA,Los Angeles,0
670,316,2024-10-13,493.95,52,Female,TX,South,USA,Houston,0
671,747,2024-10-10,234.18,45,Female,NY,Northeast,USA,New York,0
672,473,2024-10-27,394.47,40,Male,IL,Midwest,USA,Chicago,0
673,303,2024-12-24,443.58,18,Female,CA,West,USA,Los Angeles,0
674,711,2024-12-08,168.37,53,Female,MH,Maharashtra,India,Mumbai,0
675,981,2024-06-19,50.85,48,Male,TX,South,USA,Houston,0
676,783,2022-01-13,435.38,24,Male,NY,Northeast,USA,New York,0
677,229,2024-01-24,138.13,46,Female,CA,West,USA,Los Angeles,1
678,885,2023-06-14,494.58,60,Other,CA,West,USA,Los Angeles,0
679,999,2022-11-18,164.37,68,Male,ON,Ontario,Canada,Toronto,0
680,271,2023-11-21,226.1,33,Male,FL,Southeast,USA,Miami,0
681,650,2024-06-24,247.35,62,Female,CA,West,USA,Los Angeles,0
682,749,2023-05-21,253.62,34,Female,NY,Northeast,USA,New York,0
683,623,2023-07-09,510.66,26,Female,NY,Northeast,USA,New York,0
684,995,2022-11-21,130.09,45,Male,ENG,England,UK,London,0
685,253,2022-09-09,308.05,27,Male,ENG,England,UK,London,0
686,209,2022-03-21,154.12,31,Male,ENG,England,UK,London,0
687,887,2024-05-27,83.05,20,Female,MH,Maharashtra,India,Mumbai,1
688,70,2024-08-14,169.68,42,Female,TX,South,USA,Houston,1
689,32,2022-07-25,280.68,29,Female,CA,West,USA,Los Angeles,0
690,897,2023-11-05,325.87,44,Female,NY,Northeast,USA,New York,0
691,849,2022-12-12,139.22,60,Male,CA,West,USA,Los Angeles,0
692,135,2022-02-25,493.78,59,Male,MH,Maharashtra,India,Mumbai,0
693,827,2023-04-21,199.01,53,Male,CA,West,USA,Los Angeles,0
694,720,2024-06-10,467.82,49,Male,NY,Northeast,USA,New York,0
695,907,2024-05-15,30.43,39,Other,FL,Southeast,USA,Miami,0
696,388,2023-06-04,371.7,61,Male,CA,West,USA,Los Angeles,0
697,324,2023-01-23,168.22,65,Female,FL,Southeast,USA,Miami,0
698,356,2022-01-04,273.08,69,Female,MH,Maharashtra,India,Mumbai,0
699,657,2022-11-16,419.94,57,Male,CA,West,USA,Los Angeles,1
700,941,2024-02-14,408.99,53,Male,MH,Maharashtra,India,Mumbai,1
701,941,2024-11-18,208.57,53,Male,MH,Maharashtra,India,Mumbai,1
702,352,2024-05-12,413.18,20,Male,BY,Bavaria,Germany,Munich,1
703,68,2024-05-03,238.4,37,Male,CA,West,USA,Los Angeles,0
704,408,2024-02-19,46.04,25,Male,CA,West,USA,Los Angeles,0
705,448,2024-01-26,376.47,67,Female,BY,Bavaria,Germany,Munich,0
706,16,2023-05-18,497.18,58,Male,NY,Northeast,USA,New York,0
707,978,2022-11-02,50.99,47,Other,CA,West,USA,Los Angeles,0
708,184,2022-12-04,346.94,54,Female,NY,Northeast,USA,New York,0
709,579,2022-01-08,421.47,64,Female,NY,Northeast,USA,New York,0
710,362,2022-01-09,302.35,64,Female,MH,Maharashtra,India,Mumbai,1
711,714,2023-03-04,262.72,57,Male,TX,South,USA,Houston,0
712,666,2024-10-26,141.38,54,Female,NY,Northeast,USA,New York,0
713,912,2024-03-21,117.59,27,Other,MH,Maharashtra,India,Mumbai,0
714,64,2024-04-22,228.69,68,Female,BY,Bavaria,Germany,Munich,0
715,280,2022-11-27,324.23,22,Female,TX,South,USA,Houston,0
716,350,2024-11-25,183.89,26,Other,WA,West,USA,Seattle,0
717,899,2023-09-05,264.28,21,Female,CA,West,USA,Los Angeles,0
718,366,2022-03-01,303.99,44,Female,ENG,England,UK,London,0
719,511,2023-06-21,119.66,69,Female,CA,West,USA,Los Angeles,1
720,792,2023-04-26,395.68,41,Female,IL,Midwest,USA,Chicago,0
721,919,2023-09-20,337.12,31,Female,CA,West,USA,Los Angeles,0
722,275,2024-10-25,336.0,39,Male,FL,Southeast,USA,Miami,0
723,662,2024-03-18,273.59,56,Female,NY,Northeast,USA,New York,1
724,892,2024-12-13,211.41,54,Female,WA,West,USA,Seattle,0
725,269,2022-07-04,278.92,49,Male,CA,West,USA,Los Angeles,0
726,944,2024-11-19,431.43,42,Male,TX,South,USA,Houston,0
727,394,2024-01-09,398.66,49,Male,CA,West,USA,Los Angeles,0
728,222,2022-05-08,371.48,41,Male,NY,Northeast,USA,New York,0
729,797,2024-01-25,126.13,68,Male,IL,Midwest,USA,Chicago,0
730,378,2023-10-19,415.57,56,Male,NY,Northeast,USA,New York,0
731,416,2023-02-13,184.81,53,Other,CA,West,USA,Los Angeles,1
732,734,2022-05-23,124.21,58,Female,NSW,NSW,Australia,Sydney,0
733,222,2023-10-21,73.73,41,Male,NY,Northeast,USA,New York,0
734,269,2022-10-14,416.86,49,Male,CA,West,USA,Los Angeles,0
735,716,2022-09-28,315.37,59,Female,CA,West,USA,Los Angeles,1
736,827,2022-09-01,422.24,53,Male,CA,West,USA,Los Angeles,0
737,181,2024-09-14,319.3,66,Male,IL,Midwest,USA,Chicago,0
738,974,2023-09-12,457.43,42,Female,TX,South,USA,Houston,0
739,50,2023-05-04,299.68,58,Male,NY,Northeast,USA,New York,0
740,632,2023-01-21,346.05,35,Female,WA,West,USA,Seattle,0
741,420,2024-06-03,42.13,44,Female,NSW,NSW,Australia,Sydney,0
742,162,2023-01-20,358.42,52,Female,FL,Southeast,USA,Miami,1
743,783,2024-07-22,339.22,24,Male,NY,Northeast,USA,New York,0
744,2,2023-07-14,136.33,58,Female,NSW,NSW,Australia,Sydney,0
745,281,2022-03-07,65.24,32,Male,CA,West,USA,Los Angeles,1
746,410,2023-10-28,190.93,18,Male,ENG,England,UK,London,1
747,693,2023-09-20,41.86,66,Female,IL,Midwest,USA,Chicago,0
748,227,2024-08-04,340.94,60,Male,NY,Northeast,USA,New York,0
749,53,2024-12-21,310.81,36,Male,NY,Northeast,USA,New York,0
750,774,2023-05-05,487.31,55,Female,ON,Ontario,Canada,Toronto,0
751,83,2024-04-18,295.24,26,Male,TX,South,USA,Houston,0
752,470,2023-03-08,389.62,66,Male,TX,South,USA,Houston,1
753,668,2023-08-18,355.47,62,Female,TX,South,USA,Houston,0
754,633,2023-03-23,374.01,40,Male,MH,Maharashtra,India,Mumbai,0
755,106,2022-11-22,163.69,58,Female,NY,Northeast,USA,New York,0
756,607,2024-05-22,239.14,34,Male,IL,Midwest,USA,Chicago,0
757,13,2022-07-20,68.69,56,Male,FL,Southeast,USA,Miami,0
758,37,2023-07-22,348.46,62,Female,WA,West,USA,Seattle,0
759,237,2023-05-26,167.69,52,Male,ENG,England,UK,London,0
760,708,2022-10-25,278.91,47,Female,TX,South,USA,Houston,0
761,212,2022-09-22,461.55,55,Female,NY,Northeast,USA,New York,0
762,826,2024-10-13,385.98,22,Female,MH,Maharashtra,India,Mumbai,0
763,138,2022-08-09,141.16,19,Female,BY,Bavaria,Germany,Munich,0
764,472,2023-07-09,277.91,59,Male,NSW,NSW,Australia,Sydney,0
765,481,2023-06-18,323.37,32,Other,ENG,England,UK,London,0
766,583,2022-10-17,426.58,23,Female,IL,Midwest,USA,Chicago,0
767,381,2022-06-12,398.94,18,Male,TX,South,USA,Houston,0
768,144,2024-06-12,184.2,39,Male,CA,West,USA,Los Angeles,1
769,728,2024-03-21,515.9,22,Female,CA,West,USA,Los Angeles,1
770,659,2022-09-15,82.22,21,Male,TX,South,USA,Houston,0
771,657,2024-02-01,162.72,57,Male,CA,West,USA,Los Angeles,1
772,940,2024-12-04,29.78,44,Other,WA,West,USA,Seattle,0
773,887,2024-03-10,182.02,20,Female,MH,Maharashtra,India,Mumbai,1
774,712,2024-06-12,238.43,45,Female,TX,South,USA,Houston,0
775,435,2024-04-21,143.63,40,Female,IL,Midwest,USA,Chicago,0
776,15,2024-05-14,18.12,55,Male,ENG,England,UK,London,0
777,218,2023-05-12,16.06,23,Male,FL,Southeast,USA,Miami,1
778,310,2023-10-03,490.51,23,Other,CA,West,USA,Los Angeles,1
779,297,2023-03-02,392.26,62,Male,FL,Southeast,USA,Miami,1
780,954,2022-04-28,352.21,40,Female,WA,West,USA,Seattle,0
781,64,2024-02-25,442.41,68,Female,BY,Bavaria,Germany,Munich,0
782,669,2022-05-02,350.15,65,Female,NY,Northeast,USA,New York,0
783,485,2023-12-13,42.52,42,Male,FL,Southeast,USA,Miami,0
784,325,2022-06-26,463.61,68,Female,IL,Midwest,USA,Chicago,0
785,735,2022-10-20,220.12,28,Male,IL,Midwest,USA,Chicago,0
786,601,2024-07-03,260.04,50,Male,IL,Midwest,USA,Chicago,0
787,844,2024-06-13,497.75,19,Female,NY,Northeast,USA,New York,1
788,164,2023-11-25,116.82,39,Male,CA,West,USA,Los Angeles,1
789,271,2022-01-09,163.28,33,Male,FL,Southeast,USA,Miami,0
790,925,2023-11-16,454.69,30,Male,BY,Bavaria,Germany,Munich,0
791,871,2023-07-10,280.51,41,Male,TX,South,USA,Houston,0
792,390,2024-05-06,241.78,25,Female,TX,South,USA,Houston,0
793,405,2024-12-25,535.06,43,Other,FL,Southeast,USA,Miami,0
794,193,2023-05-07,472.2,49,Male,NY,Northeast,USA,New York,0
795,80,2023-12-17,471.51,52,Male,ENG,England,UK,London,0
796,75,2024-12-10,127.66,53,Female,CA,West,USA,Los Angeles,0
797,7,2024-04-18,474.33,22,Male,IL,Midwest,USA,Chicago,0
798,35,2023-05-23,351.69,64,Male,CA,West,USA,Los Angeles,0
799,375,2023-11-16,369.78,64,Female,BY,Bavaria,Germany,Munich,0
800,646,2022-03-05,33.44,35,Male,BY,Bavaria,Germany,Munich,0
801,644,2024-10-09,316.19,43,Female,ON,Ontario,Canada,Toronto,1
802,682,2023-02-07,124.12,25,Male,NSW,NSW,Australia,Sydney,0
803,645,2023-03-20,492.14,58,Male,NY,Northeast,USA,New York,0
804,659,2024-07-20,319.42,21,Male,TX,South,USA,Houston,0
805,385,2024-10-05,350.02,19,Male,NY,Northeast,USA,New York,0
806,315,2022-10-18,129.21,30,Male,ON,Ontario,Canada,Toronto,1
807,426,2022-08-13,216.47,28,Male,CA,West,USA,Los Angeles,1
808,793,2022-04-12,269.41,55,Female,FL,Southeast,USA,Miami,0
809,542,2024-06-25,456.85,20,Female,WA,West,USA,Seattle,0
810,840,2022-04-02,309.68,65,Male,CA,West,USA,Los Angeles,0
811,331,2024-04-21,73.23,46,Female,TX,South,USA,Houston,0
812,604,2024-05-16,258.59,24,Female,BY,Bavaria,Germany,Munich,0
813,644,2023-08-08,164.09,43,Female,ON,Ontario,Canada,Toronto,1
814,616,2024-03-07,306.96,51,Male,BY,Bavaria,Germany,Munich,0
815,107,2023-01-05,254.63,58,Female,NSW,NSW,Australia,Sydney,0
816,193,2022-09-18,20.94,49,Male,NY,Northeast,USA,New York,0
817,622,2024-01-19,125.09,42,Male,CA,West,USA,Los Angeles,0
818,859,2022-12-08,333.44,52,Female,MH,Maharashtra,India,Mumbai,0
819,484,2022-05-11,276.72,59,Female,NY,Northeast,USA,New York,0
820,85,2023-01-28,38.27,50,Female,FL,Southeast,USA,Miami,0
821,870,2022-11-20,302.86,20,Male,TX,South,USA,Houston,0
822,803,2023-08-17,271.99,44,Female,TX,South,USA,Houston,1
823,811,2024-11-04,93.63,20,Male,MH,Maharashtra,India,Mumbai,0
824,419,2024-06-16,12.28,33,Male,FL,Southeast,USA,Miami,0
825,650,2024-05-12,195.28,62,Female,CA,West,USA,Los Angeles,0
826,99,2024-09-24,439.1,51,Other,ON,Ontario,Canada,Toronto,0
827,27,2023-06-06,79.7,38,Other,NY,Northeast,USA,New York,1
828,62,2024-08-28,529.5,56,Male,FL,Southeast,USA,Miami,0
829,426,2023-04-27,292.35,28,Male,CA,West,USA,Los Angeles,1
830,989,2022-05-22,381.61,30,Female,CA,West,USA,Los Angeles,0
831,55,2024-02-15,547.3,43,Male,NY,Northeast,USA,New York,0
832,570,2023-10-17,147.02,47,Male,TX,South,USA,Houston,1
833,757,2022-05-26,295.6,56,Female,BY,Bavaria,Germany,Munich,0
834,445,2023-12-25,187.54,44,Male,ON,Ontario,Canada,Toronto,0
835,53,2023-04-23,54.51,36,Male,NY,Northeast,USA,New York,0
836,926,2023-07-06,422.74,67,Male,IL,Midwest,USA,Chicago,0
837,899,2023-05-12,16.88,21,Female,CA,West,USA,Los Angeles,0
838,464,2024-09-22,488.02,39,Male,CA,West,USA,Los Angeles,0
839,841,2023-11-04,423.29,33,Male,CA,West,USA,Los Angeles,1
840,847,2023-07-20,342.19,26,Male,ENG,England,UK,London,0
841,652,2023-06-11,317.64,51,Female,CA,West,USA,Los Angeles,0
842,854,2024-10-16,475.3,30,Male,TX,South,USA,Houston,0
843,700,2022-03-26,37.3,22,Female,IL,Midwest,USA,Chicago,0
844,751,2022-08-25,370.83,67,Male,TX,South,USA,Houston,0
845,111,2023-10-11,104.31,32,Female,NY,Northeast,USA,New York,1
846,96,2024-04-20,22.37,32,Male,IL,Midwest,USA,Chicago,0
847,158,2024-09-01,182.58,46,Male,ON,Ontario,Canada,Toronto,0
848,955,2024-10-21,190.75,58,Male,FL,Southeast,USA,Miami,0
849,413,2024-02-04,116.91,32,Female,BY,Bavaria,Germany,Munich,0
850,628,2023-05-26,379.81,37,Female,NY,Northeast,USA,New York,0
851,575,2022-06-09,283.87,18,Female,NY,Northeast,USA,New York,0
852,409,2022-10-20,460.83,66,Male,ON,Ontario,Canada,Toronto,1
853,710,2022-08-19,383.23,42,Male,CA,West,USA,Los Angeles,0
854,767,2023-06-08,439.69,49,Male,WA,West,USA,Seattle,0
855,955,2023-05-24,479.36,58,Male,FL,Southeast,USA,Miami,0
856,74,2023-01-06,429.42,24,Female,ON,Ontario,Canada,Toronto,0
857,359,2023-01-26,71.96,22,Male,NY,Northeast,USA,New York,0
858,179,2023-04-15,106.94,64,Male,ENG,England,UK,London,0
859,547,2024-02-14,231.71,40,Male,TX,South,USA,Houston,0
860,678,2024-02-07,193.44,22,Male,ON,Ontario,Canada,Toronto,0
861,180,2023-08-01,470.49,44,Male,TX,South,USA,Houston,0
862,630,2023-08-20,282.87,37,Other,CA,West,USA,Los Angeles,1
863,51,2024-01-21,491.91,57,Female,CA,West,USA,Los Angeles,1
864,525,2024-08-24,223.67,34,Female,TX,South,USA,Houston,0
865,975,2023-03-27,481.44,25,Female,NY,Northeast,USA,New York,0
866,675,2023-06-09,47.86,50,Female,NY,Northeast,USA,New York,0
867,783,2024-12-16,255.72,24,Male,NY,Northeast,USA,New York,0
868,950,2024-07-26,505.74,32,Male,FL,Southeast,USA,Miami,0
869,521,2022-01-16,230.32,36,Female,IL,Midwest,USA,Chicago,1
870,131,2023-05-21,391.16,47,Female,TX,South,USA,Houston,1
871,585,2024-09-20,209.25,39,Other,IL,Midwest,USA,Chicago,0
872,343,2022-04-28,416.31,50,Female,CA,West,USA,Los Angeles,0
873,957,2024-12-10,357.72,38,Male,FL,Southeast,USA,Miami,0
874,294,2022-06-06,407.81,35,Male,IL,Midwest,USA,Chicago,0
875,528,2023-01-26,289.25,25,Male,NY,Northeast,USA,New York,0
876,936,2023-08-13,341.78,66,Other,NSW,NSW,Australia,Sydney,0
877,750,2022-09-06,269.04,26,Female,NY,Northeast,USA,New York,0
878,188,2024-07-18,322.54,37,Other,TX,South,USA,Houston,0
879,871,2023-12-24,368.55,41,Male,TX,South,USA,Houston,0
880,368,2024-12-22,77.52,34,Female,CA,West,USA,Los Angeles,0
881,710,2023-03-10,409.8,42,Male,CA,West,USA,Los Angeles,0
882,906,2024-02-26,206.14,54,Male,NY,Northeast,USA,New York,0
883,980,2024-05-02,18.1,47,Female,NSW,NSW,Australia,Sydney,0
884,671,2023-08-25,344.92,67,Male,TX,South,USA,Houston,0
885,739,2022-08-06,310.68,56,Male,NY,Northeast,USA,New York,0
886,32,2024-04-07,409.53,29,Female,CA,West,USA,Los Angeles,0
887,951,2023-12-09,529.13,22,Female,IL,Midwest,USA,Chicago,0
888,961,2024-05-12,264.44,25,Female,ENG,England,UK,London,0
889,215,2023-11-02,516.14,56,Female,NY,Northeast,USA,New York,1
890,61,2023-11-21,310.7,65,Male,MH,Maharashtra,India,Mumbai,0
891,947,2022-02-04,185.36,68,Female,CA,West,USA,Los Angeles,0
892,522,2024-04-04,383.17,25,Female,CA,West,USA,Los Angeles,0
893,178,2024-04-01,119.01,26,Female,TX,South,USA,Houston,0
894,243,2022-12-27,483.48,22,Female,CA,West,USA,Los Angeles,0
895,663,2024-05-02,253.25,19,Female,NY,Northeast,USA,New York,0
896,632,2024-11-21,17.03,35,Female,WA,West,USA,Seattle,0
897,612,2022-07-18,331.11,42,Male,TX,South,USA,Houston,0
898,284,2022-07-24,68.96,43,Female,CA,West,USA,Los Angeles,0
899,763,2024-12-13,60.0,67,Male,TX,South,USA,Houston,0
900,818,2024-06-26,24.13,23,Male,WA,West,USA,Seattle,1
901,41,2022-10-14,442.65,26,Other,ON,Ontario,Canada,Toronto,0
902,566,2024-06-05,29.68,30,Other,BY,Bavaria,Germany,Munich,0
903,698,2023-02-26,289.62,48,Female,TX,South,USA,Houston,1
904,313,2024-01-12,279.8,24,Other,IL,Midwest,USA,Chicago,0
905,699,2024-03-01,511.18,20,Male,NY,Northeast,USA,New York,0
906,866,2024-10-19,511.24,54,Female,IL,Midwest,USA,Chicago,1
907,897,2023-06-09,488.91,44,Female,NY,Northeast,USA,New York,0
908,778,2023-07-24,218.36,24,Male,CA,West,USA,Los Angeles,0
909,707,2023-02-05,256.54,18,Female,IL,Midwest,USA,Chicago,0
910,494,2022-08-21,414.58,49,Male,CA,West,USA,Los Angeles,1
911,96,2024-11-24,77.14,32,Male,IL,Midwest,USA,Chicago,0
912,492,2022-08-04,66.06,63,Female,IL,Midwest,USA,Chicago,0
913,785,2023-12-17,489.35,42,Female,CA,West,USA,Los Angeles,1
914,468,2022-01-19,24.42,48,Male,ON,Ontario,Canada,Toronto,0
915,928,2023-01-26,209.46,33,Male,IL,Midwest,USA,Chicago,0
916,541,2022-07-09,105.52,54,Male,NY,Northeast,USA,New York,0
917,8,2024-04-14,57.29,54,Female,TX,South,USA,Houston,0
918,859,2024-09-12,545.66,52,Female,MH,Maharashtra,India,Mumbai,0
919,444,2022-10-11,91.32,43,Male,CA,West,USA,Los Angeles,0
920,74,2024-02-28,248.27,24,Female,ON,Ontario,Canada,Toronto,0
921,689,2024-12-19,151.79,41,Male,NY,Northeast,USA,New York,0
922,389,2023-01-05,265.71,64,Male,ENG,England,UK,London,0
923,785,2024-09-25,432.07,42,Female,CA,West,USA,Los Angeles,1
924,751,2023-06-03,353.26,67,Male,TX,South,USA,Houston,0
925,949,2022-09-25,290.16,67,Female,FL,Southeast,USA,Miami,0
926,965,2023-02-12,275.85,67,Female,NY,Northeast,USA,New York,0
927,755,2022-12-19,74.61,46,Male,NSW,NSW,Australia,Sydney,0
928,154,2024-12-25,232.09,33,Male,CA,West,USA,Los Angeles,0
929,820,2024-07-25,508.01,69,Female,BY,Bavaria,Germany,Munich,0
930,44,2024-07-05,461.5,36,Other,CA,West,USA,Los Angeles,0
931,460,2023-09-12,44.23,23,Female,FL,Southeast,USA,Miami,0
932,806,2023-08-03,447.13,58,Female,NY,Northeast,USA,New York,0
933,903,2024-08-19,465.63,29,Other,WA,West,USA,Seattle,0
934,971,2023-08-12,427.14,33,Female,TX,South,USA,Houston,0
935,127,2022-11-28,409.26,22,Female,NY,Northeast,USA,New York,0
936,715,2023-08-18,521.19,65,Male,BY,Bavaria,Germany,Munich,1
937,83,2023-03-13,39.27,26,Male,TX,South,USA,Houston,0
938,555,2023-12-05,209.95,69,Male,NY,Northeast,USA,New York,1
939,350,2022-04-09,484.53,26,Other,WA,West,USA,Seattle,0
940,234,2024-03-23,314.5,57,Male,NY,Northeast,USA,New York,0
941,749,2023-12-05,364.99,34,Female,NY,Northeast,USA,New York,0
942,959,2022-04-24,187.31,68,Female,NY,Northeast,USA,New York,0
943,347,2022-02-17,113.83,69,Male,NY,Northeast,USA,New York,0
944,723,2023-08-15,518.79,61,Female,TX,South,USA,Houston,0
945,766,2024-11-14,209.67,58,Female,CA,West,USA,Los Angeles,0
946,695,2023-01-01,301.91,22,Female,FL,Southeast,USA,Miami,1
947,333,2024-07-07,145.01,34,Male,TX,South,USA,Houston,0
948,882,2024-01-15,541.86,62,Male,NY,Northeast,USA,New York,1
949,707,2023-06-14,144.82,18,Female,IL,Midwest,USA,Chicago,0
950,876,2024-05-06,512.77,44,Male,CA,West,USA,Los Angeles,0
951,247,2024-03-23,171.35,57,Male,IL,Midwest,USA,Chicago,0
952,81,2023-12-13,502.43,66,Female,ENG,England,UK,London,0
953,688,2022-09-11,189.99,48,Other,FL,Southeast,USA,Miami,1
954,20,2022-11-22,437.31,41,Female,CA,West,USA,Los Angeles,0
955,199,2024-12-05,340.38,35,Female,NSW,NSW,Australia,Sydney,0
956,223,2024-12-02,73.67,54,Male,IL,Midwest,USA,Chicago,1
957,195,2024-10-10,173.44,67,Female,IL,Midwest,USA,Chicago,0
958,911,2024-05-01,428.78,58,Female,IL,Midwest,USA,Chicago,1
959,875,2022-11-11,337.09,54,Other,NY,Northeast,USA,New York,0
960,534,2024-07-04,206.63,32,Female,TX,South,USA,Houston,0
961,676,2023-04-19,112.06,55,Female,FL,Southeast,USA,Miami,1
962,648,2024-06-02,466.06,45,Female,MH,Maharashtra,India,Mumbai,0
963,873,2022-05-06,314.97,23,Male,NY,Northeast,USA,New York,0
964,346,2023-07-08,364.81,31,Female,FL,Southeast,USA,Miami,0
965,705,2024-10-17,274.11,24,Male,NY,Northeast,USA,New York,0
966,425,2024-07-12,203.47,39,Male,NY,Northeast,USA,New York,0
967,510,2024-04-22,220.98,30,Female,IL,Midwest,USA,Chicago,0
968,301,2023-02-22,26.76,36,Female,FL,Southeast,USA,Miami,0
969,754,2023-11-11,500.79,66,Female,FL,Southeast,USA,Miami,0
970,941,2024-06-01,212.36,53,Male,MH,Maharashtra,India,Mumbai,1
971,983,2023-06-27,261.45,46,Female,CA,West,USA,Los Angeles,0
972,413,2023-10-10,196.11,32,Female,BY,Bavaria,Germany,Munich,0
973,86,2023-11-16,195.08,54,Female,BY,Bavaria,Germany,Munich,0
974,836,2023-07-27,366.71,58,Female,IL,Midwest,USA,Chicago,0
975,27,2023-09-19,358.78,38,Other,NY,Northeast,USA,New York,1
976,156,2023-04-17,431.43,52,Male,TX,South,USA,Houston,1
977,895,2024-12-10,50.6,56,Female,FL,Southeast,USA,Miami,0
978,318,2024-08-24,490.88,55,Female,TX,South,USA,Houston,1
979,544,2024-10-06,536.23,27,Female,BY,Bavaria,Germany,Munich,0
980,182,2023-02-14,524.34,25,Male,ON,Ontario,Canada,Toronto,0
981,269,2023-09-10,77.49,49,Male,CA,West,USA,Los Angeles,0
982,294,2024-06-03,278.3,35,Male,IL,Midwest,USA,Chicago,0
983,219,2024-07-08,526.55,41,Female,IL,Midwest,USA,Chicago,0
984,668,2023-09-06,404.79,62,Female,TX,South,USA,Houston,0
985,675,2024-11-03,44.24,50,Female,NY,Northeast,USA,New York,0
986,142,2024-05-22,488.82,29,Female,CA,West,USA,Los Angeles,0
987,979,2024-11-20,471.39,36,Female,NY,Northeast,USA,New York,0
988,536,2024-04-25,439.36,25,Female,WA,West,USA,Seattle,0
989,722,2022-08-01,211.8,66,Male,TX,South,USA,Houston,0
990,4,2023-03-14,339.01,40,Female,TX,South,USA,Houston,0
991,389,2024-05-19,404.1,64,Male,ENG,England,UK,London,0
992,984,2022-12-14,204.36,51,Male,NY,Northeast,USA,New York,0
993,859,2024-01-01,441.46,52,Female,MH,Maharashtra,India,Mumbai,0
994,36,2024-12-13,161.18,21,Male,TX,South,USA,Houston,0
995,675,2022-05-04,99.98,50,Female,NY,Northeast,USA,New York,0
996,755,2024-09-01,482.56,46,Male,NSW,NSW,Australia,Sydney,0
997,139,2024-02-21,197.42,36,Female,NY,Northeast,USA,New York,0
998,870,2024-09-03,42.36,20,Male,TX,South,USA,Houston,0
999,180,2023-12-09,443.1,44,Male,TX,South,USA,Houston,0
1000,997,2024-08-28,449.7,45,Female,FL,Southeast,USA,Miami,0
1001,10,2023-05-27,427.36,22,Male,IL,Midwest,USA,Chicago,0
1002,651,2024-10-02,198.28,43,Male,IL,Midwest,USA,Chicago,0
1003,239,2022-10-12,305.59,34,Male,TX,South,USA,Houston,0
1004,607,2024-02-10,18.84,34,Male,IL,Midwest,USA,Chicago,0
1005,767,2024-09-18,12.45,49,Male,WA,West,USA,Seattle,0
1006,558,2024-09-20,153.49,63,Male,TX,South,USA,Houston,0
1007,746,2023-10-03,283.44,36,Male,CA,West,USA,Los Angeles,0
1008,765,2024-05-12,340.65,36,Female,FL,Southeast,USA,Miami,0
1009,332,2024-06-08,84.41,37,Female,NSW,NSW,Australia,Sydney,0
1010,871,2023-12-28,461.26,41,Male,TX,South,USA,Houston,0
1011,83,2024-08-09,537.8,26,Male,TX,South,USA,Houston,0
1012,528,2024-07-01,76.62,25,Male,NY,Northeast,USA,New York,0
1013,754,2024-12-18,463.33,66,Female,FL,Southeast,USA,Miami,0
1014,721,2024-04-25,348.29,25,Male,NY,Northeast,USA,New York,0
1015,318,2024-06-24,286.92,55,Female,TX,South,USA,Houston,1
1016,963,2024-10-04,279.6,61,Male,CA,West,USA,Los Angeles,0
1017,987,2024-10-21,422.71,50,Other,WA,West,USA,Seattle,0
1018,112,2022-12-06,112.37,58,Female,WA,West,USA,Seattle,0
1019,97,2023-09-05,326.89,30,Female,CA,West,USA,Los Angeles,0
1020,590,2024-05-15,154.63,61,Female,TX,South,USA,Houston,0
1021,188,2023-06-23,54.83,37,Other,TX,South,USA,Houston,0
1022,68,2024-02-25,314.62,37,Male,CA,West,USA,Los Angeles,0
1023,814,2022-12-18,141.62,32,Male,CA,West,USA,Los Angeles,0
1024,436,2023-02-12,396.33,24,Male,CA,West,USA,Los Angeles,0
1025,864,2023-08-17,348.42,58,Male,ENG,England,UK,London,0
1026,727,2023-06-09,127.11,55,Female,IL,Midwest,USA,Chicago,0
1027,661,2022-02-04,432.17,27,Male,TX,South,USA,Houston,0
1028,381,2022-05-12,180.03,18,Male,TX,South,USA,Houston,0
1029,747,2024-09-05,400.33,45,Female,NY,Northeast,USA,New York,0
1030,101,2023-01-03,149.45,61,Female,BY,Bavaria,Germany,Munich,0
1031,311,2022-12-21,106.33,52,Male,NY,Northeast,USA,New York,0
1032,830,2022-12-24,431.53,19,Male,TX,South,USA,Houston,0
1033,680,2023-02-21,487.75,66,Male,NSW,NSW,Australia,Sydney,0
1034,244,2022-11-26,182.5,51,Male,NSW,NSW,Australia,Sydney,0
1035,851,2024-05-14,184.06,68,Female,CA,West,USA,Los Angeles,0
1036,503,2024-01-19,396.77,68,Male,NSW,NSW,Australia,Sydney,0
1037,735,2022-05-06,121.41,28,Male,IL,Midwest,USA,Chicago,0
1038,150,2024-11-13,485.48,21,Male,ON,Ontario,Canada,Toronto,0
1039,138,2022-09-03,14.17,19,Female,BY,Bavaria,Germany,Munich,0
1040,990,2023-04-18,84.42,58,Female,FL,Southeast,USA,Miami,0
1041,915,2024-10-13,77.44,48,Male,TX,South,USA,Houston,0
1042,383,2023-09-16,175.68,67,Female,TX,South,USA,Houston,0
1043,929,2024-10-24,486.54,39,Female,FL,Southeast,USA,Miami,0
1044,822,2022-08-02,323.6,52,Female,CA,West,USA,Los Angeles,0
1045,272,2023-11-13,66.42,19,Female,WA,West,USA,Seattle,1
1046,385,2023-09-12,51.59,19,Male,NY,Northeast,USA,New York,0
1047,530,2023-02-21,160.41,65,Male,FL,Southeast,USA,Miami,0
1048,350,2024-11-19,351.36,26,Other,WA,West,USA,Seattle,0
1049,287,2022-05-21,300.94,26,Female,NY,Northeast,USA,New York,0
1050,241,2024-09-24,73.89,25,Male,NY,Northeast,USA,New York,0
1051,639,2024-09-09,428.73,59,Male,WA,West,USA,Seattle,0
1052,405,2023-05-11,339.0,43,Other,FL,Southeast,USA,Miami,0
1053,969,2023-03-10,521.2,65,Female,FL,Southeast,USA,Miami,0
1054,876,2023-09-23,297.62,44,Male,CA,West,USA,Los Angeles,0
1055,98,2023-11-14,180.61,53,Female,CA,West,USA,Los Angeles,0
1056,662,2024-11-22,76.7,56,Female,NY,Northeast,USA,New York,1
1057,634,2023-08-07,487.98,37,Female,BY,Bavaria,Germany,Munich,0
1058,54,2024-04-27,31.87,42,Female,NY,Northeast,USA,New York,0
1059,790,2024-05-14,202.58,18,Female,NY,Northeast,USA,New York,0
1060,542,2023-10-28,286.27,20,Female,WA,West,USA,Seattle,0
1061,834,2024-06-13,323.9,25,Other,CA,West,USA,Los Angeles,0
1062,498,2023-10-02,313.06,37,Male,NY,Northeast,USA,New York,0
1063,422,2024-05-08,404.76,54,Female,NY,Northeast,USA,New York,0
1064,687,2022-01-13,72.88,39,Male,ON,Ontario,Canada,Toronto,0
1065,766,2024-08-04,405.98,58,Female,CA,West,USA,Los Angeles,0
1066,756,2024-08-22,499.37,40,Female,TX,South,USA,Houston,0
1067,483,2024-08-10,27.91,31,Female,ENG,England,UK,London,0
1068,566,2023-04-24,29.2,30,Other,BY,Bavaria,Germany,Munich,0
1069,994,2024-11-28,555.27,40,Female,BY,Bavaria,Germany,Munich,0
1070,876,2023-07-03,172.62,44,Male,CA,West,USA,Los Angeles,0
1071,399,2024-10-08,260.94,32,Male,CA,West,USA,Los Angeles,0
1072,643,2022-08-17,161.93,62,Female,WA,West,USA,Seattle,0
1073,166,2023-06-25,299.64,60,Female,ENG,England,UK,London,0
1074,339,2023-09-26,380.14,28,Male,WA,West,USA,Seattle,0
1075,538,2023-08-06,405.32,24,Male,CA,West,USA,Los Angeles,0
1076,377,2023-07-07,195.19,56,Male,NY,Northeast,USA,New York,0
1077,932,2024-09-06,154.2,54,Female,IL,Midwest,USA,Chicago,1
1078,859,2023-02-10,294.52,52,Female,MH,Maharashtra,India,Mumbai,0
1079,29,2024-12-18,222.08,46,Female,CA,West,USA,Los Angeles,0
1080,260,2022-05-12,314.83,48,Female,BY,Bavaria,Germany,Munich,0
1081,158,2024-04-21,346.82,46,Male,ON,Ontario,Canada,Toronto,0
1082,143,2024-10-12,502.08,32,Male,TX,South,USA,Houston,0
1083,547,2023-04-17,12.6,40,Male,TX,South,USA,Houston,0
1084,753,2024-12-16,67.09,22,Male,NY,Northeast,USA,New York,0
1085,729,2024-06-08,442.97,43,Female,CA,West,USA,Los Angeles,0
1086,428,2024-05-02,331.46,59,Female,IL,Midwest,USA,Chicago,1
1087,408,2023-01-07,43.07,25,Male,CA,West,USA,Los Angeles,0
1088,227,2023-01-22,500.16,60,Male,NY,Northeast,USA,New York,0
1089,863,2024-02-21,368.14,24,Female,TX,South,USA,Houston,0
1090,830,2023-01-04,263.03,19,Male,TX,South,USA,Houston,0
1091,368,2024-05-11,439.04,34,Female,CA,West,USA,Los Angeles,0
1092,185,2023-05-23,320.17,43,Female,CA,West,USA,Los Angeles,0
1093,470,2024-06-23,216.07,66,Male,TX,South,USA,Houston,1
1094,733,2022-04-01,155.35,65,Male,CA,West,USA,Los Angeles,0
1095,278,2022-01-23,232.18,58,Male,TX,South,USA,Houston,0
1096,341,2024-02-23,272.02,51,Male,CA,West,USA,Los Angeles,1
1097,150,2024-03-04,401.96,21,Male,ON,Ontario,Canada,Toronto,0
1098,713,2024-05-10,270.78,55,Female,ENG,England,UK,London,0
1099,883,2024-03-02,21.27,41,Female,CA,West,USA,Los Angeles,0
1100,773,2023-06-19,366.21,18,Male,WA,West,USA,Seattle,0
1101,803,2023-12-25,46.75,44,Female,TX,South,USA,Houston,1
1102,158,2022-04-06,424.7,46,Male,ON,Ontario,Canada,Toronto,0
1103,868,2023-03-10,378.48,61,Male,TX,South,USA,Houston,0
1104,825,2022-09-16,302.94,50,Male,NY,Northeast,USA,New York,0
1105,318,2024-07-03,260.44,55,Female,TX,South,USA,Houston,1
1106,619,2022-01-09,94.33,21,Male,CA,West,USA,Los Angeles,0
1107,74,2022-10-07,330.95,24,Female,ON,Ontario,Canada,Toronto,0
1108,860,2023-10-01,67.47,59,Male,CA,West,USA,Los Angeles,0
1109,5,2022-12-19,306.23,40,Female,ON,Ontario,Canada,Toronto,0
1110,32,2022-12-21,99.84,29,Female,CA,West,USA,Los Angeles,0
1111,617,2024-08-03,338.76,30,Male,NY,Northeast,USA,New York,0
1112,757,2023-09-04,89.11,56,Female,BY,Bavaria,Germany,Munich,0
1113,817,2024-06-02,63.05,20,Female,CA,West,USA,Los Angeles,1
1114,986,2024-11-27,269.61,51,Male,NY,Northeast,USA,New York,0
1115,20,2024-08-16,400.71,41,Female,CA,West,USA,Los Angeles,0
1116,703,2024-05-16,142.06,26,Female,ENG,England,UK,London,0
1117,318,2023-01-03,269.11,55,Female,TX,South,USA,Houston,1
1118,918,2022-08-01,401.45,58,Female,TX,South,USA,Houston,0
1119,293,2023-07-26,295.98,67,Male,CA,West,USA,Los Angeles,0
1120,415,2024-11-27,338.9,18,Other,CA,West,USA,Los Angeles,0
1121,300,2024-03-16,132.02,19,Female,FL,Southeast,USA,Miami,0
1122,702,2023-11-04,75.26,50,Female,BY,Bavaria,Germany,Munich,0
1123,903,2023-01-01,88.01,29,Other,WA,West,USA,Seattle,0
1124,568,2024-08-24,545.07,30,Female,MH,Maharashtra,India,Mumbai,0
1125,350,2024-06-15,58.74,26,Other,WA,West,USA,Seattle,0
1126,336,2023-05-10,89.29,60,Female,CA,West,USA,Los Angeles,0
1127,684,2024-06-01,124.08,67,Male,CA,West,USA,Los Angeles,1
1128,624,2024-04-16,443.62,39,Male,CA,West,USA,Los Angeles,0
1129,241,2024-03-25,229.6,25,Male,NY,Northeast,USA,New York,0
1130,361,2022-11-24,397.54,61,Female,FL,Southeast,USA,Miami,0
1131,947,2022-04-21,215.27,68,Female,CA,West,USA,Los Angeles,0
1132,950,2024-10-02,447.35,32,Male,FL,Southeast,USA,Miami,0
1133,390,2024-10-22,502.64,25,Female,TX,South,USA,Houston,0
1134,798,2023-01-20,242.93,41,Male,CA,West,USA,Los Angeles,0
1135,73,2024-11-24,552.52,42,Female,FL,Southeast,USA,Miami,1
1136,871,2022-10-05,467.13,41,Male,TX,South,USA,Houston,0
1137,320,2024-11-25,19.63,57,Male,FL,Southeast,USA,Miami,0
1138,636,2022-11-21,286.43,53,Male,TX,South,USA,Houston,1
1139,617,2024-08-22,371.83,30,Male,NY,Northeast,USA,New York,0
1140,841,2023-12-05,448.54,33,Male,CA,West,USA,Los Angeles,1
1141,958,2023-03-24,360.34,51,Male,CA,West,USA,Los Angeles,0
1142,367,2022-02-01,347.24,42,Female,BY,Bavaria,Germany,Munich,0
1143,541,2024-09-07,170.16,54,Male,NY,Northeast,USA,New York,0
1144,662,2022-05-05,412.07,56,Female,NY,Northeast,USA,New York,1
1145,587,2022-08-07,41.01,53,Female,NY,Northeast,USA,New York,1
1146,334,2024-06-18,371.98,61,Female,CA,West,USA,Los Angeles,0
1147,383,2023-05-26,115.53,67,Female,TX,South,USA,Houston,0
1148,595,2023-11-28,408.24,34,Female,BY,Bavaria,Germany,Munich,0
1149,940,2023-03-04,421.05,44,Other,WA,West,USA,Seattle,0
1150,72,2024-03-28,107.12,27,Female,FL,Southeast,USA,Miami,0
1151,227,2023-09-04,422.77,60,Male,NY,Northeast,USA,New York,0
1152,793,2022-10-21,420.37,55,Female,FL,Southeast,USA,Miami,0
1153,596,2023-11-06,38.14,59,Male,NY,Northeast,USA,New York,0
1154,422,2022-04-24,220.7,54,Female,NY,Northeast,USA,New York,0
1155,356,2023-11-10,110.69,69,Female,MH,Maharashtra,India,Mumbai,0
1156,984,2022-08-25,71.94,51,Male,NY,Northeast,USA,New York,0
1157,884,2022-11-16,403.74,26,Other,CA,West,USA,Los Angeles,0
1158,859,2023-01-15,162.88,52,Female,MH,Maharashtra,India,Mumbai,0
1159,287,2024-05-13,364.63,26,Female,NY,Northeast,USA,New York,0
1160,615,2022-07-07,11.8,53,Other,CA,West,USA,Los Angeles,0
1161,959,2022-08-15,48.93,68,Female,NY,Northeast,USA,New York,0
1162,266,2024-02-19,346.1,48,Male,CA,West,USA,Los Angeles,0
1163,208,2024-07-04,214.41,68,Female,TX,South,USA,Houston,0
1164,630,2024-09-04,493.98,37,Other,CA,West,USA,Los Angeles,1
1165,197,2023-05-12,53.32,35,Female,CA,West,USA,Los Angeles,0
1166,757,2023-07-24,334.58,56,Female,BY,Bavaria,Germany,Munich,0
1167,864,2022-05-10,354.41,58,Male,ENG,England,UK,London,0
1168,473,2022-11-12,309.5,40,Male,IL,Midwest,USA,Chicago,0
1169,992,2023-08-27,364.16,46,Female,TX,South,USA,Houston,0
1170,593,2024-08-08,148.03,30,Male,FL,Southeast,USA,Miami,0
1171,412,2023-12-11,409.07,29,Female,CA,West,USA,Los Angeles,0
1172,877,2024-09-24,315.6,46,Female,ENG,England,UK,London,1
1173,624,2023-04-15,419.91,39,Male,CA,West,USA,Los Angeles,0
1174,138,2023-09-04,73.84,19,Female,BY,Bavaria,Germany,Munich,0
1175,862,2024-12-07,80.91,66,Male,CA,West,USA,Los Angeles,0
1176,500,2024-01-28,228.26,40,Male,TX,South,USA,Houston,0
1177,343,2023-08-23,213.09,50,Female,CA,West,USA,Los Angeles,0
1178,866,2024-03-27,81.7,54,Female,IL,Midwest,USA,Chicago,1
1179,774,2023-11-14,52.78,55,Female,ON,Ontario,Canada,Toronto,0
1180,392,2022-09-18,49.58,27,Other,WA,West,USA,Seattle,0
1181,986,2024-12-04,39.95,51,Male,NY,Northeast,USA,New York,0
1182,885,2022-09-20,26.24,60,Other,CA,West,USA,Los Angeles,0
1183,174,2023-01-16,430.15,55,Female,CA,West,USA,Los Angeles,0
1184,559,2023-07-02,496.23,59,Female,CA,West,USA,Los Angeles,0
1185,639,2022-12-24,218.58,59,Male,WA,West,USA,Seattle,0
1186,402,2022-04-13,101.5,58,Male,CA,West,USA,Los Angeles,0
1187,533,2023-02-28,181.15,26,Female,NY,Northeast,USA,New York,0
1188,992,2024-10-25,460.4,46,Female,TX,South,USA,Houston,0
1189,568,2024-07-12,521.17,30,Female,MH,Maharashtra,India,Mumbai,0
1190,162,2023-01-01,134.57,52,Female,FL,Southeast,USA,Miami,1
1191,853,2022-04-05,25.0,68,Male,NY,Northeast,USA,New York,1
1192,348,2024-05-09,180.57,66,Female,FL,Southeast,USA,Miami,0
1193,168,2022-09-09,198.83,26,Other,NY,Northeast,USA,New York,0
1194,220,2023-07-10,12.16,64,Other,ON,Ontario,Canada,Toronto,0
1195,832,2024-07-27,385.17,30,Female,NY,Northeast,USA,New York,0
1196,984,2023-11-19,75.27,51,Male,NY,Northeast,USA,New York,0
1197,185,2023-04-06,53.11,43,Female,CA,West,USA,Los Angeles,0
1198,151,2022-09-20,362.38,62,Male,NY,Northeast,USA,New York,0
1199,973,2022-06-02,387.68,42,Male,IL,Midwest,USA,Chicago,0
1200,120,2023-06-02,106.18,23,Male,CA,West,USA,Los Angeles,1
1201,559,2024-08-19,432.95,59,Female,CA,West,USA,Los Angeles,0
1202,264,2023-09-07,165.12,66,Male,CA,West,USA,Los Angeles,1
1203,199,2024-12-13,180.3,35,Female,NSW,NSW,Australia,Sydney,0
1204,609,2024-04-24,78.39,68,Other,NY,Northeast,USA,New York,0
1205,177,2022-02-11,120.99,55,Female,IL,Midwest,USA,Chicago,1
1206,265,2022-06-06,29.0,69,Female,CA,West,USA,Los Angeles,0
1207,648,2023-08-28,359.62,45,Female,MH,Maharashtra,India,Mumbai,0
1208,328,2024-04-09,478.43,19,Male,TX,South,USA,Houston,0
1209,987,2023-11-19,35.71,50,Other,WA,West,USA,Seattle,0
1210,535,2024-11-05,151.37,48,Male,CA,West,USA,Los Angeles,0
1211,112,2024-07-05,201.2,58,Female,WA,West,USA,Seattle,0
1212,637,2024-07-22,226.63,30,Female,NY,Northeast,USA,New York,1
1213,610,2024-01-26,463.52,62,Male,CA,West,USA,Los Angeles,0
1214,580,2024-07-01,34.73,23,Male,CA,West,USA,Los Angeles,0
1215,961,2024-08-28,348.23,25,Female,ENG,England,UK,London,0
1216,615,2024-11-09,303.31,53,Other,CA,West,USA,Los Angeles,0
1217,754,2024-07-28,471.35,66,Female,FL,Southeast,USA,Miami,0
1218,671,2024-03-15,179.06,67,Male,TX,South,USA,Houston,0
1219,254,2024-03-22,67.08,35,Female,ON,Ontario,Canada,Toronto,0
1220,878,2023-03-01,78.42,56,Female,FL,Southeast,USA,Miami,0
1221,677,2024-12-05,357.26,48,Female,TX,South,USA,Houston,0
1222,676,2023-10-27,294.07,55,Female,FL,Southeast,USA,Miami,1
1223,75,2024-11-05,336.25,53,Female,CA,West,USA,Los Angeles,0
1224,721,2023-11-25,81.81,25,Male,NY,Northeast,USA,New York,0
1225,93,2024-02-04,34.52,61,Male,NSW,NSW,Australia,Sydney,0
1226,397,2024-09-19,322.09,20,Male,IL,Midwest,USA,Chicago,0
1227,563,2024-09-11,55.69,43,Male,TX,South,USA,Houston,0
1228,945,2023-04-13,493.46,24,Male,TX,South,USA,Houston,0
1229,181,2024-07-20,452.06,66,Male,IL,Midwest,USA,Chicago,0
1230,809,2024-09-05,109.96,38,Male,FL,Southeast,USA,Miami,0
1231,537,2024-12-10,339.3,41,Male,NSW,NSW,Australia,Sydney,0
1232,583,2024-02-16,83.66,23,Female,IL,Midwest,USA,Chicago,0
1233,911,2024-11-11,524.97,58,Female,IL,Midwest,USA,Chicago,1
1234,449,2024-12-07,334.69,45,Female,CA,West,USA,Los Angeles,0
1235,137,2022-12-02,165.7,49,Female,TX,South,USA,Houston,0
1236,19,2024-01-18,384.6,61,Male,CA,West,USA,Los Angeles,0
1237,357,2023-04-02,11.92,25,Female,NY,Northeast,USA,New York,0
1238,987,2024-09-05,169.18,50,Other,WA,West,USA,Seattle,0
1239,218,2024-05-07,139.71,23,Male,FL,Southeast,USA,Miami,1
1240,142,2023-01-21,190.4,29,Female,CA,West,USA,Los Angeles,0
1241,35,2022-10-04,51.8,64,Male,CA,West,USA,Los Angeles,0
1242,510,2022-01-10,484.31,30,Female,IL,Midwest,USA,Chicago,0
1243,361,2024-06-03,267.98,61,Female,FL,Southeast,USA,Miami,0
1244,342,2023-12-15,455.42,33,Female,FL,Southeast,USA,Miami,0
1245,600,2022-06-06,39.16,51,Male,NY,Northeast,USA,New York,0
1246,327,2024-12-05,474.84,30,Female,TX,South,USA,Houston,0
1247,57,2023-06-09,349.79,46,Male,BY,Bavaria,Germany,Munich,0
1248,420,2024-05-08,383.71,44,Female,NSW,NSW,Australia,Sydney,0
1249,740,2023-02-02,429.41,64,Male,TX,South,USA,Houston,0
1250,573,2022-05-13,267.78,32,Male,NY,Northeast,USA,New York,0
1251,935,2022-05-15,320.67,41,Male,IL,Midwest,USA,Chicago,0
1252,11,2023-11-13,477.95,45,Male,CA,West,USA,Los Angeles,0
1253,61,2023-12-13,75.58,65,Male,MH,Maharashtra,India,Mumbai,0
1254,155,2024-01-28,41.75,40,Female,NSW,NSW,Australia,Sydney,0
1255,34,2023-02-08,521.01,46,Female,IL,Midwest,USA,Chicago,0
1256,614,2023-09-10,468.45,38,Female,FL,Southeast,USA,Miami,0
1257,623,2023-07-15,277.56,26,Female,NY,Northeast,USA,New York,0
1258,740,2023-05-03,416.13,64,Male,TX,South,USA,Houston,0
1259,208,2024-04-28,495.2,68,Female,TX,South,USA,Houston,0
1260,676,2022-04-15,238.76,55,Female,FL,Southeast,USA,Miami,1
1261,175,2024-07-20,64.96,54,Female,WA,West,USA,Seattle,0
1262,991,2023-01-10,260.25,35,Male,NSW,NSW,Australia,Sydney,0
1263,252,2022-10-20,182.17,43,Male,CA,West,USA,Los Angeles,0
1264,48,2023-05-25,22.62,64,Male,WA,West,USA,Seattle,0
1265,185,2022-06-17,479.93,43,Female,CA,West,USA,Los Angeles,0
1266,516,2024-07-06,404.02,23,Male,TX,South,USA,Houston,0
1267,715,2023-04-20,418.75,65,Male,BY,Bavaria,Germany,Munich,1
1268,419,2023-11-24,320.56,33,Male,FL,Southeast,USA,Miami,0
1269,320,2024-09-20,158.92,57,Male,FL,Southeast,USA,Miami,0
1270,199,2024-11-19,332.08,35,Female,NSW,NSW,Australia,Sydney,0
1271,124,2024-07-13,384.53,42,Female,CA,West,USA,Los Angeles,0
1272,891,2024-06-06,339.02,23,Female,FL,Southeast,USA,Miami,0
1273,746,2024-04-21,80.98,36,Male,CA,West,USA,Los Angeles,0
1274,144,2024-08-12,457.68,39,Male,CA,West,USA,Los Angeles,1
1275,155,2024-08-07,174.5,40,Female,NSW,NSW,Australia,Sydney,0
1276,505,2023-06-14,216.66,32,Female,CA,West,USA,Los Angeles,0
1277,352,2024-03-01,313.43,20,Male,BY,Bavaria,Germany,Munich,1
1278,193,2022-04-15,489.04,49,Male,NY,Northeast,USA,New York,0
1279,441,2024-01-16,182.71,68,Male,NY,Northeast,USA,New York,0
1280,437,2024-05-12,34.18,47,Female,TX,South,USA,Houston,1
1281,582,2022-08-20,486.5,61,Female,CA,West,USA,Los Angeles,0
1282,791,2024-12-17,536.66,22,Female,MH,Maharashtra,India,Mumbai,1
1283,278,2024-03-11,120.02,58,Male,TX,South,USA,Houston,0
1284,701,2022-01-21,416.23,45,Female,CA,West,USA,Los Angeles,0
1285,730,2023-05-04,488.25,52,Male,IL,Midwest,USA,Chicago,1
1286,701,2024-03-15,18.33,45,Female,CA,West,USA,Los Angeles,0
1287,930,2024-09-04,425.41,48,Male,WA,West,USA,Seattle,0
1288,216,2022-01-17,98.14,32,Male,WA,West,USA,Seattle,0
1289,736,2023-12-01,440.24,52,Male,ENG,England,UK,London,0
1290,23,2024-11-25,22.7,27,Male,ENG,England,UK,London,0
1291,335,2022-07-01,348.71,41,Female,CA,West,USA,Los Angeles,1
1292,721,2023-12-14,434.83,25,Male,NY,Northeast,USA,New York,0
1293,931,2022-08-19,27.46,45,Female,ON,Ontario,Canada,Toronto,0
1294,107,2022-12-12,380.96,58,Female,NSW,NSW,Australia,Sydney,0
1295,732,2023-04-07,72.29,39,Female,IL,Midwest,USA,Chicago,0
1296,391,2024-12-07,54.6,56,Male,NY,Northeast,USA,New York,0
1297,536,2024-03-24,516.46,25,Female,WA,West,USA,Seattle,0
1298,844,2024-05-04,517.76,19,Female,NY,Northeast,USA,New York,1
1299,854,2023-12-20,395.55,30,Male,TX,South,USA,Houston,0
1300,410,2023-06-09,472.97,18,Male,ENG,England,UK,London,1
1301,878,2022-03-01,18.19,56,Female,FL,Southeast,USA,Miami,0
1302,466,2022-01-12,260.72,68,Female,CA,West,USA,Los Angeles,1
1303,231,2023-03-03,463.33,42,Male,NSW,NSW,Australia,Sydney,0
1304,958,2022-05-22,447.46,51,Male,CA,West,USA,Los Angeles,0
1305,359,2022-06-22,189.84,22,Male,NY,Northeast,USA,New York,0
1306,910,2022-08-07,169.06,22,Female,BY,Bavaria,Germany,Munich,1
1307,920,2024-11-22,395.35,51,Other,BY,Bavaria,Germany,Munich,0
1308,91,2024-01-20,44.22,40,Female,CA,West,USA,Los Angeles,0
1309,714,2024-11-19,439.55,57,Male,TX,South,USA,Houston,0
1310,867,2024-08-03,148.23,60,Male,NY,Northeast,USA,New York,1
1311,206,2024-10-04,297.44,31,Female,MH,Maharashtra,India,Mumbai,0
1312,495,2022-10-05,104.35,33,Female,TX,South,USA,Houston,0
1313,990,2023-12-23,392.03,58,Female,FL,Southeast,USA,Miami,0
1314,798,2022-02-10,478.67,41,Male,CA,West,USA,Los Angeles,0
1315,341,2023-08-15,291.51,51,Male,CA,West,USA,Los Angeles,1
1316,353,2023-12-14,504.4,33,Female,TX,South,USA,Houston,0
1317,109,2023-10-28,219.43,42,Female,TX,South,USA,Houston,0
1318,958,2023-02-06,159.36,51,Male,CA,West,USA,Los Angeles,0
1319,882,2024-08-22,471.43,62,Male,NY,Northeast,USA,New York,1
1320,797,2024-11-04,32.02,68,Male,IL,Midwest,USA,Chicago,0
1321,405,2024-04-28,165.51,43,Other,FL,Southeast,USA,Miami,0
1322,450,2024-09-16,390.14,32,Male,BY,Bavaria,Germany,Munich,0
1323,377,2023-11-08,108.72,56,Male,NY,Northeast,USA,New York,0
1324,361,2022-07-12,446.32,61,Female,FL,Southeast,USA,Miami,0
1325,65,2024-03-21,275.82,39,Female,WA,West,USA,Seattle,0
1326,212,2023-08-12,138.32,55,Female,NY,Northeast,USA,New York,0
1327,612,2023-08-02,203.43,42,Male,TX,South,USA,Houston,0
1328,276,2023-06-09,157.98,43,Female,TX,South,USA,Houston,0
1329,154,2024-09-26,395.86,33,Male,CA,West,USA,Los Angeles,0
1330,443,2024-06-11,71.52,24,Male,TX,South,USA,Houston,0
1331,806,2023-11-14,454.0,58,Female,NY,Northeast,USA,New York,0
1332,355,2024-10-06,92.87,68,Male,ON,Ontario,Canada,Toronto,0
1333,754,2023-11-01,157.31,66,Female,FL,Southeast,USA,Miami,0
1334,645,2023-07-08,336.11,58,Male,NY,Northeast,USA,New York,0
1335,327,2023-03-25,194.57,30,Female,TX,South,USA,Houston,0
1336,636,2023-10-16,275.52,53,Male,TX,South,USA,Houston,1
1337,510,2024-01-11,323.52,30,Female,IL,Midwest,USA,Chicago,0
1338,194,2022-07-15,136.92,36,Male,IL,Midwest,USA,Chicago,0
1339,426,2024-01-23,304.59,28,Male,CA,West,USA,Los Angeles,1
1340,261,2023-07-26,498.51,59,Female,NY,Northeast,USA,New York,0
1341,550,2024-09-09,12.56,53,Male,NY,Northeast,USA,New York,0
1342,46,2024-06-24,338.41,68,Male,NY,Northeast,USA,New York,0
1343,80,2024-06-23,186.93,52,Male,ENG,England,UK,London,0
1344,383,2024-02-01,484.3,67,Female,TX,South,USA,Houston,0
1345,515,2024-05-26,64.21,67,Male,TX,South,USA,Houston,0
1346,474,2023-06-07,42.09,42,Female,NY,Northeast,USA,New York,0
1347,82,2024-11-22,233.41,40,Female,NY,Northeast,USA,New York,1
1348,106,2024-12-25,380.95,58,Female,NY,Northeast,USA,New York,0
1349,104,2023-12-17,13.95,18,Female,ON,Ontario,Canada,Toronto,0
1350,86,2023-02-09,431.95,54,Female,BY,Bavaria,Germany,Munich,0
1351,832,2023-05-24,185.39,30,Female,NY,Northeast,USA,New York,0
1352,268,2023-07-14,488.58,36,Male,CA,West,USA,Los Angeles,0
1353,795,2023-09-22,481.05,40,Male,NY,Northeast,USA,New York,0
1354,492,2023-09-19,407.32,63,Female,IL,Midwest,USA,Chicago,0
1355,992,2024-10-09,415.67,46,Female,TX,South,USA,Houston,0
1356,984,2022-07-16,304.4,51,Male,NY,Northeast,USA,New York,0
1357,604,2024-08-06,447.21,24,Female,BY,Bavaria,Germany,Munich,0
1358,916,2023-12-01,103.1,41,Female,CA,West,USA,Los Angeles,0
1359,403,2024-04-20,459.63,34,Male,ON,Ontario,Canada,Toronto,0
1360,399,2022-11-06,286.95,32,Male,CA,West,USA,Los Angeles,0
1361,125,2023-10-15,416.76,62,Other,NY,Northeast,USA,New York,0
1362,557,2022-03-03,251.96,56,Female,MH,Maharashtra,India,Mumbai,0
1363,663,2024-12-19,357.47,19,Female,NY,Northeast,USA,New York,0
1364,560,2023-11-05,188.03,62,Female,CA,West,USA,Los Angeles,0
1365,231,2024-10-07,244.12,42,Male,NSW,NSW,Australia,Sydney,0
1366,344,2023-02-05,200.06,44,Male,NSW,NSW,Australia,Sydney,0
1367,255,2023-03-26,395.26,52,Female,NY,Northeast,USA,New York,1
1368,857,2023-09-18,114.77,30,Female,TX,South,USA,Houston,0
1369,135,2024-02-19,521.87,59,Male,MH,Maharashtra,India,Mumbai,0
1370,292,2023-02-12,441.33,31,Male,NY,Northeast,USA,New York,0
1371,328,2023-06-25,458.19,19,Male,TX,South,USA,Houston,0
1372,428,2022-01-02,457.85,59,Female,IL,Midwest,USA,Chicago,1
1373,309,2022-10-12,223.65,34,Female,TX,South,USA,Houston,0
1374,907,2022-08-03,447.04,39,Other,FL,Southeast,USA,Miami,0
1375,506,2024-02-20,254.92,41,Male,ENG,England,UK,London,0
1376,346,2023-08-27,63.37,31,Female,FL,Southeast,USA,Miami,0
1377,340,2022-01-22,34.3,67,Female,IL,Midwest,USA,Chicago,0
1378,512,2024-02-05,46.09,56,Female,NY,Northeast,USA,New York,0
1379,364,2022-07-23,102.12,64,Female,TX,South,USA,Houston,0
1380,871,2023-07-08,197.48,41,Male,TX,South,USA,Houston,0
1381,123,2024-05-10,548.61,52,Other,ON,Ontario,Canada,Toronto,0
1382,328,2024-08-17,143.57,19,Male,TX,South,USA,Houston,0
1383,433,2024-06-13,512.25,60,Male,WA,West,USA,Seattle,0
1384,962,2023-08-06,431.54,39,Female,IL,Midwest,USA,Chicago,0
1385,297,2024-05-15,483.78,62,Male,FL,Southeast,USA,Miami,1
1386,204,2022-10-06,394.53,54,Female,FL,Southeast,USA,Miami,0
1387,400,2024-08-21,545.23,34,Female,CA,West,USA,Los Angeles,0
1388,685,2024-03-03,76.95,26,Male,TX,South,USA,Houston,0
1389,986,2024-09-23,274.06,51,Male,NY,Northeast,USA,New York,0
1390,61,2023-10-28,188.67,65,Male,MH,Maharashtra,India,Mumbai,0
1391,647,2022-01-21,149.28,41,Female,CA,West,USA,Los Angeles,0
1392,538,2024-08-17,256.42,24,Male,CA,West,USA,Los Angeles,0
1393,338,2023-10-13,260.39,34,Other,TX,South,USA,Houston,0
1394,160,2023-02-15,522.7,58,Male,CA,West,USA,Los Angeles,0
1395,659,2024-12-15,156.46,21,Male,TX,South,USA,Houston,0
1396,629,2024-06-25,511.53,44,Female,CA,West,USA,Los Angeles,0
1397,134,2023-10-04,97.33,47,Male,IL,Midwest,USA,Chicago,0
1398,617,2023-12-17,356.03,30,Male,NY,Northeast,USA,New York,0
1399,512,2022-12-16,159.65,56,Female,NY,Northeast,USA,New York,0
1400,417,2022-08-08,480.59,68,Male,IL,Midwest,USA,Chicago,0
1401,532,2022-09-12,320.96,26,Female,TX,South,USA,Houston,0
1402,925,2024-04-14,46.44,30,Male,BY,Bavaria,Germany,Munich,0
1403,435,2024-05-01,518.04,40,Female,IL,Midwest,USA,Chicago,0
1404,892,2023-11-14,163.21,54,Female,WA,West,USA,Seattle,0
1405,30,2023-06-05,492.29,41,Male,NY,Northeast,USA,New York,0
1406,735,2024-11-12,18.6,28,Male,IL,Midwest,USA,Chicago,0
1407,749,2024-01-08,131.22,34,Female,NY,Northeast,USA,New York,0
1408,720,2024-04-22,163.98,49,Male,NY,Northeast,USA,New York,0
1409,370,2023-03-27,367.94,58,Male,ON,Ontario,Canada,Toronto,0
1410,69,2024-07-04,449.12,21,Male,TX,South,USA,Houston,0
1411,56,2023-02-08,337.87,20,Male,WA,West,USA,Seattle,0
1412,324,2023-05-05,42.81,65,Female,FL,Southeast,USA,Miami,0
1413,122,2024-12-14,249.18,52,Female,TX,South,USA,Houston,0
1414,204,2023-10-11,267.18,54,Female,FL,Southeast,USA,Miami,0
1415,20,2023-10-13,196.92,41,Female,CA,West,USA,Los Angeles,0
1416,389,2023-03-02,228.51,64,Male,ENG,England,UK,London,0
1417,909,2023-05-25,261.27,37,Female,NY,Northeast,USA,New York,0
1418,110,2023-09-28,298.35,54,Male,TX,South,USA,Houston,1
1419,365,2024-01-26,357.47,24,Male,FL,Southeast,USA,Miami,0
1420,319,2023-06-14,119.74,66,Female,TX,South,USA,Houston,0
1421,438,2022-12-19,451.83,66,Male,FL,Southeast,USA,Miami,0
1422,571,2024-02-02,465.54,67,Female,ENG,England,UK,London,0
1423,920,2023-12-18,419.17,51,Other,BY,Bavaria,Germany,Munich,0
1424,167,2024-03-18,453.45,34,Female,ON,Ontario,Canada,Toronto,0
1425,302,2022-03-21,267.47,60,Male,FL,Southeast,USA,Miami,0
1426,106,2023-03-22,505.62,58,Female,NY,Northeast,USA,New York,0
1427,45,2023-12-01,200.67,21,Male,TX,South,USA,Houston,0
1428,707,2024-08-12,241.69,18,Female,IL,Midwest,USA,Chicago,0
1429,292,2022-10-14,409.98,31,Male,NY,Northeast,USA,New York,0
1430,247,2024-06-14,488.11,57,Male,IL,Midwest,USA,Chicago,0
1431,443,2023-11-16,243.8,24,Male,TX,South,USA,Houston,0
1432,479,2024-08-20,476.59,52,Female,IL,Midwest,USA,Chicago,0
1433,437,2023-08-17,339.5,47,Female,TX,South,USA,Houston,1
1434,839,2022-10-07,200.13,18,Female,FL,Southeast,USA,Miami,0
1435,683,2023-10-19,480.91,67,Male,ON,Ontario,Canada,Toronto,0
1436,379,2023-09-17,271.95,37,Female,TX,South,USA,Houston,0
1437,194,2023-02-06,451.65,36,Male,IL,Midwest,USA,Chicago,0
1438,99,2024-11-18,457.05,51,Other,ON,Ontario,Canada,Toronto,0
1439,708,2023-04-15,60.79,47,Female,TX,South,USA,Houston,0
1440,786,2022-12-23,436.85,48,Female,CA,West,USA,Los Angeles,0
1441,698,2022-06-11,89.59,48,Female,TX,South,USA,Houston,1
1442,739,2022-02-25,408.79,56,Male,NY,Northeast,USA,New York,0
1443,638,2022-05-16,380.23,33,Male,WA,West,USA,Seattle,0
1444,611,2024-08-27,415.76,61,Male,TX,South,USA,Houston,0
1445,966,2022-06-03,461.23,48,Female,IL,Midwest,USA,Chicago,0
1446,538,2024-11-04,340.79,24,Male,CA,West,USA,Los Angeles,0
1447,904,2022-09-07,175.92,63,Male,ENG,England,UK,London,0
1448,753,2022-04-23,300.66,22,Male,NY,Northeast,USA,New York,0
1449,442,2024-07-15,393.24,33,Female,TX,South,USA,Houston,0
1450,354,2023-10-19,199.98,40,Female,WA,West,USA,Seattle,1
1451,167,2023-11-01,142.68,34,Female,ON,Ontario,Canada,Toronto,0
1452,330,2024-06-11,279.94,46,Male,TX,South,USA,Houston,1
1453,524,2024-12-10,504.19,60,Female,NY,Northeast,USA,New York,0
1454,628,2024-01-26,357.2,37,Female,NY,Northeast,USA,New York,0
1455,845,2022-09-03,449.66,18,Other,IL,Midwest,USA,Chicago,0
1456,167,2024-10-25,271.94,34,Female,ON,Ontario,Canada,Toronto,0
1457,162,2024-06-11,530.91,52,Female,FL,Southeast,USA,Miami,1
1458,634,2024-01-22,445.61,37,Female,BY,Bavaria,Germany,Munich,0
1459,16,2022-09-09,183.75,58,Male,NY,Northeast,USA,New York,0
1460,868,2023-05-02,243.41,61,Male,TX,South,USA,Houston,0
1461,216,2023-03-20,528.84,32,Male,WA,West,USA,Seattle,0
1462,516,2022-03-05,477.31,23,Male,TX,South,USA,Houston,0
1463,77,2024-10-05,236.34,35,Female,WA,West,USA,Seattle,1
1464,83,2023-03-26,443.55,26,Male,TX,South,USA,Houston,0
1465,895,2023-07-07,483.11,56,Female,FL,Southeast,USA,Miami,0
1466,663,2022-12-28,133.36,19,Female,NY,Northeast,USA,New York,0
1467,942,2023-10-10,279.44,39,Male,CA,West,USA,Los Angeles,0
1468,870,2022-08-08,380.97,20,Male,TX,South,USA,Houston,0
1469,988,2023-07-13,50.52,34,Female,ON,Ontario,Canada,Toronto,0
1470,197,2022-03-08,404.79,35,Female,CA,West,USA,Los Angeles,0
1471,734,2024-06-26,127.02,58,Female,NSW,NSW,Australia,Sydney,0
1472,613,2022-03-18,244.7,58,Female,CA,West,USA,Los Angeles,0
1473,213,2023-02-21,205.48,59,Female,MH,Maharashtra,India,Mumbai,0
1474,198,2022-02-03,372.68,24,Female,WA,West,USA,Seattle,1
1475,390,2022-08-07,124.25,25,Female,TX,South,USA,Houston,0
1476,820,2022-03-17,238.52,69,Female,BY,Bavaria,Germany,Munich,0
1477,467,2022-03-14,140.13,26,Other,IL,Midwest,USA,Chicago,0
1478,253,2022-11-28,36.85,27,Male,ENG,England,UK,London,0
1479,584,2023-02-21,448.72,20,Female,CA,West,USA,Los Angeles,0
1480,630,2024-09-09,134.42,37,Other,CA,West,USA,Los Angeles,1
1481,619,2022-06-13,123.88,21,Male,CA,West,USA,Los Angeles,0
1482,590,2023-08-21,34.89,61,Female,TX,South,USA,Houston,0
1483,382,2024-01-12,287.08,66,Female,FL,Southeast,USA,Miami,0
1484,375,2023-01-15,150.3,64,Female,BY,Bavaria,Germany,Munich,0
1485,380,2023-11-23,304.32,31,Female,FL,Southeast,USA,Miami,0
1486,901,2022-07-09,364.53,18,Male,FL,Southeast,USA,Miami,0
1487,432,2022-02-03,32.51,56,Male,FL,Southeast,USA,Miami,0
1488,902,2023-05-12,114.73,20,Male,WA,West,USA,Seattle,0
1489,317,2024-07-07,225.72,55,Female,WA,West,USA,Seattle,0
1490,341,2024-03-16,494.01,51,Male,CA,West,USA,Los Angeles,1
1491,351,2024-08-24,71.42,45,Male,NY,Northeast,USA,New York,0
1492,349,2023-07-22,396.95,27,Male,TX,South,USA,Houston,0
1493,326,2022-08-21,477.26,29,Male,CA,West,USA,Los Angeles,1
1494,655,2023-11-16,50.94,46,Female,FL,Southeast,USA,Miami,0
1495,963,2023-06-25,183.57,61,Male,CA,West,USA,Los Angeles,0
1496,284,2022-11-26,387.09,43,Female,CA,West,USA,Los Angeles,0
1497,306,2022-07-22,468.24,25,Male,IL,Midwest,USA,Chicago,0
1498,304,2023-07-04,138.75,64,Female,IL,Midwest,USA,Chicago,0
1499,243,2023-09-09,343.99,22,Female,CA,West,USA,Los Angeles,0
1500,21,2022-08-27,368.47,44,Female,NY,Northeast,USA,New York,0
1501,5,2024-01-03,232.93,40,Female,ON,Ontario,Canada,Toronto,0
1502,94,2023-12-16,358.35,38,Female,TX,South,USA,Houston,0
1503,149,2024-12-18,312.56,60,Female,BY,Bavaria,Germany,Munich,1
1504,659,2023-04-11,497.37,21,Male,TX,South,USA,Houston,0
1505,130,2023-08-20,290.41,51,Female,TX,South,USA,Houston,1
1506,321,2022-10-03,263.14,34,Male,BY,Bavaria,Germany,Munich,0
1507,465,2023-12-07,358.23,18,Other,IL,Midwest,USA,Chicago,0
1508,82,2022-08-09,84.63,40,Female,NY,Northeast,USA,New York,1
1509,477,2022-01-05,270.17,62,Female,TX,South,USA,Houston,0
1510,931,2024-09-13,39.02,45,Female,ON,Ontario,Canada,Toronto,0
1511,7,2023-02-14,336.28,22,Male,IL,Midwest,USA,Chicago,0
1512,296,2022-09-27,271.99,45,Male,NY,Northeast,USA,New York,0
1513,90,2024-08-14,471.86,61,Male,CA,West,USA,Los Angeles,0
1514,210,2022-09-22,400.87,58,Female,NY,Northeast,USA,New York,0
1515,842,2023-03-03,235.26,52,Female,CA,West,USA,Los Angeles,0
1516,523,2023-07-02,352.88,27,Other,CA,West,USA,Los Angeles,1
1517,346,2023-08-12,168.14,31,Female,FL,Southeast,USA,Miami,0
1518,831,2023-05-10,212.04,30,Female,FL,Southeast,USA,Miami,0
1519,919,2022-03-26,48.23,31,Female,CA,West,USA,Los Angeles,0
1520,873,2024-04-14,66.47,23,Male,NY,Northeast,USA,New York,0
1521,511,2022-11-14,411.19,69,Female,CA,West,USA,Los Angeles,1
1522,306,2022-07-24,486.25,25,Male,IL,Midwest,USA,Chicago,0
1523,509,2023-09-25,264.7,31,Female,CA,West,USA,Los Angeles,0
1524,743,2024-07-22,81.43,50,Male,NY,Northeast,USA,New York,0
1525,436,2024-11-13,59.68,24,Male,CA,West,USA,Los Angeles,0
1526,524,2024-07-07,36.12,60,Female,NY,Northeast,USA,New York,0
1527,773,2024-02-01,493.47,18,Male,WA,West,USA,Seattle,0
1528,596,2024-03-02,253.88,59,Male,NY,Northeast,USA,New York,0
1529,756,2023-01-23,467.86,40,Female,TX,South,USA,Houston,0
1530,441,2024-11-04,210.32,68,Male,NY,Northeast,USA,New York,0
1531,807,2023-09-12,316.04,46,Female,TX,South,USA,Houston,0
1532,178,2023-10-15,360.59,26,Female,TX,South,USA,Houston,0
1533,697,2024-10-16,38.66,55,Male,CA,West,USA,Los Angeles,0
1534,821,2023-11-03,364.62,19,Female,CA,West,USA,Los Angeles,0
1535,418,2022-12-15,401.86,24,Male,IL,Midwest,USA,Chicago,0
1536,545,2023-09-07,22.07,61,Male,MH,Maharashtra,India,Mumbai,0
1537,615,2023-04-10,41.15,53,Other,CA,West,USA,Los Angeles,0
1538,402,2024-02-23,297.72,58,Male,CA,West,USA,Los Angeles,0
1539,482,2023-08-13,515.14,61,Female,NY,Northeast,USA,New York,0
1540,676,2024-10-12,545.32,55,Female,FL,Southeast,USA,Miami,1
1541,745,2023-08-01,67.52,59,Male,NY,Northeast,USA,New York,0
1542,426,2024-05-28,428.77,28,Male,CA,West,USA,Los Angeles,1
1543,885,2022-10-17,398.73,60,Other,CA,West,USA,Los Angeles,0
1544,850,2024-06-22,492.47,49,Male,CA,West,USA,Los Angeles,1
1545,728,2023-05-13,33.2,22,Female,CA,West,USA,Los Angeles,1
1546,136,2023-11-08,515.68,33,Male,TX,South,USA,Houston,0
1547,385,2023-08-08,437.4,19,Male,NY,Northeast,USA,New York,0
1548,30,2023-04-01,326.23,41,Male,NY,Northeast,USA,New York,0
1549,930,2023-05-25,45.31,48,Male,WA,West,USA,Seattle,0
1550,570,2024-08-15,143.0,47,Male,TX,South,USA,Houston,1
1551,333,2024-06-10,201.43,34,Male,TX,South,USA,Houston,0
1552,257,2024-03-20,481.73,53,Male,CA,West,USA,Los Angeles,0
1553,683,2023-08-04,405.93,67,Male,ON,Ontario,Canada,Toronto,0
1554,119,2023-09-14,499.21,30,Male,MH,Maharashtra,India,Mumbai,0
1555,365,2024-01-13,243.09,24,Male,FL,Southeast,USA,Miami,0
1556,31,2024-07-26,514.34,41,Female,NY,Northeast,USA,New York,0
1557,747,2023-08-23,475.83,45,Female,NY,Northeast,USA,New York,0
1558,771,2024-05-22,21.35,51,Other,FL,Southeast,USA,Miami,0
1559,744,2023-05-08,134.87,32,Male,NY,Northeast,USA,New York,0
1560,960,2024-05-15,450.18,39,Male,TX,South,USA,Houston,0
1561,489,2024-06-28,376.2,57,Male,MH,Maharashtra,India,Mumbai,0
1562,616,2024-11-01,133.52,51,Male,BY,Bavaria,Germany,Munich,0
1563,865,2022-07-19,392.92,61,Female,IL,Midwest,USA,Chicago,0
1564,773,2024-12-10,184.93,18,Male,WA,West,USA,Seattle,0
1565,461,2022-06-21,305.05,55,Female,FL,Southeast,USA,Miami,0
1566,839,2024-09-14,524.14,18,Female,FL,Southeast,USA,Miami,0
1567,772,2023-08-20,135.06,69,Male,FL,Southeast,USA,Miami,0
1568,806,2024-10-08,41.59,58,Female,NY,Northeast,USA,New York,0
1569,488,2024-11-25,373.48,45,Male,IL,Midwest,USA,Chicago,1
1570,327,2022-07-24,366.93,30,Female,TX,South,USA,Houston,0
1571,779,2023-07-18,172.95,32,Female,ENG,England,UK,London,0
1572,3,2024-12-12,268.26,52,Female,NY,Northeast,USA,New York,0
1573,878,2023-12-05,270.87,56,Female,FL,Southeast,USA,Miami,0
1574,629,2022-12-06,409.81,44,Female,CA,West,USA,Los Angeles,0
1575,829,2022-03-12,349.61,62,Male,FL,Southeast,USA,Miami,1
1576,948,2023-01-22,152.39,24,Female,TX,South,USA,Houston,1
1577,731,2024-06-27,161.03,55,Male,NY,Northeast,USA,New York,0
1578,888,2024-10-18,189.54,28,Male,CA,West,USA,Los Angeles,0
1579,640,2022-02-27,81.52,67,Female,ON,Ontario,Canada,Toronto,0
1580,5,2023-06-06,80.34,40,Female,ON,Ontario,Canada,Toronto,0
1581,378,2023-08-21,435.16,56,Male,NY,Northeast,USA,New York,0
1582,905,2023-04-15,442.59,41,Male,ON,Ontario,Canada,Toronto,0
1583,228,2024-10-04,153.93,48,Male,ENG,England,UK,London,0
1584,11,2023-04-20,452.3,45,Male,CA,West,USA,Los Angeles,0
1585,420,2023-11-26,307.04,44,Female,NSW,NSW,Australia,Sydney,0
1586,532,2024-05-13,402.03,26,Female,TX,South,USA,Houston,0
1587,499,2023-08-08,467.9,66,Other,ON,Ontario,Canada,Toronto,0
1588,853,2024-08-09,180.42,68,Male,NY,Northeast,USA,New York,1
1589,178,2022-05-17,334.49,26,Female,TX,South,USA,Houston,0
1590,417,2022-06-20,161.18,68,Male,IL,Midwest,USA,Chicago,0
1591,597,2022-11-07,452.43,48,Male,CA,West,USA,Los Angeles,0
1592,684,2024-08-20,175.61,67,Male,CA,West,USA,Los Angeles,1
1593,841,2024-01-21,354.38,33,Male,CA,West,USA,Los Angeles,1
1594,233,2022-10-01,103.6,19,Male,IL,Midwest,USA,Chicago,0
1595,884,2022-03-11,191.19,26,Other,CA,West,USA,Los Angeles,0
1596,971,2023-07-07,193.12,33,Female,TX,South,USA,Houston,0
1597,991,2024-07-23,422.98,35,Male,NSW,NSW,Australia,Sydney,0
1598,45,2024-07-19,168.48,21,Male,TX,South,USA,Houston,0
1599,370,2024-01-15,190.88,58,Male,ON,Ontario,Canada,Toronto,0
1600,633,2024-04-07,16.37,40,Male,MH,Maharashtra,India,Mumbai,0
1601,291,2023-01-14,174.65,59,Male,WA,West,USA,Seattle,0
1602,35,2024-06-27,160.55,64,Male,CA,West,USA,Los Angeles,0
1603,264,2023-08-28,293.47,66,Male,CA,West,USA,Los Angeles,1
1604,42,2023-09-05,219.28,57,Female,NY,Northeast,USA,New York,0
1605,738,2024-01-14,549.28,35,Male,NY,Northeast,USA,New York,0
1606,271,2022-02-21,277.6,33,Male,FL,Southeast,USA,Miami,0
1607,664,2024-09-09,51.12,28,Male,TX,South,USA,Houston,0
1608,16,2024-07-28,455.45,58,Male,NY,Northeast,USA,New York,0
1609,793,2024-11-14,40.43,55,Female,FL,Southeast,USA,Miami,0
1610,208,2023-03-10,445.46,68,Female,TX,South,USA,Houston,0
1611,240,2023-02-27,221.2,50,Male,WA,West,USA,Seattle,0
1612,154,2024-05-17,45.05,33,Male,CA,West,USA,Los Angeles,0
1613,83,2024-09-02,547.58,26,Male,TX,South,USA,Houston,0
1614,912,2023-07-03,267.92,27,Other,MH,Maharashtra,India,Mumbai,0
1615,938,2024-02-28,480.32,25,Female,IL,Midwest,USA,Chicago,0
1616,42,2023-02-18,229.04,57,Female,NY,Northeast,USA,New York,0
1617,273,2024-09-25,264.53,25,Female,FL,Southeast,USA,Miami,0
1618,612,2024-05-28,210.07,42,Male,TX,South,USA,Houston,0
1619,567,2023-09-21,202.22,29,Male,TX,South,USA,Houston,0
1620,671,2023-05-28,422.72,67,Male,TX,South,USA,Houston,0
1621,907,2024-05-27,28.09,39,Other,FL,Southeast,USA,Miami,0
1622,822,2024-03-12,280.04,52,Female,CA,West,USA,Los Angeles,0
1623,314,2024-12-18,156.94,32,Female,NY,Northeast,USA,New York,0
1624,368,2023-01-23,299.76,34,Female,CA,West,USA,Los Angeles,0
1625,338,2024-02-27,129.31,34,Other,TX,South,USA,Houston,0
1626,182,2022-11-24,180.89,25,Male,ON,Ontario,Canada,Toronto,0
1627,569,2023-03-23,287.57,51,Male,NY,Northeast,USA,New York,0
1628,122,2023-04-10,395.9,52,Female,TX,South,USA,Houston,0
1629,116,2024-04-13,530.35,47,Female,CA,West,USA,Los Angeles,1
1630,143,2024-09-24,144.63,32,Male,TX,South,USA,Houston,0
1631,745,2024-06-04,276.22,59,Male,NY,Northeast,USA,New York,0
1632,525,2024-11-05,202.54,34,Female,TX,South,USA,Houston,0
1633,305,2023-10-23,325.38,46,Male,IL,Midwest,USA,Chicago,0
1634,597,2023-07-28,200.95,48,Male,CA,West,USA,Los Angeles,0
1635,718,2023-04-12,60.97,43,Female,BY,Bavaria,Germany,Munich,1
1636,789,2022-10-25,311.05,46,Female,CA,West,USA,Los Angeles,0
1637,461,2023-11-10,29.07,55,Female,FL,Southeast,USA,Miami,0
1638,805,2024-11-15,34.82,56,Female,TX,South,USA,Houston,0
1639,322,2024-01-28,496.46,23,Female,TX,South,USA,Houston,0
1640,843,2024-09-11,488.81,65,Female,IL,Midwest,USA,Chicago,0
1641,193,2023-09-25,302.87,49,Male,NY,Northeast,USA,New York,0
1642,160,2023-12-27,19.95,58,Male,CA,West,USA,Los Angeles,0
1643,760,2022-04-21,178.12,55,Other,TX,South,USA,Houston,0
1644,746,2023-10-02,190.45,36,Male,CA,West,USA,Los Angeles,0
1645,878,2023-09-27,385.03,56,Female,FL,Southeast,USA,Miami,0
1646,73,2023-11-14,432.31,42,Female,FL,Southeast,USA,Miami,1
1647,904,2022-09-09,183.58,63,Male,ENG,England,UK,London,0
1648,881,2024-11-14,242.65,22,Male,ON,Ontario,Canada,Toronto,0
1649,560,2023-05-13,127.29,62,Female,CA,West,USA,Los Angeles,0
1650,526,2023-03-11,388.68,34,Male,NY,Northeast,USA,New York,0
1651,152,2023-05-19,191.95,32,Female,NY,Northeast,USA,New York,0
1652,642,2023-11-04,377.03,65,Female,TX,South,USA,Houston,0
1653,769,2023-02-18,377.76,25,Female,IL,Midwest,USA,Chicago,0
1654,620,2023-09-08,91.74,25,Female,NY,Northeast,USA,New York,0
1655,223,2024-12-23,497.15,54,Male,IL,Midwest,USA,Chicago,1
1656,558,2022-12-28,414.02,63,Male,TX,South,USA,Houston,0
1657,162,2024-09-14,331.16,52,Female,FL,Southeast,USA,Miami,1
1658,524,2022-10-23,52.3,60,Female,NY,Northeast,USA,New York,0
1659,881,2023-02-09,97.47,22,Male,ON,Ontario,Canada,Toronto,0
1660,923,2022-07-24,55.17,41,Female,WA,West,USA,Seattle,0
1661,720,2023-07-15,251.4,49,Male,NY,Northeast,USA,New York,0
1662,349,2023-10-15,148.51,27,Male,TX,South,USA,Houston,0
1663,346,2024-04-03,467.14,31,Female,FL,Southeast,USA,Miami,0
1664,779,2023-02-19,237.04,32,Female,ENG,England,UK,London,0
1665,14,2024-09-23,259.31,57,Male,IL,Midwest,USA,Chicago,1
1666,362,2023-07-15,489.45,64,Female,MH,Maharashtra,India,Mumbai,1
1667,555,2022-11-05,293.11,69,Male,NY,Northeast,USA,New York,1
1668,46,2023-07-19,211.79,68,Male,NY,Northeast,USA,New York,0
1669,804,2023-11-18,521.41,65,Male,TX,South,USA,Houston,0
1670,379,2023-07-25,250.79,37,Female,TX,South,USA,Houston,0
1671,834,2024-10-27,329.33,25,Other,CA,West,USA,Los Angeles,0
1672,151,2024-10-07,220.84,62,Male,NY,Northeast,USA,New York,0
1673,38,2024-04-09,378.46,61,Male,IL,Midwest,USA,Chicago,0
1674,441,2023-05-27,413.55,68,Male,NY,Northeast,USA,New York,0
1675,963,2024-12-04,356.2,61,Male,CA,West,USA,Los Angeles,0
1676,83,2023-04-26,139.63,26,Male,TX,South,USA,Houston,0
1677,128,2024-09-05,528.33,57,Male,CA,West,USA,Los Angeles,0
1678,786,2024-03-12,292.03,48,Female,CA,West,USA,Los Angeles,0
1679,114,2024-10-04,464.52,41,Other,NY,Northeast,USA,New York,0
1680,591,2024-04-28,16.04,59,Male,NY,Northeast,USA,New York,0
1681,42,2024-08-15,295.35,57,Female,NY,Northeast,USA,New York,0
1682,38,2022-08-25,468.43,61,Male,IL,Midwest,USA,Chicago,0
1683,389,2024-03-01,388.89,64,Male,ENG,England,UK,London,0
1684,646,2023-07-02,69.91,35,Male,BY,Bavaria,Germany,Munich,0
1685,596,2024-11-15,400.83,59,Male,NY,Northeast,USA,New York,0
1686,955,2024-09-02,19.44,58,Male,FL,Southeast,USA,Miami,0
1687,55,2022-12-16,190.65,43,Male,NY,Northeast,USA,New York,0
1688,64,2022-10-20,125.98,68,Female,BY,Bavaria,Germany,Munich,0
1689,776,2022-09-14,133.42,67,Male,CA,West,USA,Los Angeles,0
1690,357,2023-08-22,32.15,25,Female,NY,Northeast,USA,New York,0
1691,213,2022-12-03,312.39,59,Female,MH,Maharashtra,India,Mumbai,0
1692,895,2024-07-07,418.36,56,Female,FL,Southeast,USA,Miami,0
1693,317,2023-06-05,162.18,55,Female,WA,West,USA,Seattle,0
1694,34,2024-11-14,333.26,46,Female,IL,Midwest,USA,Chicago,0
1695,17,2023-12-12,268.95,44,Male,CA,West,USA,Los Angeles,0
1696,919,2023-07-16,526.44,31,Female,CA,West,USA,Los Angeles,0
1697,160,2022-03-05,408.04,58,Male,CA,West,USA,Los Angeles,0
1698,989,2024-08-13,530.39,30,Female,CA,West,USA,Los Angeles,0
1699,199,2022-10-22,413.92,35,Female,NSW,NSW,Australia,Sydney,0
1700,390,2022-06-02,332.26,25,Female,TX,South,USA,Houston,0
1701,63,2022-10-23,44.87,37,Female,ENG,England,UK,London,0
1702,465,2024-07-07,482.01,18,Other,IL,Midwest,USA,Chicago,0
1703,963,2022-05-25,382.9,61,Male,CA,West,USA,Los Angeles,0
1704,989,2024-08-23,166.05,30,Female,CA,West,USA,Los Angeles,0
1705,373,2024-06-13,159.04,39,Other,MH,Maharashtra,India,Mumbai,0
1706,60,2024-10-03,298.91,53,Female,ENG,England,UK,London,1
1707,692,2022-01-11,148.67,59,Male,FL,Southeast,USA,Miami,1
1708,319,2022-11-18,485.61,66,Female,TX,South,USA,Houston,0
1709,869,2023-05-10,111.14,41,Male,NY,Northeast,USA,New York,0
1710,64,2022-12-18,85.16,68,Female,BY,Bavaria,Germany,Munich,0
1711,97,2024-10-24,35.09,30,Female,CA,West,USA,Los Angeles,0
1712,747,2023-04-27,297.62,45,Female,NY,Northeast,USA,New York,0
1713,651,2023-12-12,395.13,43,Male,IL,Midwest,USA,Chicago,0
1714,652,2022-07-28,297.31,51,Female,CA,West,USA,Los Angeles,0
1715,547,2024-07-07,125.5,40,Male,TX,South,USA,Houston,0
1716,864,2022-12-27,462.48,58,Male,ENG,England,UK,London,0
1717,674,2024-12-04,219.36,22,Female,CA,West,USA,Los Angeles,1
1718,191,2022-09-16,78.99,53,Male,WA,West,USA,Seattle,0
1719,803,2024-12-19,116.05,44,Female,TX,South,USA,Houston,1
1720,546,2024-05-02,251.69,20,Male,CA,West,USA,Los Angeles,0
1721,181,2022-04-13,276.74,66,Male,IL,Midwest,USA,Chicago,0
1722,714,2022-01-08,304.71,57,Male,TX,South,USA,Houston,0
1723,678,2023-05-23,48.64,22,Male,ON,Ontario,Canada,Toronto,0
1724,282,2022-08-14,435.07,43,Female,WA,West,USA,Seattle,1
1725,186,2022-05-03,174.85,41,Male,NY,Northeast,USA,New York,0
1726,890,2024-08-02,153.56,32,Male,CA,West,USA,Los Angeles,0
1727,857,2024-01-01,388.54,30,Female,TX,South,USA,Houston,0
1728,198,2022-05-02,310.64,24,Female,WA,West,USA,Seattle,1
1729,690,2023-10-14,526.27,58,Female,BY,Bavaria,Germany,Munich,0
1730,119,2023-02-10,223.74,30,Male,MH,Maharashtra,India,Mumbai,0
1731,912,2024-10-06,111.77,27,Other,MH,Maharashtra,India,Mumbai,0
1732,281,2022-10-11,486.65,32,Male,CA,West,USA,Los Angeles,1
1733,172,2024-08-13,275.73,22,Female,FL,Southeast,USA,Miami,0
1734,798,2024-11-17,374.25,41,Male,CA,West,USA,Los Angeles,0
1735,961,2022-12-14,30.73,25,Female,ENG,England,UK,London,0
1736,715,2022-01-27,174.58,65,Male,BY,Bavaria,Germany,Munich,1
1737,897,2023-09-11,523.36,44,Female,NY,Northeast,USA,New York,0
1738,892,2024-04-11,540.45,54,Female,WA,West,USA,Seattle,0
1739,295,2023-06-12,521.77,46,Male,BY,Bavaria,Germany,Munich,1
1740,617,2024-08-02,463.37,30,Male,NY,Northeast,USA,New York,0
1741,690,2024-10-21,285.88,58,Female,BY,Bavaria,Germany,Munich,0
1742,919,2024-11-16,325.12,31,Female,CA,West,USA,Los Angeles,0
1743,541,2023-09-12,49.48,54,Male,NY,Northeast,USA,New York,0
1744,544,2023-10-11,422.63,27,Female,BY,Bavaria,Germany,Munich,0
1745,818,2024-08-15,422.29,23,Male,WA,West,USA,Seattle,1
1746,919,2023-02-26,378.49,31,Female,CA,West,USA,Los Angeles,0
1747,65,2024-01-12,221.15,39,Female,WA,West,USA,Seattle,0
1748,871,2022-07-13,140.27,41,Male,TX,South,USA,Houston,0
1749,392,2022-10-04,406.86,27,Other,WA,West,USA,Seattle,0
1750,474,2024-02-10,546.03,42,Female,NY,Northeast,USA,New York,0
1751,432,2023-06-21,230.56,56,Male,FL,Southeast,USA,Miami,0
1752,7,2022-04-21,37.2,22,Male,IL,Midwest,USA,Chicago,0
1753,574,2022-08-23,451.36,20,Female,ENG,England,UK,London,0
1754,986,2023-06-14,368.7,51,Male,NY,Northeast,USA,New York,0
1755,717,2024-03-26,379.68,44,Male,CA,West,USA,Los Angeles,0
1756,498,2022-01-16,472.69,37,Male,NY,Northeast,USA,New York,0
1757,23,2022-05-04,338.54,27,Male,ENG,England,UK,London,0
1758,741,2023-07-05,331.33,60,Female,NY,Northeast,USA,New York,0
1759,669,2024-12-14,400.91,65,Female,NY,Northeast,USA,New York,0
1760,453,2023-04-11,261.96,43,Male,WA,West,USA,Seattle,0
1761,366,2024-07-04,168.7,44,Female,ENG,England,UK,London,0
1762,363,2024-08-02,149.38,29,Female,MH,Maharashtra,India,Mumbai,0
1763,216,2023-09-18,387.81,32,Male,WA,West,USA,Seattle,0
1764,359,2024-05-22,144.34,22,Male,NY,Northeast,USA,New York,0
1765,162,2024-02-07,522.22,52,Female,FL,Southeast,USA,Miami,1
1766,356,2023-12-07,219.92,69,Female,MH,Maharashtra,India,Mumbai,0
1767,936,2023-12-15,339.68,66,Other,NSW,NSW,Australia,Sydney,0
1768,580,2024-06-04,34.69,23,Male,CA,West,USA,Los Angeles,0
1769,582,2024-08-24,257.58,61,Female,CA,West,USA,Los Angeles,0
1770,808,2024-01-17,230.48,23,Female,TX,South,USA,Houston,0
1771,878,2024-01-11,425.36,56,Female,FL,Southeast,USA,Miami,0
1772,570,2023-02-17,39.39,47,Male,TX,South,USA,Houston,1
1773,362,2024-10-05,232.01,64,Female,MH,Maharashtra,India,Mumbai,1
1774,526,2024-04-09,482.14,34,Male,NY,Northeast,USA,New York,0
1775,869,2022-03-15,337.56,41,Male,NY,Northeast,USA,New York,0
1776,307,2022-01-27,390.94,33,Female,CA,West,USA,Los Angeles,0
1777,981,2023-01-24,407.04,48,Male,TX,South,USA,Houston,0
1778,463,2024-06-18,374.48,56,Male,FL,Southeast,USA,Miami,0
1779,729,2023-08-10,213.84,43,Female,CA,West,USA,Los Angeles,0
1780,180,2024-08-26,230.39,44,Male,TX,South,USA,Houston,0
1781,985,2022-07-04,35.08,48,Female,ON,Ontario,Canada,Toronto,0
1782,745,2023-07-09,111.88,59,Male,NY,Northeast,USA,New York,0
1783,896,2024-10-13,317.48,49,Male,MH,Maharashtra,India,Mumbai,0
1784,784,2022-05-16,448.59,24,Female,IL,Midwest,USA,Chicago,0
1785,431,2024-04-19,347.19,22,Male,FL,Southeast,USA,Miami,0
1786,239,2022-11-12,199.65,34,Male,TX,South,USA,Houston,0
1787,801,2024-09-27,467.77,18,Male,NSW,NSW,Australia,Sydney,0
1788,568,2022-07-12,229.9,30,Female,MH,Maharashtra,India,Mumbai,0
1789,243,2024-04-18,153.82,22,Female,CA,West,USA,Los Angeles,0
1790,285,2024-03-02,55.14,40,Other,NY,Northeast,USA,New York,0
1791,190,2022-01-05,415.99,33,Female,NY,Northeast,USA,New York,1
1792,978,2022-11-07,311.83,47,Other,CA,West,USA,Los Angeles,0
1793,704,2022-08-01,294.6,26,Female,CA,West,USA,Los Angeles,0
1794,299,2024-01-25,406.7,32,Female,FL,Southeast,USA,Miami,0
1795,217,2024-03-18,343.25,22,Female,NY,Northeast,USA,New York,1
1796,865,2023-04-24,192.66,61,Female,IL,Midwest,USA,Chicago,0
1797,722,2023-04-10,331.37,66,Male,TX,South,USA,Houston,0
1798,701,2024-08-03,88.06,45,Female,CA,West,USA,Los Angeles,0
1799,66,2023-06-10,164.43,34,Female,TX,South,USA,Houston,0
1800,966,2024-11-01,306.08,48,Female,IL,Midwest,USA,Chicago,0
1801,440,2023-10-09,46.52,38,Male,CA,West,USA,Los Angeles,0
1802,720,2024-12-03,462.19,49,Male,NY,Northeast,USA,New York,0
1803,181,2024-11-06,35.7,66,Male,IL,Midwest,USA,Chicago,0
1804,610,2023-12-18,204.01,62,Male,CA,West,USA,Los Angeles,0
1805,93,2022-12-27,232.65,61,Male,NSW,NSW,Australia,Sydney,0
1806,461,2022-05-07,343.55,55,Female,FL,Southeast,USA,Miami,0
1807,236,2023-03-28,91.04,55,Female,IL,Midwest,USA,Chicago,0
1808,472,2023-03-22,437.22,59,Male,NSW,NSW,Australia,Sydney,0
1809,870,2024-08-04,245.05,20,Male,TX,South,USA,Houston,0
1810,2,2024-09-01,149.03,58,Female,NSW,NSW,Australia,Sydney,0
1811,461,2023-02-04,61.68,55,Female,FL,Southeast,USA,Miami,0
1812,997,2024-11-21,519.01,45,Female,FL,Southeast,USA,Miami,0
1813,973,2023-10-19,220.12,42,Male,IL,Midwest,USA,Chicago,0
1814,568,2024-08-25,220.48,30,Female,MH,Maharashtra,India,Mumbai,0
1815,665,2022-06-15,98.32,49,Male,ENG,England,UK,London,0
1816,587,2024-03-02,289.08,53,Female,NY,Northeast,USA,New York,1
1817,457,2024-07-28,186.75,25,Female,FL,Southeast,USA,Miami,0
1818,181,2024-03-25,102.26,66,Male,IL,Midwest,USA,Chicago,0
1819,809,2024-08-21,424.38,38,Male,FL,Southeast,USA,Miami,0
1820,432,2023-05-26,477.16,56,Male,FL,Southeast,USA,Miami,0
1821,874,2024-04-08,204.54,24,Female,NY,Northeast,USA,New York,0
1822,220,2023-06-16,159.41,64,Other,ON,Ontario,Canada,Toronto,0
1823,196,2024-08-15,216.11,22,Female,TX,South,USA,Houston,0
1824,219,2022-06-08,463.17,41,Female,IL,Midwest,USA,Chicago,0
1825,652,2022-12-28,295.97,51,Female,CA,West,USA,Los Angeles,0
1826,548,2023-01-16,96.77,48,Female,TX,South,USA,Houston,0
1827,657,2022-12-26,319.92,57,Male,CA,West,USA,Los Angeles,1
1828,241,2024-01-09,231.41,25,Male,NY,Northeast,USA,New York,0
1829,360,2024-04-14,20.75,56,Female,NY,Northeast,USA,New York,0
1830,667,2024-12-27,543.5,44,Female,ENG,England,UK,London,1
1831,504,2022-10-06,66.3,63,Male,IL,Midwest,USA,Chicago,0
1832,377,2024-09-16,238.13,56,Male,NY,Northeast,USA,New York,0
1833,324,2022-10-23,332.24,65,Female,FL,Southeast,USA,Miami,0
1834,377,2023-06-23,314.98,56,Male,NY,Northeast,USA,New York,0
1835,279,2024-10-22,13.51,21,Female,NY,Northeast,USA,New York,0
1836,703,2022-03-18,307.86,26,Female,ENG,England,UK,London,0
1837,164,2022-10-01,366.36,39,Male,CA,West,USA,Los Angeles,1
1838,671,2022-12-09,426.17,67,Male,TX,South,USA,Houston,0
1839,77,2023-11-23,106.14,35,Female,WA,West,USA,Seattle,1
1840,404,2024-10-15,31.37,68,Female,CA,West,USA,Los Angeles,0
1841,500,2022-09-11,472.75,40,Male,TX,South,USA,Houston,0
1842,931,2022-07-25,343.41,45,Female,ON,Ontario,Canada,Toronto,0
1843,662,2024-06-10,260.88,56,Female,NY,Northeast,USA,New York,1
1844,329,2023-11-11,387.19,25,Female,BY,Bavaria,Germany,Munich,0
1845,370,2024-09-12,97.41,58,Male,ON,Ontario,Canada,Toronto,0
1846,719,2024-06-10,537.17,30,Female,NSW,NSW,Australia,Sydney,0
1847,868,2024-10-15,370.25,61,Male,TX,South,USA,Houston,0
1848,794,2024-01-27,492.47,60,Male,NY,Northeast,USA,New York,0
1849,901,2023-11-28,299.75,18,Male,FL,Southeast,USA,Miami,0
1850,219,2024-11-10,450.68,41,Female,IL,Midwest,USA,Chicago,0
1851,493,2022-04-11,170.56,57,Female,NY,Northeast,USA,New York,1
1852,475,2022-01-25,75.21,50,Male,CA,West,USA,Los Angeles,1
1853,420,2024-10-17,205.38,44,Female,NSW,NSW,Australia,Sydney,0
1854,21,2022-03-05,449.49,44,Female,NY,Northeast,USA,New York,0
1855,223,2024-12-16,394.31,54,Male,IL,Midwest,USA,Chicago,1
1856,331,2024-01-23,261.59,46,Female,TX,South,USA,Houston,0
1857,411,2024-04-12,140.28,27,Female,CA,West,USA,Los Angeles,0
1858,270,2023-01-18,321.22,48,Female,ON,Ontario,Canada,Toronto,0
1859,355,2023-10-22,318.55,68,Male,ON,Ontario,Canada,Toronto,0
1860,772,2024-08-04,302.57,69,Male,FL,Southeast,USA,Miami,0
1861,327,2023-11-28,393.82,30,Female,TX,South,USA,Houston,0
1862,221,2023-12-02,136.72,24,Female,CA,West,USA,Los Angeles,0
1863,467,2024-08-04,291.63,26,Other,IL,Midwest,USA,Chicago,0
1864,26,2024-04-09,180.45,51,Male,CA,West,USA,Los Angeles,0
1865,228,2024-02-01,124.03,48,Male,ENG,England,UK,London,0
1866,24,2022-11-19,173.06,66,Female,WA,West,USA,Seattle,0
1867,68,2023-04-15,427.65,37,Male,CA,West,USA,Los Angeles,0
1868,764,2024-11-11,73.7,66,Female,CA,West,USA,Los Angeles,0
1869,25,2022-11-28,144.99,58,Male,IL,Midwest,USA,Chicago,0
1870,144,2023-08-08,287.45,39,Male,CA,West,USA,Los Angeles,1
1871,177,2023-08-25,218.86,55,Female,IL,Midwest,USA,Chicago,1
1872,645,2022-12-17,415.56,58,Male,NY,Northeast,USA,New York,0
1873,331,2023-10-20,415.34,46,Female,TX,South,USA,Houston,0
1874,202,2022-09-27,342.18,65,Male,MH,Maharashtra,India,Mumbai,1
1875,734,2024-06-08,166.23,58,Female,NSW,NSW,Australia,Sydney,0
1876,222,2022-07-04,20.4,41,Male,NY,Northeast,USA,New York,0
1877,938,2024-06-23,183.47,25,Female,IL,Midwest,USA,Chicago,0
1878,807,2022-12-19,304.47,46,Female,TX,South,USA,Houston,0
1879,884,2024-09-06,66.87,26,Other,CA,West,USA,Los Angeles,0
1880,683,2022-10-26,413.56,67,Male,ON,Ontario,Canada,Toronto,0
1881,277,2023-01-21,523.04,42,Female,IL,Midwest,USA,Chicago,0
1882,655,2023-11-16,393.69,46,Female,FL,Southeast,USA,Miami,0
1883,756,2022-06-04,213.16,40,Female,TX,South,USA,Houston,0
1884,929,2023-10-27,424.68,39,Female,FL,Southeast,USA,Miami,0
1885,52,2024-01-15,160.8,28,Male,TX,South,USA,Houston,0
1886,871,2024-11-17,534.82,41,Male,TX,South,USA,Houston,0
1887,812,2023-09-01,201.02,63,Female,CA,West,USA,Los Angeles,0
1888,847,2022-07-19,348.05,26,Male,ENG,England,UK,London,0
1889,201,2024-05-24,21.58,37,Male,BY,Bavaria,Germany,Munich,0
1890,137,2024-05-23,357.34,49,Female,TX,South,USA,Houston,0
1891,662,2022-05-11,155.05,56,Female,NY,Northeast,USA,New York,1
1892,166,2024-02-06,67.25,60,Female,ENG,England,UK,London,0
1893,186,2023-07-13,235.78,41,Male,NY,Northeast,USA,New York,0
1894,983,2024-07-16,69.29,46,Female,CA,West,USA,Los Angeles,0
1895,910,2023-06-08,106.72,22,Female,BY,Bavaria,Germany,Munich,1
1896,577,2023-09-18,475.53,66,Female,MH,Maharashtra,India,Mumbai,0
1897,648,2022-06-26,41.09,45,Female,MH,Maharashtra,India,Mumbai,0
1898,550,2024-02-04,354.2,53,Male,NY,Northeast,USA,New York,0
1899,743,2022-11-07,39.54,50,Male,NY,Northeast,USA,New York,0
1900,506,2024-06-13,405.27,41,Male,ENG,England,UK,London,0
1901,611,2024-09-05,547.87,61,Male,TX,South,USA,Houston,0
1902,736,2024-12-22,246.93,52,Male,ENG,England,UK,London,0
1903,795,2022-10-02,484.39,40,Male,NY,Northeast,USA,New York,0
1904,595,2023-07-02,343.79,34,Female,BY,Bavaria,Germany,Munich,0
1905,742,2023-08-10,319.89,57,Male,CA,West,USA,Los Angeles,0
1906,150,2024-11-12,105.14,21,Male,ON,Ontario,Canada,Toronto,0
1907,51,2024-11-20,533.85,57,Female,CA,West,USA,Los Angeles,1
1908,103,2023-03-05,458.09,59,Female,IL,Midwest,USA,Chicago,0
1909,745,2024-08-22,83.51,59,Male,NY,Northeast,USA,New York,0
1910,303,2022-11-05,24.03,18,Female,CA,West,USA,Los Angeles,0
1911,790,2023-11-27,197.09,18,Female,NY,Northeast,USA,New York,0
1912,871,2022-02-15,88.12,41,Male,TX,South,USA,Houston,0
1913,702,2024-06-22,195.68,50,Female,BY,Bavaria,Germany,Munich,0
1914,403,2022-07-01,479.65,34,Male,ON,Ontario,Canada,Toronto,0
1915,107,2023-04-21,458.27,58,Female,NSW,NSW,Australia,Sydney,0
1916,873,2024-09-12,252.74,23,Male,NY,Northeast,USA,New York,0
1917,337,2023-07-15,153.87,68,Female,CA,West,USA,Los Angeles,0
1918,573,2022-05-01,293.13,32,Male,NY,Northeast,USA,New York,0
1919,725,2022-05-18,469.37,58,Male,ENG,England,UK,London,0
1920,930,2023-11-26,421.26,48,Male,WA,West,USA,Seattle,0
1921,520,2023-11-28,461.31,48,Male,NY,Northeast,USA,New York,0
1922,885,2022-11-25,382.94,60,Other,CA,West,USA,Los Angeles,0
1923,726,2024-12-21,287.61,24,Female,NY,Northeast,USA,New York,1
1924,376,2022-12-06,79.34,22,Female,WA,West,USA,Seattle,0
1925,349,2024-07-11,460.45,27,Male,TX,South,USA,Houston,0
1926,552,2023-02-02,348.71,38,Male,CA,West,USA,Los Angeles,0
1927,716,2022-11-07,388.61,59,Female,CA,West,USA,Los Angeles,1
1928,710,2022-09-08,369.66,42,Male,CA,West,USA,Los Angeles,0
1929,739,2023-06-19,138.43,56,Male,NY,Northeast,USA,New York,0
1930,46,2022-12-01,149.98,68,Male,NY,Northeast,USA,New York,0
1931,423,2023-05-27,455.4,57,Female,TX,South,USA,Houston,0
1932,160,2024-12-21,234.71,58,Male,CA,West,USA,Los Angeles,0
1933,35,2024-08-19,108.74,64,Male,CA,West,USA,Los Angeles,0
1934,731,2023-01-17,344.42,55,Male,NY,Northeast,USA,New York,0
1935,988,2024-11-08,174.92,34,Female,ON,Ontario,Canada,Toronto,0
1936,915,2024-10-16,363.9,48,Male,TX,South,USA,Houston,0
1937,874,2024-09-18,335.03,24,Female,NY,Northeast,USA,New York,0
1938,304,2023-08-24,355.03,64,Female,IL,Midwest,USA,Chicago,0
1939,159,2023-04-20,526.59,44,Female,NY,Northeast,USA,New York,0
1940,395,2023-04-23,154.63,55,Female,NY,Northeast,USA,New York,0
1941,442,2022-01-13,488.06,33,Female,TX,South,USA,Houston,0
1942,875,2023-03-12,407.14,54,Other,NY,Northeast,USA,New York,0
1943,321,2024-05-22,480.64,34,Male,BY,Bavaria,Germany,Munich,0
1944,267,2024-08-18,451.61,41,Male,MH,Maharashtra,India,Mumbai,0
1945,981,2022-02-12,21.25,48,Male,TX,South,USA,Houston,0
1946,927,2023-08-13,272.22,46,Male,CA,West,USA,Los Angeles,0
1947,716,2023-04-16,65.53,59,Female,CA,West,USA,Los Angeles,1
1948,142,2023-04-18,360.4,29,Female,CA,West,USA,Los Angeles,0
1949,564,2023-12-11,41.58,27,Female,CA,West,USA,Los Angeles,0
1950,253,2022-12-05,26.27,27,Male,ENG,England,UK,London,0
1951,155,2024-11-26,508.81,40,Female,NSW,NSW,Australia,Sydney,0
1952,36,2024-01-09,514.48,21,Male,TX,South,USA,Houston,0
1953,320,2024-10-05,353.53,57,Male,FL,Southeast,USA,Miami,0
1954,94,2024-03-08,263.61,38,Female,TX,South,USA,Houston,0
1955,91,2023-08-25,440.92,40,Female,CA,West,USA,Los Angeles,0
1956,256,2023-11-05,511.42,25,Male,FL,Southeast,USA,Miami,0
1957,476,2022-06-20,36.6,58,Female,CA,West,USA,Los Angeles,0
1958,656,2024-12-12,68.02,45,Male,ENG,England,UK,London,0
1959,869,2022-09-18,453.49,41,Male,NY,Northeast,USA,New York,0
1960,201,2024-05-21,65.75,37,Male,BY,Bavaria,Germany,Munich,0
1961,784,2023-02-07,381.54,24,Female,IL,Midwest,USA,Chicago,0
1962,940,2023-11-12,298.09,44,Other,WA,West,USA,Seattle,0
1963,770,2023-07-23,281.54,37,Female,ENG,England,UK,London,0
1964,349,2024-02-28,64.79,27,Male,TX,South,USA,Houston,0
1965,314,2022-02-24,367.07,32,Female,NY,Northeast,USA,New York,0
1966,519,2022-12-09,304.99,42,Male,FL,Southeast,USA,Miami,0
1967,829,2022-04-07,465.13,62,Male,FL,Southeast,USA,Miami,1
1968,665,2024-12-27,275.17,49,Male,ENG,England,UK,London,0
1969,451,2024-09-20,511.93,67,Female,NSW,NSW,Australia,Sydney,0
1970,137,2023-05-06,106.11,49,Female,TX,South,USA,Houston,0
1971,668,2024-06-19,123.1,62,Female,TX,South,USA,Houston,0
1972,688,2023-10-09,503.5,48,Other,FL,Southeast,USA,Miami,1
1973,504,2024-06-05,65.74,63,Male,IL,Midwest,USA,Chicago,0
1974,121,2022-02-05,125.9,40,Female,CA,West,USA,Los Angeles,0
1975,444,2023-04-11,84.02,43,Male,CA,West,USA,Los Angeles,0
1976,827,2024-11-07,400.7,53,Male,CA,West,USA,Los Angeles,0
1977,954,2023-09-22,415.86,40,Female,WA,West,USA,Seattle,0
1978,489,2023-07-05,478.83,57,Male,MH,Maharashtra,India,Mumbai,0
1979,849,2024-04-06,91.77,60,Male,CA,West,USA,Los Angeles,0
1980,90,2024-07-18,187.77,61,Male,CA,West,USA,Los Angeles,0
1981,68,2023-10-13,175.35,37,Male,CA,West,USA,Los Angeles,0
1982,708,2024-02-06,545.44,47,Female,TX,South,USA,Houston,0
1983,972,2024-12-02,331.1,39,Male,ENG,England,UK,London,0
1984,77,2023-11-03,185.9,35,Female,WA,West,USA,Seattle,1
1985,148,2024-05-09,175.15,30,Female,WA,West,USA,Seattle,0
1986,975,2023-11-08,176.3,25,Female,NY,Northeast,USA,New York,0
1987,958,2024-09-17,402.05,51,Male,CA,West,USA,Los Angeles,0
1988,454,2022-09-19,279.15,19,Male,MH,Maharashtra,India,Mumbai,0
1989,44,2023-03-05,334.5,36,Other,CA,West,USA,Los Angeles,0
1990,383,2023-12-13,254.98,67,Female,TX,South,USA,Houston,0
1991,673,2023-07-14,24.24,51,Male,TX,South,USA,Houston,0
1992,315,2024-11-05,388.28,30,Male,ON,Ontario,Canada,Toronto,1
1993,332,2024-05-14,408.6,37,Female,NSW,NSW,Australia,Sydney,0
1994,450,2022-05-02,98.32,32,Male,BY,Bavaria,Germany,Munich,0
1995,453,2023-12-09,347.88,43,Male,WA,West,USA,Seattle,0
1996,782,2023-07-21,466.4,51,Male,CA,West,USA,Los Angeles,0
1997,500,2023-01-07,323.68,40,Male,TX,South,USA,Houston,0
1998,521,2023-11-20,357.84,36,Female,IL,Midwest,USA,Chicago,1
1999,407,2024-04-03,395.75,40,Female,TX,South,USA,Houston,0
2000,644,2024-11-13,189.2,43,Female,ON,Ontario,Canada,Toronto,1
2001,698,2022-12-26,85.6,48,Female,TX,South,USA,Houston,1
2002,58,2023-02-15,256.1,26,Female,TX,South,USA,Houston,1
2003,42,2024-08-23,138.41,57,Female,NY,Northeast,USA,New York,0
2004,852,2023-12-07,367.42,59,Female,ENG,England,UK,London,1
2005,49,2022-12-06,360.31,53,Female,NY,Northeast,USA,New York,1
2006,529,2023-07-14,14.85,65,Female,TX,South,USA,Houston,0
2007,836,2023-09-07,506.21,58,Female,IL,Midwest,USA,Chicago,0
2008,524,2022-08-21,463.25,60,Female,NY,Northeast,USA,New York,0
2009,89,2024-03-10,83.61,57,Male,NY,Northeast,USA,New York,0
2010,253,2023-09-22,258.77,27,Male,ENG,England,UK,London,0
2011,157,2024-05-01,125.91,24,Female,NY,Northeast,USA,New York,0
2012,78,2023-05-10,511.26,29,Female,ON,Ontario,Canada,Toronto,0
2013,352,2024-06-07,321.84,20,Male,BY,Bavaria,Germany,Munich,1
2014,337,2022-11-20,353.08,68,Female,CA,West,USA,Los Angeles,0
2015,655,2022-04-06,489.16,46,Female,FL,Southeast,USA,Miami,0
2016,819,2023-04-14,360.16,52,Female,TX,South,USA,Houston,1
2017,578,2023-01-11,462.88,45,Female,CA,West,USA,Los Angeles,0
2018,548,2023-03-21,135.54,48,Female,TX,South,USA,Houston,0
2019,804,2024-12-11,137.09,65,Male,TX,South,USA,Houston,0
2020,264,2023-06-20,239.76,66,Male,CA,West,USA,Los Angeles,1
2021,478,2022-03-03,441.92,18,Male,NSW,NSW,Australia,Sydney,0
2022,594,2023-12-22,30.92,68,Male,CA,West,USA,Los Angeles,0
2023,807,2024-01-18,253.43,46,Female,TX,South,USA,Houston,0
2024,352,2024-07-05,463.91,20,Male,BY,Bavaria,Germany,Munich,1
2025,501,2024-11-04,108.59,23,Male,ON,Ontario,Canada,Toronto,0
2026,224,2023-10-10,330.41,28,Other,FL,Southeast,USA,Miami,0
2027,315,2024-03-28,49.6,30,Male,ON,Ontario,Canada,Toronto,1
2028,740,2024-09-08,16.89,64,Male,TX,South,USA,Houston,0
2029,845,2023-08-14,176.24,18,Other,IL,Midwest,USA,Chicago,0
2030,168,2023-09-13,429.05,26,Other,NY,Northeast,USA,New York,0
2031,992,2024-04-09,33.89,46,Female,TX,South,USA,Houston,0
2032,585,2023-11-14,200.08,39,Other,IL,Midwest,USA,Chicago,0
2033,990,2024-08-05,411.07,58,Female,FL,Southeast,USA,Miami,0
2034,734,2023-10-19,202.33,58,Female,NSW,NSW,Australia,Sydney,0
2035,129,2023-12-05,259.29,47,Female,CA,West,USA,Los Angeles,0
2036,62,2022-11-16,255.17,56,Male,FL,Southeast,USA,Miami,0
2037,912,2024-10-09,509.49,27,Other,MH,Maharashtra,India,Mumbai,0
2038,696,2024-05-17,491.89,31,Male,ON,Ontario,Canada,Toronto,0
2039,866,2022-01-16,41.18,54,Female,IL,Midwest,USA,Chicago,1
2040,12,2023-08-18,370.13,68,Female,CA,West,USA,Los Angeles,0
2041,159,2022-01-17,276.03,44,Female,NY,Northeast,USA,New York,0
2042,812,2022-10-08,183.71,63,Female,CA,West,USA,Los Angeles,0
2043,848,2024-10-17,281.51,20,Male,ON,Ontario,Canada,Toronto,0
2044,279,2023-08-07,467.57,21,Female,NY,Northeast,USA,New York,0
2045,989,2023-03-11,412.13,30,Female,CA,West,USA,Los Angeles,0
2046,154,2023-11-07,305.66,33,Male,CA,West,USA,Los Angeles,0
2047,306,2024-08-15,107.57,25,Male,IL,Midwest,USA,Chicago,0
2048,131,2023-07-22,331.93,47,Female,TX,South,USA,Houston,1
2049,570,2024-08-17,284.52,47,Male,TX,South,USA,Houston,1
2050,436,2023-02-03,242.71,24,Male,CA,West,USA,Los Angeles,0
2051,604,2022-10-03,472.48,24,Female,BY,Bavaria,Germany,Munich,0
2052,289,2024-01-09,555.96,46,Female,ENG,England,UK,London,0
2053,528,2022-08-17,476.17,25,Male,NY,Northeast,USA,New York,0
2054,469,2024-03-08,416.69,27,Female,TX,South,USA,Houston,0
2055,284,2023-03-28,321.65,43,Female,CA,West,USA,Los Angeles,0
2056,846,2024-04-17,186.51,18,Female,CA,West,USA,Los Angeles,0
2057,861,2024-01-26,531.01,68,Female,ON,Ontario,Canada,Toronto,0
2058,105,2024-11-26,261.24,59,Other,NY,Northeast,USA,New York,1
2059,295,2022-11-03,108.8,46,Male,BY,Bavaria,Germany,Munich,1
2060,261,2024-01-25,71.97,59,Female,NY,Northeast,USA,New York,0
2061,277,2024-01-02,469.88,42,Female,IL,Midwest,USA,Chicago,0
2062,114,2023-10-03,181.05,41,Other,NY,Northeast,USA,New York,0
2063,388,2023-01-16,408.58,61,Male,CA,West,USA,Los Angeles,0
2064,638,2024-07-16,355.51,33,Male,WA,West,USA,Seattle,0
2065,373,2022-02-19,148.93,39,Other,MH,Maharashtra,India,Mumbai,0
2066,624,2024-08-02,478.05,39,Male,CA,West,USA,Los Angeles,0
2067,72,2024-12-04,474.87,27,Female,FL,Southeast,USA,Miami,0
2068,849,2022-03-23,94.19,60,Male,CA,West,USA,Los Angeles,0
2069,520,2023-12-17,73.84,48,Male,NY,Northeast,USA,New York,0
2070,730,2024-11-11,340.76,52,Male,IL,Midwest,USA,Chicago,1
2071,490,2023-12-06,131.83,49,Female,CA,West,USA,Los Angeles,0
2072,700,2024-10-07,193.5,22,Female,IL,Midwest,USA,Chicago,0
2073,565,2022-11-09,468.99,64,Male,TX,South,USA,Houston,0
2074,161,2023-08-14,101.78,69,Male,CA,West,USA,Los Angeles,0
2075,230,2024-11-23,269.41,27,Female,NY,Northeast,USA,New York,0
2076,820,2022-02-13,154.5,69,Female,BY,Bavaria,Germany,Munich,0
2077,341,2024-10-13,202.14,51,Male,CA,West,USA,Los Angeles,1
2078,8,2022-08-27,191.35,54,Female,TX,South,USA,Houston,0
2079,524,2023-01-03,145.64,60,Female,NY,Northeast,USA,New York,0
2080,715,2022-05-01,384.11,65,Male,BY,Bavaria,Germany,Munich,1
2081,853,2024-04-28,456.75,68,Male,NY,Northeast,USA,New York,1
2082,815,2024-06-27,307.29,58,Male,NY,Northeast,USA,New York,0
2083,943,2024-03-12,504.74,65,Male,CA,West,USA,Los Angeles,1
2084,227,2024-04-07,86.19,60,Male,NY,Northeast,USA,New York,0
2085,715,2024-05-04,289.22,65,Male,BY,Bavaria,Germany,Munich,1
2086,312,2024-08-05,465.84,52,Male,TX,South,USA,Houston,0
2087,877,2023-02-25,333.1,46,Female,ENG,England,UK,London,1
2088,243,2024-04-21,551.77,22,Female,CA,West,USA,Los Angeles,0
2089,716,2024-05-24,338.14,59,Female,CA,West,USA,Los Angeles,1
2090,820,2024-06-15,538.06,69,Female,BY,Bavaria,Germany,Munich,0
2091,593,2023-01-19,61.87,30,Male,FL,Southeast,USA,Miami,0
2092,421,2023-12-26,32.74,66,Male,TX,South,USA,Houston,1
2093,466,2024-05-11,206.85,68,Female,CA,West,USA,Los Angeles,1
2094,364,2022-05-16,422.25,64,Female,TX,South,USA,Houston,0
2095,116,2022-08-09,34.75,47,Female,CA,West,USA,Los Angeles,1
2096,503,2024-11-15,149.66,68,Male,NSW,NSW,Australia,Sydney,0
2097,606,2023-07-06,522.22,45,Female,IL,Midwest,USA,Chicago,0
2098,731,2022-04-06,324.07,55,Male,NY,Northeast,USA,New York,0
2099,59,2023-08-11,214.78,56,Female,FL,Southeast,USA,Miami,0
2100,661,2023-07-27,51.04,27,Male,TX,South,USA,Houston,0
2101,290,2024-06-08,425.68,42,Female,CA,West,USA,Los Angeles,0
2102,708,2024-12-19,519.01,47,Female,TX,South,USA,Houston,0
2103,497,2024-12-17,418.16,24,Female,NY,Northeast,USA,New York,0
2104,948,2024-08-17,75.09,24,Female,TX,South,USA,Houston,1
2105,109,2024-01-04,303.09,42,Female,TX,South,USA,Houston,0
2106,256,2023-08-23,219.8,25,Male,FL,Southeast,USA,Miami,0
2107,721,2024-12-22,507.34,25,Male,NY,Northeast,USA,New York,0
2108,207,2022-12-03,383.53,57,Female,CA,West,USA,Los Angeles,0
2109,253,2022-04-12,402.97,27,Male,ENG,England,UK,London,0
2110,650,2024-03-25,238.26,62,Female,CA,West,USA,Los Angeles,0
2111,512,2024-03-07,24.85,56,Female,NY,Northeast,USA,New York,0
2112,147,2023-11-15,405.03,19,Male,NY,Northeast,USA,New York,0
2113,327,2024-07-24,358.77,30,Female,TX,South,USA,Houston,0
2114,644,2023-05-23,84.09,43,Female,ON,Ontario,Canada,Toronto,1
2115,66,2023-05-11,403.67,34,Female,TX,South,USA,Houston,0
2116,957,2023-04-20,88.15,38,Male,FL,Southeast,USA,Miami,0
2117,400,2022-11-27,372.45,34,Female,CA,West,USA,Los Angeles,0
2118,459,2023-06-13,381.25,61,Female,ON,Ontario,Canada,Toronto,0
2119,657,2023-04-28,14.5,57,Male,CA,West,USA,Los Angeles,1
2120,215,2023-10-22,413.02,56,Female,NY,Northeast,USA,New York,1
2121,562,2022-09-19,209.75,20,Female,NY,Northeast,USA,New York,0
2122,995,2024-10-21,289.21,45,Male,ENG,England,UK,London,0
2123,960,2024-11-06,540.62,39,Male,TX,South,USA,Houston,0
2124,383,2024-02-01,516.01,67,Female,TX,South,USA,Houston,0
2125,992,2022-01-24,197.51,46,Female,TX,South,USA,Houston,0
2126,114,2024-01-20,400.61,41,Other,NY,Northeast,USA,New York,0
2127,900,2024-09-27,292.78,50,Male,FL,Southeast,USA,Miami,0
2128,417,2023-12-15,437.65,68,Male,IL,Midwest,USA,Chicago,0
2129,314,2022-05-11,166.63,32,Female,NY,Northeast,USA,New York,0
2130,88,2023-10-24,255.2,34,Male,FL,Southeast,USA,Miami,0
2131,620,2023-10-27,68.99,25,Female,NY,Northeast,USA,New York,0
2132,84,2023-12-23,491.92,61,Male,NY,Northeast,USA,New York,1
2133,730,2023-07-24,478.43,52,Male,IL,Midwest,USA,Chicago,1
2134,48,2023-03-05,153.99,64,Male,WA,West,USA,Seattle,0
2135,525,2024-10-25,331.14,34,Female,TX,South,USA,Houston,0
2136,455,2022-11-01,195.4,49,Female,BY,Bavaria,Germany,Munich,0
2137,989,2023-09-22,91.52,30,Female,CA,West,USA,Los Angeles,0
2138,460,2024-11-06,35.91,23,Female,FL,Southeast,USA,Miami,0
2139,317,2022-06-02,413.19,55,Female,WA,West,USA,Seattle,0
2140,734,2022-09-21,151.68,58,Female,NSW,NSW,Australia,Sydney,0
2141,869,2022-04-10,262.57,41,Male,NY,Northeast,USA,New York,0
2142,545,2022-06-25,452.31,61,Male,MH,Maharashtra,India,Mumbai,0
2143,759,2023-04-08,20.93,24,Female,CA,West,USA,Los Angeles,1
2144,861,2022-03-20,278.22,68,Female,ON,Ontario,Canada,Toronto,0
2145,460,2023-01-19,506.88,23,Female,FL,Southeast,USA,Miami,0
2146,873,2024-09-23,455.34,23,Male,NY,Northeast,USA,New York,0
2147,801,2024-11-25,131.56,18,Male,NSW,NSW,Australia,Sydney,0
2148,171,2022-05-17,108.43,23,Male,NY,Northeast,USA,New York,1
2149,432,2023-06-10,406.64,56,Male,FL,Southeast,USA,Miami,0
2150,42,2023-01-15,52.01,57,Female,NY,Northeast,USA,New York,0
2151,768,2024-06-17,340.13,42,Other,TX,South,USA,Houston,0
2152,707,2024-04-28,139.68,18,Female,IL,Midwest,USA,Chicago,0
2153,40,2022-08-05,421.24,50,Female,TX,South,USA,Houston,0
2154,10,2022-12-03,195.91,22,Male,IL,Midwest,USA,Chicago,0
2155,607,2023-07-14,226.14,34,Male,IL,Midwest,USA,Chicago,0
2156,394,2024-09-12,447.18,49,Male,CA,West,USA,Los Angeles,0
2157,45,2024-09-26,59.54,21,Male,TX,South,USA,Houston,0
2158,55,2022-03-08,304.47,43,Male,NY,Northeast,USA,New York,0
2159,866,2024-05-05,539.49,54,Female,IL,Midwest,USA,Chicago,1
2160,459,2022-02-04,328.68,61,Female,ON,Ontario,Canada,Toronto,0
2161,758,2024-06-26,56.09,37,Female,WA,West,USA,Seattle,0
2162,450,2024-11-17,509.8,32,Male,BY,Bavaria,Germany,Munich,0
2163,921,2023-07-28,77.58,63,Female,CA,West,USA,Los Angeles,0
2164,846,2022-07-08,190.73,18,Female,CA,West,USA,Los Angeles,0
2165,906,2024-03-03,110.91,54,Male,NY,Northeast,USA,New York,0
2166,646,2023-05-13,385.53,35,Male,BY,Bavaria,Germany,Munich,0
2167,15,2024-12-05,156.57,55,Male,ENG,England,UK,London,0
2168,403,2023-05-04,146.22,34,Male,ON,Ontario,Canada,Toronto,0
2169,98,2024-10-25,238.16,53,Female,CA,West,USA,Los Angeles,0
2170,510,2023-01-11,159.2,30,Female,IL,Midwest,USA,Chicago,0
2171,482,2022-02-02,394.43,61,Female,NY,Northeast,USA,New York,0
2172,550,2023-05-06,284.16,53,Male,NY,Northeast,USA,New York,0
2173,939,2022-12-11,282.4,42,Female,TX,South,USA,Houston,0
2174,227,2023-04-26,94.55,60,Male,NY,Northeast,USA,New York,0
2175,872,2024-10-18,512.52,28,Female,NY,Northeast,USA,New York,0
2176,776,2022-03-15,180.95,67,Male,CA,West,USA,Los Angeles,0
2177,447,2022-08-17,194.92,34,Female,CA,West,USA,Los Angeles,1
2178,468,2022-08-23,128.77,48,Male,ON,Ontario,Canada,Toronto,0
2179,393,2022-08-06,480.49,37,Male,FL,Southeast,USA,Miami,0
2180,638,2024-05-14,344.35,33,Male,WA,West,USA,Seattle,0
2181,775,2024-03-11,44.65,62,Male,ENG,England,UK,London,0
2182,32,2022-11-02,104.38,29,Female,CA,West,USA,Los Angeles,0
2183,992,2024-08-16,274.87,46,Female,TX,South,USA,Houston,0
2184,111,2024-04-20,114.29,32,Female,NY,Northeast,USA,New York,1
2185,157,2024-06-19,343.24,24,Female,NY,Northeast,USA,New York,0
2186,590,2023-01-02,170.52,61,Female,TX,South,USA,Houston,0
2187,106,2023-07-12,192.19,58,Female,NY,Northeast,USA,New York,0
2188,745,2023-06-12,419.19,59,Male,NY,Northeast,USA,New York,0
2189,219,2024-02-05,298.98,41,Female,IL,Midwest,USA,Chicago,0
2190,321,2024-06-16,73.23,34,Male,BY,Bavaria,Germany,Munich,0
2191,592,2023-09-15,203.76,64,Female,ENG,England,UK,London,0
2192,946,2023-12-22,476.16,24,Female,FL,Southeast,USA,Miami,0
2193,199,2024-09-22,475.57,35,Female,NSW,NSW,Australia,Sydney,0
2194,850,2024-07-26,428.2,49,Male,CA,West,USA,Los Angeles,1
2195,657,2023-10-12,448.73,57,Male,CA,West,USA,Los Angeles,1
2196,525,2024-04-06,61.42,34,Female,TX,South,USA,Houston,0
2197,880,2023-09-16,74.06,50,Male,IL,Midwest,USA,Chicago,0
2198,640,2023-01-19,20.28,67,Female,ON,Ontario,Canada,Toronto,0
2199,810,2023-02-10,75.54,69,Female,ENG,England,UK,London,0
2200,594,2024-08-14,463.16,68,Male,CA,West,USA,Los Angeles,0
2201,476,2024-03-26,32.02,58,Female,CA,West,USA,Los Angeles,0
2202,306,2023-09-22,252.21,25,Male,IL,Midwest,USA,Chicago,0
2203,267,2023-09-18,138.95,41,Male,MH,Maharashtra,India,Mumbai,0
2204,63,2023-01-27,443.0,37,Female,ENG,England,UK,London,0
2205,287,2022-06-01,403.4,26,Female,NY,Northeast,USA,New York,0
2206,805,2023-08-15,408.46,56,Female,TX,South,USA,Houston,0
2207,299,2022-10-08,195.35,32,Female,FL,Southeast,USA,Miami,0
2208,461,2023-11-09,491.35,55,Female,FL,Southeast,USA,Miami,0
2209,383,2022-05-22,448.97,67,Female,TX,South,USA,Houston,0
2210,842,2023-11-23,348.63,52,Female,CA,West,USA,Los Angeles,0
2211,579,2024-05-14,347.39,64,Female,NY,Northeast,USA,New York,0
2212,375,2023-01-15,185.61,64,Female,BY,Bavaria,Germany,Munich,0
2213,932,2024-08-17,415.06,54,Female,IL,Midwest,USA,Chicago,1
2214,15,2024-04-25,526.24,55,Male,ENG,England,UK,London,0
2215,133,2024-02-01,184.74,22,Male,FL,Southeast,USA,Miami,1
2216,127,2022-04-16,150.11,22,Female,NY,Northeast,USA,New York,0
2217,98,2023-11-02,147.5,53,Female,CA,West,USA,Los Angeles,0
2218,158,2024-12-27,550.76,46,Male,ON,Ontario,Canada,Toronto,0
2219,687,2023-12-07,291.24,39,Male,ON,Ontario,Canada,Toronto,0
2220,731,2022-05-01,484.11,55,Male,NY,Northeast,USA,New York,0
2221,81,2023-07-23,331.27,66,Female,ENG,England,UK,London,0
2222,33,2023-11-21,163.02,22,Male,FL,Southeast,USA,Miami,0
2223,904,2023-05-26,315.17,63,Male,ENG,England,UK,London,0
2224,820,2024-06-10,96.51,69,Female,BY,Bavaria,Germany,Munich,0
2225,790,2022-04-08,229.57,18,Female,NY,Northeast,USA,New York,0
2226,691,2023-08-19,240.63,69,Male,CA,West,USA,Los Angeles,0
2227,418,2024-09-27,327.6,24,Male,IL,Midwest,USA,Chicago,0
2228,324,2023-05-27,211.73,65,Female,FL,Southeast,USA,Miami,0
2229,332,2024-01-12,260.98,37,Female,NSW,NSW,Australia,Sydney,0
2230,522,2023-10-19,465.68,25,Female,CA,West,USA,Los Angeles,0
2231,48,2023-08-24,104.3,64,Male,WA,West,USA,Seattle,0
2232,933,2024-04-21,517.55,31,Male,FL,Southeast,USA,Miami,0
2233,975,2023-05-17,290.32,25,Female,NY,Northeast,USA,New York,0
2234,70,2023-12-05,337.24,42,Female,TX,South,USA,Houston,1
2235,525,2024-09-18,68.42,34,Female,TX,South,USA,Houston,0
2236,364,2024-08-05,90.92,64,Female,TX,South,USA,Houston,0
2237,376,2024-09-13,413.23,22,Female,WA,West,USA,Seattle,0
2238,392,2022-12-17,451.32,27,Other,WA,West,USA,Seattle,0
2239,523,2022-05-01,264.24,27,Other,CA,West,USA,Los Angeles,1
2240,964,2024-04-13,103.14,29,Male,FL,Southeast,USA,Miami,0
2241,734,2022-06-09,400.49,58,Female,NSW,NSW,Australia,Sydney,0
2242,976,2022-11-04,459.59,29,Female,CA,West,USA,Los Angeles,0
2243,273,2024-02-19,378.99,25,Female,FL,Southeast,USA,Miami,0
2244,842,2023-03-21,105.58,52,Female,CA,West,USA,Los Angeles,0
2245,413,2022-04-26,212.11,32,Female,BY,Bavaria,Germany,Munich,0
2246,382,2022-09-20,470.52,66,Female,FL,Southeast,USA,Miami,0
2247,53,2023-09-06,110.11,36,Male,NY,Northeast,USA,New York,0
2248,890,2024-06-03,104.91,32,Male,CA,West,USA,Los Angeles,0
2249,116,2024-04-24,396.34,47,Female,CA,West,USA,Los Angeles,1
2250,485,2022-10-02,276.12,42,Male,FL,Southeast,USA,Miami,0
2251,973,2022-01-11,110.32,42,Male,IL,Midwest,USA,Chicago,0
2252,645,2023-10-11,330.82,58,Male,NY,Northeast,USA,New York,0
2253,122,2023-04-06,497.11,52,Female,TX,South,USA,Houston,0
2254,928,2023-12-18,454.79,33,Male,IL,Midwest,USA,Chicago,0
2255,600,2024-06-22,14.78,51,Male,NY,Northeast,USA,New York,0
2256,249,2023-09-26,466.0,58,Female,TX,South,USA,Houston,1
2257,262,2023-02-14,336.21,26,Male,CA,West,USA,Los Angeles,0
2258,861,2024-04-13,157.8,68,Female,ON,Ontario,Canada,Toronto,0
2259,592,2022-09-06,55.78,64,Female,ENG,England,UK,London,0
2260,400,2024-08-03,544.2,34,Female,CA,West,USA,Los Angeles,0
2261,297,2023-10-24,25.68,62,Male,FL,Southeast,USA,Miami,1
2262,872,2023-08-24,106.49,28,Female,NY,Northeast,USA,New York,0
2263,353,2024-08-28,379.58,33,Female,TX,South,USA,Houston,0
2264,549,2023-11-04,404.28,44,Female,CA,West,USA,Los Angeles,1
2265,78,2023-06-12,149.11,29,Female,ON,Ontario,Canada,Toronto,0
2266,248,2023-12-18,393.43,39,Male,TX,South,USA,Houston,0
2267,789,2024-06-25,431.13,46,Female,CA,West,USA,Los Angeles,0
2268,766,2024-05-12,451.74,58,Female,CA,West,USA,Los Angeles,0
2269,985,2022-10-04,379.42,48,Female,ON,Ontario,Canada,Toronto,0
2270,116,2024-01-26,29.13,47,Female,CA,West,USA,Los Angeles,1
2271,519,2024-03-03,500.9,42,Male,FL,Southeast,USA,Miami,0
2272,144,2023-02-20,302.91,39,Male,CA,West,USA,Los Angeles,1
2273,747,2022-07-11,221.21,45,Female,NY,Northeast,USA,New York,0
2274,149,2023-08-01,23.29,60,Female,BY,Bavaria,Germany,Munich,1
2275,122,2022-01-15,299.49,52,Female,TX,South,USA,Houston,0
2276,841,2022-03-11,89.75,33,Male,CA,West,USA,Los Angeles,1
2277,128,2023-05-13,295.06,57,Male,CA,West,USA,Los Angeles,0
2278,872,2022-05-06,102.72,28,Female,NY,Northeast,USA,New York,0
2279,748,2023-02-19,367.9,34,Male,FL,Southeast,USA,Miami,0
2280,573,2024-03-08,59.96,32,Male,NY,Northeast,USA,New York,0
2281,145,2023-11-05,322.44,69,Female,CA,West,USA,Los Angeles,0
2282,280,2024-09-12,364.52,22,Female,TX,South,USA,Houston,0
2283,204,2024-05-06,228.11,54,Female,FL,Southeast,USA,Miami,0
2284,395,2024-04-16,514.53,55,Female,NY,Northeast,USA,New York,0
2285,202,2024-02-15,300.17,65,Male,MH,Maharashtra,India,Mumbai,1
2286,184,2024-05-23,423.08,54,Female,NY,Northeast,USA,New York,0
2287,330,2023-06-28,241.48,46,Male,TX,South,USA,Houston,1
2288,4,2024-12-03,445.69,40,Female,TX,South,USA,Houston,0
2289,908,2022-10-02,449.73,27,Male,NY,Northeast,USA,New York,0
2290,840,2024-07-13,237.85,65,Male,CA,West,USA,Los Angeles,0
2291,270,2023-02-02,513.05,48,Female,ON,Ontario,Canada,Toronto,0
2292,195,2022-09-24,85.03,67,Female,IL,Midwest,USA,Chicago,0
2293,874,2023-12-23,450.1,24,Female,NY,Northeast,USA,New York,0
2294,80,2024-02-13,299.78,52,Male,ENG,England,UK,London,0
2295,765,2023-11-27,82.49,36,Female,FL,Southeast,USA,Miami,0
2296,132,2022-03-15,316.41,46,Female,ENG,England,UK,London,0
2297,76,2022-09-16,74.34,42,Female,NY,Northeast,USA,New York,0
2298,927,2023-03-22,471.56,46,Male,CA,West,USA,Los Angeles,0
2299,550,2024-08-16,459.01,53,Male,NY,Northeast,USA,New York,0
2300,364,2024-04-20,370.29,64,Female,TX,South,USA,Houston,0
2301,46,2023-08-07,131.61,68,Male,NY,Northeast,USA,New York,0
2302,649,2022-08-15,481.77,67,Female,WA,West,USA,Seattle,0
2303,566,2022-08-23,428.05,30,Other,BY,Bavaria,Germany,Munich,0
2304,32,2023-09-28,382.08,29,Female,CA,West,USA,Los Angeles,0
2305,713,2024-01-06,211.71,55,Female,ENG,England,UK,London,0
2306,530,2024-09-02,276.91,65,Male,FL,Southeast,USA,Miami,0
2307,858,2023-03-17,186.19,20,Female,TX,South,USA,Houston,0
2308,747,2024-09-02,477.34,45,Female,NY,Northeast,USA,New York,0
2309,598,2023-02-20,171.03,58,Female,TX,South,USA,Houston,0
2310,66,2024-07-12,141.99,34,Female,TX,South,USA,Houston,0
2311,210,2023-06-23,121.93,58,Female,NY,Northeast,USA,New York,0
2312,299,2024-12-05,231.36,32,Female,FL,Southeast,USA,Miami,0
2313,949,2023-09-02,334.17,67,Female,FL,Southeast,USA,Miami,0
2314,323,2024-02-07,467.61,49,Male,TX,South,USA,Houston,0
2315,524,2023-09-02,490.89,60,Female,NY,Northeast,USA,New York,0
2316,888,2022-03-05,49.24,28,Male,CA,West,USA,Los Angeles,0
2317,33,2023-05-22,35.11,22,Male,FL,Southeast,USA,Miami,0
2318,666,2023-06-20,199.0,54,Female,NY,Northeast,USA,New York,0
2319,888,2023-10-18,431.37,28,Male,CA,West,USA,Los Angeles,0
2320,866,2023-12-12,481.91,54,Female,IL,Midwest,USA,Chicago,1
2321,508,2024-12-07,103.65,30,Male,CA,West,USA,Los Angeles,0
2322,376,2023-03-24,159.02,22,Female,WA,West,USA,Seattle,0
2323,185,2024-01-25,506.2,43,Female,CA,West,USA,Los Angeles,0
2324,592,2024-11-08,327.21,64,Female,ENG,England,UK,London,0
2325,900,2023-05-26,222.36,50,Male,FL,Southeast,USA,Miami,0
2326,518,2023-08-18,137.09,21,Female,CA,West,USA,Los Angeles,0
2327,661,2022-12-10,65.32,27,Male,TX,South,USA,Houston,0
2328,277,2023-03-06,66.93,42,Female,IL,Midwest,USA,Chicago,0
2329,742,2024-06-17,381.13,57,Male,CA,West,USA,Los Angeles,0
2330,423,2024-11-01,406.56,57,Female,TX,South,USA,Houston,0
2331,361,2024-09-09,211.89,61,Female,FL,Southeast,USA,Miami,0
2332,245,2023-12-20,325.36,50,Female,IL,Midwest,USA,Chicago,0
2333,658,2024-09-14,96.83,50,Male,NY,Northeast,USA,New York,0
2334,17,2024-05-05,22.7,44,Male,CA,West,USA,Los Angeles,0
2335,929,2023-11-05,62.45,39,Female,FL,Southeast,USA,Miami,0
2336,969,2024-10-20,69.3,65,Female,FL,Southeast,USA,Miami,0
2337,956,2022-12-24,492.54,49,Male,TX,South,USA,Houston,0
2338,959,2022-07-20,125.65,68,Female,NY,Northeast,USA,New York,0
2339,841,2022-07-05,75.72,33,Male,CA,West,USA,Los Angeles,1
2340,825,2022-05-19,399.74,50,Male,NY,Northeast,USA,New York,0
2341,423,2024-04-08,212.42,57,Female,TX,South,USA,Houston,0
2342,175,2023-12-17,117.73,54,Female,WA,West,USA,Seattle,0
2343,6,2023-12-17,125.06,62,Female,TX,South,USA,Houston,0
2344,21,2023-07-25,82.82,44,Female,NY,Northeast,USA,New York,0
2345,705,2023-12-24,52.1,24,Male,NY,Northeast,USA,New York,0
2346,196,2023-05-03,363.86,22,Female,TX,South,USA,Houston,0
2347,156,2022-11-01,225.59,52,Male,TX,South,USA,Houston,1
2348,872,2024-09-27,92.66,28,Female,NY,Northeast,USA,New York,0
2349,155,2022-10-09,398.3,40,Female,NSW,NSW,Australia,Sydney,0
2350,154,2024-10-02,21.7,33,Male,CA,West,USA,Los Angeles,0
2351,475,2022-09-06,221.01,50,Male,CA,West,USA,Los Angeles,1
2352,234,2024-11-14,81.07,57,Male,NY,Northeast,USA,New York,0
2353,75,2024-06-25,26.44,53,Female,CA,West,USA,Los Angeles,0
2354,692,2022-11-26,279.82,59,Male,FL,Southeast,USA,Miami,1
2355,517,2022-03-19,86.16,63,Female,NY,Northeast,USA,New York,0
2356,478,2024-03-08,48.8,18,Male,NSW,NSW,Australia,Sydney,0
2357,240,2023-10-20,259.27,50,Male,WA,West,USA,Seattle,0
2358,655,2024-10-24,474.19,46,Female,FL,Southeast,USA,Miami,0
2359,565,2022-12-12,247.96,64,Male,TX,South,USA,Houston,0
2360,564,2023-04-17,51.97,27,Female,CA,West,USA,Los Angeles,0
2361,933,2023-01-14,168.68,31,Male,FL,Southeast,USA,Miami,0
2362,573,2024-07-25,256.02,32,Male,NY,Northeast,USA,New York,0
2363,926,2023-11-18,156.63,67,Male,IL,Midwest,USA,Chicago,0
2364,873,2024-12-02,196.44,23,Male,NY,Northeast,USA,New York,0
2365,106,2024-11-25,285.69,58,Female,NY,Northeast,USA,New York,0
2366,218,2022-07-16,471.81,23,Male,FL,Southeast,USA,Miami,1
2367,687,2023-11-13,428.64,39,Male,ON,Ontario,Canada,Toronto,0
2368,140,2023-04-06,116.75,40,Female,IL,Midwest,USA,Chicago,0
2369,727,2023-12-20,418.46,55,Female,IL,Midwest,USA,Chicago,0
2370,405,2024-08-01,227.73,43,Other,FL,Southeast,USA,Miami,0
2371,309,2023-06-05,434.28,34,Female,TX,South,USA,Houston,0
2372,535,2023-08-20,331.13,48,Male,CA,West,USA,Los Angeles,0
2373,295,2024-10-08,383.83,46,Male,BY,Bavaria,Germany,Munich,1
2374,491,2024-04-21,209.92,66,Female,CA,West,USA,Los Angeles,0
2375,762,2023-02-08,381.03,46,Male,MH,Maharashtra,India,Mumbai,0
2376,540,2023-10-21,304.42,19,Male,WA,West,USA,Seattle,0
2377,984,2022-12-20,313.1,51,Male,NY,Northeast,USA,New York,0
2378,487,2024-09-21,311.42,35,Male,NY,Northeast,USA,New York,0
2379,815,2023-03-21,39.58,58,Male,NY,Northeast,USA,New York,0
2380,518,2023-09-23,256.92,21,Female,CA,West,USA,Los Angeles,0
2381,841,2022-02-11,35.12,33,Male,CA,West,USA,Los Angeles,1
2382,932,2024-05-14,103.67,54,Female,IL,Midwest,USA,Chicago,1
2383,880,2024-01-02,272.21,50,Male,IL,Midwest,USA,Chicago,0
2384,50,2023-07-10,221.57,58,Male,NY,Northeast,USA,New York,0
2385,151,2024-05-13,37.51,62,Male,NY,Northeast,USA,New York,0
2386,942,2024-02-22,86.51,39,Male,CA,West,USA,Los Angeles,0
2387,788,2022-05-26,237.99,53,Male,WA,West,USA,Seattle,0
2388,588,2024-09-19,542.25,23,Female,NY,Northeast,USA,New York,0
2389,644,2023-05-04,263.23,43,Female,ON,Ontario,Canada,Toronto,1
2390,48,2024-03-06,435.18,64,Male,WA,West,USA,Seattle,0
2391,510,2022-08-15,227.1,30,Female,IL,Midwest,USA,Chicago,0
2392,54,2023-10-13,110.18,42,Female,NY,Northeast,USA,New York,0
2393,630,2023-11-27,21.6,37,Other,CA,West,USA,Los Angeles,1
2394,572,2023-07-06,205.63,39,Female,TX,South,USA,Houston,0
2395,643,2024-10-16,515.82,62,Female,WA,West,USA,Seattle,0
2396,690,2023-11-22,179.31,58,Female,BY,Bavaria,Germany,Munich,0
2397,1000,2022-09-13,190.58,44,Female,TX,South,USA,Houston,1
2398,521,2023-07-07,370.4,36,Female,IL,Midwest,USA,Chicago,1
2399,813,2024-01-04,415.62,53,Female,NY,Northeast,USA,New York,0
2400,449,2024-05-18,345.08,45,Female,CA,West,USA,Los Angeles,0
2401,747,2023-05-18,186.28,45,Female,NY,Northeast,USA,New York,0
2402,278,2023-06-21,501.57,58,Male,TX,South,USA,Houston,0
2403,434,2022-12-24,182.73,24,Female,ON,Ontario,Canada,Toronto,0
2404,607,2024-03-28,171.45,34,Male,IL,Midwest,USA,Chicago,0
2405,970,2024-08-06,473.93,19,Male,NY,Northeast,USA,New York,0
2406,898,2024-12-13,524.45,20,Female,CA,West,USA,Los Angeles,0
2407,269,2024-08-10,536.16,49,Male,CA,West,USA,Los Angeles,0
2408,423,2022-03-25,271.28,57,Female,TX,South,USA,Houston,0
2409,78,2024-12-04,488.38,29,Female,ON,Ontario,Canada,Toronto,0
2410,696,2022-05-19,100.02,31,Male,ON,Ontario,Canada,Toronto,0
2411,70,2022-01-09,445.61,42,Female,TX,South,USA,Houston,1
2412,18,2023-06-01,404.4,24,Female,NSW,NSW,Australia,Sydney,1
2413,741,2023-04-17,217.94,60,Female,NY,Northeast,USA,New York,0
2414,450,2024-11-11,145.76,32,Male,BY,Bavaria,Germany,Munich,0
2415,184,2023-04-20,405.16,54,Female,NY,Northeast,USA,New York,0
2416,762,2024-11-12,247.51,46,Male,MH,Maharashtra,India,Mumbai,0
2417,778,2024-01-06,548.26,24,Male,CA,West,USA,Los Angeles,0
2418,842,2024-12-04,480.2,52,Female,CA,West,USA,Los Angeles,0
2419,814,2024-01-06,444.99,32,Male,CA,West,USA,Los Angeles,0
2420,538,2023-12-13,183.97,24,Male,CA,West,USA,Los Angeles,0
2421,946,2023-02-08,380.23,24,Female,FL,Southeast,USA,Miami,0
2422,567,2022-11-04,380.4,29,Male,TX,South,USA,Houston,0
2423,696,2023-11-09,223.27,31,Male,ON,Ontario,Canada,Toronto,0
2424,139,2024-08-24,63.11,36,Female,NY,Northeast,USA,New York,0
2425,543,2023-01-24,392.51,28,Female,FL,Southeast,USA,Miami,0
2426,296,2023-08-11,163.55,45,Male,NY,Northeast,USA,New York,0
2427,802,2022-08-15,75.05,33,Female,WA,West,USA,Seattle,0
2428,668,2023-08-06,32.77,62,Female,TX,South,USA,Houston,0
2429,702,2024-09-12,190.8,50,Female,BY,Bavaria,Germany,Munich,0
2430,767,2023-12-17,275.46,49,Male,WA,West,USA,Seattle,0
2431,628,2024-12-01,32.27,37,Female,NY,Northeast,USA,New York,0
2432,82,2024-07-25,320.39,40,Female,NY,Northeast,USA,New York,1
2433,231,2024-02-26,502.59,42,Male,NSW,NSW,Australia,Sydney,0
2434,961,2023-02-27,321.16,25,Female,ENG,England,UK,London,0
2435,694,2024-10-06,299.09,67,Other,CA,West,USA,Los Angeles,0
2436,954,2022-12-26,123.81,40,Female,WA,West,USA,Seattle,0
2437,70,2023-06-04,238.75,42,Female,TX,South,USA,Houston,1
2438,188,2024-02-25,340.79,37,Other,TX,South,USA,Houston,0
2439,666,2024-05-04,485.97,54,Female,NY,Northeast,USA,New York,0
2440,46,2022-06-10,442.1,68,Male,NY,Northeast,USA,New York,0
2441,70,2024-12-27,259.22,42,Female,TX,South,USA,Houston,1
2442,342,2022-09-15,100.0,33,Female,FL,Southeast,USA,Miami,0
2443,677,2024-02-07,399.41,48,Female,TX,South,USA,Houston,0
2444,959,2024-05-11,532.87,68,Female,NY,Northeast,USA,New York,0
2445,974,2023-01-10,508.13,42,Female,TX,South,USA,Houston,0
2446,444,2024-09-26,557.61,43,Male,CA,West,USA,Los Angeles,0
2447,735,2024-09-12,149.63,28,Male,IL,Midwest,USA,Chicago,0
2448,314,2024-01-03,470.5,32,Female,NY,Northeast,USA,New York,0
2449,706,2024-05-05,39.58,47,Male,FL,Southeast,USA,Miami,1
2450,895,2024-12-16,19.45,56,Female,FL,Southeast,USA,Miami,0
2451,633,2022-11-01,340.15,40,Male,MH,Maharashtra,India,Mumbai,0
2452,135,2024-08-07,76.99,59,Male,MH,Maharashtra,India,Mumbai,0
2453,280,2023-07-17,212.31,22,Female,TX,South,USA,Houston,0
2454,942,2024-12-24,18.03,39,Male,CA,West,USA,Los Angeles,0
2455,789,2022-10-03,52.53,46,Female,CA,West,USA,Los Angeles,0
2456,809,2023-12-10,118.98,38,Male,FL,Southeast,USA,Miami,0
2457,51,2024-02-11,315.49,57,Female,CA,West,USA,Los Angeles,1
2458,384,2023-04-25,183.01,30,Female,IL,Midwest,USA,Chicago,0
2459,517,2023-01-23,303.47,63,Female,NY,Northeast,USA,New York,0
2460,788,2024-11-26,367.36,53,Male,WA,West,USA,Seattle,0
2461,104,2022-09-18,11.65,18,Female,ON,Ontario,Canada,Toronto,0
2462,757,2022-03-05,425.37,56,Female,BY,Bavaria,Germany,Munich,0
2463,613,2023-12-27,40.59,58,Female,CA,West,USA,Los Angeles,0
2464,580,2023-12-22,464.06,23,Male,CA,West,USA,Los Angeles,0
2465,863,2023-04-19,517.57,24,Female,TX,South,USA,Houston,0
2466,782,2022-09-10,452.72,51,Male,CA,West,USA,Los Angeles,0
2467,713,2023-09-23,292.21,55,Female,ENG,England,UK,London,0
2468,501,2023-01-12,410.36,23,Male,ON,Ontario,Canada,Toronto,0
2469,973,2022-09-10,94.61,42,Male,IL,Midwest,USA,Chicago,0
2470,843,2024-04-08,525.48,65,Female,IL,Midwest,USA,Chicago,0
2471,299,2024-12-19,24.0,32,Female,FL,Southeast,USA,Miami,0
2472,794,2022-11-18,280.22,60,Male,NY,Northeast,USA,New York,0
2473,570,2023-12-07,250.14,47,Male,TX,South,USA,Houston,1
2474,907,2024-10-10,448.54,39,Other,FL,Southeast,USA,Miami,0
2475,374,2024-03-07,420.07,37,Male,MH,Maharashtra,India,Mumbai,0
2476,798,2023-05-21,182.09,41,Male,CA,West,USA,Los Angeles,0
2477,261,2023-09-10,95.54,59,Female,NY,Northeast,USA,New York,0
2478,921,2022-05-22,399.19,63,Female,CA,West,USA,Los Angeles,0
2479,174,2024-10-07,547.64,55,Female,CA,West,USA,Los Angeles,0
2480,179,2024-05-12,64.91,64,Male,ENG,England,UK,London,0
2481,981,2024-03-01,413.41,48,Male,TX,South,USA,Houston,0
2482,278,2022-07-01,262.69,58,Male,TX,South,USA,Houston,0
2483,520,2023-09-01,172.65,48,Male,NY,Northeast,USA,New York,0
2484,453,2022-07-02,17.08,43,Male,WA,West,USA,Seattle,0
2485,788,2023-09-26,386.68,53,Male,WA,West,USA,Seattle,0
2486,243,2023-06-08,79.18,22,Female,CA,West,USA,Los Angeles,0
2487,338,2024-10-15,478.13,34,Other,TX,South,USA,Houston,0
2488,897,2022-09-27,139.65,44,Female,NY,Northeast,USA,New York,0
2489,919,2024-08-14,336.28,31,Female,CA,West,USA,Los Angeles,0
2490,180,2022-06-12,149.28,44,Male,TX,South,USA,Houston,0
2491,488,2022-07-21,354.11,45,Male,IL,Midwest,USA,Chicago,1
2492,459,2024-01-21,75.49,61,Female,ON,Ontario,Canada,Toronto,0
2493,514,2024-09-03,199.45,60,Other,TX,South,USA,Houston,0
2494,522,2023-03-27,274.95,25,Female,CA,West,USA,Los Angeles,0
2495,50,2024-11-04,332.5,58,Male,NY,Northeast,USA,New York,0
2496,874,2022-11-10,293.99,24,Female,NY,Northeast,USA,New York,0
2497,248,2022-07-27,48.9,39,Male,TX,South,USA,Houston,0
2498,260,2023-11-16,28.14,48,Female,BY,Bavaria,Germany,Munich,0
2499,811,2023-09-16,133.8,20,Male,MH,Maharashtra,India,Mumbai,0
2500,970,2024-03-24,31.89,19,Male,NY,Northeast,USA,New York,0
2501,903,2022-10-13,118.1,29,Other,WA,West,USA,Seattle,0
2502,292,2024-12-18,43.72,31,Male,NY,Northeast,USA,New York,0
2503,746,2024-01-16,300.61,36,Male,CA,West,USA,Los Angeles,0
2504,163,2022-04-04,61.23,39,Male,WA,West,USA,Seattle,0
2505,405,2022-08-09,213.47,43,Other,FL,Southeast,USA,Miami,0
2506,254,2023-06-22,410.31,35,Female,ON,Ontario,Canada,Toronto,0
2507,228,2024-09-10,435.09,48,Male,ENG,England,UK,London,0
2508,882,2024-08-26,319.73,62,Male,NY,Northeast,USA,New York,1
2509,889,2024-10-27,28.09,18,Female,IL,Midwest,USA,Chicago,0
2510,153,2023-02-22,289.36,65,Female,NY,Northeast,USA,New York,0
2511,370,2023-06-01,141.83,58,Male,ON,Ontario,Canada,Toronto,0
2512,32,2023-11-22,305.83,29,Female,CA,West,USA,Los Angeles,0
2513,826,2022-05-28,455.12,22,Female,MH,Maharashtra,India,Mumbai,0
2514,292,2024-07-22,339.86,31,Male,NY,Northeast,USA,New York,0
2515,599,2022-01-18,470.89,50,Female,CA,West,USA,Los Angeles,1
2516,545,2023-04-18,118.95,61,Male,MH,Maharashtra,India,Mumbai,0
2517,199,2023-07-14,149.97,35,Female,NSW,NSW,Australia,Sydney,0
2518,357,2023-06-07,87.86,25,Female,NY,Northeast,USA,New York,0
2519,112,2024-10-14,54.19,58,Female,WA,West,USA,Seattle,0
2520,161,2023-08-26,16.05,69,Male,CA,West,USA,Los Angeles,0
2521,848,2024-11-03,520.45,20,Male,ON,Ontario,Canada,Toronto,0
2522,365,2024-11-04,259.11,24,Male,FL,Southeast,USA,Miami,0
2523,454,2024-04-25,526.44,19,Male,MH,Maharashtra,India,Mumbai,0
2524,693,2024-01-24,485.36,66,Female,IL,Midwest,USA,Chicago,0
2525,878,2024-11-15,419.46,56,Female,FL,Southeast,USA,Miami,0
2526,437,2024-05-11,514.91,47,Female,TX,South,USA,Houston,1
2527,872,2023-05-04,147.73,28,Female,NY,Northeast,USA,New York,0
2528,573,2023-03-19,455.4,32,Male,NY,Northeast,USA,New York,0
2529,52,2024-09-16,384.37,28,Male,TX,South,USA,Houston,0
2530,948,2022-04-23,303.78,24,Female,TX,South,USA,Houston,1
2531,262,2022-03-11,313.15,26,Male,CA,West,USA,Los Angeles,0
2532,749,2024-07-23,508.5,34,Female,NY,Northeast,USA,New York,0
2533,871,2022-10-27,465.17,41,Male,TX,South,USA,Houston,0
2534,804,2023-04-05,102.51,65,Male,TX,South,USA,Houston,0
2535,609,2024-10-22,55.52,68,Other,NY,Northeast,USA,New York,0
2536,289,2022-07-18,143.59,46,Female,ENG,England,UK,London,0
2537,647,2024-06-12,455.83,41,Female,CA,West,USA,Los Angeles,0
2538,512,2022-05-07,57.56,56,Female,NY,Northeast,USA,New York,0
2539,663,2024-03-05,374.37,19,Female,NY,Northeast,USA,New York,0
2540,345,2024-05-04,230.29,65,Male,CA,West,USA,Los Angeles,0
2541,688,2023-11-08,484.46,48,Other,FL,Southeast,USA,Miami,1
2542,485,2022-02-15,411.81,42,Male,FL,Southeast,USA,Miami,0
2543,972,2023-12-16,274.35,39,Male,ENG,England,UK,London,0
2544,112,2023-02-28,208.32,58,Female,WA,West,USA,Seattle,0
2545,724,2023-05-21,444.1,24,Female,CA,West,USA,Los Angeles,0
2546,519,2024-08-28,145.3,42,Male,FL,Southeast,USA,Miami,0
2547,576,2022-11-22,276.24,37,Male,TX,South,USA,Houston,0
2548,526,2024-03-17,522.5,34,Male,NY,Northeast,USA,New York,0
2549,136,2022-03-23,305.81,33,Male,TX,South,USA,Houston,0
2550,575,2024-08-22,521.63,18,Female,NY,Northeast,USA,New York,0
2551,419,2022-05-23,226.58,33,Male,FL,Southeast,USA,Miami,0
2552,235,2023-09-07,337.46,43,Male,ENG,England,UK,London,0
2553,925,2023-11-21,499.04,30,Male,BY,Bavaria,Germany,Munich,0
2554,222,2022-02-07,371.27,41,Male,NY,Northeast,USA,New York,0
2555,422,2024-11-09,508.19,54,Female,NY,Northeast,USA,New York,0
2556,368,2023-01-20,442.76,34,Female,CA,West,USA,Los Angeles,0
2557,454,2023-12-15,51.01,19,Male,MH,Maharashtra,India,Mumbai,0
2558,538,2023-12-23,144.85,24,Male,CA,West,USA,Los Angeles,0
2559,631,2024-09-21,418.13,56,Other,CA,West,USA,Los Angeles,0
2560,337,2022-12-21,446.12,68,Female,CA,West,USA,Los Angeles,0
2561,348,2022-11-05,403.13,66,Female,FL,Southeast,USA,Miami,0
2562,707,2022-01-03,163.45,18,Female,IL,Midwest,USA,Chicago,0
2563,698,2023-01-07,333.17,48,Female,TX,South,USA,Houston,1
2564,586,2022-01-10,334.08,66,Female,NY,Northeast,USA,New York,0
2565,520,2024-07-23,251.2,48,Male,NY,Northeast,USA,New York,0
2566,113,2023-08-02,315.85,46,Other,WA,West,USA,Seattle,0
2567,567,2024-07-16,552.31,29,Male,TX,South,USA,Houston,0
2568,224,2023-09-23,293.51,28,Other,FL,Southeast,USA,Miami,0
2569,73,2023-06-11,111.55,42,Female,FL,Southeast,USA,Miami,1
2570,605,2023-01-09,272.43,60,Male,FL,Southeast,USA,Miami,1
2571,524,2023-04-06,101.89,60,Female,NY,Northeast,USA,New York,0
2572,532,2023-12-13,368.06,26,Female,TX,South,USA,Houston,0
2573,733,2023-05-18,479.05,65,Male,CA,West,USA,Los Angeles,0
2574,340,2023-05-17,361.65,67,Female,IL,Midwest,USA,Chicago,0
2575,336,2024-03-24,492.84,60,Female,CA,West,USA,Los Angeles,0
2576,172,2022-12-01,366.57,22,Female,FL,Southeast,USA,Miami,0
2577,76,2023-04-09,237.82,42,Female,NY,Northeast,USA,New York,0
2578,921,2022-09-10,273.72,63,Female,CA,West,USA,Los Angeles,0
2579,289,2023-01-11,287.21,46,Female,ENG,England,UK,London,0
2580,450,2024-01-21,226.6,32,Male,BY,Bavaria,Germany,Munich,0
2581,908,2022-10-03,55.53,27,Male,NY,Northeast,USA,New York,0
2582,213,2024-09-09,396.36,59,Female,MH,Maharashtra,India,Mumbai,0
2583,175,2023-09-02,35.1,54,Female,WA,West,USA,Seattle,0
2584,721,2022-04-16,109.98,25,Male,NY,Northeast,USA,New York,0
2585,355,2024-12-27,260.29,68,Male,ON,Ontario,Canada,Toronto,0
2586,256,2023-08-28,523.29,25,Male,FL,Southeast,USA,Miami,0
2587,780,2024-12-02,179.61,62,Female,FL,Southeast,USA,Miami,0
2588,266,2023-03-04,423.37,48,Male,CA,West,USA,Los Angeles,0
2589,6,2024-06-16,241.41,62,Female,TX,South,USA,Houston,0
2590,828,2023-05-08,125.68,64,Female,CA,West,USA,Los Angeles,0
2591,971,2023-10-07,24.41,33,Female,TX,South,USA,Houston,0
2592,908,2024-10-20,59.74,27,Male,NY,Northeast,USA,New York,0
2593,116,2023-07-09,227.05,47,Female,CA,West,USA,Los Angeles,1
2594,469,2023-01-17,218.46,27,Female,TX,South,USA,Houston,0
2595,885,2024-03-02,354.94,60,Other,CA,West,USA,Los Angeles,0
2596,633,2023-01-28,42.92,40,Male,MH,Maharashtra,India,Mumbai,0
2597,299,2024-11-03,167.02,32,Female,FL,Southeast,USA,Miami,0
2598,362,2024-05-01,24.06,64,Female,MH,Maharashtra,India,Mumbai,1
2599,314,2024-02-12,489.71,32,Female,NY,Northeast,USA,New York,0
2600,634,2024-05-25,229.37,37,Female,BY,Bavaria,Germany,Munich,0
2601,653,2023-02-18,314.08,28,Male,WA,West,USA,Seattle,0
2602,729,2023-12-14,379.66,43,Female,CA,West,USA,Los Angeles,0
2603,279,2022-05-08,141.3,21,Female,NY,Northeast,USA,New York,0
2604,722,2024-12-07,85.26,66,Male,TX,South,USA,Houston,0
2605,440,2024-09-19,329.65,38,Male,CA,West,USA,Los Angeles,0
2606,41,2023-08-15,479.8,26,Other,ON,Ontario,Canada,Toronto,0
2607,782,2022-07-18,447.36,51,Male,CA,West,USA,Los Angeles,0
2608,99,2023-09-12,170.7,51,Other,ON,Ontario,Canada,Toronto,0
2609,10,2023-09-09,148.84,22,Male,IL,Midwest,USA,Chicago,0
2610,708,2024-01-06,205.23,47,Female,TX,South,USA,Houston,0
2611,88,2022-12-09,130.17,34,Male,FL,Southeast,USA,Miami,0
2612,532,2024-06-07,540.53,26,Female,TX,South,USA,Houston,0
2613,336,2024-05-14,30.23,60,Female,CA,West,USA,Los Angeles,0
2614,944,2024-06-09,116.2,42,Male,TX,South,USA,Houston,0
2615,310,2022-09-23,23.87,23,Other,CA,West,USA,Los Angeles,1
2616,104,2024-06-16,479.86,18,Female,ON,Ontario,Canada,Toronto,0
2617,136,2024-06-09,269.96,33,Male,TX,South,USA,Houston,0
2618,990,2024-01-03,136.35,58,Female,FL,Southeast,USA,Miami,0
2619,962,2022-06-04,203.74,39,Female,IL,Midwest,USA,Chicago,0
2620,134,2023-03-03,65.7,47,Male,IL,Midwest,USA,Chicago,0
2621,337,2024-11-10,70.29,68,Female,CA,West,USA,Los Angeles,0
2622,32,2023-05-10,502.41,29,Female,CA,West,USA,Los Angeles,0
2623,822,2023-12-02,372.14,52,Female,CA,West,USA,Los Angeles,0
2624,899,2023-09-20,342.34,21,Female,CA,West,USA,Los Angeles,0
2625,707,2023-10-15,256.15,18,Female,IL,Midwest,USA,Chicago,0
2626,505,2022-12-28,250.01,32,Female,CA,West,USA,Los Angeles,0
2627,370,2023-04-25,411.6,58,Male,ON,Ontario,Canada,Toronto,0
2628,287,2022-08-01,35.67,26,Female,NY,Northeast,USA,New York,0
2629,713,2024-01-20,377.49,55,Female,ENG,England,UK,London,0
2630,572,2024-02-28,313.32,39,Female,TX,South,USA,Houston,0
2631,466,2023-06-23,169.9,68,Female,CA,West,USA,Los Angeles,1
2632,378,2022-09-20,115.68,56,Male,NY,Northeast,USA,New York,0
2633,731,2022-11-04,432.26,55,Male,NY,Northeast,USA,New York,0
2634,989,2023-04-26,494.45,30,Female,CA,West,USA,Los Angeles,0
2635,123,2024-10-24,63.79,52,Other,ON,Ontario,Canada,Toronto,0
2636,774,2023-04-16,98.81,55,Female,ON,Ontario,Canada,Toronto,0
2637,454,2022-01-26,336.88,19,Male,MH,Maharashtra,India,Mumbai,0
2638,656,2022-01-13,389.27,45,Male,ENG,England,UK,London,0
2639,800,2022-08-15,250.76,41,Male,IL,Midwest,USA,Chicago,1
2640,323,2024-07-22,519.88,49,Male,TX,South,USA,Houston,0
2641,201,2024-04-21,490.32,37,Male,BY,Bavaria,Germany,Munich,0
2642,26,2023-01-16,76.18,51,Male,CA,West,USA,Los Angeles,0
2643,966,2023-08-22,84.59,48,Female,IL,Midwest,USA,Chicago,0
2644,798,2024-11-26,58.34,41,Male,CA,West,USA,Los Angeles,0
2645,720,2023-01-19,465.29,49,Male,NY,Northeast,USA,New York,0
2646,48,2024-10-26,317.23,64,Male,WA,West,USA,Seattle,0
2647,923,2024-09-12,527.84,41,Female,WA,West,USA,Seattle,0
2648,114,2023-07-15,389.36,41,Other,NY,Northeast,USA,New York,0
2649,291,2024-01-19,412.92,59,Male,WA,West,USA,Seattle,0
2650,589,2023-12-17,75.6,61,Female,IL,Midwest,USA,Chicago,0
2651,12,2024-07-06,71.31,68,Female,CA,West,USA,Los Angeles,0
2652,757,2022-06-13,466.17,56,Female,BY,Bavaria,Germany,Munich,0
2653,927,2023-11-04,261.26,46,Male,CA,West,USA,Los Angeles,0
2654,409,2022-11-20,497.02,66,Male,ON,Ontario,Canada,Toronto,1
2655,122,2022-10-23,168.29,52,Female,TX,South,USA,Houston,0
2656,590,2022-11-20,314.49,61,Female,TX,South,USA,Houston,0
2657,778,2023-02-25,308.12,24,Male,CA,West,USA,Los Angeles,0
2658,974,2024-10-19,48.56,42,Female,TX,South,USA,Houston,0
2659,272,2023-05-11,280.09,19,Female,WA,West,USA,Seattle,1
2660,282,2023-11-02,490.72,43,Female,WA,West,USA,Seattle,1
2661,83,2024-06-01,260.28,26,Male,TX,South,USA,Houston,0
2662,44,2024-01-27,270.58,36,Other,CA,West,USA,Los Angeles,0
2663,737,2022-06-22,353.42,55,Male,CA,West,USA,Los Angeles,1
2664,222,2023-10-10,416.1,41,Male,NY,Northeast,USA,New York,0
2665,304,2024-07-27,465.58,64,Female,IL,Midwest,USA,Chicago,0
2666,447,2024-10-07,259.24,34,Female,CA,West,USA,Los Angeles,1
2667,78,2023-01-22,241.22,29,Female,ON,Ontario,Canada,Toronto,0
2668,778,2024-03-06,270.98,24,Male,CA,West,USA,Los Angeles,0
2669,570,2022-08-20,484.8,47,Male,TX,South,USA,Houston,1
2670,420,2023-06-02,493.22,44,Female,NSW,NSW,Australia,Sydney,0
2671,234,2024-09-20,352.96,57,Male,NY,Northeast,USA,New York,0
2672,589,2024-12-13,167.24,61,Female,IL,Midwest,USA,Chicago,0
2673,720,2024-09-17,505.35,49,Male,NY,Northeast,USA,New York,0
2674,566,2022-06-02,93.76,30,Other,BY,Bavaria,Germany,Munich,0
2675,758,2022-08-11,62.31,37,Female,WA,West,USA,Seattle,0
2676,488,2022-12-05,213.14,45,Male,IL,Midwest,USA,Chicago,1
2677,123,2022-09-18,345.8,52,Other,ON,Ontario,Canada,Toronto,0
2678,160,2022-11-01,35.77,58,Male,CA,West,USA,Los Angeles,0
2679,795,2023-05-26,173.11,40,Male,NY,Northeast,USA,New York,0
2680,69,2023-10-05,417.89,21,Male,TX,South,USA,Houston,0
2681,456,2024-03-15,372.98,46,Female,MH,Maharashtra,India,Mumbai,0
2682,203,2023-10-28,54.47,43,Male,NY,Northeast,USA,New York,0
2683,757,2022-11-12,108.89,56,Female,BY,Bavaria,Germany,Munich,0
2684,271,2024-12-16,409.17,33,Male,FL,Southeast,USA,Miami,0
2685,764,2022-02-27,67.16,66,Female,CA,West,USA,Los Angeles,0
2686,188,2024-11-02,16.53,37,Other,TX,South,USA,Houston,0
2687,609,2022-02-16,496.41,68,Other,NY,Northeast,USA,New York,0
2688,193,2023-07-16,329.48,49,Male,NY,Northeast,USA,New York,0
2689,468,2024-09-21,246.61,48,Male,ON,Ontario,Canada,Toronto,0
2690,609,2024-07-17,338.88,68,Other,NY,Northeast,USA,New York,0
2691,155,2024-05-14,379.0,40,Female,NSW,NSW,Australia,Sydney,0
2692,455,2024-09-16,283.13,49,Female,BY,Bavaria,Germany,Munich,0
2693,713,2022-09-08,332.45,55,Female,ENG,England,UK,London,0
2694,251,2024-08-10,400.06,27,Male,FL,Southeast,USA,Miami,0
2695,53,2024-07-27,109.69,36,Male,NY,Northeast,USA,New York,0
2696,236,2024-09-19,243.73,55,Female,IL,Midwest,USA,Chicago,0
2697,396,2023-06-20,168.81,63,Female,CA,West,USA,Los Angeles,0
2698,144,2023-01-04,424.74,39,Male,CA,West,USA,Los Angeles,1
2699,806,2024-07-11,433.72,58,Female,NY,Northeast,USA,New York,0
2700,692,2023-10-07,431.63,59,Male,FL,Southeast,USA,Miami,1
2701,507,2023-05-27,237.83,45,Female,TX,South,USA,Houston,0
2702,476,2022-03-28,291.91,58,Female,CA,West,USA,Los Angeles,0
2703,796,2022-12-10,355.75,33,Male,CA,West,USA,Los Angeles,0
2704,665,2023-11-12,177.9,49,Male,ENG,England,UK,London,0
2705,690,2022-08-20,489.07,58,Female,BY,Bavaria,Germany,Munich,0
2706,379,2022-10-05,195.53,37,Female,TX,South,USA,Houston,0
2707,6,2022-12-16,273.14,62,Female,TX,South,USA,Houston,0
2708,86,2024-08-07,464.94,54,Female,BY,Bavaria,Germany,Munich,0
2709,737,2022-04-15,376.07,55,Male,CA,West,USA,Los Angeles,1
2710,824,2022-09-21,255.77,51,Female,CA,West,USA,Los Angeles,0
2711,94,2023-12-21,222.68,38,Female,TX,South,USA,Houston,0
2712,42,2023-09-04,341.5,57,Female,NY,Northeast,USA,New York,0
2713,235,2024-01-09,250.32,43,Male,ENG,England,UK,London,0
2714,368,2024-12-10,336.09,34,Female,CA,West,USA,Los Angeles,0
2715,182,2023-10-21,426.11,25,Male,ON,Ontario,Canada,Toronto,0
2716,586,2023-06-10,73.85,66,Female,NY,Northeast,USA,New York,0
2717,892,2023-12-13,372.8,54,Female,WA,West,USA,Seattle,0
2718,665,2022-10-07,36.38,49,Male,ENG,England,UK,London,0
2719,333,2023-11-10,391.84,34,Male,TX,South,USA,Houston,0
2720,482,2022-12-14,112.49,61,Female,NY,Northeast,USA,New York,0
2721,946,2022-01-06,251.75,24,Female,FL,Southeast,USA,Miami,0
2722,799,2023-10-04,149.28,34,Female,CA,West,USA,Los Angeles,0
2723,155,2022-06-04,167.74,40,Female,NSW,NSW,Australia,Sydney,0
2724,480,2022-11-13,318.07,23,Male,CA,West,USA,Los Angeles,0
2725,83,2023-11-05,234.55,26,Male,TX,South,USA,Houston,0
2726,836,2023-11-01,263.84,58,Female,IL,Midwest,USA,Chicago,0
2727,695,2022-10-24,499.48,22,Female,FL,Southeast,USA,Miami,1
2728,247,2022-10-28,69.59,57,Male,IL,Midwest,USA,Chicago,0
2729,747,2022-05-15,198.29,45,Female,NY,Northeast,USA,New York,0
2730,473,2023-06-17,285.99,40,Male,IL,Midwest,USA,Chicago,0
2731,797,2024-02-05,457.76,68,Male,IL,Midwest,USA,Chicago,0
2732,31,2024-11-03,166.18,41,Female,NY,Northeast,USA,New York,0
2733,430,2023-09-03,215.16,55,Female,TX,South,USA,Houston,0
2734,579,2023-08-06,437.16,64,Female,NY,Northeast,USA,New York,0
2735,105,2024-04-04,302.27,59,Other,NY,Northeast,USA,New York,1
2736,403,2024-08-21,481.01,34,Male,ON,Ontario,Canada,Toronto,0
2737,739,2022-07-22,41.53,56,Male,NY,Northeast,USA,New York,0
2738,682,2022-12-21,150.67,25,Male,NSW,NSW,Australia,Sydney,0
2739,106,2023-11-09,300.3,58,Female,NY,Northeast,USA,New York,0
2740,743,2023-07-11,73.96,50,Male,NY,Northeast,USA,New York,0
2741,726,2022-11-11,246.08,24,Female,NY,Northeast,USA,New York,1
2742,434,2023-03-05,19.76,24,Female,ON,Ontario,Canada,Toronto,0
2743,820,2023-02-14,272.72,69,Female,BY,Bavaria,Germany,Munich,0
2744,609,2023-09-16,488.61,68,Other,NY,Northeast,USA,New York,0
2745,1000,2023-10-06,503.16,44,Female,TX,South,USA,Houston,1
2746,733,2024-01-08,186.33,65,Male,CA,West,USA,Los Angeles,0
2747,999,2023-03-14,12.4,68,Male,ON,Ontario,Canada,Toronto,0
2748,837,2022-07-03,456.95,60,Male,ENG,England,UK,London,0
2749,336,2022-01-17,287.92,60,Female,CA,West,USA,Los Angeles,0
2750,106,2024-06-10,329.85,58,Female,NY,Northeast,USA,New York,0
2751,631,2023-07-20,433.95,56,Other,CA,West,USA,Los Angeles,0
2752,548,2022-12-22,202.74,48,Female,TX,South,USA,Houston,0
2753,986,2023-05-11,228.81,51,Male,NY,Northeast,USA,New York,0
2754,925,2024-03-10,478.5,30,Male,BY,Bavaria,Germany,Munich,0
2755,4,2024-01-15,280.96,40,Female,TX,South,USA,Houston,0
2756,285,2024-02-02,415.01,40,Other,NY,Northeast,USA,New York,0
2757,513,2024-10-06,507.88,61,Female,CA,West,USA,Los Angeles,0
2758,629,2023-06-04,215.03,44,Female,CA,West,USA,Los Angeles,0
2759,399,2023-03-08,472.31,32,Male,CA,West,USA,Los Angeles,0
2760,283,2022-12-17,170.43,52,Female,NY,Northeast,USA,New York,0
2761,453,2024-10-07,521.35,43,Male,WA,West,USA,Seattle,0
2762,804,2024-02-15,178.79,65,Male,TX,South,USA,Houston,0
2763,941,2022-04-20,124.77,53,Male,MH,Maharashtra,India,Mumbai,1
2764,744,2024-11-19,406.79,32,Male,NY,Northeast,USA,New York,0
2765,163,2023-09-15,489.49,39,Male,WA,West,USA,Seattle,0
2766,950,2022-12-17,386.39,32,Male,FL,Southeast,USA,Miami,0
2767,532,2023-02-13,395.02,26,Female,TX,South,USA,Houston,0
2768,699,2024-10-14,545.2,20,Male,NY,Northeast,USA,New York,0
2769,678,2024-02-23,317.12,22,Male,ON,Ontario,Canada,Toronto,0
2770,490,2023-05-14,471.63,49,Female,CA,West,USA,Los Angeles,0
2771,529,2024-10-10,31.56,65,Female,TX,South,USA,Houston,0
2772,542,2024-10-27,83.73,20,Female,WA,West,USA,Seattle,0
2773,132,2024-01-26,160.19,46,Female,ENG,England,UK,London,0
2774,780,2024-03-25,530.43,62,Female,FL,Southeast,USA,Miami,0
2775,313,2023-10-23,112.89,24,Other,IL,Midwest,USA,Chicago,0
2776,738,2024-02-11,221.44,35,Male,NY,Northeast,USA,New York,0
2777,27,2024-05-27,30.7,38,Other,NY,Northeast,USA,New York,1
2778,118,2024-03-19,54.11,25,Male,FL,Southeast,USA,Miami,0
2779,267,2022-02-25,295.5,41,Male,MH,Maharashtra,India,Mumbai,0
2780,300,2024-11-01,64.84,19,Female,FL,Southeast,USA,Miami,0
2781,104,2024-01-03,504.68,18,Female,ON,Ontario,Canada,Toronto,0
2782,683,2023-07-01,470.68,67,Male,ON,Ontario,Canada,Toronto,0
2783,67,2024-09-28,352.67,65,Female,CA,West,USA,Los Angeles,0
2784,101,2023-01-09,216.43,61,Female,BY,Bavaria,Germany,Munich,0
2785,616,2022-09-02,445.03,51,Male,BY,Bavaria,Germany,Munich,0
2786,660,2022-05-22,249.03,32,Female,CA,West,USA,Los Angeles,1
2787,655,2024-11-23,115.81,46,Female,FL,Southeast,USA,Miami,0
2788,864,2023-11-26,190.14,58,Male,ENG,England,UK,London,0
2789,789,2023-10-17,199.22,46,Female,CA,West,USA,Los Angeles,0
2790,368,2024-06-20,329.4,34,Female,CA,West,USA,Los Angeles,0
2791,644,2023-11-18,218.99,43,Female,ON,Ontario,Canada,Toronto,1
2792,219,2023-08-20,435.61,41,Female,IL,Midwest,USA,Chicago,0
2793,824,2024-06-15,355.03,51,Female,CA,West,USA,Los Angeles,0
2794,855,2024-02-01,149.57,32,Female,TX,South,USA,Houston,0
2795,557,2024-01-05,231.86,56,Female,MH,Maharashtra,India,Mumbai,0
2796,482,2024-04-27,408.12,61,Female,NY,Northeast,USA,New York,0
2797,622,2024-05-02,144.14,42,Male,CA,West,USA,Los Angeles,0
2798,833,2023-12-03,58.19,41,Female,ON,Ontario,Canada,Toronto,1
2799,913,2023-12-23,379.97,37,Female,TX,South,USA,Houston,0
2800,79,2022-03-27,209.26,47,Female,MH,Maharashtra,India,Mumbai,0
2801,602,2023-12-13,75.15,58,Male,CA,West,USA,Los Angeles,1
2802,212,2024-09-04,274.33,55,Female,NY,Northeast,USA,New York,0
2803,63,2024-07-17,318.7,37,Female,ENG,England,UK,London,0
2804,2,2023-12-01,23.98,58,Female,NSW,NSW,Australia,Sydney,0
2805,96,2022-10-11,397.65,32,Male,IL,Midwest,USA,Chicago,0
2806,449,2024-08-16,280.94,45,Female,CA,West,USA,Los Angeles,0
2807,857,2024-03-25,25.22,30,Female,TX,South,USA,Houston,0
2808,883,2023-04-04,458.21,41,Female,CA,West,USA,Los Angeles,0
2809,781,2022-12-17,296.78,63,Male,TX,South,USA,Houston,0
2810,646,2023-04-01,510.91,35,Male,BY,Bavaria,Germany,Munich,0
2811,611,2023-01-14,156.66,61,Male,TX,South,USA,Houston,0
2812,18,2023-04-19,224.91,24,Female,NSW,NSW,Australia,Sydney,1
2813,823,2023-07-02,354.93,25,Male,TX,South,USA,Houston,0
2814,25,2024-06-21,512.79,58,Male,IL,Midwest,USA,Chicago,0
2815,789,2023-12-28,421.53,46,Female,CA,West,USA,Los Angeles,0
2816,721,2023-06-09,344.58,25,Male,NY,Northeast,USA,New York,0
2817,265,2022-11-22,399.8,69,Female,CA,West,USA,Los Angeles,0
2818,93,2024-08-15,63.25,61,Male,NSW,NSW,Australia,Sydney,0
2819,881,2023-07-26,386.74,22,Male,ON,Ontario,Canada,Toronto,0
2820,221,2023-03-17,311.14,24,Female,CA,West,USA,Los Angeles,0
2821,533,2022-04-23,144.38,26,Female,NY,Northeast,USA,New York,0
2822,699,2024-11-05,142.12,20,Male,NY,Northeast,USA,New York,0
2823,463,2024-10-08,169.4,56,Male,FL,Southeast,USA,Miami,0
2824,249,2022-06-13,70.21,58,Female,TX,South,USA,Houston,1
2825,492,2022-12-26,143.89,63,Female,IL,Midwest,USA,Chicago,0
2826,491,2022-11-18,44.91,66,Female,CA,West,USA,Los Angeles,0
2827,443,2024-02-06,380.4,24,Male,TX,South,USA,Houston,0
2828,396,2024-08-25,292.35,63,Female,CA,West,USA,Los Angeles,0
2829,53,2023-11-18,76.92,36,Male,NY,Northeast,USA,New York,0
2830,344,2023-11-12,372.72,44,Male,NSW,NSW,Australia,Sydney,0
2831,366,2024-02-11,108.89,44,Female,ENG,England,UK,London,0
2832,253,2024-04-20,282.79,27,Male,ENG,England,UK,London,0
2833,110,2023-06-25,488.5,54,Male,TX,South,USA,Houston,1
2834,408,2022-04-15,382.85,25,Male,CA,West,USA,Los Angeles,0
2835,924,2023-02-24,314.0,25,Male,CA,West,USA,Los Angeles,0
2836,183,2024-08-20,332.2,43,Male,IL,Midwest,USA,Chicago,0
2837,695,2024-07-03,46.43,22,Female,FL,Southeast,USA,Miami,1
2838,955,2024-03-23,245.54,58,Male,FL,Southeast,USA,Miami,0
2839,962,2024-08-16,179.75,39,Female,IL,Midwest,USA,Chicago,0
2840,317,2023-01-15,257.13,55,Female,WA,West,USA,Seattle,0
2841,137,2023-06-18,504.77,49,Female,TX,South,USA,Houston,0
2842,729,2022-10-02,395.39,43,Female,CA,West,USA,Los Angeles,0
2843,305,2024-11-26,345.96,46,Male,IL,Midwest,USA,Chicago,0
2844,293,2024-04-25,397.93,67,Male,CA,West,USA,Los Angeles,0
2845,724,2023-11-28,390.07,24,Female,CA,West,USA,Los Angeles,0
2846,263,2022-11-17,233.62,33,Male,CA,West,USA,Los Angeles,0
2847,519,2024-08-07,486.66,42,Male,FL,Southeast,USA,Miami,0
2848,483,2024-12-17,349.98,31,Female,ENG,England,UK,London,0
2849,845,2024-04-08,416.23,18,Other,IL,Midwest,USA,Chicago,0
2850,733,2022-01-15,15.41,65,Male,CA,West,USA,Los Angeles,0
2851,369,2024-11-23,306.41,19,Male,TX,South,USA,Houston,0
2852,4,2024-07-05,211.06,40,Female,TX,South,USA,Houston,0
2853,250,2024-05-13,41.61,20,Female,TX,South,USA,Houston,0
2854,172,2024-01-14,365.8,22,Female,FL,Southeast,USA,Miami,0
2855,786,2024-01-27,520.9,48,Female,CA,West,USA,Los Angeles,0
2856,775,2024-02-16,413.34,62,Male,ENG,England,UK,London,0
2857,42,2024-03-10,55.04,57,Female,NY,Northeast,USA,New York,0
2858,353,2023-12-11,40.05,33,Female,TX,South,USA,Houston,0
2859,150,2023-04-09,189.81,21,Male,ON,Ontario,Canada,Toronto,0
2860,856,2024-11-05,142.12,62,Male,WA,West,USA,Seattle,0
2861,723,2024-01-20,26.33,61,Female,TX,South,USA,Houston,0
2862,134,2022-05-22,29.64,47,Male,IL,Midwest,USA,Chicago,0
2863,694,2022-12-06,179.12,67,Other,CA,West,USA,Los Angeles,0
2864,813,2024-03-13,84.49,53,Female,NY,Northeast,USA,New York,0
2865,66,2024-04-22,118.03,34,Female,TX,South,USA,Houston,0
2866,623,2024-11-20,488.39,26,Female,NY,Northeast,USA,New York,0
2867,527,2023-02-03,526.72,66,Female,ON,Ontario,Canada,Toronto,0
2868,169,2024-01-02,452.75,35,Male,CA,West,USA,Los Angeles,0
2869,920,2024-12-02,138.94,51,Other,BY,Bavaria,Germany,Munich,0
2870,13,2023-06-15,101.93,56,Male,FL,Southeast,USA,Miami,0
2871,492,2022-09-26,293.45,63,Female,IL,Midwest,USA,Chicago,0
2872,882,2024-02-03,441.41,62,Male,NY,Northeast,USA,New York,1
2873,312,2022-04-20,332.15,52,Male,TX,South,USA,Houston,0
2874,289,2024-07-21,452.3,46,Female,ENG,England,UK,London,0
2875,728,2024-09-27,278.46,22,Female,CA,West,USA,Los Angeles,1
2876,242,2024-05-17,553.29,48,Male,NY,Northeast,USA,New York,0
2877,504,2023-11-27,419.3,63,Male,IL,Midwest,USA,Chicago,0
2878,184,2024-10-13,39.16,54,Female,NY,Northeast,USA,New York,0
2879,69,2022-08-08,188.39,21,Male,TX,South,USA,Houston,0
2880,356,2024-07-28,318.32,69,Female,MH,Maharashtra,India,Mumbai,0
2881,142,2022-08-15,119.86,29,Female,CA,West,USA,Los Angeles,0
2882,524,2024-10-10,232.56,60,Female,NY,Northeast,USA,New York,0
2883,492,2024-02-19,356.73,63,Female,IL,Midwest,USA,Chicago,0
2884,478,2022-11-12,280.56,18,Male,NSW,NSW,Australia,Sydney,0
2885,968,2023-07-21,458.04,34,Male,FL,Southeast,USA,Miami,0
2886,852,2024-12-21,155.27,59,Female,ENG,England,UK,London,1
2887,434,2022-12-01,461.36,24,Female,ON,Ontario,Canada,Toronto,0
2888,198,2022-01-15,167.85,24,Female,WA,West,USA,Seattle,1
2889,207,2023-06-24,488.65,57,Female,CA,West,USA,Los Angeles,0
2890,747,2024-07-19,147.46,45,Female,NY,Northeast,USA,New York,0
2891,844,2023-07-21,274.22,19,Female,NY,Northeast,USA,New York,1
2892,910,2023-11-28,494.81,22,Female,BY,Bavaria,Germany,Munich,1
2893,927,2024-03-10,163.49,46,Male,CA,West,USA,Los Angeles,0
2894,37,2023-08-20,451.44,62,Female,WA,West,USA,Seattle,0
2895,831,2023-12-01,270.94,30,Female,FL,Southeast,USA,Miami,0
2896,752,2023-12-05,228.64,25,Male,WA,West,USA,Seattle,0
2897,167,2023-01-20,355.32,34,Female,ON,Ontario,Canada,Toronto,0
2898,275,2023-12-06,113.73,39,Male,FL,Southeast,USA,Miami,0
2899,970,2024-02-23,372.77,19,Male,NY,Northeast,USA,New York,0
2900,448,2022-07-25,96.55,67,Female,BY,Bavaria,Germany,Munich,0
2901,696,2024-04-26,401.32,31,Male,ON,Ontario,Canada,Toronto,0
2902,62,2022-08-02,309.22,56,Male,FL,Southeast,USA,Miami,0
2903,641,2023-01-10,83.24,52,Male,ENG,England,UK,London,0
2904,295,2022-04-15,59.34,46,Male,BY,Bavaria,Germany,Munich,1
2905,776,2023-05-01,326.06,67,Male,CA,West,USA,Los Angeles,0
2906,113,2024-12-26,77.87,46,Other,WA,West,USA,Seattle,0
2907,995,2023-08-28,335.27,45,Male,ENG,England,UK,London,0
2908,233,2022-09-22,499.52,19,Male,IL,Midwest,USA,Chicago,0
2909,409,2022-09-08,70.26,66,Male,ON,Ontario,Canada,Toronto,1
2910,33,2024-06-04,271.23,22,Male,FL,Southeast,USA,Miami,0
2911,97,2023-01-24,490.74,30,Female,CA,West,USA,Los Angeles,0
2912,939,2024-02-21,525.48,42,Female,TX,South,USA,Houston,0
2913,702,2023-07-27,26.14,50,Female,BY,Bavaria,Germany,Munich,0
2914,896,2022-12-11,405.92,49,Male,MH,Maharashtra,India,Mumbai,0
2915,846,2024-04-05,142.11,18,Female,CA,West,USA,Los Angeles,0
2916,651,2023-09-26,398.37,43,Male,IL,Midwest,USA,Chicago,0
2917,647,2022-11-04,183.95,41,Female,CA,West,USA,Los Angeles,0
2918,326,2024-12-17,134.62,29,Male,CA,West,USA,Los Angeles,1
2919,701,2022-05-14,240.65,45,Female,CA,West,USA,Los Angeles,0
2920,944,2023-12-16,101.97,42,Male,TX,South,USA,Houston,0
2921,234,2023-08-12,230.93,57,Male,NY,Northeast,USA,New York,0
2922,972,2023-07-01,215.67,39,Male,ENG,England,UK,London,0
2923,524,2024-10-18,539.62,60,Female,NY,Northeast,USA,New York,0
2924,795,2022-04-07,275.64,40,Male,NY,Northeast,USA,New York,0
2925,355,2024-11-04,393.75,68,Male,ON,Ontario,Canada,Toronto,0
2926,682,2024-09-12,107.21,25,Male,NSW,NSW,Australia,Sydney,0
2927,557,2024-11-09,558.52,56,Female,MH,Maharashtra,India,Mumbai,0
2928,329,2024-11-21,284.33,25,Female,BY,Bavaria,Germany,Munich,0
2929,28,2024-08-11,52.49,60,Other,TX,South,USA,Houston,0
2930,884,2024-01-15,345.58,26,Other,CA,West,USA,Los Angeles,0
2931,694,2023-05-14,175.85,67,Other,CA,West,USA,Los Angeles,0
2932,500,2023-11-24,163.27,40,Male,TX,South,USA,Houston,0
2933,549,2024-08-03,185.18,44,Female,CA,West,USA,Los Angeles,1
2934,633,2023-11-01,244.55,40,Male,MH,Maharashtra,India,Mumbai,0
2935,26,2024-06-25,168.77,51,Male,CA,West,USA,Los Angeles,0
2936,174,2022-07-10,391.55,55,Female,CA,West,USA,Los Angeles,0
2937,990,2024-11-21,109.41,58,Female,FL,Southeast,USA,Miami,0
2938,22,2022-10-17,79.55,37,Male,TX,South,USA,Houston,0
2939,110,2024-06-22,68.53,54,Male,TX,South,USA,Houston,1
2940,988,2022-01-19,211.08,34,Female,ON,Ontario,Canada,Toronto,0
2941,785,2022-11-07,65.31,42,Female,CA,West,USA,Los Angeles,1
2942,622,2024-10-15,24.95,42,Male,CA,West,USA,Los Angeles,0
2943,919,2024-06-09,172.77,31,Female,CA,West,USA,Los Angeles,0
2944,686,2024-08-12,549.04,59,Female,CA,West,USA,Los Angeles,0
2945,89,2024-03-16,17.19,57,Male,NY,Northeast,USA,New York,0
2946,51,2023-06-03,43.77,57,Female,CA,West,USA,Los Angeles,1
2947,878,2024-03-01,331.22,56,Female,FL,Southeast,USA,Miami,0
2948,422,2023-04-20,269.2,54,Female,NY,Northeast,USA,New York,0
2949,354,2023-11-03,64.78,40,Female,WA,West,USA,Seattle,1
2950,285,2023-05-26,475.32,40,Other,NY,Northeast,USA,New York,0
2951,800,2022-11-18,340.47,41,Male,IL,Midwest,USA,Chicago,1
2952,836,2024-07-23,282.68,58,Female,IL,Midwest,USA,Chicago,0
2953,622,2024-02-14,309.6,42,Male,CA,West,USA,Los Angeles,0
2954,486,2022-05-20,400.12,30,Female,BY,Bavaria,Germany,Munich,0
2955,592,2024-03-06,65.03,64,Female,ENG,England,UK,London,0
2956,385,2023-09-18,495.29,19,Male,NY,Northeast,USA,New York,0
2957,366,2022-12-09,65.19,44,Female,ENG,England,UK,London,0
2958,148,2024-10-22,262.85,30,Female,WA,West,USA,Seattle,0
2959,468,2022-10-11,131.32,48,Male,ON,Ontario,Canada,Toronto,0
2960,384,2022-11-22,335.95,30,Female,IL,Midwest,USA,Chicago,0
2961,283,2024-10-26,472.1,52,Female,NY,Northeast,USA,New York,0
2962,363,2022-08-01,312.17,29,Female,MH,Maharashtra,India,Mumbai,0
2963,702,2022-10-02,119.75,50,Female,BY,Bavaria,Germany,Munich,0
2964,788,2024-06-11,438.92,53,Male,WA,West,USA,Seattle,0
2965,805,2022-02-16,471.9,56,Female,TX,South,USA,Houston,0
2966,848,2024-09-25,99.55,20,Male,ON,Ontario,Canada,Toronto,0
2967,984,2024-10-13,150.33,51,Male,NY,Northeast,USA,New York,0
2968,380,2022-04-24,269.5,31,Female,FL,Southeast,USA,Miami,0
2969,895,2023-12-21,394.84,56,Female,FL,Southeast,USA,Miami,0
2970,411,2022-01-20,72.22,27,Female,CA,West,USA,Los Angeles,0
2971,828,2024-10-26,39.0,64,Female,CA,West,USA,Los Angeles,0
2972,976,2022-12-09,287.81,29,Female,CA,West,USA,Los Angeles,0
2973,784,2024-05-19,448.72,24,Female,IL,Midwest,USA,Chicago,0
2974,379,2022-12-23,155.84,37,Female,TX,South,USA,Houston,0
2975,377,2024-11-28,331.14,56,Male,NY,Northeast,USA,New York,0
2976,629,2022-10-07,403.69,44,Female,CA,West,USA,Los Angeles,0
2977,999,2022-12-23,24.12,68,Male,ON,Ontario,Canada,Toronto,0
2978,135,2023-09-07,185.2,59,Male,MH,Maharashtra,India,Mumbai,0
2979,258,2024-07-27,177.59,23,Female,MH,Maharashtra,India,Mumbai,1
2980,429,2024-09-16,408.01,19,Female,CA,West,USA,Los Angeles,1
2981,808,2022-06-25,336.45,23,Female,TX,South,USA,Houston,0
2982,242,2022-05-16,415.14,48,Male,NY,Northeast,USA,New York,0
2983,454,2023-02-03,295.57,19,Male,MH,Maharashtra,India,Mumbai,0
2984,243,2023-06-10,128.97,22,Female,CA,West,USA,Los Angeles,0
2985,708,2024-11-18,248.89,47,Female,TX,South,USA,Houston,0
2986,235,2024-12-17,228.55,43,Male,ENG,England,UK,London,0
2987,97,2024-12-16,377.66,30,Female,CA,West,USA,Los Angeles,0
2988,475,2022-03-20,477.42,50,Male,CA,West,USA,Los Angeles,1
2989,2,2023-08-17,248.33,58,Female,NSW,NSW,Australia,Sydney,0
2990,295,2024-08-06,361.8,46,Male,BY,Bavaria,Germany,Munich,1
2991,967,2023-03-03,102.89,49,Male,ON,Ontario,Canada,Toronto,0
2992,817,2024-08-09,326.43,20,Female,CA,West,USA,Los Angeles,1
2993,629,2023-05-04,388.94,44,Female,CA,West,USA,Los Angeles,0
2994,449,2023-12-20,407.29,45,Female,CA,West,USA,Los Angeles,0
2995,810,2024-04-28,545.53,69,Female,ENG,England,UK,London,0
2996,55,2023-11-26,523.54,43,Male,NY,Northeast,USA,New York,0
2997,435,2024-12-16,294.09,40,Female,IL,Midwest,USA,Chicago,0
2998,439,2023-10-25,457.59,22,Female,NY,Northeast,USA,New York,0
2999,17,2022-04-19,371.19,44,Male,CA,West,USA,Los Angeles,0
3000,100,2023-04-04,283.08,25,Female,NY,Northeast,USA,New York,0
3001,432,2022-12-17,24.73,56,Male,FL,Southeast,USA,Miami,0
3002,148,2023-02-16,518.06,30,Female,WA,West,USA,Seattle,0
3003,990,2022-02-16,482.96,58,Female,FL,Southeast,USA,Miami,0
3004,136,2024-12-23,295.56,33,Male,TX,South,USA,Houston,0
3005,30,2024-10-28,200.23,41,Male,NY,Northeast,USA,New York,0
3006,793,2023-10-07,68.66,55,Female,FL,Southeast,USA,Miami,0
3007,406,2022-03-01,37.02,44,Female,TX,South,USA,Houston,0
3008,430,2023-07-19,427.89,55,Female,TX,South,USA,Houston,0
3009,266,2024-11-04,235.9,48,Male,CA,West,USA,Los Angeles,0
3010,1,2024-05-12,320.08,22,Female,IL,Midwest,USA,Chicago,0
3011,718,2022-03-27,157.72,43,Female,BY,Bavaria,Germany,Munich,1
3012,512,2023-01-19,329.51,56,Female,NY,Northeast,USA,New York,0
3013,397,2023-08-27,404.7,20,Male,IL,Midwest,USA,Chicago,0
3014,202,2023-05-01,474.37,65,Male,MH,Maharashtra,India,Mumbai,1
3015,136,2022-11-20,253.08,33,Male,TX,South,USA,Houston,0
3016,718,2024-04-09,175.94,43,Female,BY,Bavaria,Germany,Munich,1
3017,68,2022-03-03,47.63,37,Male,CA,West,USA,Los Angeles,0
3018,942,2022-12-09,428.47,39,Male,CA,West,USA,Los Angeles,0
3019,537,2022-12-27,428.25,41,Male,NSW,NSW,Australia,Sydney,0
3020,171,2024-09-12,205.14,23,Male,NY,Northeast,USA,New York,1
3021,885,2023-12-26,118.25,60,Other,CA,West,USA,Los Angeles,0
3022,277,2023-03-04,360.36,42,Female,IL,Midwest,USA,Chicago,0
3023,299,2023-07-19,403.61,32,Female,FL,Southeast,USA,Miami,0
3024,713,2024-03-13,407.34,55,Female,ENG,England,UK,London,0
3025,122,2023-07-09,47.62,52,Female,TX,South,USA,Houston,0
3026,633,2024-10-16,551.34,40,Male,MH,Maharashtra,India,Mumbai,0
3027,275,2023-11-18,293.42,39,Male,FL,Southeast,USA,Miami,0
3028,829,2022-01-01,308.09,62,Male,FL,Southeast,USA,Miami,1
3029,466,2024-06-19,36.07,68,Female,CA,West,USA,Los Angeles,1
3030,650,2024-12-09,17.68,62,Female,CA,West,USA,Los Angeles,0
3031,462,2023-08-23,76.22,25,Male,TX,South,USA,Houston,1
3032,191,2024-05-05,225.77,53,Male,WA,West,USA,Seattle,0
3033,322,2023-06-09,501.32,23,Female,TX,South,USA,Houston,0
3034,836,2023-05-28,388.73,58,Female,IL,Midwest,USA,Chicago,0
3035,510,2024-06-07,559.58,30,Female,IL,Midwest,USA,Chicago,0
3036,161,2024-06-04,384.32,69,Male,CA,West,USA,Los Angeles,0
3037,68,2023-07-16,62.41,37,Male,CA,West,USA,Los Angeles,0
3038,84,2024-07-18,392.34,61,Male,NY,Northeast,USA,New York,1
3039,815,2023-07-16,343.71,58,Male,NY,Northeast,USA,New York,0
3040,940,2022-01-12,444.29,44,Other,WA,West,USA,Seattle,0
3041,503,2024-01-04,309.88,68,Male,NSW,NSW,Australia,Sydney,0
3042,584,2023-06-09,138.15,20,Female,CA,West,USA,Los Angeles,0
3043,519,2024-11-02,413.32,42,Male,FL,Southeast,USA,Miami,0
3044,332,2024-10-24,424.67,37,Female,NSW,NSW,Australia,Sydney,0
3045,768,2023-02-08,277.68,42,Other,TX,South,USA,Houston,0
3046,257,2023-07-19,59.85,53,Male,CA,West,USA,Los Angeles,0
3047,735,2024-08-08,238.28,28,Male,IL,Midwest,USA,Chicago,0
3048,85,2024-07-18,472.15,50,Female,FL,Southeast,USA,Miami,0
3049,580,2024-09-03,177.83,23,Male,CA,West,USA,Los Angeles,0
3050,560,2023-12-03,390.62,62,Female,CA,West,USA,Los Angeles,0
3051,133,2023-02-09,142.27,22,Male,FL,Southeast,USA,Miami,1
3052,871,2022-07-08,171.07,41,Male,TX,South,USA,Houston,0
3053,189,2023-07-10,185.66,30,Female,FL,Southeast,USA,Miami,0
3054,680,2022-08-08,76.41,66,Male,NSW,NSW,Australia,Sydney,0
3055,477,2024-03-20,203.92,62,Female,TX,South,USA,Houston,0
3056,763,2024-09-13,408.32,67,Male,TX,South,USA,Houston,0
3057,435,2023-01-05,219.04,40,Female,IL,Midwest,USA,Chicago,0
3058,599,2023-10-26,166.28,50,Female,CA,West,USA,Los Angeles,1
3059,739,2024-09-18,395.75,56,Male,NY,Northeast,USA,New York,0
3060,10,2022-05-12,262.58,22,Male,IL,Midwest,USA,Chicago,0
3061,213,2024-12-15,250.4,59,Female,MH,Maharashtra,India,Mumbai,0
3062,446,2023-11-10,424.12,52,Male,BY,Bavaria,Germany,Munich,0
3063,359,2022-07-12,197.15,22,Male,NY,Northeast,USA,New York,0
3064,36,2022-12-02,276.73,21,Male,TX,South,USA,Houston,0
3065,637,2024-11-24,28.64,30,Female,NY,Northeast,USA,New York,1
3066,82,2023-03-11,186.89,40,Female,NY,Northeast,USA,New York,1
3067,761,2024-08-20,141.21,27,Male,IL,Midwest,USA,Chicago,0
3068,176,2022-08-02,444.02,42,Male,BY,Bavaria,Germany,Munich,1
3069,602,2022-09-03,20.32,58,Male,CA,West,USA,Los Angeles,1
3070,890,2024-12-11,395.38,32,Male,CA,West,USA,Los Angeles,0
3071,364,2022-07-02,380.54,64,Female,TX,South,USA,Houston,0
3072,216,2022-02-28,172.93,32,Male,WA,West,USA,Seattle,0
3073,230,2023-07-02,144.14,27,Female,NY,Northeast,USA,New York,0
3074,452,2024-10-16,101.66,66,Male,CA,West,USA,Los Angeles,0
3075,294,2023-05-10,154.53,35,Male,IL,Midwest,USA,Chicago,0
3076,877,2022-01-06,457.83,46,Female,ENG,England,UK,London,1
3077,842,2024-05-04,34.98,52,Female,CA,West,USA,Los Angeles,0
3078,679,2024-09-09,261.85,45,Male,NY,Northeast,USA,New York,0
3079,345,2024-02-02,156.29,65,Male,CA,West,USA,Los Angeles,0
3080,133,2024-06-16,393.09,22,Male,FL,Southeast,USA,Miami,1
3081,232,2024-02-07,194.45,62,Male,CA,West,USA,Los Angeles,0
3082,463,2023-07-01,190.29,56,Male,FL,Southeast,USA,Miami,0
3083,816,2023-03-04,40.88,61,Female,NY,Northeast,USA,New York,1
3084,771,2024-02-26,510.88,51,Other,FL,Southeast,USA,Miami,0
3085,979,2024-09-07,297.45,36,Female,NY,Northeast,USA,New York,0
3086,444,2024-03-17,49.06,43,Male,CA,West,USA,Los Angeles,0
3087,553,2024-03-12,423.75,61,Male,TX,South,USA,Houston,0
3088,218,2023-08-14,415.75,23,Male,FL,Southeast,USA,Miami,1
3089,690,2023-01-24,250.12,58,Female,BY,Bavaria,Germany,Munich,0
3090,644,2024-01-21,548.55,43,Female,ON,Ontario,Canada,Toronto,1
3091,70,2023-06-16,127.98,42,Female,TX,South,USA,Houston,1
3092,408,2024-06-06,474.5,25,Male,CA,West,USA,Los Angeles,0
3093,933,2024-08-24,475.72,31,Male,FL,Southeast,USA,Miami,0
3094,514,2022-12-01,265.4,60,Other,TX,South,USA,Houston,0
3095,437,2024-06-16,307.61,47,Female,TX,South,USA,Houston,1
3096,125,2024-08-18,72.82,62,Other,NY,Northeast,USA,New York,0
3097,794,2024-12-27,84.31,60,Male,NY,Northeast,USA,New York,0
3098,906,2023-07-05,230.19,54,Male,NY,Northeast,USA,New York,0
3099,906,2024-10-09,515.05,54,Male,NY,Northeast,USA,New York,0
3100,922,2023-08-01,122.02,47,Female,CA,West,USA,Los Angeles,0
3101,946,2023-09-07,257.32,24,Female,FL,Southeast,USA,Miami,0
3102,304,2022-12-27,41.48,64,Female,IL,Midwest,USA,Chicago,0
3103,757,2024-01-01,175.42,56,Female,BY,Bavaria,Germany,Munich,0
3104,293,2024-12-23,215.36,67,Male,CA,West,USA,Los Angeles,0
3105,363,2023-07-27,510.72,29,Female,MH,Maharashtra,India,Mumbai,0
3106,171,2023-08-04,110.86,23,Male,NY,Northeast,USA,New York,1
3107,43,2022-07-11,59.35,54,Female,NY,Northeast,USA,New York,0
3108,586,2024-04-26,40.7,66,Female,NY,Northeast,USA,New York,0
3109,80,2023-01-21,281.75,52,Male,ENG,England,UK,London,0
3110,200,2024-12-02,296.28,68,Male,IL,Midwest,USA,Chicago,0
3111,192,2022-08-25,105.97,50,Female,BY,Bavaria,Germany,Munich,0
3112,615,2024-11-23,147.04,53,Other,CA,West,USA,Los Angeles,0
3113,497,2023-05-09,176.21,24,Female,NY,Northeast,USA,New York,0
3114,946,2024-04-12,16.39,24,Female,FL,Southeast,USA,Miami,0
3115,658,2024-05-09,459.6,50,Male,NY,Northeast,USA,New York,0
3116,181,2022-04-15,388.66,66,Male,IL,Midwest,USA,Chicago,0
3117,253,2023-07-22,176.94,27,Male,ENG,England,UK,London,0
3118,226,2024-12-19,326.37,33,Male,CA,West,USA,Los Angeles,0
3119,456,2024-11-28,191.31,46,Female,MH,Maharashtra,India,Mumbai,0
3120,92,2022-07-03,23.13,59,Male,CA,West,USA,Los Angeles,0
3121,427,2023-05-26,316.94,62,Male,NY,Northeast,USA,New York,0
3122,315,2023-08-26,385.41,30,Male,ON,Ontario,Canada,Toronto,1
3123,105,2024-08-11,194.42,59,Other,NY,Northeast,USA,New York,1
3124,882,2024-09-05,143.66,62,Male,NY,Northeast,USA,New York,1
3125,345,2022-07-07,139.47,65,Male,CA,West,USA,Los Angeles,0
3126,16,2024-01-27,202.78,58,Male,NY,Northeast,USA,New York,0
3127,737,2024-02-01,267.8,55,Male,CA,West,USA,Los Angeles,1
3128,637,2024-12-03,425.5,30,Female,NY,Northeast,USA,New York,1
3129,351,2022-10-03,107.51,45,Male,NY,Northeast,USA,New York,0
3130,385,2023-12-05,377.48,19,Male,NY,Northeast,USA,New York,0
3131,200,2023-05-23,511.59,68,Male,IL,Midwest,USA,Chicago,0
3132,318,2022-07-02,98.33,55,Female,TX,South,USA,Houston,1
3133,165,2023-05-28,274.25,39,Male,BY,Bavaria,Germany,Munich,0
3134,173,2022-12-12,187.03,58,Other,WA,West,USA,Seattle,0
3135,389,2022-05-15,304.22,64,Male,ENG,England,UK,London,0
3136,833,2024-09-17,494.61,41,Female,ON,Ontario,Canada,Toronto,1
3137,172,2023-03-23,470.97,22,Female,FL,Southeast,USA,Miami,0
3138,823,2024-02-18,254.35,25,Male,TX,South,USA,Houston,0
3139,829,2022-03-02,381.1,62,Male,FL,Southeast,USA,Miami,1
3140,41,2023-07-24,276.17,26,Other,ON,Ontario,Canada,Toronto,0
3141,276,2023-11-03,411.58,43,Female,TX,South,USA,Houston,0
3142,577,2024-12-15,496.54,66,Female,MH,Maharashtra,India,Mumbai,0
3143,162,2024-08-25,401.84,52,Female,FL,Southeast,USA,Miami,1
3144,415,2023-07-15,42.16,18,Other,CA,West,USA,Los Angeles,0
3145,702,2024-10-12,145.82,50,Female,BY,Bavaria,Germany,Munich,0
3146,7,2022-01-10,395.03,22,Male,IL,Midwest,USA,Chicago,0
3147,639,2024-11-22,21.98,59,Male,WA,West,USA,Seattle,0
3148,306,2022-10-19,263.79,25,Male,IL,Midwest,USA,Chicago,0
3149,787,2023-07-23,327.65,19,Male,ENG,England,UK,London,0
3150,189,2022-01-26,411.8,30,Female,FL,Southeast,USA,Miami,0
3151,701,2024-03-17,453.87,45,Female,CA,West,USA,Los Angeles,0
3152,764,2023-06-10,48.61,66,Female,CA,West,USA,Los Angeles,0
3153,437,2024-12-17,384.22,47,Female,TX,South,USA,Houston,1
3154,448,2023-09-10,421.08,67,Female,BY,Bavaria,Germany,Munich,0
3155,404,2023-07-06,65.37,68,Female,CA,West,USA,Los Angeles,0
3156,799,2022-07-10,247.85,34,Female,CA,West,USA,Los Angeles,0
3157,410,2024-10-14,367.57,18,Male,ENG,England,UK,London,1
3158,969,2024-05-07,199.11,65,Female,FL,Southeast,USA,Miami,0
3159,155,2022-02-09,191.56,40,Female,NSW,NSW,Australia,Sydney,0
3160,402,2024-09-16,67.66,58,Male,CA,West,USA,Los Angeles,0
3161,547,2023-05-04,412.81,40,Male,TX,South,USA,Houston,0
3162,556,2022-05-03,126.19,44,Female,TX,South,USA,Houston,0
3163,457,2023-07-22,236.5,25,Female,FL,Southeast,USA,Miami,0
3164,973,2022-04-24,263.03,42,Male,IL,Midwest,USA,Chicago,0
3165,488,2022-12-09,52.75,45,Male,IL,Midwest,USA,Chicago,1
3166,167,2024-11-04,247.8,34,Female,ON,Ontario,Canada,Toronto,0
3167,382,2023-12-13,89.74,66,Female,FL,Southeast,USA,Miami,0
3168,55,2024-12-05,138.81,43,Male,NY,Northeast,USA,New York,0
3169,291,2024-05-25,206.73,59,Male,WA,West,USA,Seattle,0
3170,470,2024-06-02,279.96,66,Male,TX,South,USA,Houston,1
3171,79,2024-09-15,249.49,47,Female,MH,Maharashtra,India,Mumbai,0
3172,488,2024-01-11,50.48,45,Male,IL,Midwest,USA,Chicago,1
3173,221,2023-12-14,192.58,24,Female,CA,West,USA,Los Angeles,0
3174,930,2023-01-22,30.97,48,Male,WA,West,USA,Seattle,0
3175,140,2023-07-08,140.86,40,Female,IL,Midwest,USA,Chicago,0
3176,456,2024-09-26,57.91,46,Female,MH,Maharashtra,India,Mumbai,0
3177,183,2022-12-28,92.02,43,Male,IL,Midwest,USA,Chicago,0
3178,444,2024-09-13,286.97,43,Male,CA,West,USA,Los Angeles,0
3179,481,2024-08-11,520.11,32,Other,ENG,England,UK,London,0
3180,499,2023-05-07,111.76,66,Other,ON,Ontario,Canada,Toronto,0
3181,474,2024-08-23,412.27,42,Female,NY,Northeast,USA,New York,0
3182,446,2023-10-21,33.3,52,Male,BY,Bavaria,Germany,Munich,0
3183,288,2022-07-13,174.57,47,Male,IL,Midwest,USA,Chicago,0
3184,899,2024-10-20,231.48,21,Female,CA,West,USA,Los Angeles,0
3185,650,2023-01-11,66.88,62,Female,CA,West,USA,Los Angeles,0
3186,618,2022-05-20,322.02,31,Female,CA,West,USA,Los Angeles,0
3187,408,2022-12-23,81.38,25,Male,CA,West,USA,Los Angeles,0
3188,797,2022-05-13,402.33,68,Male,IL,Midwest,USA,Chicago,0
3189,682,2024-08-19,335.83,25,Male,NSW,NSW,Australia,Sydney,0
3190,155,2024-07-16,418.02,40,Female,NSW,NSW,Australia,Sydney,0
3191,434,2023-12-03,95.9,24,Female,ON,Ontario,Canada,Toronto,0
3192,876,2022-03-02,165.38,44,Male,CA,West,USA,Los Angeles,0
3193,880,2023-05-08,377.02,50,Male,IL,Midwest,USA,Chicago,0
3194,971,2024-11-08,260.0,33,Female,TX,South,USA,Houston,0
3195,751,2024-09-06,358.23,67,Male,TX,South,USA,Houston,0
3196,957,2023-08-26,225.35,38,Male,FL,Southeast,USA,Miami,0
3197,253,2022-06-17,339.38,27,Male,ENG,England,UK,London,0
3198,983,2024-06-02,363.27,46,Female,CA,West,USA,Los Angeles,0
3199,948,2024-12-26,175.57,24,Female,TX,South,USA,Houston,1
3200,698,2022-09-09,442.02,48,Female,TX,South,USA,Houston,1
3201,679,2024-12-28,413.13,45,Male,NY,Northeast,USA,New York,0
3202,672,2022-12-07,43.43,49,Female,NY,Northeast,USA,New York,0
3203,111,2022-08-03,28.47,32,Female,NY,Northeast,USA,New York,1
3204,68,2024-08-04,404.21,37,Male,CA,West,USA,Los Angeles,0
3205,239,2023-09-11,338.88,34,Male,TX,South,USA,Houston,0
3206,283,2023-11-26,490.76,52,Female,NY,Northeast,USA,New York,0
3207,60,2024-09-16,381.9,53,Female,ENG,England,UK,London,1
3208,788,2024-02-04,125.46,53,Male,WA,West,USA,Seattle,0
3209,35,2022-12-09,30.6,64,Male,CA,West,USA,Los Angeles,0
3210,362,2024-09-14,303.38,64,Female,MH,Maharashtra,India,Mumbai,1
3211,107,2024-11-16,283.57,58,Female,NSW,NSW,Australia,Sydney,0
3212,621,2023-06-24,497.47,40,Female,NY,Northeast,USA,New York,0
3213,952,2024-07-02,399.95,33,Female,IL,Midwest,USA,Chicago,0
3214,587,2024-09-01,505.15,53,Female,NY,Northeast,USA,New York,1
3215,560,2022-10-21,380.72,62,Female,CA,West,USA,Los Angeles,0
3216,581,2022-02-04,333.7,22,Male,NY,Northeast,USA,New York,0
3217,271,2024-06-20,320.25,33,Male,FL,Southeast,USA,Miami,0
3218,371,2024-10-10,329.52,35,Female,NY,Northeast,USA,New York,1
3219,316,2022-12-11,258.65,52,Female,TX,South,USA,Houston,0
3220,885,2022-01-05,421.1,60,Other,CA,West,USA,Los Angeles,0
3221,363,2024-04-22,139.97,29,Female,MH,Maharashtra,India,Mumbai,0
3222,249,2022-07-06,458.44,58,Female,TX,South,USA,Houston,1
3223,506,2022-04-01,284.15,41,Male,ENG,England,UK,London,0
3224,771,2024-01-17,251.26,51,Other,FL,Southeast,USA,Miami,0
3225,376,2024-07-05,127.01,22,Female,WA,West,USA,Seattle,0
3226,26,2024-09-05,162.7,51,Male,CA,West,USA,Los Angeles,0
3227,409,2024-06-07,331.78,66,Male,ON,Ontario,Canada,Toronto,1
3228,839,2023-06-18,89.41,18,Female,FL,Southeast,USA,Miami,0
3229,861,2024-12-22,13.02,68,Female,ON,Ontario,Canada,Toronto,0
3230,759,2023-07-26,145.24,24,Female,CA,West,USA,Los Angeles,1
3231,529,2023-11-28,168.55,65,Female,TX,South,USA,Houston,0
3232,979,2024-05-07,527.79,36,Female,NY,Northeast,USA,New York,0
3233,107,2024-11-07,330.51,58,Female,NSW,NSW,Australia,Sydney,0
3234,121,2024-11-06,233.88,40,Female,CA,West,USA,Los Angeles,0
3235,713,2022-04-06,491.67,55,Female,ENG,England,UK,London,0
3236,804,2024-09-01,212.83,65,Male,TX,South,USA,Houston,0
3237,210,2024-09-17,537.03,58,Female,NY,Northeast,USA,New York,0
3238,310,2024-06-01,527.88,23,Other,CA,West,USA,Los Angeles,1
3239,231,2024-10-02,389.82,42,Male,NSW,NSW,Australia,Sydney,0
3240,248,2023-05-12,283.41,39,Male,TX,South,USA,Houston,0
3241,20,2024-07-23,462.17,41,Female,CA,West,USA,Los Angeles,0
3242,206,2024-12-14,188.96,31,Female,MH,Maharashtra,India,Mumbai,0
3243,690,2024-03-12,213.08,58,Female,BY,Bavaria,Germany,Munich,0
3244,719,2024-03-06,124.74,30,Female,NSW,NSW,Australia,Sydney,0
3245,879,2024-03-20,151.36,46,Female,CA,West,USA,Los Angeles,0
3246,943,2022-12-10,76.86,65,Male,CA,West,USA,Los Angeles,1
3247,213,2022-03-28,426.83,59,Female,MH,Maharashtra,India,Mumbai,0
3248,653,2024-03-04,11.88,28,Male,WA,West,USA,Seattle,0
3249,399,2024-09-22,244.15,32,Male,CA,West,USA,Los Angeles,0
3250,266,2024-10-20,211.08,48,Male,CA,West,USA,Los Angeles,0
3251,684,2022-07-11,199.96,67,Male,CA,West,USA,Los Angeles,1
3252,400,2023-12-12,448.85,34,Female,CA,West,USA,Los Angeles,0
3253,605,2024-01-27,461.8,60,Male,FL,Southeast,USA,Miami,1
3254,242,2024-08-21,375.27,48,Male,NY,Northeast,USA,New York,0
3255,426,2022-08-02,347.66,28,Male,CA,West,USA,Los Angeles,1
3256,70,2024-05-16,452.18,42,Female,TX,South,USA,Houston,1
3257,36,2022-12-21,198.67,21,Male,TX,South,USA,Houston,0
3258,768,2023-08-11,244.61,42,Other,TX,South,USA,Houston,0
3259,890,2023-04-20,137.71,32,Male,CA,West,USA,Los Angeles,0
3260,105,2022-02-18,126.65,59,Other,NY,Northeast,USA,New York,1
3261,673,2022-02-10,467.96,51,Male,TX,South,USA,Houston,0
3262,650,2024-12-01,428.64,62,Female,CA,West,USA,Los Angeles,0
3263,277,2024-04-01,259.8,42,Female,IL,Midwest,USA,Chicago,0
3264,429,2024-12-20,32.6,19,Female,CA,West,USA,Los Angeles,1
3265,295,2023-02-22,396.41,46,Male,BY,Bavaria,Germany,Munich,1
3266,73,2023-12-11,503.26,42,Female,FL,Southeast,USA,Miami,1
3267,822,2023-11-14,491.95,52,Female,CA,West,USA,Los Angeles,0
3268,302,2024-02-15,403.13,60,Male,FL,Southeast,USA,Miami,0
3269,530,2023-02-25,347.04,65,Male,FL,Southeast,USA,Miami,0
3270,76,2024-11-15,77.52,42,Female,NY,Northeast,USA,New York,0
3271,43,2024-02-16,58.21,54,Female,NY,Northeast,USA,New York,0
3272,630,2024-04-16,156.74,37,Other,CA,West,USA,Los Angeles,1
3273,416,2023-11-04,303.41,53,Other,CA,West,USA,Los Angeles,1
3274,668,2023-12-20,484.92,62,Female,TX,South,USA,Houston,0
3275,882,2022-10-26,436.84,62,Male,NY,Northeast,USA,New York,1
3276,895,2022-11-04,159.97,56,Female,FL,Southeast,USA,Miami,0
3277,75,2024-08-02,212.19,53,Female,CA,West,USA,Los Angeles,0
3278,287,2023-10-14,171.79,26,Female,NY,Northeast,USA,New York,0
3279,206,2024-05-22,302.16,31,Female,MH,Maharashtra,India,Mumbai,0
3280,177,2022-10-03,406.37,55,Female,IL,Midwest,USA,Chicago,1
3281,458,2024-09-21,440.98,50,Female,CA,West,USA,Los Angeles,0
3282,475,2024-08-07,497.61,50,Male,CA,West,USA,Los Angeles,1
3283,969,2023-12-06,281.58,65,Female,FL,Southeast,USA,Miami,0
3284,815,2024-07-06,372.4,58,Male,NY,Northeast,USA,New York,0
3285,59,2023-08-15,506.06,56,Female,FL,Southeast,USA,Miami,0
3286,566,2024-07-17,381.94,30,Other,BY,Bavaria,Germany,Munich,0
3287,220,2024-04-13,102.88,64,Other,ON,Ontario,Canada,Toronto,0
3288,944,2024-05-17,190.58,42,Male,TX,South,USA,Houston,0
3289,255,2024-12-23,52.74,52,Female,NY,Northeast,USA,New York,1
3290,89,2023-06-24,67.99,57,Male,NY,Northeast,USA,New York,0
3291,941,2024-09-21,281.12,53,Male,MH,Maharashtra,India,Mumbai,1
3292,720,2024-08-15,416.53,49,Male,NY,Northeast,USA,New York,0
3293,699,2022-11-07,102.58,20,Male,NY,Northeast,USA,New York,0
3294,664,2022-10-21,166.81,28,Male,TX,South,USA,Houston,0
3295,726,2024-02-19,195.9,24,Female,NY,Northeast,USA,New York,1
3296,244,2024-05-25,472.26,51,Male,NSW,NSW,Australia,Sydney,0
3297,670,2023-10-20,106.19,24,Male,TX,South,USA,Houston,0
3298,208,2024-03-04,29.88,68,Female,TX,South,USA,Houston,0
3299,907,2024-07-16,353.56,39,Other,FL,Southeast,USA,Miami,0
3300,383,2023-05-21,284.25,67,Female,TX,South,USA,Houston,0
3301,932,2023-01-28,12.01,54,Female,IL,Midwest,USA,Chicago,1
3302,323,2024-12-10,430.86,49,Male,TX,South,USA,Houston,0
3303,187,2024-12-25,243.82,26,Male,TX,South,USA,Houston,0
3304,335,2023-10-08,295.14,41,Female,CA,West,USA,Los Angeles,1
3305,555,2023-03-11,359.02,69,Male,NY,Northeast,USA,New York,1
3306,723,2024-12-27,39.38,61,Female,TX,South,USA,Houston,0
3307,24,2024-09-05,105.89,66,Female,WA,West,USA,Seattle,0
3308,91,2024-12-06,265.37,40,Female,CA,West,USA,Los Angeles,0
3309,280,2022-01-24,94.23,22,Female,TX,South,USA,Houston,0
3310,749,2024-03-26,75.18,34,Female,NY,Northeast,USA,New York,0
3311,290,2023-09-03,179.39,42,Female,CA,West,USA,Los Angeles,0
3312,500,2022-12-24,219.06,40,Male,TX,South,USA,Houston,0
3313,991,2024-03-17,477.61,35,Male,NSW,NSW,Australia,Sydney,0
3314,174,2024-05-25,337.7,55,Female,CA,West,USA,Los Angeles,0
3315,196,2023-08-14,493.33,22,Female,TX,South,USA,Houston,0
3316,670,2024-12-17,262.11,24,Male,TX,South,USA,Houston,0
3317,780,2023-11-07,255.97,62,Female,FL,Southeast,USA,Miami,0
3318,374,2022-12-17,162.61,37,Male,MH,Maharashtra,India,Mumbai,0
3319,196,2023-09-12,52.96,22,Female,TX,South,USA,Houston,0
3320,133,2023-11-12,99.94,22,Male,FL,Southeast,USA,Miami,1
3321,972,2024-07-08,48.36,39,Male,ENG,England,UK,London,0
3322,588,2024-02-12,397.25,23,Female,NY,Northeast,USA,New York,0
3323,378,2024-09-05,202.73,56,Male,NY,Northeast,USA,New York,0
3324,320,2022-08-24,25.44,57,Male,FL,Southeast,USA,Miami,0
3325,158,2023-07-12,401.29,46,Male,ON,Ontario,Canada,Toronto,0
3326,284,2022-04-11,134.87,43,Female,CA,West,USA,Los Angeles,0
3327,781,2024-10-28,501.56,63,Male,TX,South,USA,Houston,0
3328,478,2023-11-14,438.11,18,Male,NSW,NSW,Australia,Sydney,0
3329,908,2023-05-20,168.37,27,Male,NY,Northeast,USA,New York,0
3330,520,2024-12-28,140.56,48,Male,NY,Northeast,USA,New York,0
3331,606,2024-06-25,556.2,45,Female,IL,Midwest,USA,Chicago,0
3332,703,2023-02-10,436.32,26,Female,ENG,England,UK,London,0
3333,179,2023-03-15,491.89,64,Male,ENG,England,UK,London,0
3334,493,2024-07-24,20.55,57,Female,NY,Northeast,USA,New York,1
3335,870,2023-02-15,321.37,20,Male,TX,South,USA,Houston,0
3336,534,2022-10-08,140.65,32,Female,TX,South,USA,Houston,0
3337,251,2024-11-15,216.85,27,Male,FL,Southeast,USA,Miami,0
3338,571,2023-08-01,57.9,67,Female,ENG,England,UK,London,0
3339,663,2023-11-25,399.3,19,Female,NY,Northeast,USA,New York,0
3340,928,2022-12-17,267.57,33,Male,IL,Midwest,USA,Chicago,0
3341,763,2023-06-08,421.98,67,Male,TX,South,USA,Houston,0
3342,102,2023-02-14,71.1,28,Female,CA,West,USA,Los Angeles,0
3343,585,2023-04-01,528.58,39,Other,IL,Midwest,USA,Chicago,0
3344,664,2024-09-23,202.49,28,Male,TX,South,USA,Houston,0
3345,745,2023-06-15,504.78,59,Male,NY,Northeast,USA,New York,0
3346,38,2024-09-01,382.44,61,Male,IL,Midwest,USA,Chicago,0
3347,282,2024-09-13,70.93,43,Female,WA,West,USA,Seattle,1
3348,260,2022-08-02,393.17,48,Female,BY,Bavaria,Germany,Munich,0
3349,200,2022-03-11,284.73,68,Male,IL,Midwest,USA,Chicago,0
3350,791,2024-05-25,114.76,22,Female,MH,Maharashtra,India,Mumbai,1
3351,460,2024-06-19,113.96,23,Female,FL,Southeast,USA,Miami,0
3352,362,2024-11-14,534.29,64,Female,MH,Maharashtra,India,Mumbai,1
3353,548,2022-09-15,499.3,48,Female,TX,South,USA,Houston,0
3354,27,2023-09-15,309.83,38,Other,NY,Northeast,USA,New York,1
3355,233,2022-09-03,101.71,19,Male,IL,Midwest,USA,Chicago,0
3356,514,2024-07-07,197.93,60,Other,TX,South,USA,Houston,0
3357,203,2024-01-23,127.52,43,Male,NY,Northeast,USA,New York,0
3358,438,2023-03-26,326.13,66,Male,FL,Southeast,USA,Miami,0
3359,322,2023-03-05,218.5,23,Female,TX,South,USA,Houston,0
3360,927,2023-01-26,206.97,46,Male,CA,West,USA,Los Angeles,0
3361,880,2024-05-01,451.02,50,Male,IL,Midwest,USA,Chicago,0
3362,943,2022-10-15,482.15,65,Male,CA,West,USA,Los Angeles,1
3363,379,2024-02-24,119.33,37,Female,TX,South,USA,Houston,0
3364,279,2024-02-07,238.64,21,Female,NY,Northeast,USA,New York,0
3365,515,2024-02-27,305.65,67,Male,TX,South,USA,Houston,0
3366,821,2023-04-28,138.31,19,Female,CA,West,USA,Los Angeles,0
3367,806,2024-03-12,231.76,58,Female,NY,Northeast,USA,New York,0
3368,515,2024-01-25,41.82,67,Male,TX,South,USA,Houston,0
3369,565,2022-04-03,30.2,64,Male,TX,South,USA,Houston,0
3370,541,2022-12-15,395.32,54,Male,NY,Northeast,USA,New York,0
3371,465,2024-05-09,197.29,18,Other,IL,Midwest,USA,Chicago,0
3372,115,2023-04-18,378.04,44,Male,ON,Ontario,Canada,Toronto,1
3373,334,2022-07-08,50.63,61,Female,CA,West,USA,Los Angeles,0
3374,837,2022-04-13,338.63,60,Male,ENG,England,UK,London,0
3375,865,2022-08-21,330.15,61,Female,IL,Midwest,USA,Chicago,0
3376,606,2023-06-06,437.26,45,Female,IL,Midwest,USA,Chicago,0
3377,979,2024-12-24,123.49,36,Female,NY,Northeast,USA,New York,0
3378,956,2022-12-20,280.05,49,Male,TX,South,USA,Houston,0
3379,502,2024-10-08,505.77,51,Female,TX,South,USA,Houston,0
3380,783,2023-04-19,124.81,24,Male,NY,Northeast,USA,New York,0
3381,210,2023-07-09,75.45,58,Female,NY,Northeast,USA,New York,0
3382,467,2022-05-16,178.93,26,Other,IL,Midwest,USA,Chicago,0
3383,415,2024-11-18,540.98,18,Other,CA,West,USA,Los Angeles,0
3384,858,2024-01-23,97.58,20,Female,TX,South,USA,Houston,0
3385,417,2023-09-10,72.58,68,Male,IL,Midwest,USA,Chicago,0
3386,319,2022-05-13,498.9,66,Female,TX,South,USA,Houston,0
3387,385,2023-07-13,214.81,19,Male,NY,Northeast,USA,New York,0
3388,863,2022-05-25,83.13,24,Female,TX,South,USA,Houston,0
3389,622,2024-05-24,317.77,42,Male,CA,West,USA,Los Angeles,0
3390,116,2022-09-07,16.79,47,Female,CA,West,USA,Los Angeles,1
3391,27,2024-08-03,244.76,38,Other,NY,Northeast,USA,New York,1
3392,337,2024-04-27,31.08,68,Female,CA,West,USA,Los Angeles,0
3393,821,2023-01-05,304.24,19,Female,CA,West,USA,Los Angeles,0
3394,869,2024-11-06,354.07,41,Male,NY,Northeast,USA,New York,0
3395,156,2022-07-04,11.73,52,Male,TX,South,USA,Houston,1
3396,24,2024-08-05,292.57,66,Female,WA,West,USA,Seattle,0
3397,262,2022-07-02,473.03,26,Male,CA,West,USA,Los Angeles,0
3398,869,2024-08-17,229.67,41,Male,NY,Northeast,USA,New York,0
3399,428,2023-08-15,506.37,59,Female,IL,Midwest,USA,Chicago,1
3400,41,2022-01-03,482.1,26,Other,ON,Ontario,Canada,Toronto,0
3401,502,2024-07-19,143.05,51,Female,TX,South,USA,Houston,0
3402,659,2022-07-05,292.92,21,Male,TX,South,USA,Houston,0
3403,98,2022-02-16,416.85,53,Female,CA,West,USA,Los Angeles,0
3404,639,2024-10-21,400.39,59,Male,WA,West,USA,Seattle,0
3405,801,2023-04-12,405.41,18,Male,NSW,NSW,Australia,Sydney,0
3406,58,2024-01-09,154.4,26,Female,TX,South,USA,Houston,1
3407,54,2024-11-26,515.12,42,Female,NY,Northeast,USA,New York,0
3408,839,2024-11-23,140.52,18,Female,FL,Southeast,USA,Miami,0
3409,467,2023-04-24,345.51,26,Other,IL,Midwest,USA,Chicago,0
3410,86,2022-09-05,443.51,54,Female,BY,Bavaria,Germany,Munich,0
3411,135,2024-01-08,208.49,59,Male,MH,Maharashtra,India,Mumbai,0
3412,852,2022-10-11,280.55,59,Female,ENG,England,UK,London,1
3413,856,2023-07-05,369.25,62,Male,WA,West,USA,Seattle,0
3414,984,2023-10-11,492.86,51,Male,NY,Northeast,USA,New York,0
3415,692,2023-06-07,243.31,59,Male,FL,Southeast,USA,Miami,1
3416,673,2024-05-14,342.24,51,Male,TX,South,USA,Houston,0
3417,900,2024-11-20,89.02,50,Male,FL,Southeast,USA,Miami,0
3418,931,2024-01-12,46.99,45,Female,ON,Ontario,Canada,Toronto,0
3419,27,2024-03-21,22.96,38,Other,NY,Northeast,USA,New York,1
3420,626,2023-06-11,258.14,30,Female,NY,Northeast,USA,New York,0
3421,757,2023-08-14,294.05,56,Female,BY,Bavaria,Germany,Munich,0
3422,982,2022-01-10,52.32,54,Male,NY,Northeast,USA,New York,0
3423,54,2024-08-03,110.59,42,Female,NY,Northeast,USA,New York,0
3424,797,2023-06-01,148.92,68,Male,IL,Midwest,USA,Chicago,0
3425,555,2023-09-06,473.53,69,Male,NY,Northeast,USA,New York,1
3426,680,2022-12-18,58.64,66,Male,NSW,NSW,Australia,Sydney,0
3427,1000,2024-06-03,279.94,44,Female,TX,South,USA,Houston,1
3428,989,2024-08-14,444.24,30,Female,CA,West,USA,Los Angeles,0
3429,184,2024-07-04,488.75,54,Female,NY,Northeast,USA,New York,0
3430,484,2022-02-11,349.64,59,Female,NY,Northeast,USA,New York,0
3431,413,2024-10-08,156.93,32,Female,BY,Bavaria,Germany,Munich,0
3432,484,2023-11-06,73.66,59,Female,NY,Northeast,USA,New York,0
3433,420,2023-11-15,92.61,44,Female,NSW,NSW,Australia,Sydney,0
3434,852,2023-12-25,410.68,59,Female,ENG,England,UK,London,1
3435,890,2023-07-19,164.62,32,Male,CA,West,USA,Los Angeles,0
3436,675,2023-09-07,186.09,50,Female,NY,Northeast,USA,New York,0
3437,646,2023-03-24,101.77,35,Male,BY,Bavaria,Germany,Munich,0
3438,145,2023-12-26,236.35,69,Female,CA,West,USA,Los Angeles,0
3439,346,2024-08-22,194.8,31,Female,FL,Southeast,USA,Miami,0
3440,308,2024-04-07,207.13,46,Male,TX,South,USA,Houston,0
3441,115,2024-11-05,29.74,44,Male,ON,Ontario,Canada,Toronto,1
3442,585,2024-08-28,265.06,39,Other,IL,Midwest,USA,Chicago,0
3443,642,2022-12-25,64.83,65,Female,TX,South,USA,Houston,0
3444,17,2024-10-12,305.18,44,Male,CA,West,USA,Los Angeles,0
3445,461,2022-11-13,337.9,55,Female,FL,Southeast,USA,Miami,0
3446,511,2023-08-15,294.25,69,Female,CA,West,USA,Los Angeles,1
3447,457,2022-07-25,81.77,25,Female,FL,Southeast,USA,Miami,0
3448,234,2024-10-09,349.53,57,Male,NY,Northeast,USA,New York,0
3449,25,2023-02-19,225.01,58,Male,IL,Midwest,USA,Chicago,0
3450,237,2024-01-27,208.43,52,Male,ENG,England,UK,London,0
3451,988,2023-12-09,87.87,34,Female,ON,Ontario,Canada,Toronto,0
3452,896,2023-12-08,527.06,49,Male,MH,Maharashtra,India,Mumbai,0
3453,696,2023-12-04,214.55,31,Male,ON,Ontario,Canada,Toronto,0
3454,283,2022-01-21,233.62,52,Female,NY,Northeast,USA,New York,0
3455,20,2023-04-08,59.62,41,Female,CA,West,USA,Los Angeles,0
3456,899,2024-12-01,381.9,21,Female,CA,West,USA,Los Angeles,0
3457,428,2023-02-15,157.41,59,Female,IL,Midwest,USA,Chicago,1
3458,534,2022-07-16,372.68,32,Female,TX,South,USA,Houston,0
3459,968,2024-05-01,48.04,34,Male,FL,Southeast,USA,Miami,0
3460,928,2023-11-21,164.78,33,Male,IL,Midwest,USA,Chicago,0
3461,552,2022-07-16,375.37,38,Male,CA,West,USA,Los Angeles,0
3462,730,2022-05-14,204.04,52,Male,IL,Midwest,USA,Chicago,1
3463,559,2023-07-10,28.41,59,Female,CA,West,USA,Los Angeles,0
3464,415,2023-02-19,420.69,18,Other,CA,West,USA,Los Angeles,0
3465,240,2024-10-22,541.12,50,Male,WA,West,USA,Seattle,0
3466,36,2023-08-22,206.16,21,Male,TX,South,USA,Houston,0
3467,942,2024-08-11,352.33,39,Male,CA,West,USA,Los Angeles,0
3468,892,2023-06-15,204.15,54,Female,WA,West,USA,Seattle,0
3469,393,2024-05-08,315.77,37,Male,FL,Southeast,USA,Miami,0
3470,708,2024-01-07,416.52,47,Female,TX,South,USA,Houston,0
3471,102,2023-12-25,339.33,28,Female,CA,West,USA,Los Angeles,0
3472,135,2022-06-12,164.21,59,Male,MH,Maharashtra,India,Mumbai,0
3473,861,2023-07-08,111.98,68,Female,ON,Ontario,Canada,Toronto,0
3474,936,2024-06-21,309.93,66,Other,NSW,NSW,Australia,Sydney,0
3475,610,2024-12-20,373.13,62,Male,CA,West,USA,Los Angeles,0
3476,489,2022-11-08,291.5,57,Male,MH,Maharashtra,India,Mumbai,0
3477,649,2024-02-05,81.52,67,Female,WA,West,USA,Seattle,0
3478,30,2023-08-18,195.01,41,Male,NY,Northeast,USA,New York,0
3479,322,2022-07-26,374.88,23,Female,TX,South,USA,Houston,0
3480,296,2024-10-05,91.74,45,Male,NY,Northeast,USA,New York,0
3481,525,2023-12-07,469.43,34,Female,TX,South,USA,Houston,0
3482,860,2023-10-27,252.92,59,Male,CA,West,USA,Los Angeles,0
3483,85,2024-11-21,445.39,50,Female,FL,Southeast,USA,Miami,0
3484,420,2023-07-17,187.61,44,Female,NSW,NSW,Australia,Sydney,0
3485,766,2024-06-10,208.34,58,Female,CA,West,USA,Los Angeles,0
3486,808,2023-09-14,512.87,23,Female,TX,South,USA,Houston,0
3487,858,2022-10-06,288.0,20,Female,TX,South,USA,Houston,0
3488,403,2023-04-23,63.53,34,Male,ON,Ontario,Canada,Toronto,0
3489,947,2024-07-15,536.77,68,Female,CA,West,USA,Los Angeles,0
3490,134,2023-02-23,205.3,47,Male,IL,Midwest,USA,Chicago,0
3491,817,2022-04-25,358.01,20,Female,CA,West,USA,Los Angeles,1
3492,195,2024-11-03,81.75,67,Female,IL,Midwest,USA,Chicago,0
3493,677,2024-03-25,480.6,48,Female,TX,South,USA,Houston,0
3494,882,2024-11-09,537.54,62,Male,NY,Northeast,USA,New York,1
3495,690,2024-06-10,221.31,58,Female,BY,Bavaria,Germany,Munich,0
3496,182,2023-09-13,85.77,25,Male,ON,Ontario,Canada,Toronto,0
3497,878,2024-12-09,317.24,56,Female,FL,Southeast,USA,Miami,0
3498,936,2024-10-10,99.99,66,Other,NSW,NSW,Australia,Sydney,0
3499,487,2024-11-20,253.85,35,Male,NY,Northeast,USA,New York,0
3500,289,2024-04-09,352.91,46,Female,ENG,England,UK,London,0
3501,643,2023-05-18,82.95,62,Female,WA,West,USA,Seattle,0
3502,972,2022-10-10,474.53,39,Male,ENG,England,UK,London,0
3503,969,2024-10-10,398.43,65,Female,FL,Southeast,USA,Miami,0
3504,97,2022-10-04,187.03,30,Female,CA,West,USA,Los Angeles,0
3505,139,2022-10-25,213.69,36,Female,NY,Northeast,USA,New York,0
3506,549,2023-04-04,451.11,44,Female,CA,West,USA,Los Angeles,1
3507,862,2024-05-16,272.43,66,Male,CA,West,USA,Los Angeles,0
3508,36,2024-12-08,552.91,21,Male,TX,South,USA,Houston,0
3509,687,2024-08-28,45.32,39,Male,ON,Ontario,Canada,Toronto,0
3510,257,2024-10-02,160.11,53,Male,CA,West,USA,Los Angeles,0
3511,296,2024-08-12,295.72,45,Male,NY,Northeast,USA,New York,0
3512,856,2024-12-15,85.75,62,Male,WA,West,USA,Seattle,0
3513,289,2022-11-28,184.55,46,Female,ENG,England,UK,London,0
3514,188,2024-04-05,296.56,37,Other,TX,South,USA,Houston,0
3515,965,2022-11-24,137.89,67,Female,NY,Northeast,USA,New York,0
3516,892,2022-05-02,90.66,54,Female,WA,West,USA,Seattle,0
3517,925,2022-06-09,141.49,30,Male,BY,Bavaria,Germany,Munich,0
3518,590,2024-11-24,56.52,61,Female,TX,South,USA,Houston,0
3519,262,2024-05-11,118.73,26,Male,CA,West,USA,Los Angeles,0
3520,727,2024-05-17,44.69,55,Female,IL,Midwest,USA,Chicago,0
3521,762,2024-09-11,533.95,46,Male,MH,Maharashtra,India,Mumbai,0
3522,360,2024-12-26,99.56,56,Female,NY,Northeast,USA,New York,0
3523,581,2022-02-03,10.62,22,Male,NY,Northeast,USA,New York,0
3524,985,2024-09-28,536.61,48,Female,ON,Ontario,Canada,Toronto,0
3525,574,2024-07-07,427.51,20,Female,ENG,England,UK,London,0
3526,827,2024-06-17,157.74,53,Male,CA,West,USA,Los Angeles,0
3527,30,2022-10-08,440.67,41,Male,NY,Northeast,USA,New York,0
3528,912,2022-08-23,437.1,27,Other,MH,Maharashtra,India,Mumbai,0
3529,965,2024-11-20,417.86,67,Female,NY,Northeast,USA,New York,0
3530,146,2022-10-05,300.19,62,Female,TX,South,USA,Houston,0
3531,434,2023-12-07,314.3,24,Female,ON,Ontario,Canada,Toronto,0
3532,267,2023-11-20,513.85,41,Male,MH,Maharashtra,India,Mumbai,0
3533,554,2022-01-15,237.92,34,Male,ON,Ontario,Canada,Toronto,1
3534,841,2022-10-16,406.2,33,Male,CA,West,USA,Los Angeles,1
3535,187,2024-09-11,72.94,26,Male,TX,South,USA,Houston,0
3536,670,2024-02-19,395.81,24,Male,TX,South,USA,Houston,0
3537,129,2024-08-27,554.27,47,Female,CA,West,USA,Los Angeles,0
3538,385,2023-10-03,15.78,19,Male,NY,Northeast,USA,New York,0
3539,548,2022-03-20,136.37,48,Female,TX,South,USA,Houston,0
3540,465,2023-06-27,418.3,18,Other,IL,Midwest,USA,Chicago,0
3541,121,2023-08-07,391.74,40,Female,CA,West,USA,Los Angeles,0
3542,439,2022-06-12,369.76,22,Female,NY,Northeast,USA,New York,0
3543,335,2024-11-16,550.38,41,Female,CA,West,USA,Los Angeles,1
3544,558,2024-03-22,63.81,63,Male,TX,South,USA,Houston,0
3545,333,2023-10-20,361.24,34,Male,TX,South,USA,Houston,0
3546,490,2023-10-28,343.63,49,Female,CA,West,USA,Los Angeles,0
3547,954,2023-06-16,117.47,40,Female,WA,West,USA,Seattle,0
3548,455,2022-07-25,114.33,49,Female,BY,Bavaria,Germany,Munich,0
3549,734,2023-03-15,348.32,58,Female,NSW,NSW,Australia,Sydney,0
3550,328,2023-03-09,350.56,19,Male,TX,South,USA,Houston,0
3551,675,2023-07-19,322.28,50,Female,NY,Northeast,USA,New York,0
3552,449,2023-04-12,250.51,45,Female,CA,West,USA,Los Angeles,0
3553,623,2024-11-19,388.34,26,Female,NY,Northeast,USA,New York,0
3554,178,2022-08-19,167.73,26,Female,TX,South,USA,Houston,0
3555,834,2022-01-03,125.54,25,Other,CA,West,USA,Los Angeles,0
3556,191,2022-05-16,301.76,53,Male,WA,West,USA,Seattle,0
3557,170,2022-11-01,312.47,19,Male,ENG,England,UK,London,0
3558,689,2024-04-12,456.97,41,Male,NY,Northeast,USA,New York,0
3559,297,2024-10-19,239.54,62,Male,FL,Southeast,USA,Miami,1
3560,965,2024-02-19,430.55,67,Female,NY,Northeast,USA,New York,0
3561,682,2024-12-03,514.84,25,Male,NSW,NSW,Australia,Sydney,0
3562,213,2023-06-26,231.69,59,Female,MH,Maharashtra,India,Mumbai,0
3563,974,2022-07-21,275.86,42,Female,TX,South,USA,Houston,0
3564,913,2023-08-09,483.39,37,Female,TX,South,USA,Houston,0
3565,295,2023-05-13,166.55,46,Male,BY,Bavaria,Germany,Munich,1
3566,626,2024-10-04,407.79,30,Female,NY,Northeast,USA,New York,0
3567,442,2023-01-11,310.41,33,Female,TX,South,USA,Houston,0
3568,953,2022-03-19,212.86,49,Female,FL,Southeast,USA,Miami,0
3569,962,2023-03-25,459.46,39,Female,IL,Midwest,USA,Chicago,0
3570,396,2022-09-17,86.8,63,Female,CA,West,USA,Los Angeles,0
3571,907,2024-11-08,30.63,39,Other,FL,Southeast,USA,Miami,0
3572,691,2022-01-26,111.5,69,Male,CA,West,USA,Los Angeles,0
3573,93,2022-11-16,439.37,61,Male,NSW,NSW,Australia,Sydney,0
3574,544,2022-11-21,178.36,27,Female,BY,Bavaria,Germany,Munich,0
3575,391,2024-02-20,386.56,56,Male,NY,Northeast,USA,New York,0
3576,978,2023-03-12,130.5,47,Other,CA,West,USA,Los Angeles,0
3577,196,2024-05-01,280.6,22,Female,TX,South,USA,Houston,0
3578,61,2023-02-18,282.17,65,Male,MH,Maharashtra,India,Mumbai,0
3579,142,2022-10-25,130.23,29,Female,CA,West,USA,Los Angeles,0
3580,59,2024-07-25,223.81,56,Female,FL,Southeast,USA,Miami,0
3581,500,2022-06-25,138.27,40,Male,TX,South,USA,Houston,0
3582,865,2022-10-10,59.33,61,Female,IL,Midwest,USA,Chicago,0
3583,494,2024-05-26,248.09,49,Male,CA,West,USA,Los Angeles,1
3584,54,2022-11-01,286.18,42,Female,NY,Northeast,USA,New York,0
3585,863,2022-09-09,54.13,24,Female,TX,South,USA,Houston,0
3586,908,2024-05-18,207.61,27,Male,NY,Northeast,USA,New York,0
3587,762,2023-07-09,250.93,46,Male,MH,Maharashtra,India,Mumbai,0
3588,95,2023-04-01,494.95,64,Male,ON,Ontario,Canada,Toronto,0
3589,227,2023-12-05,327.6,60,Male,NY,Northeast,USA,New York,0
3590,113,2024-06-27,528.32,46,Other,WA,West,USA,Seattle,0
3591,663,2022-12-12,266.95,19,Female,NY,Northeast,USA,New York,0
3592,331,2022-12-05,403.6,46,Female,TX,South,USA,Houston,0
3593,52,2024-07-18,64.02,28,Male,TX,South,USA,Houston,0
3594,727,2024-10-11,320.95,55,Female,IL,Midwest,USA,Chicago,0
3595,743,2024-08-12,204.89,50,Male,NY,Northeast,USA,New York,0
3596,577,2023-02-27,388.95,66,Female,MH,Maharashtra,India,Mumbai,0
3597,173,2022-12-16,440.02,58,Other,WA,West,USA,Seattle,0
3598,909,2023-07-03,380.55,37,Female,NY,Northeast,USA,New York,0
3599,399,2024-11-27,59.65,32,Male,CA,West,USA,Los Angeles,0
3600,630,2022-09-01,314.32,37,Other,CA,West,USA,Los Angeles,1
3601,13,2023-02-20,397.09,56,Male,FL,Southeast,USA,Miami,0
3602,596,2022-06-03,24.62,59,Male,NY,Northeast,USA,New York,0
3603,893,2024-03-08,104.35,45,Male,NY,Northeast,USA,New York,1
3604,571,2024-03-28,384.54,67,Female,ENG,England,UK,London,0
3605,281,2023-10-05,174.17,32,Male,CA,West,USA,Los Angeles,1
3606,407,2024-01-28,45.33,40,Female,TX,South,USA,Houston,0
3607,266,2024-12-09,499.31,48,Male,CA,West,USA,Los Angeles,0
3608,640,2022-06-11,476.57,67,Female,ON,Ontario,Canada,Toronto,0
3609,533,2023-07-27,204.58,26,Female,NY,Northeast,USA,New York,0
3610,974,2024-05-21,556.09,42,Female,TX,South,USA,Houston,0
3611,24,2022-02-09,429.72,66,Female,WA,West,USA,Seattle,0
3612,973,2023-08-21,299.31,42,Male,IL,Midwest,USA,Chicago,0
3613,279,2023-05-14,398.71,21,Female,NY,Northeast,USA,New York,0
3614,111,2024-08-03,525.01,32,Female,NY,Northeast,USA,New York,1
3615,261,2023-08-08,388.37,59,Female,NY,Northeast,USA,New York,0
3616,456,2024-04-07,196.41,46,Female,MH,Maharashtra,India,Mumbai,0
3617,750,2023-07-14,110.86,26,Female,NY,Northeast,USA,New York,0
3618,593,2022-05-25,221.56,30,Male,FL,Southeast,USA,Miami,0
3619,230,2024-04-16,113.64,27,Female,NY,Northeast,USA,New York,0
3620,716,2022-10-05,20.55,59,Female,CA,West,USA,Los Angeles,1
3621,39,2022-01-18,233.41,32,Male,ON,Ontario,Canada,Toronto,0
3622,301,2023-04-15,181.62,36,Female,FL,Southeast,USA,Miami,0
3623,962,2024-07-11,63.49,39,Female,IL,Midwest,USA,Chicago,0
3624,983,2023-07-07,463.24,46,Female,CA,West,USA,Los Angeles,0
3625,317,2022-12-20,70.24,55,Female,WA,West,USA,Seattle,0
3626,416,2023-11-16,338.03,53,Other,CA,West,USA,Los Angeles,1
3627,354,2023-10-13,306.3,40,Female,WA,West,USA,Seattle,1
3628,286,2022-07-06,489.71,66,Male,ON,Ontario,Canada,Toronto,0
3629,189,2023-06-04,142.44,30,Female,FL,Southeast,USA,Miami,0
3630,781,2022-01-07,125.4,63,Male,TX,South,USA,Houston,0
3631,652,2023-11-18,336.37,51,Female,CA,West,USA,Los Angeles,0
3632,589,2024-06-02,317.57,61,Female,IL,Midwest,USA,Chicago,0
3633,775,2024-05-03,456.72,62,Male,ENG,England,UK,London,0
3634,905,2023-08-28,100.49,41,Male,ON,Ontario,Canada,Toronto,0
3635,854,2023-10-08,166.74,30,Male,TX,South,USA,Houston,0
3636,107,2023-07-04,13.2,58,Female,NSW,NSW,Australia,Sydney,0
3637,768,2024-03-28,407.2,42,Other,TX,South,USA,Houston,0
3638,55,2022-12-12,169.48,43,Male,NY,Northeast,USA,New York,0
3639,714,2022-02-01,125.68,57,Male,TX,South,USA,Houston,0
3640,944,2023-12-12,324.8,42,Male,TX,South,USA,Houston,0
3641,932,2022-06-01,133.33,54,Female,IL,Midwest,USA,Chicago,1
3642,446,2022-12-09,37.81,52,Male,BY,Bavaria,Germany,Munich,0
3643,971,2022-12-27,125.76,33,Female,TX,South,USA,Houston,0
3644,217,2024-06-23,477.53,22,Female,NY,Northeast,USA,New York,1
3645,921,2024-11-12,337.94,63,Female,CA,West,USA,Los Angeles,0
3646,744,2024-02-10,269.77,32,Male,NY,Northeast,USA,New York,0
3647,793,2024-02-17,280.89,55,Female,FL,Southeast,USA,Miami,0
3648,998,2023-05-18,528.42,36,Female,CA,West,USA,Los Angeles,1
3649,767,2024-08-22,28.48,49,Male,WA,West,USA,Seattle,0
3650,999,2024-01-16,99.68,68,Male,ON,Ontario,Canada,Toronto,0
3651,436,2024-07-03,486.19,24,Male,CA,West,USA,Los Angeles,0
3652,964,2024-12-25,304.72,29,Male,FL,Southeast,USA,Miami,0
3653,815,2023-11-10,527.44,58,Male,NY,Northeast,USA,New York,0
3654,157,2023-04-23,365.83,24,Female,NY,Northeast,USA,New York,0
3655,373,2023-07-23,386.35,39,Other,MH,Maharashtra,India,Mumbai,0
3656,851,2022-03-07,294.09,68,Female,CA,West,USA,Los Angeles,0
3657,618,2023-04-15,19.61,31,Female,CA,West,USA,Los Angeles,0
3658,125,2022-12-22,454.92,62,Other,NY,Northeast,USA,New York,0
3659,596,2022-12-11,266.27,59,Male,NY,Northeast,USA,New York,0
3660,357,2024-04-23,16.17,25,Female,NY,Northeast,USA,New York,0
3661,115,2024-04-15,126.39,44,Male,ON,Ontario,Canada,Toronto,1
3662,179,2023-06-26,192.59,64,Male,ENG,England,UK,London,0
3663,206,2023-06-26,159.25,31,Female,MH,Maharashtra,India,Mumbai,0
3664,357,2024-02-27,26.44,25,Female,NY,Northeast,USA,New York,0
3665,896,2024-03-07,164.99,49,Male,MH,Maharashtra,India,Mumbai,0
3666,248,2024-06-21,503.09,39,Male,TX,South,USA,Houston,0
3667,178,2024-04-22,334.35,26,Female,TX,South,USA,Houston,0
3668,897,2023-11-13,180.43,44,Female,NY,Northeast,USA,New York,0
3669,492,2023-10-05,56.36,63,Female,IL,Midwest,USA,Chicago,0
3670,988,2024-07-09,423.51,34,Female,ON,Ontario,Canada,Toronto,0
3671,307,2024-06-15,405.43,33,Female,CA,West,USA,Los Angeles,0
3672,174,2023-11-25,11.83,55,Female,CA,West,USA,Los Angeles,0
3673,861,2023-03-26,526.58,68,Female,ON,Ontario,Canada,Toronto,0
3674,130,2023-11-26,148.58,51,Female,TX,South,USA,Houston,1
3675,738,2023-01-27,146.89,35,Male,NY,Northeast,USA,New York,0
3676,165,2024-12-03,176.41,39,Male,BY,Bavaria,Germany,Munich,0
3677,851,2024-03-28,538.99,68,Female,CA,West,USA,Los Angeles,0
3678,566,2023-11-16,447.47,30,Other,BY,Bavaria,Germany,Munich,0
3679,141,2023-01-03,341.61,69,Female,WA,West,USA,Seattle,0
3680,883,2023-11-04,267.32,41,Female,CA,West,USA,Los Angeles,0
3681,280,2022-08-08,170.24,22,Female,TX,South,USA,Houston,0
3682,746,2023-01-08,184.63,36,Male,CA,West,USA,Los Angeles,0
3683,186,2024-10-04,189.92,41,Male,NY,Northeast,USA,New York,0
3684,423,2024-02-11,484.59,57,Female,TX,South,USA,Houston,0
3685,257,2022-07-16,343.84,53,Male,CA,West,USA,Los Angeles,0
3686,960,2024-05-09,234.45,39,Male,TX,South,USA,Houston,0
3687,116,2024-10-19,556.46,47,Female,CA,West,USA,Los Angeles,1
3688,539,2023-11-21,102.78,46,Male,FL,Southeast,USA,Miami,0
3689,270,2024-07-12,53.28,48,Female,ON,Ontario,Canada,Toronto,0
3690,785,2024-10-03,213.24,42,Female,CA,West,USA,Los Angeles,1
3691,553,2024-12-09,550.04,61,Male,TX,South,USA,Houston,0
3692,500,2022-09-18,21.77,40,Male,TX,South,USA,Houston,0
3693,806,2022-05-11,49.69,58,Female,NY,Northeast,USA,New York,0
3694,667,2023-07-17,187.95,44,Female,ENG,England,UK,London,1
3695,658,2022-04-24,493.84,50,Male,NY,Northeast,USA,New York,0
3696,377,2023-07-23,188.99,56,Male,NY,Northeast,USA,New York,0
3697,232,2024-04-18,383.33,62,Male,CA,West,USA,Los Angeles,0
3698,53,2022-11-03,433.37,36,Male,NY,Northeast,USA,New York,0
3699,558,2023-08-21,358.89,63,Male,TX,South,USA,Houston,0
3700,613,2024-09-10,60.49,58,Female,CA,West,USA,Los Angeles,0
3701,241,2023-02-12,87.75,25,Male,NY,Northeast,USA,New York,0
3702,289,2023-01-20,145.05,46,Female,ENG,England,UK,London,0
3703,58,2023-10-24,424.03,26,Female,TX,South,USA,Houston,1
3704,551,2022-08-20,402.93,59,Female,MH,Maharashtra,India,Mumbai,0
3705,946,2022-12-09,93.42,24,Female,FL,Southeast,USA,Miami,0
3706,652,2024-07-13,219.25,51,Female,CA,West,USA,Los Angeles,0
3707,71,2023-04-11,83.22,59,Male,TX,South,USA,Houston,0
3708,452,2023-09-13,256.32,66,Male,CA,West,USA,Los Angeles,0
3709,919,2022-09-22,188.5,31,Female,CA,West,USA,Los Angeles,0
3710,158,2024-01-28,555.67,46,Male,ON,Ontario,Canada,Toronto,0
3711,262,2022-09-11,200.47,26,Male,CA,West,USA,Los Angeles,0
3712,806,2024-04-10,38.66,58,Female,NY,Northeast,USA,New York,0
3713,675,2023-04-25,280.94,50,Female,NY,Northeast,USA,New York,0
3714,173,2024-01-05,509.06,58,Other,WA,West,USA,Seattle,0
3715,7,2023-08-11,202.51,22,Male,IL,Midwest,USA,Chicago,0
3716,130,2022-10-27,411.06,51,Female,TX,South,USA,Houston,1
3717,559,2023-04-25,227.05,59,Female,CA,West,USA,Los Angeles,0
3718,318,2024-10-23,323.12,55,Female,TX,South,USA,Houston,1
3719,176,2022-10-25,256.15,42,Male,BY,Bavaria,Germany,Munich,1
3720,59,2023-06-07,464.64,56,Female,FL,Southeast,USA,Miami,0
3721,90,2023-01-02,305.64,61,Male,CA,West,USA,Los Angeles,0
3722,354,2022-04-25,195.74,40,Female,WA,West,USA,Seattle,1
3723,230,2023-03-14,408.98,27,Female,NY,Northeast,USA,New York,0
3724,758,2022-12-08,34.67,37,Female,WA,West,USA,Seattle,0
3725,755,2023-11-14,152.15,46,Male,NSW,NSW,Australia,Sydney,0
3726,791,2022-02-24,150.35,22,Female,MH,Maharashtra,India,Mumbai,1
3727,714,2023-07-14,306.1,57,Male,TX,South,USA,Houston,0
3728,457,2023-04-18,443.87,25,Female,FL,Southeast,USA,Miami,0
3729,185,2023-01-15,298.25,43,Female,CA,West,USA,Los Angeles,0
3730,184,2023-05-14,248.66,54,Female,NY,Northeast,USA,New York,0
3731,623,2024-02-27,47.04,26,Female,NY,Northeast,USA,New York,0
3732,974,2023-04-26,514.45,42,Female,TX,South,USA,Houston,0
3733,736,2024-05-12,173.39,52,Male,ENG,England,UK,London,0
3734,824,2022-06-23,73.54,51,Female,CA,West,USA,Los Angeles,0
3735,838,2023-07-21,443.19,28,Female,NY,Northeast,USA,New York,0
3736,6,2022-07-04,446.27,62,Female,TX,South,USA,Houston,0
3737,911,2023-06-24,165.69,58,Female,IL,Midwest,USA,Chicago,1
3738,608,2024-07-20,312.26,44,Male,MH,Maharashtra,India,Mumbai,0
3739,870,2024-06-24,441.16,20,Male,TX,South,USA,Houston,0
3740,946,2023-12-23,21.87,24,Female,FL,Southeast,USA,Miami,0
3741,130,2024-01-27,552.82,51,Female,TX,South,USA,Houston,1
3742,930,2022-08-16,168.74,48,Male,WA,West,USA,Seattle,0
3743,542,2022-03-02,245.09,20,Female,WA,West,USA,Seattle,0
3744,400,2024-06-08,38.95,34,Female,CA,West,USA,Los Angeles,0
3745,969,2022-08-05,33.0,65,Female,FL,Southeast,USA,Miami,0
3746,612,2022-10-07,64.71,42,Male,TX,South,USA,Houston,0
3747,650,2024-12-17,187.43,62,Female,CA,West,USA,Los Angeles,0
3748,617,2024-07-28,516.94,30,Male,NY,Northeast,USA,New York,0
3749,632,2024-04-22,294.07,35,Female,WA,West,USA,Seattle,0
3750,730,2023-10-13,179.79,52,Male,IL,Midwest,USA,Chicago,1
3751,354,2024-04-14,258.79,40,Female,WA,West,USA,Seattle,1
3752,942,2022-07-15,139.87,39,Male,CA,West,USA,Los Angeles,0
3753,675,2023-11-12,334.72,50,Female,NY,Northeast,USA,New York,0
3754,467,2023-06-17,274.03,26,Other,IL,Midwest,USA,Chicago,0
3755,533,2024-08-27,218.95,26,Female,NY,Northeast,USA,New York,0
3756,62,2024-02-03,387.74,56,Male,FL,Southeast,USA,Miami,0
3757,90,2024-01-10,226.16,61,Male,CA,West,USA,Los Angeles,0
3758,722,2022-12-03,405.21,66,Male,TX,South,USA,Houston,0
3759,379,2023-03-24,321.42,37,Female,TX,South,USA,Houston,0
3760,947,2023-05-06,115.6,68,Female,CA,West,USA,Los Angeles,0
3761,427,2024-07-19,100.76,62,Male,NY,Northeast,USA,New York,0
3762,871,2022-06-02,135.42,41,Male,TX,South,USA,Houston,0
3763,720,2022-02-14,459.94,49,Male,NY,Northeast,USA,New York,0
3764,25,2024-03-26,463.09,58,Male,IL,Midwest,USA,Chicago,0
3765,334,2023-07-27,515.57,61,Female,CA,West,USA,Los Angeles,0
3766,883,2024-06-05,419.68,41,Female,CA,West,USA,Los Angeles,0
3767,792,2022-11-19,458.08,41,Female,IL,Midwest,USA,Chicago,0
3768,148,2024-05-07,206.22,30,Female,WA,West,USA,Seattle,0
3769,231,2022-12-21,313.75,42,Male,NSW,NSW,Australia,Sydney,0
3770,979,2022-04-16,201.84,36,Female,NY,Northeast,USA,New York,0
3771,467,2023-05-23,459.81,26,Other,IL,Midwest,USA,Chicago,0
3772,742,2022-12-26,498.52,57,Male,CA,West,USA,Los Angeles,0
3773,487,2024-11-10,420.34,35,Male,NY,Northeast,USA,New York,0
3774,127,2022-05-02,392.95,22,Female,NY,Northeast,USA,New York,0
3775,565,2022-06-09,441.66,64,Male,TX,South,USA,Houston,0
3776,101,2024-11-07,63.52,61,Female,BY,Bavaria,Germany,Munich,0
3777,925,2022-02-04,246.08,30,Male,BY,Bavaria,Germany,Munich,0
3778,278,2024-05-21,413.19,58,Male,TX,South,USA,Houston,0
3779,835,2024-07-26,343.25,62,Other,TX,South,USA,Houston,0
3780,230,2022-11-15,274.76,27,Female,NY,Northeast,USA,New York,0
3781,74,2024-08-15,222.94,24,Female,ON,Ontario,Canada,Toronto,0
3782,5,2023-07-17,125.1,40,Female,ON,Ontario,Canada,Toronto,0
3783,108,2023-12-26,489.7,52,Male,NY,Northeast,USA,New York,0
3784,891,2022-02-01,369.72,23,Female,FL,Southeast,USA,Miami,0
3785,100,2024-10-15,347.91,25,Female,NY,Northeast,USA,New York,0
3786,127,2023-02-25,54.94,22,Female,NY,Northeast,USA,New York,0
3787,219,2023-10-05,68.6,41,Female,IL,Midwest,USA,Chicago,0
3788,990,2024-08-17,248.47,58,Female,FL,Southeast,USA,Miami,0
3789,813,2023-04-01,75.9,53,Female,NY,Northeast,USA,New York,0
3790,264,2024-08-24,92.93,66,Male,CA,West,USA,Los Angeles,1
3791,431,2024-11-19,55.83,22,Male,FL,Southeast,USA,Miami,0
3792,575,2024-07-27,172.58,18,Female,NY,Northeast,USA,New York,0
3793,277,2024-01-09,17.3,42,Female,IL,Midwest,USA,Chicago,0
3794,699,2024-01-21,413.07,20,Male,NY,Northeast,USA,New York,0
3795,267,2022-09-22,303.68,41,Male,MH,Maharashtra,India,Mumbai,0
3796,302,2024-09-01,289.8,60,Male,FL,Southeast,USA,Miami,0
3797,919,2024-06-22,552.8,31,Female,CA,West,USA,Los Angeles,0
3798,456,2024-04-20,275.66,46,Female,MH,Maharashtra,India,Mumbai,0
3799,922,2023-10-18,462.3,47,Female,CA,West,USA,Los Angeles,0
3800,773,2024-05-16,115.13,18,Male,WA,West,USA,Seattle,0
3801,314,2022-02-23,139.76,32,Female,NY,Northeast,USA,New York,0
3802,65,2023-06-03,181.24,39,Female,WA,West,USA,Seattle,0
3803,150,2023-07-11,524.98,21,Male,ON,Ontario,Canada,Toronto,0
3804,362,2022-12-08,454.73,64,Female,MH,Maharashtra,India,Mumbai,1
3805,752,2024-08-24,257.39,25,Male,WA,West,USA,Seattle,0
3806,790,2022-03-05,423.78,18,Female,NY,Northeast,USA,New York,0
3807,405,2024-11-02,139.18,43,Other,FL,Southeast,USA,Miami,0
3808,332,2024-05-26,336.42,37,Female,NSW,NSW,Australia,Sydney,0
3809,718,2023-12-12,94.67,43,Female,BY,Bavaria,Germany,Munich,1
3810,60,2024-05-23,326.87,53,Female,ENG,England,UK,London,1
3811,406,2022-12-07,118.91,44,Female,TX,South,USA,Houston,0
3812,188,2024-11-20,332.66,37,Other,TX,South,USA,Houston,0
3813,677,2024-11-26,246.46,48,Female,TX,South,USA,Houston,0
3814,678,2022-01-22,283.8,22,Male,ON,Ontario,Canada,Toronto,0
3815,852,2024-11-09,99.66,59,Female,ENG,England,UK,London,1
3816,968,2023-10-17,273.67,34,Male,FL,Southeast,USA,Miami,0
3817,213,2023-05-24,174.92,59,Female,MH,Maharashtra,India,Mumbai,0
3818,229,2024-07-24,90.19,46,Female,CA,West,USA,Los Angeles,1
3819,408,2023-09-09,270.5,25,Male,CA,West,USA,Los Angeles,0
3820,518,2024-12-07,87.17,21,Female,CA,West,USA,Los Angeles,0
3821,728,2022-10-13,219.38,22,Female,CA,West,USA,Los Angeles,1
3822,241,2023-06-08,178.44,25,Male,NY,Northeast,USA,New York,0
3823,565,2024-09-21,309.21,64,Male,TX,South,USA,Houston,0
3824,924,2022-03-17,247.06,25,Male,CA,West,USA,Los Angeles,0
3825,71,2024-06-14,85.06,59,Male,TX,South,USA,Houston,0
3826,901,2022-10-23,146.72,18,Male,FL,Southeast,USA,Miami,0
3827,178,2024-08-06,316.74,26,Female,TX,South,USA,Houston,0
3828,392,2024-10-24,468.86,27,Other,WA,West,USA,Seattle,0
3829,151,2023-07-16,41.36,62,Male,NY,Northeast,USA,New York,0
3830,38,2023-06-28,57.8,61,Male,IL,Midwest,USA,Chicago,0
3831,281,2023-10-17,424.52,32,Male,CA,West,USA,Los Angeles,1
3832,608,2024-02-22,197.7,44,Male,MH,Maharashtra,India,Mumbai,0
3833,376,2023-12-06,144.01,22,Female,WA,West,USA,Seattle,0
3834,628,2023-12-07,129.87,37,Female,NY,Northeast,USA,New York,0
3835,740,2024-11-16,543.92,64,Male,TX,South,USA,Houston,0
3836,618,2023-11-07,275.88,31,Female,CA,West,USA,Los Angeles,0
3837,677,2023-07-02,94.17,48,Female,TX,South,USA,Houston,0
3838,297,2023-07-13,221.48,62,Male,FL,Southeast,USA,Miami,1
3839,812,2022-11-08,137.72,63,Female,CA,West,USA,Los Angeles,0
3840,24,2024-04-19,103.78,66,Female,WA,West,USA,Seattle,0
3841,847,2024-11-17,548.25,26,Male,ENG,England,UK,London,0
3842,33,2024-03-15,255.47,22,Male,FL,Southeast,USA,Miami,0
3843,631,2024-11-24,390.56,56,Other,CA,West,USA,Los Angeles,0
3844,779,2023-08-02,477.31,32,Female,ENG,England,UK,London,0
3845,902,2023-11-22,117.4,20,Male,WA,West,USA,Seattle,0
3846,532,2024-07-14,81.46,26,Female,TX,South,USA,Houston,0
3847,810,2024-08-20,154.03,69,Female,ENG,England,UK,London,0
3848,272,2024-12-23,402.26,19,Female,WA,West,USA,Seattle,1
3849,290,2023-06-09,209.0,42,Female,CA,West,USA,Los Angeles,0
3850,915,2024-04-07,279.61,48,Male,TX,South,USA,Houston,0
3851,549,2024-02-22,22.32,44,Female,CA,West,USA,Los Angeles,1
3852,885,2024-08-18,13.53,60,Other,CA,West,USA,Los Angeles,0
3853,512,2024-08-06,234.6,56,Female,NY,Northeast,USA,New York,0
3854,817,2023-08-08,88.7,20,Female,CA,West,USA,Los Angeles,1
3855,177,2023-01-24,421.5,55,Female,IL,Midwest,USA,Chicago,1
3856,622,2023-01-16,504.7,42,Male,CA,West,USA,Los Angeles,0
3857,209,2023-12-26,491.41,31,Male,ENG,England,UK,London,0
3858,615,2024-09-20,266.69,53,Other,CA,West,USA,Los Angeles,0
3859,326,2023-02-06,159.59,29,Male,CA,West,USA,Los Angeles,1
3860,531,2023-02-06,261.89,49,Female,CA,West,USA,Los Angeles,0
3861,909,2023-03-28,64.63,37,Female,NY,Northeast,USA,New York,0
3862,184,2024-11-21,529.23,54,Female,NY,Northeast,USA,New York,0
3863,727,2023-10-17,359.27,55,Female,IL,Midwest,USA,Chicago,0
3864,728,2022-09-19,150.41,22,Female,CA,West,USA,Los Angeles,1
3865,314,2024-09-12,427.88,32,Female,NY,Northeast,USA,New York,0
3866,521,2023-11-09,137.85,36,Female,IL,Midwest,USA,Chicago,1
3867,902,2023-05-24,400.91,20,Male,WA,West,USA,Seattle,0
3868,547,2022-05-26,206.89,40,Male,TX,South,USA,Houston,0
3869,140,2023-06-26,459.32,40,Female,IL,Midwest,USA,Chicago,0
3870,689,2024-12-22,554.4,41,Male,NY,Northeast,USA,New York,0
3871,114,2024-08-25,186.93,41,Other,NY,Northeast,USA,New York,0
3872,373,2022-08-15,280.08,39,Other,MH,Maharashtra,India,Mumbai,0
3873,839,2024-11-09,141.78,18,Female,FL,Southeast,USA,Miami,0
3874,705,2024-03-03,450.44,24,Male,NY,Northeast,USA,New York,0
3875,677,2023-06-09,266.12,48,Female,TX,South,USA,Houston,0
3876,249,2022-09-13,492.06,58,Female,TX,South,USA,Houston,1
3877,18,2023-12-03,471.25,24,Female,NSW,NSW,Australia,Sydney,1
3878,866,2024-03-10,160.85,54,Female,IL,Midwest,USA,Chicago,1
3879,237,2023-07-27,72.67,52,Male,ENG,England,UK,London,0
3880,987,2023-12-08,332.55,50,Other,WA,West,USA,Seattle,0
3881,318,2024-10-12,185.75,55,Female,TX,South,USA,Houston,1
3882,592,2024-08-19,150.43,64,Female,ENG,England,UK,London,0
3883,711,2024-04-25,310.36,53,Female,MH,Maharashtra,India,Mumbai,0
3884,382,2024-03-26,306.57,66,Female,FL,Southeast,USA,Miami,0
3885,797,2022-06-23,273.42,68,Male,IL,Midwest,USA,Chicago,0
3886,289,2024-04-05,172.68,46,Female,ENG,England,UK,London,0
3887,448,2023-11-04,91.3,67,Female,BY,Bavaria,Germany,Munich,0
3888,893,2022-10-21,99.99,45,Male,NY,Northeast,USA,New York,1
3889,312,2024-11-25,406.41,52,Male,TX,South,USA,Houston,0
3890,327,2022-03-18,239.34,30,Female,TX,South,USA,Houston,0
3891,90,2022-05-26,239.99,61,Male,CA,West,USA,Los Angeles,0
3892,815,2024-10-19,547.24,58,Male,NY,Northeast,USA,New York,0
3893,67,2023-03-10,487.38,65,Female,CA,West,USA,Los Angeles,0
3894,409,2022-03-24,41.83,66,Male,ON,Ontario,Canada,Toronto,1
3895,283,2024-06-22,448.96,52,Female,NY,Northeast,USA,New York,0
3896,880,2024-03-11,147.26,50,Male,IL,Midwest,USA,Chicago,0
3897,473,2024-02-17,407.6,40,Male,IL,Midwest,USA,Chicago,0
3898,432,2022-05-17,94.94,56,Male,FL,Southeast,USA,Miami,0
3899,528,2023-11-03,86.11,25,Male,NY,Northeast,USA,New York,0
3900,578,2024-01-08,526.63,45,Female,CA,West,USA,Los Angeles,0
3901,219,2022-08-07,283.57,41,Female,IL,Midwest,USA,Chicago,0
3902,123,2022-08-08,181.32,52,Other,ON,Ontario,Canada,Toronto,0
3903,177,2022-07-15,446.65,55,Female,IL,Midwest,USA,Chicago,1
3904,976,2023-07-15,161.14,29,Female,CA,West,USA,Los Angeles,0
3905,46,2022-01-25,41.31,68,Male,NY,Northeast,USA,New York,0
3906,563,2024-01-01,227.87,43,Male,TX,South,USA,Houston,0
3907,748,2024-07-24,399.36,34,Male,FL,Southeast,USA,Miami,0
3908,620,2022-12-07,334.4,25,Female,NY,Northeast,USA,New York,0
3909,816,2024-06-10,271.17,61,Female,NY,Northeast,USA,New York,1
3910,126,2022-07-05,259.98,47,Male,IL,Midwest,USA,Chicago,0
3911,392,2022-12-01,269.44,27,Other,WA,West,USA,Seattle,0
3912,691,2024-10-04,216.74,69,Male,CA,West,USA,Los Angeles,0
3913,58,2023-10-07,53.69,26,Female,TX,South,USA,Houston,1
3914,427,2024-07-11,97.81,62,Male,NY,Northeast,USA,New York,0
3915,796,2023-12-09,386.79,33,Male,CA,West,USA,Los Angeles,0
3916,424,2022-08-03,406.93,48,Female,NY,Northeast,USA,New York,0
3917,791,2023-09-10,216.03,22,Female,MH,Maharashtra,India,Mumbai,1
3918,474,2022-10-05,171.34,42,Female,NY,Northeast,USA,New York,0
3919,107,2024-06-20,344.7,58,Female,NSW,NSW,Australia,Sydney,0
3920,536,2024-12-19,23.15,25,Female,WA,West,USA,Seattle,0
3921,411,2023-12-02,306.41,27,Female,CA,West,USA,Los Angeles,0
3922,804,2023-08-19,254.22,65,Male,TX,South,USA,Houston,0
3923,839,2024-04-26,253.73,18,Female,FL,Southeast,USA,Miami,0
3924,342,2024-10-27,11.99,33,Female,FL,Southeast,USA,Miami,0
3925,907,2022-05-02,472.0,39,Other,FL,Southeast,USA,Miami,0
3926,881,2022-08-26,94.96,22,Male,ON,Ontario,Canada,Toronto,0
3927,485,2022-02-12,65.37,42,Male,FL,Southeast,USA,Miami,0
3928,111,2023-11-25,211.0,32,Female,NY,Northeast,USA,New York,1
3929,712,2023-12-06,415.09,45,Female,TX,South,USA,Houston,0
3930,531,2022-02-20,384.85,49,Female,CA,West,USA,Los Angeles,0
3931,660,2023-10-23,276.43,32,Female,CA,West,USA,Los Angeles,1
3932,679,2023-11-08,295.85,45,Male,NY,Northeast,USA,New York,0
3933,765,2022-02-21,233.05,36,Female,FL,Southeast,USA,Miami,0
3934,971,2024-04-05,25.08,33,Female,TX,South,USA,Houston,0
3935,323,2024-06-20,163.69,49,Male,TX,South,USA,Houston,0
3936,399,2023-11-27,212.62,32,Male,CA,West,USA,Los Angeles,0
3937,176,2023-07-09,298.58,42,Male,BY,Bavaria,Germany,Munich,1
3938,679,2023-03-27,352.9,45,Male,NY,Northeast,USA,New York,0
3939,708,2024-04-19,553.22,47,Female,TX,South,USA,Houston,0
3940,787,2024-07-15,289.64,19,Male,ENG,England,UK,London,0
3941,153,2023-01-10,359.59,65,Female,NY,Northeast,USA,New York,0
3942,833,2024-09-16,538.4,41,Female,ON,Ontario,Canada,Toronto,1
3943,604,2024-01-28,164.14,24,Female,BY,Bavaria,Germany,Munich,0
3944,917,2024-10-01,260.21,46,Female,NY,Northeast,USA,New York,0
3945,1,2022-10-25,363.28,22,Female,IL,Midwest,USA,Chicago,0
3946,346,2022-11-05,286.93,31,Female,FL,Southeast,USA,Miami,0
3947,952,2024-03-25,501.37,33,Female,IL,Midwest,USA,Chicago,0
3948,843,2023-08-16,304.62,65,Female,IL,Midwest,USA,Chicago,0
3949,644,2024-10-26,517.39,43,Female,ON,Ontario,Canada,Toronto,1
3950,957,2024-07-06,92.73,38,Male,FL,Southeast,USA,Miami,0
3951,638,2023-02-02,427.95,33,Male,WA,West,USA,Seattle,0
3952,470,2023-02-14,121.37,66,Male,TX,South,USA,Houston,1
3953,273,2023-08-22,36.11,25,Female,FL,Southeast,USA,Miami,0
3954,692,2023-07-23,68.59,59,Male,FL,Southeast,USA,Miami,1
3955,529,2024-12-22,329.89,65,Female,TX,South,USA,Houston,0
3956,323,2024-11-23,170.81,49,Male,TX,South,USA,Houston,0
3957,157,2023-10-22,85.37,24,Female,NY,Northeast,USA,New York,0
3958,257,2024-12-25,356.44,53,Male,CA,West,USA,Los Angeles,0
3959,511,2023-09-05,264.05,69,Female,CA,West,USA,Los Angeles,1
3960,278,2024-02-07,220.04,58,Male,TX,South,USA,Houston,0
3961,589,2022-02-01,272.5,61,Female,IL,Midwest,USA,Chicago,0
3962,52,2024-11-13,483.94,28,Male,TX,South,USA,Houston,0
3963,348,2024-05-08,408.91,66,Female,FL,Southeast,USA,Miami,0
3964,579,2023-12-18,267.8,64,Female,NY,Northeast,USA,New York,0
3965,730,2023-02-16,437.85,52,Male,IL,Midwest,USA,Chicago,1
3966,862,2024-03-17,484.57,66,Male,CA,West,USA,Los Angeles,0
3967,134,2023-10-19,206.04,47,Male,IL,Midwest,USA,Chicago,0
3968,288,2024-11-28,93.4,47,Male,IL,Midwest,USA,Chicago,0
3969,643,2024-11-03,74.34,62,Female,WA,West,USA,Seattle,0
3970,32,2024-02-08,361.8,29,Female,CA,West,USA,Los Angeles,0
3971,548,2023-06-12,496.91,48,Female,TX,South,USA,Houston,0
3972,284,2024-09-02,32.35,43,Female,CA,West,USA,Los Angeles,0
3973,521,2024-12-23,284.09,36,Female,IL,Midwest,USA,Chicago,1
3974,773,2024-04-11,117.8,18,Male,WA,West,USA,Seattle,0
3975,173,2022-08-05,270.44,58,Other,WA,West,USA,Seattle,0
3976,448,2022-03-15,429.76,67,Female,BY,Bavaria,Germany,Munich,0
3977,742,2024-10-06,443.07,57,Male,CA,West,USA,Los Angeles,0
3978,768,2023-02-11,515.09,42,Other,TX,South,USA,Houston,0
3979,304,2023-12-19,262.26,64,Female,IL,Midwest,USA,Chicago,0
3980,218,2023-02-09,355.17,23,Male,FL,Southeast,USA,Miami,1
3981,420,2024-09-24,504.3,44,Female,NSW,NSW,Australia,Sydney,0
3982,642,2023-10-08,372.94,65,Female,TX,South,USA,Houston,0
3983,708,2024-04-04,540.35,47,Female,TX,South,USA,Houston,0
3984,732,2024-04-12,145.96,39,Female,IL,Midwest,USA,Chicago,0
3985,297,2024-08-06,85.27,62,Male,FL,Southeast,USA,Miami,1
3986,810,2024-09-20,93.04,69,Female,ENG,England,UK,London,0
3987,787,2023-10-15,453.34,19,Male,ENG,England,UK,London,0
3988,685,2024-08-05,40.2,26,Male,TX,South,USA,Houston,0
3989,740,2022-03-10,406.86,64,Male,TX,South,USA,Houston,0
3990,911,2024-12-25,265.9,58,Female,IL,Midwest,USA,Chicago,1
3991,823,2023-03-23,369.63,25,Male,TX,South,USA,Houston,0
3992,127,2024-08-18,420.36,22,Female,NY,Northeast,USA,New York,0
3993,763,2024-12-26,244.11,67,Male,TX,South,USA,Houston,0
3994,551,2022-12-04,81.58,59,Female,MH,Maharashtra,India,Mumbai,0
3995,429,2024-03-21,349.8,19,Female,CA,West,USA,Los Angeles,1
3996,450,2022-04-01,478.7,32,Male,BY,Bavaria,Germany,Munich,0
3997,161,2023-08-17,23.87,69,Male,CA,West,USA,Los Angeles,0
3998,1000,2023-05-02,128.48,44,Female,TX,South,USA,Houston,1
3999,52,2023-10-10,464.77,28,Male,TX,South,USA,Houston,0
4000,550,2024-07-03,49.49,53,Male,NY,Northeast,USA,New York,0
4001,927,2024-04-08,16.76,46,Male,CA,West,USA,Los Angeles,0
4002,686,2023-06-19,466.53,59,Female,CA,West,USA,Los Angeles,0
4003,956,2024-09-22,432.74,49,Male,TX,South,USA,Houston,0
4004,920,2024-10-27,150.53,51,Other,BY,Bavaria,Germany,Munich,0
4005,27,2024-06-28,541.59,38,Other,NY,Northeast,USA,New York,1
4006,143,2022-02-04,359.09,32,Male,TX,South,USA,Houston,0
4007,111,2024-05-26,76.56,32,Female,NY,Northeast,USA,New York,1
4008,340,2022-09-08,235.66,67,Female,IL,Midwest,USA,Chicago,0
4009,392,2024-10-25,485.95,27,Other,WA,West,USA,Seattle,0
4010,324,2024-11-25,377.65,65,Female,FL,Southeast,USA,Miami,0
4011,154,2024-12-26,332.69,33,Male,CA,West,USA,Los Angeles,0
4012,117,2022-07-15,214.33,19,Female,CA,West,USA,Los Angeles,0
4013,505,2022-11-22,131.54,32,Female,CA,West,USA,Los Angeles,0
4014,561,2024-04-12,347.94,45,Other,NSW,NSW,Australia,Sydney,0
4015,304,2022-08-03,85.38,64,Female,IL,Midwest,USA,Chicago,0
4016,307,2023-07-14,431.27,33,Female,CA,West,USA,Los Angeles,0
4017,495,2024-10-06,126.21,33,Female,TX,South,USA,Houston,0
4018,166,2024-10-03,77.37,60,Female,ENG,England,UK,London,0
4019,158,2022-05-04,45.29,46,Male,ON,Ontario,Canada,Toronto,0
4020,22,2023-11-07,433.86,37,Male,TX,South,USA,Houston,0
4021,361,2024-11-23,267.93,61,Female,FL,Southeast,USA,Miami,0
4022,26,2023-12-27,217.66,51,Male,CA,West,USA,Los Angeles,0
4023,362,2022-07-24,265.38,64,Female,MH,Maharashtra,India,Mumbai,1
4024,391,2022-12-19,297.78,56,Male,NY,Northeast,USA,New York,0
4025,259,2023-10-25,468.05,27,Male,BY,Bavaria,Germany,Munich,0
4026,611,2024-09-09,199.88,61,Male,TX,South,USA,Houston,0
4027,147,2023-06-26,107.78,19,Male,NY,Northeast,USA,New York,0
4028,213,2022-11-27,435.84,59,Female,MH,Maharashtra,India,Mumbai,0
4029,953,2023-10-05,260.21,49,Female,FL,Southeast,USA,Miami,0
4030,911,2022-08-12,293.96,58,Female,IL,Midwest,USA,Chicago,1
4031,116,2023-12-08,92.75,47,Female,CA,West,USA,Los Angeles,1
4032,211,2024-04-04,484.34,31,Other,WA,West,USA,Seattle,0
4033,579,2024-09-05,526.18,64,Female,NY,Northeast,USA,New York,0
4034,271,2022-05-28,229.31,33,Male,FL,Southeast,USA,Miami,0
4035,163,2023-07-06,21.07,39,Male,WA,West,USA,Seattle,0
4036,305,2022-05-19,23.26,46,Male,IL,Midwest,USA,Chicago,0
4037,988,2022-05-25,158.13,34,Female,ON,Ontario,Canada,Toronto,0
4038,158,2024-06-22,281.11,46,Male,ON,Ontario,Canada,Toronto,0
4039,620,2023-01-13,235.4,25,Female,NY,Northeast,USA,New York,0
4040,1000,2024-01-01,323.4,44,Female,TX,South,USA,Houston,1
4041,826,2024-10-12,152.45,22,Female,MH,Maharashtra,India,Mumbai,0
4042,717,2023-05-08,119.54,44,Male,CA,West,USA,Los Angeles,0
4043,304,2024-01-25,545.8,64,Female,IL,Midwest,USA,Chicago,0
4044,301,2023-02-27,156.34,36,Female,FL,Southeast,USA,Miami,0
4045,601,2023-03-07,502.23,50,Male,IL,Midwest,USA,Chicago,0
4046,974,2024-01-05,324.85,42,Female,TX,South,USA,Houston,0
4047,350,2022-12-23,44.3,26,Other,WA,West,USA,Seattle,0
4048,635,2023-08-25,319.65,27,Other,TX,South,USA,Houston,0
4049,975,2024-06-28,552.07,25,Female,NY,Northeast,USA,New York,0
4050,770,2023-07-22,446.73,37,Female,ENG,England,UK,London,0
4051,960,2024-02-13,177.79,39,Male,TX,South,USA,Houston,0
4052,344,2023-09-11,60.21,44,Male,NSW,NSW,Australia,Sydney,0
4053,679,2024-12-02,263.89,45,Male,NY,Northeast,USA,New York,0
4054,217,2022-02-25,58.36,22,Female,NY,Northeast,USA,New York,1
4055,44,2022-03-28,155.86,36,Other,CA,West,USA,Los Angeles,0
4056,450,2023-08-26,487.47,32,Male,BY,Bavaria,Germany,Munich,0
4057,793,2024-03-17,369.87,55,Female,FL,Southeast,USA,Miami,0
4058,417,2022-02-25,393.88,68,Male,IL,Midwest,USA,Chicago,0
4059,273,2024-09-01,307.87,25,Female,FL,Southeast,USA,Miami,0
4060,985,2022-08-12,92.38,48,Female,ON,Ontario,Canada,Toronto,0
4061,404,2023-04-04,88.72,68,Female,CA,West,USA,Los Angeles,0
4062,146,2023-11-17,408.34,62,Female,TX,South,USA,Houston,0
4063,183,2022-02-01,220.36,43,Male,IL,Midwest,USA,Chicago,0
4064,136,2024-05-09,285.6,33,Male,TX,South,USA,Houston,0
4065,972,2023-10-12,103.53,39,Male,ENG,England,UK,London,0
4066,622,2024-08-04,209.69,42,Male,CA,West,USA,Los Angeles,0
4067,15,2024-08-03,83.77,55,Male,ENG,England,UK,London,0
4068,562,2023-09-26,116.83,20,Female,NY,Northeast,USA,New York,0
4069,418,2024-09-08,499.02,24,Male,IL,Midwest,USA,Chicago,0
4070,547,2024-11-28,404.52,40,Male,TX,South,USA,Houston,0
4071,858,2024-08-11,478.74,20,Female,TX,South,USA,Houston,0
4072,413,2023-06-02,464.65,32,Female,BY,Bavaria,Germany,Munich,0
4073,301,2024-10-03,334.77,36,Female,FL,Southeast,USA,Miami,0
4074,362,2024-04-20,178.15,64,Female,MH,Maharashtra,India,Mumbai,1
4075,705,2023-10-01,266.43,24,Male,NY,Northeast,USA,New York,0
4076,88,2024-04-27,21.55,34,Male,FL,Southeast,USA,Miami,0
4077,623,2023-07-08,435.13,26,Female,NY,Northeast,USA,New York,0
4078,793,2024-10-18,451.68,55,Female,FL,Southeast,USA,Miami,0
4079,992,2024-08-13,290.17,46,Female,TX,South,USA,Houston,0
4080,447,2024-02-02,218.4,34,Female,CA,West,USA,Los Angeles,1
4081,467,2024-06-20,105.92,26,Other,IL,Midwest,USA,Chicago,0
4082,898,2024-11-01,52.68,20,Female,CA,West,USA,Los Angeles,0
4083,803,2024-12-23,189.54,44,Female,TX,South,USA,Houston,1
4084,496,2022-07-15,469.36,39,Male,WA,West,USA,Seattle,0
4085,377,2023-02-09,46.31,56,Male,NY,Northeast,USA,New York,0
4086,904,2023-06-27,503.58,63,Male,ENG,England,UK,London,0
4087,411,2022-07-06,269.05,27,Female,CA,West,USA,Los Angeles,0
4088,925,2024-02-08,253.15,30,Male,BY,Bavaria,Germany,Munich,0
4089,436,2024-11-19,78.68,24,Male,CA,West,USA,Los Angeles,0
4090,560,2023-07-10,47.67,62,Female,CA,West,USA,Los Angeles,0
4091,529,2023-06-14,293.39,65,Female,TX,South,USA,Houston,0
4092,798,2024-06-23,339.72,41,Male,CA,West,USA,Los Angeles,0
4093,781,2023-01-26,236.07,63,Male,TX,South,USA,Houston,0
4094,104,2024-07-23,168.89,18,Female,ON,Ontario,Canada,Toronto,0
4095,836,2024-07-03,18.46,58,Female,IL,Midwest,USA,Chicago,0
4096,118,2023-05-27,149.11,25,Male,FL,Southeast,USA,Miami,0
4097,816,2023-09-12,381.88,61,Female,NY,Northeast,USA,New York,1
4098,701,2023-06-24,325.36,45,Female,CA,West,USA,Los Angeles,0
4099,586,2022-08-09,87.47,66,Female,NY,Northeast,USA,New York,0
4100,51,2023-11-17,422.71,57,Female,CA,West,USA,Los Angeles,1
4101,854,2022-05-28,82.76,30,Male,TX,South,USA,Houston,0
4102,712,2022-06-27,399.78,45,Female,TX,South,USA,Houston,0
4103,581,2023-11-19,276.86,22,Male,NY,Northeast,USA,New York,0
4104,231,2022-05-18,361.3,42,Male,NSW,NSW,Australia,Sydney,0
4105,773,2024-06-01,56.76,18,Male,WA,West,USA,Seattle,0
4106,235,2022-11-17,373.08,43,Male,ENG,England,UK,London,0
4107,435,2024-08-12,407.14,40,Female,IL,Midwest,USA,Chicago,0
4108,361,2022-12-01,95.87,61,Female,FL,Southeast,USA,Miami,0
4109,419,2022-07-27,77.39,33,Male,FL,Southeast,USA,Miami,0
4110,925,2022-07-13,376.86,30,Male,BY,Bavaria,Germany,Munich,0
4111,771,2024-01-22,239.59,51,Other,FL,Southeast,USA,Miami,0
4112,711,2023-03-02,347.01,53,Female,MH,Maharashtra,India,Mumbai,0
4113,689,2023-07-07,15.3,41,Male,NY,Northeast,USA,New York,0
4114,752,2022-03-26,99.99,25,Male,WA,West,USA,Seattle,0
4115,734,2024-07-27,420.56,58,Female,NSW,NSW,Australia,Sydney,0
4116,784,2022-04-01,107.44,24,Female,IL,Midwest,USA,Chicago,0
4117,50,2023-01-25,52.3,58,Male,NY,Northeast,USA,New York,0
4118,832,2024-07-09,107.29,30,Female,NY,Northeast,USA,New York,0
4119,311,2023-09-07,442.95,52,Male,NY,Northeast,USA,New York,0
4120,171,2023-05-28,190.59,23,Male,NY,Northeast,USA,New York,1
4121,194,2024-10-15,302.11,36,Male,IL,Midwest,USA,Chicago,0
4122,942,2023-03-23,310.55,39,Male,CA,West,USA,Los Angeles,0
4123,827,2022-02-04,192.59,53,Male,CA,West,USA,Los Angeles,0
4124,398,2023-12-22,59.27,28,Male,NY,Northeast,USA,New York,0
4125,913,2022-12-11,135.83,37,Female,TX,South,USA,Houston,0
4126,562,2024-06-20,97.81,20,Female,NY,Northeast,USA,New York,0
4127,842,2024-06-19,510.34,52,Female,CA,West,USA,Los Angeles,0
4128,811,2024-11-02,417.36,20,Male,MH,Maharashtra,India,Mumbai,0
4129,250,2022-07-25,413.3,20,Female,TX,South,USA,Houston,0
4130,853,2024-02-09,456.96,68,Male,NY,Northeast,USA,New York,1
4131,968,2024-02-11,12.39,34,Male,FL,Southeast,USA,Miami,0
4132,507,2022-02-23,377.01,45,Female,TX,South,USA,Houston,0
4133,324,2024-10-25,275.75,65,Female,FL,Southeast,USA,Miami,0
4134,545,2024-08-26,436.32,61,Male,MH,Maharashtra,India,Mumbai,0
4135,844,2024-05-13,537.96,19,Female,NY,Northeast,USA,New York,1
4136,410,2023-03-10,196.4,18,Male,ENG,England,UK,London,1
4137,48,2022-02-23,306.34,64,Male,WA,West,USA,Seattle,0
4138,50,2024-10-08,178.37,58,Male,NY,Northeast,USA,New York,0
4139,758,2024-11-19,501.72,37,Female,WA,West,USA,Seattle,0
4140,648,2023-07-07,142.54,45,Female,MH,Maharashtra,India,Mumbai,0
4141,220,2022-10-06,182.11,64,Other,ON,Ontario,Canada,Toronto,0
4142,678,2024-04-16,498.5,22,Male,ON,Ontario,Canada,Toronto,0
4143,311,2022-08-25,59.42,52,Male,NY,Northeast,USA,New York,0
4144,473,2023-06-09,267.19,40,Male,IL,Midwest,USA,Chicago,0
4145,206,2024-02-21,330.21,31,Female,MH,Maharashtra,India,Mumbai,0
4146,49,2022-07-01,293.72,53,Female,NY,Northeast,USA,New York,1
4147,904,2022-11-20,68.84,63,Male,ENG,England,UK,London,0
4148,566,2022-01-11,29.35,30,Other,BY,Bavaria,Germany,Munich,0
4149,963,2024-07-03,239.85,61,Male,CA,West,USA,Los Angeles,0
4150,104,2023-11-16,246.33,18,Female,ON,Ontario,Canada,Toronto,0
4151,398,2024-10-07,528.53,28,Male,NY,Northeast,USA,New York,0
4152,455,2024-07-18,425.91,49,Female,BY,Bavaria,Germany,Munich,0
4153,34,2024-03-02,339.73,46,Female,IL,Midwest,USA,Chicago,0
4154,799,2023-11-10,119.73,34,Female,CA,West,USA,Los Angeles,0
4155,988,2023-03-07,478.81,34,Female,ON,Ontario,Canada,Toronto,0
4156,228,2023-04-09,111.12,48,Male,ENG,England,UK,London,0
4157,875,2024-02-01,531.12,54,Other,NY,Northeast,USA,New York,0
4158,919,2024-07-08,530.33,31,Female,CA,West,USA,Los Angeles,0
4159,416,2024-08-03,547.87,53,Other,CA,West,USA,Los Angeles,1
4160,709,2023-11-18,157.6,42,Male,CA,West,USA,Los Angeles,0
4161,446,2023-07-13,82.01,52,Male,BY,Bavaria,Germany,Munich,0
4162,258,2024-12-08,356.27,23,Female,MH,Maharashtra,India,Mumbai,1
4163,285,2022-08-18,217.19,40,Other,NY,Northeast,USA,New York,0
4164,230,2024-08-26,224.41,27,Female,NY,Northeast,USA,New York,0
4165,987,2023-03-16,299.55,50,Other,WA,West,USA,Seattle,0
4166,75,2024-03-08,389.58,53,Female,CA,West,USA,Los Angeles,0
4167,442,2024-08-12,193.47,33,Female,TX,South,USA,Houston,0
4168,874,2023-10-23,184.66,24,Female,NY,Northeast,USA,New York,0
4169,504,2022-03-03,309.08,63,Male,IL,Midwest,USA,Chicago,0
4170,64,2024-07-09,50.33,68,Female,BY,Bavaria,Germany,Munich,0
4171,372,2023-05-14,374.15,52,Male,TX,South,USA,Houston,0
4172,627,2023-06-18,425.61,35,Female,NY,Northeast,USA,New York,0
4173,120,2023-04-17,467.54,23,Male,CA,West,USA,Los Angeles,1
4174,752,2023-03-20,402.14,25,Male,WA,West,USA,Seattle,0
4175,662,2024-05-27,289.3,56,Female,NY,Northeast,USA,New York,1
4176,256,2022-11-05,438.17,25,Male,FL,Southeast,USA,Miami,0
4177,797,2023-11-14,265.62,68,Male,IL,Midwest,USA,Chicago,0
4178,381,2024-02-11,443.15,18,Male,TX,South,USA,Houston,0
4179,389,2022-02-03,41.17,64,Male,ENG,England,UK,London,0
4180,294,2023-07-04,378.87,35,Male,IL,Midwest,USA,Chicago,0
4181,380,2024-04-18,57.35,31,Female,FL,Southeast,USA,Miami,0
4182,802,2024-11-15,26.4,33,Female,WA,West,USA,Seattle,0
4183,19,2024-07-09,286.83,61,Male,CA,West,USA,Los Angeles,0
4184,996,2024-11-26,76.75,50,Female,TX,South,USA,Houston,0
4185,763,2022-02-09,169.31,67,Male,TX,South,USA,Houston,0
4186,971,2023-12-17,412.74,33,Female,TX,South,USA,Houston,0
4187,662,2024-10-28,313.2,56,Female,NY,Northeast,USA,New York,1
4188,70,2024-10-20,413.68,42,Female,TX,South,USA,Houston,1
4189,754,2023-12-21,417.58,66,Female,FL,Southeast,USA,Miami,0
4190,678,2023-07-08,260.04,22,Male,ON,Ontario,Canada,Toronto,0
4191,468,2023-03-26,522.54,48,Male,ON,Ontario,Canada,Toronto,0
4192,585,2022-07-14,109.03,39,Other,IL,Midwest,USA,Chicago,0
4193,337,2024-11-09,57.8,68,Female,CA,West,USA,Los Angeles,0
4194,931,2024-11-21,185.98,45,Female,ON,Ontario,Canada,Toronto,0
4195,890,2023-07-15,406.65,32,Male,CA,West,USA,Los Angeles,0
4196,578,2023-10-04,60.59,45,Female,CA,West,USA,Los Angeles,0
4197,957,2023-04-01,253.03,38,Male,FL,Southeast,USA,Miami,0
4198,458,2022-04-04,289.96,50,Female,CA,West,USA,Los Angeles,0
4199,206,2024-08-05,454.61,31,Female,MH,Maharashtra,India,Mumbai,0
4200,449,2023-06-07,449.96,45,Female,CA,West,USA,Los Angeles,0
4201,919,2023-03-10,134.7,31,Female,CA,West,USA,Los Angeles,0
4202,854,2024-10-07,161.62,30,Male,TX,South,USA,Houston,0
4203,22,2024-07-26,386.56,37,Male,TX,South,USA,Houston,0
4204,673,2022-07-27,431.29,51,Male,TX,South,USA,Houston,0
4205,805,2023-03-28,98.05,56,Female,TX,South,USA,Houston,0
4206,75,2023-04-05,385.94,53,Female,CA,West,USA,Los Angeles,0
4207,565,2022-09-15,126.46,64,Male,TX,South,USA,Houston,0
4208,934,2023-11-03,104.44,51,Male,NY,Northeast,USA,New York,0
4209,373,2024-03-20,196.45,39,Other,MH,Maharashtra,India,Mumbai,0
4210,679,2022-11-04,399.38,45,Male,NY,Northeast,USA,New York,0
4211,384,2022-10-09,373.85,30,Female,IL,Midwest,USA,Chicago,0
4212,156,2024-11-06,273.91,52,Male,TX,South,USA,Houston,1
4213,399,2023-08-14,381.55,32,Male,CA,West,USA,Los Angeles,0
4214,470,2024-05-11,233.93,66,Male,TX,South,USA,Houston,1
4215,427,2024-10-16,126.73,62,Male,NY,Northeast,USA,New York,0
4216,251,2024-07-06,473.85,27,Male,FL,Southeast,USA,Miami,0
4217,946,2024-04-15,40.72,24,Female,FL,Southeast,USA,Miami,0
4218,592,2024-06-03,505.68,64,Female,ENG,England,UK,London,0
4219,640,2024-07-02,444.14,67,Female,ON,Ontario,Canada,Toronto,0
4220,557,2023-07-04,386.43,56,Female,MH,Maharashtra,India,Mumbai,0
4221,349,2023-12-08,306.2,27,Male,TX,South,USA,Houston,0
4222,971,2023-06-23,431.32,33,Female,TX,South,USA,Houston,0
4223,417,2023-04-10,25.26,68,Male,IL,Midwest,USA,Chicago,0
4224,56,2022-12-15,299.6,20,Male,WA,West,USA,Seattle,0
4225,448,2023-04-19,146.18,67,Female,BY,Bavaria,Germany,Munich,0
4226,451,2023-01-21,342.64,67,Female,NSW,NSW,Australia,Sydney,0
4227,389,2022-11-17,340.61,64,Male,ENG,England,UK,London,0
4228,183,2023-12-05,122.14,43,Male,IL,Midwest,USA,Chicago,0
4229,480,2024-09-19,96.16,23,Male,CA,West,USA,Los Angeles,0
4230,23,2024-06-09,333.6,27,Male,ENG,England,UK,London,0
4231,351,2024-08-17,527.39,45,Male,NY,Northeast,USA,New York,0
4232,779,2023-11-28,355.19,32,Female,ENG,England,UK,London,0
4233,711,2024-11-03,276.91,53,Female,MH,Maharashtra,India,Mumbai,0
4234,758,2024-02-03,524.6,37,Female,WA,West,USA,Seattle,0
4235,152,2022-11-07,411.27,32,Female,NY,Northeast,USA,New York,0
4236,935,2024-08-13,413.36,41,Male,IL,Midwest,USA,Chicago,0
4237,189,2022-01-14,224.32,30,Female,FL,Southeast,USA,Miami,0
4238,589,2024-02-09,280.88,61,Female,IL,Midwest,USA,Chicago,0
4239,969,2024-01-26,156.42,65,Female,FL,Southeast,USA,Miami,0
4240,256,2023-12-01,434.89,25,Male,FL,Southeast,USA,Miami,0
4241,94,2024-06-16,167.42,38,Female,TX,South,USA,Houston,0
4242,363,2023-10-16,376.13,29,Female,MH,Maharashtra,India,Mumbai,0
4243,14,2022-01-22,438.73,57,Male,IL,Midwest,USA,Chicago,1
4244,605,2022-10-16,280.56,60,Male,FL,Southeast,USA,Miami,1
4245,778,2022-07-04,86.69,24,Male,CA,West,USA,Los Angeles,0
4246,629,2022-12-09,22.19,44,Female,CA,West,USA,Los Angeles,0
4247,247,2024-07-05,380.67,57,Male,IL,Midwest,USA,Chicago,0
4248,43,2023-10-14,127.28,54,Female,NY,Northeast,USA,New York,0
4249,319,2023-08-26,30.89,66,Female,TX,South,USA,Houston,0
4250,911,2024-07-11,199.59,58,Female,IL,Midwest,USA,Chicago,1
4251,366,2022-12-11,295.24,44,Female,ENG,England,UK,London,0
4252,927,2023-07-13,297.07,46,Male,CA,West,USA,Los Angeles,0
4253,970,2024-11-05,103.07,19,Male,NY,Northeast,USA,New York,0
4254,799,2024-01-24,342.67,34,Female,CA,West,USA,Los Angeles,0
4255,236,2023-09-19,223.96,55,Female,IL,Midwest,USA,Chicago,0
4256,250,2022-12-20,244.04,20,Female,TX,South,USA,Houston,0
4257,135,2024-12-10,491.08,59,Male,MH,Maharashtra,India,Mumbai,0
4258,349,2024-07-08,54.3,27,Male,TX,South,USA,Houston,0
4259,483,2023-07-14,284.78,31,Female,ENG,England,UK,London,0
4260,703,2023-11-07,100.78,26,Female,ENG,England,UK,London,0
4261,60,2022-05-01,99.56,53,Female,ENG,England,UK,London,1
4262,306,2024-12-21,346.22,25,Male,IL,Midwest,USA,Chicago,0
4263,352,2024-04-25,378.74,20,Male,BY,Bavaria,Germany,Munich,1
4264,388,2024-02-07,343.9,61,Male,CA,West,USA,Los Angeles,0
4265,583,2023-10-18,490.26,23,Female,IL,Midwest,USA,Chicago,0
4266,669,2024-06-26,447.31,65,Female,NY,Northeast,USA,New York,0
4267,944,2024-05-21,120.2,42,Male,TX,South,USA,Houston,0
4268,35,2023-05-24,340.87,64,Male,CA,West,USA,Los Angeles,0
4269,168,2024-12-25,351.64,26,Other,NY,Northeast,USA,New York,0
4270,138,2023-08-08,346.4,19,Female,BY,Bavaria,Germany,Munich,0
4271,284,2023-12-03,233.46,43,Female,CA,West,USA,Los Angeles,0
4272,36,2024-05-23,531.25,21,Male,TX,South,USA,Houston,0
4273,386,2023-06-23,251.46,24,Male,NY,Northeast,USA,New York,0
4274,266,2024-04-06,444.4,48,Male,CA,West,USA,Los Angeles,0
4275,528,2023-06-26,260.59,25,Male,NY,Northeast,USA,New York,0
4276,482,2023-01-01,419.59,61,Female,NY,Northeast,USA,New York,0
4277,660,2023-01-11,216.1,32,Female,CA,West,USA,Los Angeles,1
4278,845,2023-07-27,11.02,18,Other,IL,Midwest,USA,Chicago,0
4279,106,2023-10-10,270.23,58,Female,NY,Northeast,USA,New York,0
4280,179,2024-06-22,311.94,64,Male,ENG,England,UK,London,0
4281,720,2023-07-02,70.65,49,Male,NY,Northeast,USA,New York,0
4282,357,2023-06-14,356.1,25,Female,NY,Northeast,USA,New York,0
4283,905,2024-07-22,479.73,41,Male,ON,Ontario,Canada,Toronto,0
4284,10,2022-10-24,435.49,22,Male,IL,Midwest,USA,Chicago,0
4285,105,2024-11-13,218.04,59,Other,NY,Northeast,USA,New York,1
4286,464,2023-11-03,223.56,39,Male,CA,West,USA,Los Angeles,0
4287,501,2023-04-15,456.45,23,Male,ON,Ontario,Canada,Toronto,0
4288,26,2024-07-21,559.08,51,Male,CA,West,USA,Los Angeles,0
4289,493,2024-11-13,40.07,57,Female,NY,Northeast,USA,New York,1
4290,323,2024-12-27,45.11,49,Male,TX,South,USA,Houston,0
4291,637,2023-08-09,38.78,30,Female,NY,Northeast,USA,New York,1
4292,831,2023-07-23,250.81,30,Female,FL,Southeast,USA,Miami,0
4293,582,2024-10-22,441.76,61,Female,CA,West,USA,Los Angeles,0
4294,937,2024-12-13,62.61,26,Male,FL,Southeast,USA,Miami,0
4295,560,2024-06-03,389.29,62,Female,CA,West,USA,Los Angeles,0
4296,368,2023-03-10,99.5,34,Female,CA,West,USA,Los Angeles,0
4297,107,2024-11-22,29.29,58,Female,NSW,NSW,Australia,Sydney,0
4298,284,2022-10-25,301.84,43,Female,CA,West,USA,Los Angeles,0
4299,353,2023-03-13,319.05,33,Female,TX,South,USA,Houston,0
4300,759,2022-05-09,148.81,24,Female,CA,West,USA,Los Angeles,1
4301,466,2023-08-22,177.97,68,Female,CA,West,USA,Los Angeles,1
4302,698,2024-10-27,205.47,48,Female,TX,South,USA,Houston,1
4303,142,2023-10-04,493.24,29,Female,CA,West,USA,Los Angeles,0
4304,379,2023-03-09,460.57,37,Female,TX,South,USA,Houston,0
4305,791,2024-04-23,300.7,22,Female,MH,Maharashtra,India,Mumbai,1
4306,906,2024-10-04,539.95,54,Male,NY,Northeast,USA,New York,0
4307,368,2023-02-28,312.75,34,Female,CA,West,USA,Los Angeles,0
4308,454,2024-07-07,66.92,19,Male,MH,Maharashtra,India,Mumbai,0
4309,275,2023-08-14,263.63,39,Male,FL,Southeast,USA,Miami,0
4310,936,2024-05-15,502.11,66,Other,NSW,NSW,Australia,Sydney,0
4311,102,2022-11-11,334.7,28,Female,CA,West,USA,Los Angeles,0
4312,884,2023-01-04,505.42,26,Other,CA,West,USA,Los Angeles,0
4313,675,2023-10-01,286.34,50,Female,NY,Northeast,USA,New York,0
4314,949,2022-09-11,456.81,67,Female,FL,Southeast,USA,Miami,0
4315,150,2023-07-08,408.77,21,Male,ON,Ontario,Canada,Toronto,0
4316,109,2022-11-26,413.13,42,Female,TX,South,USA,Houston,0
4317,184,2024-03-19,555.31,54,Female,NY,Northeast,USA,New York,0
4318,268,2022-11-03,158.1,36,Male,CA,West,USA,Los Angeles,0
4319,227,2022-03-22,317.75,60,Male,NY,Northeast,USA,New York,0
4320,372,2024-12-18,151.94,52,Male,TX,South,USA,Houston,0
4321,275,2024-01-04,479.82,39,Male,FL,Southeast,USA,Miami,0
4322,744,2024-08-12,332.73,32,Male,NY,Northeast,USA,New York,0
4323,275,2023-03-21,101.93,39,Male,FL,Southeast,USA,Miami,0
4324,294,2022-06-19,216.41,35,Male,IL,Midwest,USA,Chicago,0
4325,849,2024-03-17,110.94,60,Male,CA,West,USA,Los Angeles,0
4326,208,2023-03-14,248.46,68,Female,TX,South,USA,Houston,0
4327,349,2022-01-20,48.02,27,Male,TX,South,USA,Houston,0
4328,344,2024-01-25,540.95,44,Male,NSW,NSW,Australia,Sydney,0
4329,459,2024-10-05,338.62,61,Female,ON,Ontario,Canada,Toronto,0
4330,311,2024-07-12,554.88,52,Male,NY,Northeast,USA,New York,0
4331,582,2023-01-24,100.85,61,Female,CA,West,USA,Los Angeles,0
4332,815,2024-12-15,222.17,58,Male,NY,Northeast,USA,New York,0
4333,467,2023-09-05,494.29,26,Other,IL,Midwest,USA,Chicago,0
4334,990,2024-04-04,390.95,58,Female,FL,Southeast,USA,Miami,0
4335,641,2023-06-21,46.98,52,Male,ENG,England,UK,London,0
4336,304,2022-07-14,442.76,64,Female,IL,Midwest,USA,Chicago,0
4337,266,2022-08-23,102.53,48,Male,CA,West,USA,Los Angeles,0
4338,52,2024-11-04,154.88,28,Male,TX,South,USA,Houston,0
4339,7,2024-08-17,412.79,22,Male,IL,Midwest,USA,Chicago,0
4340,722,2024-12-17,401.23,66,Male,TX,South,USA,Houston,0
4341,755,2024-10-13,373.73,46,Male,NSW,NSW,Australia,Sydney,0
4342,481,2024-12-12,14.17,32,Other,ENG,England,UK,London,0
4343,151,2024-08-08,148.06,62,Male,NY,Northeast,USA,New York,0
4344,434,2023-09-22,189.74,24,Female,ON,Ontario,Canada,Toronto,0
4345,562,2024-10-10,230.9,20,Female,NY,Northeast,USA,New York,0
4346,352,2022-10-12,46.23,20,Male,BY,Bavaria,Germany,Munich,1
4347,498,2022-01-25,340.94,37,Male,NY,Northeast,USA,New York,0
4348,471,2023-02-18,473.52,56,Male,NY,Northeast,USA,New York,0
4349,123,2022-04-02,494.94,52,Other,ON,Ontario,Canada,Toronto,0
4350,137,2024-04-02,449.13,49,Female,TX,South,USA,Houston,0
4351,49,2024-12-16,122.39,53,Female,NY,Northeast,USA,New York,1
4352,613,2023-10-20,276.16,58,Female,CA,West,USA,Los Angeles,0
4353,884,2024-03-14,513.76,26,Other,CA,West,USA,Los Angeles,0
4354,930,2023-06-27,45.19,48,Male,WA,West,USA,Seattle,0
4355,649,2022-04-24,121.88,67,Female,WA,West,USA,Seattle,0
4356,920,2023-11-13,148.1,51,Other,BY,Bavaria,Germany,Munich,0
4357,377,2023-12-07,327.21,56,Male,NY,Northeast,USA,New York,0
4358,739,2023-03-01,504.82,56,Male,NY,Northeast,USA,New York,0
4359,511,2022-06-01,246.47,69,Female,CA,West,USA,Los Angeles,1
4360,390,2022-12-17,286.31,25,Female,TX,South,USA,Houston,0
4361,687,2022-09-10,323.53,39,Male,ON,Ontario,Canada,Toronto,0
4362,922,2024-11-05,478.52,47,Female,CA,West,USA,Los Angeles,0
4363,468,2022-05-03,150.3,48,Male,ON,Ontario,Canada,Toronto,0
4364,660,2023-03-14,335.87,32,Female,CA,West,USA,Los Angeles,1
4365,223,2023-09-17,491.2,54,Male,IL,Midwest,USA,Chicago,1
4366,504,2023-03-01,498.28,63,Male,IL,Midwest,USA,Chicago,0
4367,663,2023-11-12,209.34,19,Female,NY,Northeast,USA,New York,0
4368,285,2022-10-13,64.78,40,Other,NY,Northeast,USA,New York,0
4369,789,2024-05-02,518.51,46,Female,CA,West,USA,Los Angeles,0
4370,756,2023-07-25,488.95,40,Female,TX,South,USA,Houston,0
4371,853,2024-11-07,64.57,68,Male,NY,Northeast,USA,New York,1
4372,798,2024-12-04,55.84,41,Male,CA,West,USA,Los Angeles,0
4373,614,2023-05-04,106.76,38,Female,FL,Southeast,USA,Miami,0
4374,559,2023-10-14,346.57,59,Female,CA,West,USA,Los Angeles,0
4375,948,2022-03-20,158.28,24,Female,TX,South,USA,Houston,1
4376,287,2023-12-08,135.36,26,Female,NY,Northeast,USA,New York,0
4377,57,2022-09-22,401.82,46,Male,BY,Bavaria,Germany,Munich,0
4378,390,2023-03-08,137.28,25,Female,TX,South,USA,Houston,0
4379,422,2024-10-06,538.28,54,Female,NY,Northeast,USA,New York,0
4380,624,2022-10-19,224.83,39,Male,CA,West,USA,Los Angeles,0
4381,140,2022-10-22,217.07,40,Female,IL,Midwest,USA,Chicago,0
4382,223,2024-05-21,529.07,54,Male,IL,Midwest,USA,Chicago,1
4383,915,2023-10-16,73.0,48,Male,TX,South,USA,Houston,0
4384,471,2024-11-25,74.28,56,Male,NY,Northeast,USA,New York,0
4385,453,2024-05-24,249.14,43,Male,WA,West,USA,Seattle,0
4386,43,2024-03-08,333.38,54,Female,NY,Northeast,USA,New York,0
4387,30,2023-11-18,274.49,41,Male,NY,Northeast,USA,New York,0
4388,806,2023-08-02,506.58,58,Female,NY,Northeast,USA,New York,0
4389,636,2024-07-03,556.25,53,Male,TX,South,USA,Houston,1
4390,382,2024-11-13,33.63,66,Female,FL,Southeast,USA,Miami,0
4391,396,2024-03-20,102.02,63,Female,CA,West,USA,Los Angeles,0
4392,446,2023-11-17,298.16,52,Male,BY,Bavaria,Germany,Munich,0
4393,804,2022-07-05,475.56,65,Male,TX,South,USA,Houston,0
4394,886,2022-01-21,147.16,56,Male,WA,West,USA,Seattle,1
4395,434,2022-12-17,189.87,24,Female,ON,Ontario,Canada,Toronto,0
4396,397,2022-10-22,123.22,20,Male,IL,Midwest,USA,Chicago,0
4397,409,2024-04-18,542.12,66,Male,ON,Ontario,Canada,Toronto,1
4398,476,2022-12-25,85.39,58,Female,CA,West,USA,Los Angeles,0
4399,301,2024-12-11,321.03,36,Female,FL,Southeast,USA,Miami,0
4400,296,2024-11-01,23.8,45,Male,NY,Northeast,USA,New York,0
4401,459,2023-02-17,323.11,61,Female,ON,Ontario,Canada,Toronto,0
4402,808,2023-03-28,214.44,23,Female,TX,South,USA,Houston,0
4403,286,2024-10-03,321.63,66,Male,ON,Ontario,Canada,Toronto,0
4404,437,2023-12-28,52.28,47,Female,TX,South,USA,Houston,1
4405,261,2023-04-22,57.9,59,Female,NY,Northeast,USA,New York,0
4406,482,2024-07-01,61.82,61,Female,NY,Northeast,USA,New York,0
4407,113,2024-03-16,469.55,46,Other,WA,West,USA,Seattle,0
4408,493,2024-07-09,408.63,57,Female,NY,Northeast,USA,New York,1
4409,703,2024-09-19,81.65,26,Female,ENG,England,UK,London,0
4410,677,2023-01-22,174.75,48,Female,TX,South,USA,Houston,0
4411,629,2024-09-11,250.71,44,Female,CA,West,USA,Los Angeles,0
4412,542,2024-09-14,65.33,20,Female,WA,West,USA,Seattle,0
4413,604,2024-07-02,472.18,24,Female,BY,Bavaria,Germany,Munich,0
4414,435,2024-12-01,210.38,40,Female,IL,Midwest,USA,Chicago,0
4415,942,2024-02-22,379.17,39,Male,CA,West,USA,Los Angeles,0
4416,655,2024-01-10,363.52,46,Female,FL,Southeast,USA,Miami,0
4417,298,2023-07-25,485.49,40,Male,NY,Northeast,USA,New York,0
4418,638,2024-07-17,418.37,33,Male,WA,West,USA,Seattle,0
4419,326,2023-04-12,28.48,29,Male,CA,West,USA,Los Angeles,1
4420,711,2024-12-25,96.3,53,Female,MH,Maharashtra,India,Mumbai,0
4421,360,2024-04-02,255.35,56,Female,NY,Northeast,USA,New York,0
4422,470,2024-04-24,62.25,66,Male,TX,South,USA,Houston,1
4423,576,2023-11-03,214.12,37,Male,TX,South,USA,Houston,0
4424,981,2023-12-27,518.27,48,Male,TX,South,USA,Houston,0
4425,543,2023-07-16,117.32,28,Female,FL,Southeast,USA,Miami,0
4426,576,2022-01-14,355.32,37,Male,TX,South,USA,Houston,0
4427,914,2023-05-19,145.61,68,Female,TX,South,USA,Houston,0
4428,798,2024-04-23,29.95,41,Male,CA,West,USA,Los Angeles,0
4429,34,2023-07-08,61.71,46,Female,IL,Midwest,USA,Chicago,0
4430,466,2024-09-03,68.22,68,Female,CA,West,USA,Los Angeles,1
4431,703,2023-06-28,165.91,26,Female,ENG,England,UK,London,0
4432,338,2024-07-15,538.35,34,Other,TX,South,USA,Houston,0
4433,243,2024-10-09,351.82,22,Female,CA,West,USA,Los Angeles,0
4434,525,2024-04-26,78.7,34,Female,TX,South,USA,Houston,0
4435,174,2024-03-02,49.76,55,Female,CA,West,USA,Los Angeles,0
4436,578,2024-11-24,543.96,45,Female,CA,West,USA,Los Angeles,0
4437,668,2024-01-01,105.24,62,Female,TX,South,USA,Houston,0
4438,309,2023-03-19,151.08,34,Female,TX,South,USA,Houston,0
4439,642,2022-01-02,422.43,65,Female,TX,South,USA,Houston,0
4440,755,2023-08-05,298.81,46,Male,NSW,NSW,Australia,Sydney,0
4441,282,2024-08-10,135.6,43,Female,WA,West,USA,Seattle,1
4442,428,2023-07-06,355.72,59,Female,IL,Midwest,USA,Chicago,1
4443,590,2023-06-02,203.57,61,Female,TX,South,USA,Houston,0
4444,661,2024-07-20,330.37,27,Male,TX,South,USA,Houston,0
4445,614,2023-03-22,60.86,38,Female,FL,Southeast,USA,Miami,0
4446,289,2024-11-10,494.25,46,Female,ENG,England,UK,London,0
4447,132,2024-12-20,338.0,46,Female,ENG,England,UK,London,0
4448,485,2024-08-10,13.58,42,Male,FL,Southeast,USA,Miami,0
4449,301,2024-06-07,318.02,36,Female,FL,Southeast,USA,Miami,0
4450,353,2024-10-24,209.91,33,Female,TX,South,USA,Houston,0
4451,799,2024-03-15,508.15,34,Female,CA,West,USA,Los Angeles,0
4452,419,2024-05-01,87.24,33,Male,FL,Southeast,USA,Miami,0
4453,912,2022-12-20,173.52,27,Other,MH,Maharashtra,India,Mumbai,0
4454,676,2024-03-11,430.78,55,Female,FL,Southeast,USA,Miami,1
4455,167,2024-02-03,134.81,34,Female,ON,Ontario,Canada,Toronto,0
4456,157,2023-08-07,173.25,24,Female,NY,Northeast,USA,New York,0
4457,664,2023-08-09,411.18,28,Male,TX,South,USA,Houston,0
4458,246,2023-08-01,380.58,22,Female,FL,Southeast,USA,Miami,0
4459,936,2023-03-21,197.42,66,Other,NSW,NSW,Australia,Sydney,0
4460,360,2024-10-07,267.72,56,Female,NY,Northeast,USA,New York,0
4461,33,2023-04-05,297.49,22,Male,FL,Southeast,USA,Miami,0
4462,274,2022-12-06,445.1,67,Female,ENG,England,UK,London,0
4463,847,2024-04-21,374.23,26,Male,ENG,England,UK,London,0
4464,175,2023-01-15,318.34,54,Female,WA,West,USA,Seattle,0
4465,455,2022-08-23,407.36,49,Female,BY,Bavaria,Germany,Munich,0
4466,817,2023-03-13,168.67,20,Female,CA,West,USA,Los Angeles,1
4467,870,2023-08-20,241.2,20,Male,TX,South,USA,Houston,0
4468,163,2022-04-14,346.46,39,Male,WA,West,USA,Seattle,0
4469,790,2024-06-17,232.85,18,Female,NY,Northeast,USA,New York,0
4470,642,2024-03-25,274.12,65,Female,TX,South,USA,Houston,0
4471,199,2024-06-18,99.22,35,Female,NSW,NSW,Australia,Sydney,0
4472,452,2023-03-14,327.45,66,Male,CA,West,USA,Los Angeles,0
4473,126,2023-05-25,343.14,47,Male,IL,Midwest,USA,Chicago,0
4474,164,2024-03-18,481.07,39,Male,CA,West,USA,Los Angeles,1
4475,892,2023-11-27,54.96,54,Female,WA,West,USA,Seattle,0
4476,297,2022-10-19,450.79,62,Male,FL,Southeast,USA,Miami,1
4477,348,2024-03-20,58.36,66,Female,FL,Southeast,USA,Miami,0
4478,110,2022-02-15,375.2,54,Male,TX,South,USA,Houston,1
4479,356,2024-01-24,334.45,69,Female,MH,Maharashtra,India,Mumbai,0
4480,96,2024-04-09,234.05,32,Male,IL,Midwest,USA,Chicago,0
4481,794,2024-07-16,518.0,60,Male,NY,Northeast,USA,New York,0
4482,359,2024-06-26,261.77,22,Male,NY,Northeast,USA,New York,0
4483,978,2023-12-06,23.45,47,Other,CA,West,USA,Los Angeles,0
4484,756,2024-10-13,296.9,40,Female,TX,South,USA,Houston,0
4485,830,2023-02-01,287.16,19,Male,TX,South,USA,Houston,0
4486,398,2024-03-16,419.71,28,Male,NY,Northeast,USA,New York,0
4487,948,2024-01-10,207.81,24,Female,TX,South,USA,Houston,1
4488,569,2022-03-16,46.23,51,Male,NY,Northeast,USA,New York,0
4489,134,2022-07-07,181.24,47,Male,IL,Midwest,USA,Chicago,0
4490,129,2022-02-24,305.28,47,Female,CA,West,USA,Los Angeles,0
4491,927,2022-01-28,276.93,46,Male,CA,West,USA,Los Angeles,0
4492,882,2023-02-15,450.53,62,Male,NY,Northeast,USA,New York,1
4493,614,2024-09-18,159.49,38,Female,FL,Southeast,USA,Miami,0
4494,331,2023-01-13,306.28,46,Female,TX,South,USA,Houston,0
4495,678,2024-12-09,546.6,22,Male,ON,Ontario,Canada,Toronto,0
4496,190,2024-06-13,183.34,33,Female,NY,Northeast,USA,New York,1
4497,862,2024-05-14,250.53,66,Male,CA,West,USA,Los Angeles,0
4498,354,2023-07-22,527.0,40,Female,WA,West,USA,Seattle,1
4499,396,2024-07-20,90.45,63,Female,CA,West,USA,Los Angeles,0
4500,970,2024-06-10,325.99,19,Male,NY,Northeast,USA,New York,0
4501,861,2024-07-18,214.45,68,Female,ON,Ontario,Canada,Toronto,0
4502,630,2024-05-27,36.52,37,Other,CA,West,USA,Los Angeles,1
4503,96,2024-05-12,428.72,32,Male,IL,Midwest,USA,Chicago,0
4504,122,2023-01-24,113.87,52,Female,TX,South,USA,Houston,0
4505,530,2024-09-14,500.76,65,Male,FL,Southeast,USA,Miami,0
4506,162,2023-08-04,227.63,52,Female,FL,Southeast,USA,Miami,1
4507,261,2024-09-06,90.57,59,Female,NY,Northeast,USA,New York,0
4508,763,2022-12-09,130.55,67,Male,TX,South,USA,Houston,0
4509,312,2022-07-17,418.11,52,Male,TX,South,USA,Houston,0
4510,846,2023-11-26,204.79,18,Female,CA,West,USA,Los Angeles,0
4511,701,2022-06-12,135.57,45,Female,CA,West,USA,Los Angeles,0
4512,83,2024-07-08,147.82,26,Male,TX,South,USA,Houston,0
4513,37,2022-09-19,295.76,62,Female,WA,West,USA,Seattle,0
4514,294,2024-04-09,152.15,35,Male,IL,Midwest,USA,Chicago,0
4515,66,2023-04-13,496.41,34,Female,TX,South,USA,Houston,0
4516,48,2024-07-07,38.29,64,Male,WA,West,USA,Seattle,0
4517,497,2023-01-09,91.55,24,Female,NY,Northeast,USA,New York,0
4518,125,2022-04-02,220.19,62,Other,NY,Northeast,USA,New York,0
4519,989,2022-10-16,112.06,30,Female,CA,West,USA,Los Angeles,0
4520,138,2023-07-14,415.02,19,Female,BY,Bavaria,Germany,Munich,0
4521,908,2024-01-05,514.2,27,Male,NY,Northeast,USA,New York,0
4522,438,2024-01-22,340.58,66,Male,FL,Southeast,USA,Miami,0
4523,563,2023-12-06,454.18,43,Male,TX,South,USA,Houston,0
4524,13,2023-12-19,426.42,56,Male,FL,Southeast,USA,Miami,0
4525,798,2022-09-04,87.73,41,Male,CA,West,USA,Los Angeles,0
4526,714,2023-03-01,51.19,57,Male,TX,South,USA,Houston,0
4527,514,2024-06-04,356.41,60,Other,TX,South,USA,Houston,0
4528,404,2023-05-15,520.92,68,Female,CA,West,USA,Los Angeles,0
4529,523,2024-10-06,467.75,27,Other,CA,West,USA,Los Angeles,1
4530,402,2024-07-10,349.43,58,Male,CA,West,USA,Los Angeles,0
4531,865,2022-10-16,64.36,61,Female,IL,Midwest,USA,Chicago,0
4532,962,2022-05-18,392.06,39,Female,IL,Midwest,USA,Chicago,0
4533,453,2022-11-22,344.65,43,Male,WA,West,USA,Seattle,0
4534,332,2022-06-12,467.6,37,Female,NSW,NSW,Australia,Sydney,0
4535,765,2022-06-03,357.61,36,Female,FL,Southeast,USA,Miami,0
4536,42,2024-07-28,68.02,57,Female,NY,Northeast,USA,New York,0
4537,548,2022-08-22,308.51,48,Female,TX,South,USA,Houston,0
4538,405,2024-11-24,232.78,43,Other,FL,Southeast,USA,Miami,0
4539,576,2024-07-26,242.45,37,Male,TX,South,USA,Houston,0
4540,468,2024-12-20,358.56,48,Male,ON,Ontario,Canada,Toronto,0
4541,752,2024-06-28,504.94,25,Male,WA,West,USA,Seattle,0
4542,471,2022-05-15,382.29,56,Male,NY,Northeast,USA,New York,0
4543,230,2022-05-16,20.93,27,Female,NY,Northeast,USA,New York,0
4544,464,2022-01-17,82.03,39,Male,CA,West,USA,Los Angeles,0
4545,800,2024-11-15,210.52,41,Male,IL,Midwest,USA,Chicago,1
4546,335,2024-02-13,386.96,41,Female,CA,West,USA,Los Angeles,1
4547,449,2023-05-10,340.0,45,Female,CA,West,USA,Los Angeles,0
4548,547,2023-04-23,272.22,40,Male,TX,South,USA,Houston,0
4549,532,2023-10-10,234.01,26,Female,TX,South,USA,Houston,0
4550,871,2023-12-26,420.7,41,Male,TX,South,USA,Houston,0
4551,973,2024-11-21,63.72,42,Male,IL,Midwest,USA,Chicago,0
4552,359,2022-05-28,301.57,22,Male,NY,Northeast,USA,New York,0
4553,653,2023-07-19,430.53,28,Male,WA,West,USA,Seattle,0
4554,536,2023-04-17,152.09,25,Female,WA,West,USA,Seattle,0
4555,688,2022-12-10,109.1,48,Other,FL,Southeast,USA,Miami,1
4556,848,2023-02-20,360.39,20,Male,ON,Ontario,Canada,Toronto,0
4557,848,2024-12-17,107.59,20,Male,ON,Ontario,Canada,Toronto,0
4558,399,2022-11-12,249.23,32,Male,CA,West,USA,Los Angeles,0
4559,963,2024-10-02,517.65,61,Male,CA,West,USA,Los Angeles,0
4560,137,2023-10-01,42.12,49,Female,TX,South,USA,Houston,0
4561,705,2022-05-07,455.48,24,Male,NY,Northeast,USA,New York,0
4562,433,2022-05-20,103.28,60,Male,WA,West,USA,Seattle,0
4563,443,2023-06-26,261.13,24,Male,TX,South,USA,Houston,0
4564,505,2022-03-27,74.79,32,Female,CA,West,USA,Los Angeles,0
4565,675,2023-10-15,379.31,50,Female,NY,Northeast,USA,New York,0
4566,869,2024-07-25,558.78,41,Male,NY,Northeast,USA,New York,0
4567,283,2024-11-01,176.99,52,Female,NY,Northeast,USA,New York,0
4568,853,2024-11-25,518.67,68,Male,NY,Northeast,USA,New York,1
4569,862,2023-03-27,389.74,66,Male,CA,West,USA,Los Angeles,0
4570,769,2024-04-12,541.02,25,Female,IL,Midwest,USA,Chicago,0
4571,704,2024-06-02,379.88,26,Female,CA,West,USA,Los Angeles,0
4572,383,2022-02-20,344.18,67,Female,TX,South,USA,Houston,0
4573,258,2023-09-01,500.78,23,Female,MH,Maharashtra,India,Mumbai,1
4574,277,2023-10-18,388.42,42,Female,IL,Midwest,USA,Chicago,0
4575,398,2024-10-09,476.28,28,Male,NY,Northeast,USA,New York,0
4576,442,2023-07-16,158.41,33,Female,TX,South,USA,Houston,0
4577,216,2022-11-26,92.75,32,Male,WA,West,USA,Seattle,0
4578,320,2024-08-05,362.46,57,Male,FL,Southeast,USA,Miami,0
4579,239,2022-12-01,133.78,34,Male,TX,South,USA,Houston,0
4580,980,2024-11-17,247.1,47,Female,NSW,NSW,Australia,Sydney,0
4581,513,2024-10-20,480.74,61,Female,CA,West,USA,Los Angeles,0
4582,85,2024-02-09,357.54,50,Female,FL,Southeast,USA,Miami,0
4583,486,2024-11-05,529.2,30,Female,BY,Bavaria,Germany,Munich,0
4584,506,2022-05-20,183.81,41,Male,ENG,England,UK,London,0
4585,443,2024-06-20,165.21,24,Male,TX,South,USA,Houston,0
4586,385,2024-07-27,128.49,19,Male,NY,Northeast,USA,New York,0
4587,535,2024-05-25,547.03,48,Male,CA,West,USA,Los Angeles,0
4588,773,2023-02-21,233.75,18,Male,WA,West,USA,Seattle,0
4589,740,2022-03-01,460.84,64,Male,TX,South,USA,Houston,0
4590,597,2023-11-08,189.75,48,Male,CA,West,USA,Los Angeles,0
4591,732,2023-09-19,160.05,39,Female,IL,Midwest,USA,Chicago,0
4592,61,2024-12-14,434.23,65,Male,MH,Maharashtra,India,Mumbai,0
4593,52,2024-11-02,350.39,28,Male,TX,South,USA,Houston,0
4594,674,2024-06-16,299.14,22,Female,CA,West,USA,Los Angeles,1
4595,402,2024-10-22,252.79,58,Male,CA,West,USA,Los Angeles,0
4596,493,2023-08-21,252.87,57,Female,NY,Northeast,USA,New York,1
4597,813,2023-05-26,444.01,53,Female,NY,Northeast,USA,New York,0
4598,617,2023-12-05,90.13,30,Male,NY,Northeast,USA,New York,0
4599,566,2023-12-27,37.11,30,Other,BY,Bavaria,Germany,Munich,0
4600,92,2022-02-15,12.92,59,Male,CA,West,USA,Los Angeles,0
4601,958,2023-11-09,267.7,51,Male,CA,West,USA,Los Angeles,0
4602,510,2023-02-25,435.47,30,Female,IL,Midwest,USA,Chicago,0
4603,369,2024-12-03,379.43,19,Male,TX,South,USA,Houston,0
4604,529,2022-08-01,495.32,65,Female,TX,South,USA,Houston,0
4605,960,2023-03-21,327.42,39,Male,TX,South,USA,Houston,0
4606,147,2022-11-21,259.46,19,Male,NY,Northeast,USA,New York,0
4607,119,2024-07-03,330.39,30,Male,MH,Maharashtra,India,Mumbai,0
4608,615,2024-01-25,495.34,53,Other,CA,West,USA,Los Angeles,0
4609,826,2023-11-24,18.2,22,Female,MH,Maharashtra,India,Mumbai,0
4610,909,2022-10-23,238.59,37,Female,NY,Northeast,USA,New York,0
4611,846,2024-07-11,236.85,18,Female,CA,West,USA,Los Angeles,0
4612,26,2024-10-27,534.38,51,Male,CA,West,USA,Los Angeles,0
4613,575,2024-01-04,113.97,18,Female,NY,Northeast,USA,New York,0
4614,253,2023-05-22,23.87,27,Male,ENG,England,UK,London,0
4615,139,2024-09-24,357.87,36,Female,NY,Northeast,USA,New York,0
4616,330,2024-04-15,354.21,46,Male,TX,South,USA,Houston,1
4617,957,2023-07-10,176.46,38,Male,FL,Southeast,USA,Miami,0
4618,545,2024-12-14,307.41,61,Male,MH,Maharashtra,India,Mumbai,0
4619,203,2022-11-02,302.37,43,Male,NY,Northeast,USA,New York,0
4620,741,2024-08-01,204.95,60,Female,NY,Northeast,USA,New York,0
4621,998,2023-08-10,229.01,36,Female,CA,West,USA,Los Angeles,1
4622,661,2022-11-01,79.48,27,Male,TX,South,USA,Houston,0
4623,428,2024-11-18,434.34,59,Female,IL,Midwest,USA,Chicago,1
4624,462,2024-02-18,224.78,25,Male,TX,South,USA,Houston,1
4625,332,2023-07-24,345.87,37,Female,NSW,NSW,Australia,Sydney,0
4626,960,2024-03-08,245.33,39,Male,TX,South,USA,Houston,0
4627,275,2023-02-23,94.88,39,Male,FL,Southeast,USA,Miami,0
4628,342,2023-05-09,374.51,33,Female,FL,Southeast,USA,Miami,0
4629,97,2024-08-16,240.23,30,Female,CA,West,USA,Los Angeles,0
4630,785,2023-10-23,106.87,42,Female,CA,West,USA,Los Angeles,1
4631,418,2023-12-10,495.46,24,Male,IL,Midwest,USA,Chicago,0
4632,827,2024-06-04,501.45,53,Male,CA,West,USA,Los Angeles,0
4633,147,2022-06-23,366.31,19,Male,NY,Northeast,USA,New York,0
4634,101,2023-03-08,309.81,61,Female,BY,Bavaria,Germany,Munich,0
4635,434,2023-03-07,335.32,24,Female,ON,Ontario,Canada,Toronto,0
4636,44,2024-02-20,208.88,36,Other,CA,West,USA,Los Angeles,0
4637,681,2022-12-15,138.85,55,Female,WA,West,USA,Seattle,0
4638,987,2022-02-01,300.11,50,Other,WA,West,USA,Seattle,0
4639,955,2024-10-26,417.32,58,Male,FL,Southeast,USA,Miami,0
4640,359,2022-05-15,252.62,22,Male,NY,Northeast,USA,New York,0
4641,246,2023-07-08,475.75,22,Female,FL,Southeast,USA,Miami,0
4642,669,2024-11-03,224.36,65,Female,NY,Northeast,USA,New York,0
4643,142,2024-12-20,217.81,29,Female,CA,West,USA,Los Angeles,0
4644,30,2022-04-22,218.51,41,Male,NY,Northeast,USA,New York,0
4645,475,2024-12-21,397.66,50,Male,CA,West,USA,Los Angeles,1
4646,764,2024-04-18,26.27,66,Female,CA,West,USA,Los Angeles,0
4647,844,2023-11-25,194.37,19,Female,NY,Northeast,USA,New York,1
4648,353,2024-01-18,418.91,33,Female,TX,South,USA,Houston,0
4649,75,2024-07-07,315.66,53,Female,CA,West,USA,Los Angeles,0
4650,582,2024-10-07,181.26,61,Female,CA,West,USA,Los Angeles,0
4651,788,2023-11-11,351.7,53,Male,WA,West,USA,Seattle,0
4652,49,2024-11-21,505.74,53,Female,NY,Northeast,USA,New York,1
4653,422,2024-05-01,288.41,54,Female,NY,Northeast,USA,New York,0
4654,108,2024-11-09,416.89,52,Male,NY,Northeast,USA,New York,0
4655,490,2024-05-13,120.09,49,Female,CA,West,USA,Los Angeles,0
4656,824,2024-04-16,270.78,51,Female,CA,West,USA,Los Angeles,0
4657,554,2024-01-05,171.06,34,Male,ON,Ontario,Canada,Toronto,1
4658,555,2024-04-03,556.04,69,Male,NY,Northeast,USA,New York,1
4659,171,2022-02-26,117.18,23,Male,NY,Northeast,USA,New York,1
4660,777,2022-09-03,474.23,40,Male,FL,Southeast,USA,Miami,1
4661,806,2024-03-03,235.51,58,Female,NY,Northeast,USA,New York,0
4662,162,2023-08-06,269.44,52,Female,FL,Southeast,USA,Miami,1
4663,715,2024-02-10,298.71,65,Male,BY,Bavaria,Germany,Munich,1
4664,328,2024-09-07,143.9,19,Male,TX,South,USA,Houston,0
4665,973,2024-05-23,142.33,42,Male,IL,Midwest,USA,Chicago,0
4666,852,2023-05-04,205.91,59,Female,ENG,England,UK,London,1
4667,793,2024-09-04,420.17,55,Female,FL,Southeast,USA,Miami,0
4668,586,2022-12-04,353.38,66,Female,NY,Northeast,USA,New York,0
4669,382,2023-12-19,528.76,66,Female,FL,Southeast,USA,Miami,0
4670,670,2022-05-25,53.3,24,Male,TX,South,USA,Houston,0
4671,605,2023-12-05,404.98,60,Male,FL,Southeast,USA,Miami,1
4672,207,2023-08-16,111.85,57,Female,CA,West,USA,Los Angeles,0
4673,537,2024-12-11,291.65,41,Male,NSW,NSW,Australia,Sydney,0
4674,556,2024-01-18,118.97,44,Female,TX,South,USA,Houston,0
4675,927,2023-01-19,496.81,46,Male,CA,West,USA,Los Angeles,0
4676,735,2022-02-09,258.52,28,Male,IL,Midwest,USA,Chicago,0
4677,847,2022-11-17,240.06,26,Male,ENG,England,UK,London,0
4678,173,2024-03-02,179.9,58,Other,WA,West,USA,Seattle,0
4679,629,2024-03-14,257.59,44,Female,CA,West,USA,Los Angeles,0
4680,300,2023-08-28,68.1,19,Female,FL,Southeast,USA,Miami,0
4681,236,2023-12-26,365.97,55,Female,IL,Midwest,USA,Chicago,0
4682,9,2023-08-02,307.0,28,Female,CA,West,USA,Los Angeles,0
4683,563,2024-10-02,65.84,43,Male,TX,South,USA,Houston,0
4684,963,2023-03-24,63.77,61,Male,CA,West,USA,Los Angeles,0
4685,625,2022-12-06,153.55,49,Male,NY,Northeast,USA,New York,0
4686,896,2023-01-19,256.33,49,Male,MH,Maharashtra,India,Mumbai,0
4687,673,2023-04-16,126.25,51,Male,TX,South,USA,Houston,0
4688,93,2023-07-12,78.81,61,Male,NSW,NSW,Australia,Sydney,0
4689,726,2022-04-09,57.21,24,Female,NY,Northeast,USA,New York,1
4690,833,2024-09-21,178.64,41,Female,ON,Ontario,Canada,Toronto,1
4691,802,2023-09-08,337.62,33,Female,WA,West,USA,Seattle,0
4692,547,2023-04-22,362.94,40,Male,TX,South,USA,Houston,0
4693,522,2023-01-07,157.52,25,Female,CA,West,USA,Los Angeles,0
4694,965,2023-02-25,239.44,67,Female,NY,Northeast,USA,New York,0
4695,994,2024-01-20,356.1,40,Female,BY,Bavaria,Germany,Munich,0
4696,510,2024-12-16,208.79,30,Female,IL,Midwest,USA,Chicago,0
4697,756,2022-08-03,489.52,40,Female,TX,South,USA,Houston,0
4698,207,2024-03-06,391.37,57,Female,CA,West,USA,Los Angeles,0
4699,655,2024-02-18,328.64,46,Female,FL,Southeast,USA,Miami,0
4700,857,2024-11-17,284.45,30,Female,TX,South,USA,Houston,0
4701,909,2023-11-03,266.12,37,Female,NY,Northeast,USA,New York,0
4702,939,2023-12-03,162.12,42,Female,TX,South,USA,Houston,0
4703,166,2022-03-17,47.85,60,Female,ENG,England,UK,London,0
4704,531,2024-07-11,471.05,49,Female,CA,West,USA,Los Angeles,0
4705,564,2024-02-14,508.09,27,Female,CA,West,USA,Los Angeles,0
4706,408,2023-11-18,516.76,25,Male,CA,West,USA,Los Angeles,0
4707,5,2023-06-24,220.42,40,Female,ON,Ontario,Canada,Toronto,0
4708,776,2022-09-08,473.74,67,Male,CA,West,USA,Los Angeles,0
4709,764,2022-01-20,354.16,66,Female,CA,West,USA,Los Angeles,0
4710,85,2024-10-25,242.86,50,Female,FL,Southeast,USA,Miami,0
4711,365,2023-04-26,487.68,24,Male,FL,Southeast,USA,Miami,0
4712,843,2024-11-28,542.73,65,Female,IL,Midwest,USA,Chicago,0
4713,277,2024-03-01,304.22,42,Female,IL,Midwest,USA,Chicago,0
4714,861,2024-10-03,439.07,68,Female,ON,Ontario,Canada,Toronto,0
4715,32,2024-02-25,437.4,29,Female,CA,West,USA,Los Angeles,0
4716,296,2022-09-06,308.33,45,Male,NY,Northeast,USA,New York,0
4717,876,2024-10-09,243.22,44,Male,CA,West,USA,Los Angeles,0
4718,12,2024-06-14,84.93,68,Female,CA,West,USA,Los Angeles,0
4719,538,2023-04-19,528.94,24,Male,CA,West,USA,Los Angeles,0
4720,10,2022-05-02,45.12,22,Male,IL,Midwest,USA,Chicago,0
4721,167,2022-05-19,76.08,34,Female,ON,Ontario,Canada,Toronto,0
4722,979,2022-09-03,193.65,36,Female,NY,Northeast,USA,New York,0
4723,464,2023-01-11,217.61,39,Male,CA,West,USA,Los Angeles,0
4724,781,2022-01-26,140.91,63,Male,TX,South,USA,Houston,0
4725,872,2024-05-04,54.05,28,Female,NY,Northeast,USA,New York,0
4726,359,2022-04-02,450.71,22,Male,NY,Northeast,USA,New York,0
4727,669,2022-03-14,261.5,65,Female,NY,Northeast,USA,New York,0
4728,890,2023-10-07,514.34,32,Male,CA,West,USA,Los Angeles,0
4729,434,2022-01-07,440.2,24,Female,ON,Ontario,Canada,Toronto,0
4730,893,2024-12-12,282.31,45,Male,NY,Northeast,USA,New York,1
4731,80,2023-10-05,212.24,52,Male,ENG,England,UK,London,0
4732,909,2022-06-01,134.97,37,Female,NY,Northeast,USA,New York,0
4733,400,2022-11-26,496.59,34,Female,CA,West,USA,Los Angeles,0
4734,502,2023-08-23,324.87,51,Female,TX,South,USA,Houston,0
4735,207,2024-08-12,472.59,57,Female,CA,West,USA,Los Angeles,0
4736,821,2024-05-24,551.59,19,Female,CA,West,USA,Los Angeles,0
4737,274,2023-09-28,126.92,67,Female,ENG,England,UK,London,0
4738,38,2024-03-12,518.75,61,Male,IL,Midwest,USA,Chicago,0
4739,105,2023-07-05,423.25,59,Other,NY,Northeast,USA,New York,1
4740,160,2024-02-06,260.71,58,Male,CA,West,USA,Los Angeles,0
4741,617,2024-06-27,531.9,30,Male,NY,Northeast,USA,New York,0
4742,633,2023-08-25,316.99,40,Male,MH,Maharashtra,India,Mumbai,0
4743,187,2024-03-20,227.25,26,Male,TX,South,USA,Houston,0
4744,105,2024-04-19,98.96,59,Other,NY,Northeast,USA,New York,1
4745,232,2023-11-09,388.67,62,Male,CA,West,USA,Los Angeles,0
4746,44,2024-04-15,435.99,36,Other,CA,West,USA,Los Angeles,0
4747,327,2024-02-11,124.75,30,Female,TX,South,USA,Houston,0
4748,109,2022-05-11,192.2,42,Female,TX,South,USA,Houston,0
4749,208,2024-12-21,41.41,68,Female,TX,South,USA,Houston,0
4750,455,2024-09-16,317.02,49,Female,BY,Bavaria,Germany,Munich,0
4751,301,2023-08-12,322.27,36,Female,FL,Southeast,USA,Miami,0
4752,489,2023-11-07,451.18,57,Male,MH,Maharashtra,India,Mumbai,0
4753,218,2024-09-19,25.55,23,Male,FL,Southeast,USA,Miami,1
4754,927,2024-11-13,76.86,46,Male,CA,West,USA,Los Angeles,0
4755,63,2023-09-02,27.0,37,Female,ENG,England,UK,London,0
4756,422,2022-11-20,472.78,54,Female,NY,Northeast,USA,New York,0
4757,179,2023-08-10,276.99,64,Male,ENG,England,UK,London,0
4758,515,2024-04-12,146.2,67,Male,TX,South,USA,Houston,0
4759,476,2024-01-28,21.68,58,Female,CA,West,USA,Los Angeles,0
4760,817,2022-02-20,57.29,20,Female,CA,West,USA,Los Angeles,1
4761,719,2024-07-02,406.42,30,Female,NSW,NSW,Australia,Sydney,0
4762,815,2024-12-21,274.78,58,Male,NY,Northeast,USA,New York,0
4763,430,2023-10-09,392.06,55,Female,TX,South,USA,Houston,0
4764,327,2022-10-22,139.94,30,Female,TX,South,USA,Houston,0
4765,650,2023-09-10,238.9,62,Female,CA,West,USA,Los Angeles,0
4766,725,2022-12-16,315.69,58,Male,ENG,England,UK,London,0
4767,180,2023-10-20,120.88,44,Male,TX,South,USA,Houston,0
4768,886,2024-04-06,168.99,56,Male,WA,West,USA,Seattle,1
4769,485,2024-07-04,88.91,42,Male,FL,Southeast,USA,Miami,0
4770,824,2023-06-20,380.31,51,Female,CA,West,USA,Los Angeles,0
4771,67,2024-03-03,330.76,65,Female,CA,West,USA,Los Angeles,0
4772,329,2024-04-23,255.24,25,Female,BY,Bavaria,Germany,Munich,0
4773,375,2022-05-13,288.0,64,Female,BY,Bavaria,Germany,Munich,0
4774,740,2023-03-03,98.79,64,Male,TX,South,USA,Houston,0
4775,246,2024-04-22,457.31,22,Female,FL,Southeast,USA,Miami,0
4776,738,2024-12-26,425.8,35,Male,NY,Northeast,USA,New York,0
4777,832,2023-05-02,105.13,30,Female,NY,Northeast,USA,New York,0
4778,243,2024-11-27,497.28,22,Female,CA,West,USA,Los Angeles,0
4779,983,2024-01-12,227.41,46,Female,CA,West,USA,Los Angeles,0
4780,670,2024-12-19,265.64,24,Male,TX,South,USA,Houston,0
4781,510,2024-10-08,302.76,30,Female,IL,Midwest,USA,Chicago,0
4782,88,2022-12-04,398.52,34,Male,FL,Southeast,USA,Miami,0
4783,510,2022-07-28,90.36,30,Female,IL,Midwest,USA,Chicago,0
4784,275,2022-09-19,139.86,39,Male,FL,Southeast,USA,Miami,0
4785,415,2024-05-08,525.11,18,Other,CA,West,USA,Los Angeles,0
4786,29,2024-06-10,525.86,46,Female,CA,West,USA,Los Angeles,0
4787,791,2024-10-22,455.16,22,Female,MH,Maharashtra,India,Mumbai,1
4788,131,2022-01-09,92.53,47,Female,TX,South,USA,Houston,1
4789,515,2024-01-20,337.72,67,Male,TX,South,USA,Houston,0
4790,107,2022-11-02,228.53,58,Female,NSW,NSW,Australia,Sydney,0
4791,320,2023-02-28,52.54,57,Male,FL,Southeast,USA,Miami,0
4792,947,2023-10-21,49.84,68,Female,CA,West,USA,Los Angeles,0
4793,182,2024-03-10,481.43,25,Male,ON,Ontario,Canada,Toronto,0
4794,164,2022-06-16,54.34,39,Male,CA,West,USA,Los Angeles,1
4795,928,2024-05-05,160.14,33,Male,IL,Midwest,USA,Chicago,0
4796,73,2024-07-13,93.92,42,Female,FL,Southeast,USA,Miami,1
4797,964,2024-11-10,326.82,29,Male,FL,Southeast,USA,Miami,0
4798,751,2022-11-11,382.41,67,Male,TX,South,USA,Houston,0
4799,380,2024-04-23,156.73,31,Female,FL,Southeast,USA,Miami,0
4800,649,2024-05-12,440.39,67,Female,WA,West,USA,Seattle,0
4801,593,2023-11-01,101.48,30,Male,FL,Southeast,USA,Miami,0
4802,637,2024-02-13,206.98,30,Female,NY,Northeast,USA,New York,1
4803,189,2024-02-02,144.49,30,Female,FL,Southeast,USA,Miami,0
4804,892,2023-07-14,246.58,54,Female,WA,West,USA,Seattle,0
4805,467,2023-10-20,520.14,26,Other,IL,Midwest,USA,Chicago,0
4806,667,2023-05-03,393.29,44,Female,ENG,England,UK,London,1
4807,715,2022-01-02,110.82,65,Male,BY,Bavaria,Germany,Munich,1
4808,669,2024-12-11,541.58,65,Female,NY,Northeast,USA,New York,0
4809,491,2022-12-14,343.86,66,Female,CA,West,USA,Los Angeles,0
4810,457,2023-09-02,246.5,25,Female,FL,Southeast,USA,Miami,0
4811,573,2023-09-10,486.5,32,Male,NY,Northeast,USA,New York,0
4812,566,2023-12-22,406.81,30,Other,BY,Bavaria,Germany,Munich,0
4813,816,2023-09-16,389.34,61,Female,NY,Northeast,USA,New York,1
4814,766,2024-10-15,121.47,58,Female,CA,West,USA,Los Angeles,0
4815,660,2023-07-03,77.06,32,Female,CA,West,USA,Los Angeles,1
4816,360,2022-04-23,434.15,56,Female,NY,Northeast,USA,New York,0
4817,494,2024-11-17,384.47,49,Male,CA,West,USA,Los Angeles,1
4818,37,2024-09-13,459.7,62,Female,WA,West,USA,Seattle,0
4819,275,2023-05-18,408.33,39,Male,FL,Southeast,USA,Miami,0
4820,427,2023-08-05,479.67,62,Male,NY,Northeast,USA,New York,0
4821,603,2022-11-19,194.01,56,Female,ON,Ontario,Canada,Toronto,0
4822,377,2022-04-09,181.6,56,Male,NY,Northeast,USA,New York,0
4823,53,2023-10-02,133.63,36,Male,NY,Northeast,USA,New York,0
4824,182,2024-02-07,69.06,25,Male,ON,Ontario,Canada,Toronto,0
4825,177,2024-08-11,276.21,55,Female,IL,Midwest,USA,Chicago,1
4826,709,2023-12-13,269.38,42,Male,CA,West,USA,Los Angeles,0
4827,907,2024-11-07,74.02,39,Other,FL,Southeast,USA,Miami,0
4828,805,2023-11-23,324.07,56,Female,TX,South,USA,Houston,0
4829,498,2023-09-08,199.33,37,Male,NY,Northeast,USA,New York,0
4830,159,2023-07-04,247.57,44,Female,NY,Northeast,USA,New York,0
4831,913,2022-09-07,259.91,37,Female,TX,South,USA,Houston,0
4832,482,2024-05-12,181.62,61,Female,NY,Northeast,USA,New York,0
4833,757,2023-08-02,366.42,56,Female,BY,Bavaria,Germany,Munich,0
4834,327,2024-07-03,291.01,30,Female,TX,South,USA,Houston,0
4835,327,2023-08-05,239.88,30,Female,TX,South,USA,Houston,0
4836,568,2024-06-11,235.99,30,Female,MH,Maharashtra,India,Mumbai,0
4837,702,2024-05-27,24.21,50,Female,BY,Bavaria,Germany,Munich,0
4838,94,2023-05-17,411.18,38,Female,TX,South,USA,Houston,0
4839,404,2022-04-03,483.58,68,Female,CA,West,USA,Los Angeles,0
4840,935,2024-06-02,83.08,41,Male,IL,Midwest,USA,Chicago,0
4841,602,2023-02-03,160.94,58,Male,CA,West,USA,Los Angeles,1
4842,64,2023-12-02,450.49,68,Female,BY,Bavaria,Germany,Munich,0
4843,649,2024-01-15,400.13,67,Female,WA,West,USA,Seattle,0
4844,823,2022-11-21,163.07,25,Male,TX,South,USA,Houston,0
4845,855,2023-04-13,347.97,32,Female,TX,South,USA,Houston,0
4846,195,2023-11-12,487.01,67,Female,IL,Midwest,USA,Chicago,0
4847,176,2023-10-17,124.7,42,Male,BY,Bavaria,Germany,Munich,1
4848,771,2023-12-10,363.6,51,Other,FL,Southeast,USA,Miami,0
4849,888,2023-11-23,432.34,28,Male,CA,West,USA,Los Angeles,0
4850,283,2022-09-20,56.7,52,Female,NY,Northeast,USA,New York,0
4851,166,2022-03-28,467.91,60,Female,ENG,England,UK,London,0
4852,790,2022-08-03,480.07,18,Female,NY,Northeast,USA,New York,0
4853,763,2024-05-13,413.51,67,Male,TX,South,USA,Houston,0
4854,916,2024-11-25,294.16,41,Female,CA,West,USA,Los Angeles,0
4855,703,2023-11-19,324.3,26,Female,ENG,England,UK,London,0
4856,936,2023-05-22,347.4,66,Other,NSW,NSW,Australia,Sydney,0
4857,825,2024-09-14,95.79,50,Male,NY,Northeast,USA,New York,0
4858,864,2022-05-11,154.49,58,Male,ENG,England,UK,London,0
4859,773,2023-09-22,63.0,18,Male,WA,West,USA,Seattle,0
4860,426,2024-08-14,214.51,28,Male,CA,West,USA,Los Angeles,1
4861,109,2023-07-12,397.61,42,Female,TX,South,USA,Houston,0
4862,429,2024-11-12,497.17,19,Female,CA,West,USA,Los Angeles,1
4863,265,2024-04-04,214.96,69,Female,CA,West,USA,Los Angeles,0
4864,953,2024-11-22,349.32,49,Female,FL,Southeast,USA,Miami,0
4865,357,2022-09-24,301.47,25,Female,NY,Northeast,USA,New York,0
4866,892,2022-04-01,241.54,54,Female,WA,West,USA,Seattle,0
4867,356,2022-06-12,350.16,69,Female,MH,Maharashtra,India,Mumbai,0
4868,485,2024-01-19,93.96,42,Male,FL,Southeast,USA,Miami,0
4869,697,2024-08-05,52.28,55,Male,CA,West,USA,Los Angeles,0
4870,398,2024-11-09,202.2,28,Male,NY,Northeast,USA,New York,0
4871,695,2023-02-27,514.06,22,Female,FL,Southeast,USA,Miami,1
4872,95,2024-02-22,534.27,64,Male,ON,Ontario,Canada,Toronto,0
4873,592,2023-07-25,339.42,64,Female,ENG,England,UK,London,0
4874,362,2024-04-28,328.79,64,Female,MH,Maharashtra,India,Mumbai,1
4875,174,2023-04-20,339.49,55,Female,CA,West,USA,Los Angeles,0
4876,472,2022-09-08,220.39,59,Male,NSW,NSW,Australia,Sydney,0
4877,120,2022-06-27,151.31,23,Male,CA,West,USA,Los Angeles,1
4878,831,2024-11-13,14.25,30,Female,FL,Southeast,USA,Miami,0
4879,902,2023-06-16,20.58,20,Male,WA,West,USA,Seattle,0
4880,325,2023-08-16,515.54,68,Female,IL,Midwest,USA,Chicago,0
4881,338,2023-06-16,397.33,34,Other,TX,South,USA,Houston,0
4882,303,2023-04-16,369.07,18,Female,CA,West,USA,Los Angeles,0
4883,844,2024-07-22,474.63,19,Female,NY,Northeast,USA,New York,1
4884,27,2022-10-05,307.4,38,Other,NY,Northeast,USA,New York,1
4885,136,2022-12-13,337.14,33,Male,TX,South,USA,Houston,0
4886,40,2024-01-17,444.81,50,Female,TX,South,USA,Houston,0
4887,621,2023-07-16,75.61,40,Female,NY,Northeast,USA,New York,0
4888,809,2022-09-21,101.94,38,Male,FL,Southeast,USA,Miami,0
4889,675,2022-02-10,282.42,50,Female,NY,Northeast,USA,New York,0
4890,165,2022-11-27,57.47,39,Male,BY,Bavaria,Germany,Munich,0
4891,399,2023-04-01,353.1,32,Male,CA,West,USA,Los Angeles,0
4892,967,2022-11-21,417.78,49,Male,ON,Ontario,Canada,Toronto,0
4893,830,2022-08-05,420.42,19,Male,TX,South,USA,Houston,0
4894,61,2024-03-17,188.63,65,Male,MH,Maharashtra,India,Mumbai,0
4895,152,2024-10-01,122.43,32,Female,NY,Northeast,USA,New York,0
4896,807,2024-03-07,537.35,46,Female,TX,South,USA,Houston,0
4897,655,2023-10-11,484.49,46,Female,FL,Southeast,USA,Miami,0
4898,116,2023-11-03,173.44,47,Female,CA,West,USA,Los Angeles,1
4899,248,2024-08-10,501.91,39,Male,TX,South,USA,Houston,0
4900,635,2024-04-18,494.7,27,Other,TX,South,USA,Houston,0
4901,796,2023-06-05,186.17,33,Male,CA,West,USA,Los Angeles,0
4902,757,2023-07-18,199.24,56,Female,BY,Bavaria,Germany,Munich,0
4903,81,2023-09-14,494.63,66,Female,ENG,England,UK,London,0
4904,227,2023-09-24,395.93,60,Male,NY,Northeast,USA,New York,0
4905,552,2023-06-18,331.34,38,Male,CA,West,USA,Los Angeles,0
4906,561,2022-10-13,476.92,45,Other,NSW,NSW,Australia,Sydney,0
4907,975,2024-10-24,485.85,25,Female,NY,Northeast,USA,New York,0
4908,781,2024-09-05,52.22,63,Male,TX,South,USA,Houston,0
4909,281,2024-04-16,284.94,32,Male,CA,West,USA,Los Angeles,1
4910,171,2022-07-07,448.9,23,Male,NY,Northeast,USA,New York,1
4911,45,2024-06-13,72.21,21,Male,TX,South,USA,Houston,0
4912,523,2024-11-14,50.84,27,Other,CA,West,USA,Los Angeles,1
4913,151,2022-11-17,430.94,62,Male,NY,Northeast,USA,New York,0
4914,533,2024-11-09,437.83,26,Female,NY,Northeast,USA,New York,0
4915,631,2024-04-19,102.96,56,Other,CA,West,USA,Los Angeles,0
4916,768,2024-10-06,110.59,42,Other,TX,South,USA,Houston,0
4917,532,2022-11-05,417.98,26,Female,TX,South,USA,Houston,0
4918,362,2024-03-04,125.99,64,Female,MH,Maharashtra,India,Mumbai,1
4919,851,2023-01-14,85.38,68,Female,CA,West,USA,Los Angeles,0
4920,646,2022-02-12,454.7,35,Male,BY,Bavaria,Germany,Munich,0
4921,665,2022-08-24,404.48,49,Male,ENG,England,UK,London,0
4922,951,2022-06-10,207.85,22,Female,IL,Midwest,USA,Chicago,0
4923,957,2023-03-17,335.77,38,Male,FL,Southeast,USA,Miami,0
4924,709,2023-07-28,234.15,42,Male,CA,West,USA,Los Angeles,0
4925,154,2024-10-18,161.83,33,Male,CA,West,USA,Los Angeles,0
4926,18,2022-11-24,493.53,24,Female,NSW,NSW,Australia,Sydney,1
4927,582,2024-10-15,310.65,61,Female,CA,West,USA,Los Angeles,0
4928,151,2022-11-06,322.41,62,Male,NY,Northeast,USA,New York,0
4929,914,2024-08-13,235.26,68,Female,TX,South,USA,Houston,0
4930,399,2024-11-22,286.01,32,Male,CA,West,USA,Los Angeles,0
4931,256,2024-06-04,169.1,25,Male,FL,Southeast,USA,Miami,0
4932,405,2024-11-14,246.79,43,Other,FL,Southeast,USA,Miami,0
4933,705,2024-12-15,355.74,24,Male,NY,Northeast,USA,New York,0
4934,331,2022-09-26,407.94,46,Female,TX,South,USA,Houston,0
4935,133,2022-06-28,403.14,22,Male,FL,Southeast,USA,Miami,1
4936,444,2023-04-18,16.53,43,Male,CA,West,USA,Los Angeles,0
4937,473,2022-05-06,272.1,40,Male,IL,Midwest,USA,Chicago,0
4938,944,2023-02-06,204.5,42,Male,TX,South,USA,Houston,0
4939,69,2022-01-17,307.45,21,Male,TX,South,USA,Houston,0
4940,805,2024-06-06,495.06,56,Female,TX,South,USA,Houston,0
4941,294,2024-01-19,436.54,35,Male,IL,Midwest,USA,Chicago,0
4942,139,2024-11-28,192.71,36,Female,NY,Northeast,USA,New York,0
4943,130,2024-09-06,416.85,51,Female,TX,South,USA,Houston,1
4944,445,2022-11-26,59.68,44,Male,ON,Ontario,Canada,Toronto,0
4945,635,2022-06-02,72.8,27,Other,TX,South,USA,Houston,0
4946,682,2024-04-14,134.99,25,Male,NSW,NSW,Australia,Sydney,0
4947,761,2024-05-11,230.58,27,Male,IL,Midwest,USA,Chicago,0
4948,164,2023-11-16,275.85,39,Male,CA,West,USA,Los Angeles,1
4949,609,2023-02-14,217.24,68,Other,NY,Northeast,USA,New York,0
4950,51,2023-09-16,336.68,57,Female,CA,West,USA,Los Angeles,1
4951,433,2023-04-04,75.1,60,Male,WA,West,USA,Seattle,0
4952,958,2023-05-22,281.46,51,Male,CA,West,USA,Los Angeles,0
4953,611,2023-01-27,152.09,61,Male,TX,South,USA,Houston,0
4954,785,2024-07-14,211.32,42,Female,CA,West,USA,Los Angeles,1
4955,54,2024-02-24,290.48,42,Female,NY,Northeast,USA,New York,0
4956,886,2023-11-04,79.5,56,Male,WA,West,USA,Seattle,1
4957,377,2024-02-21,224.26,56,Male,NY,Northeast,USA,New York,0
4958,782,2024-04-10,428.69,51,Male,CA,West,USA,Los Angeles,0
4959,362,2022-01-19,146.01,64,Female,MH,Maharashtra,India,Mumbai,1
4960,680,2024-12-16,430.79,66,Male,NSW,NSW,Australia,Sydney,0
4961,540,2023-09-02,130.53,19,Male,WA,West,USA,Seattle,0
4962,766,2024-09-10,425.09,58,Female,CA,West,USA,Los Angeles,0
4963,937,2022-07-13,105.26,26,Male,FL,Southeast,USA,Miami,0
4964,526,2024-11-23,533.23,34,Male,NY,Northeast,USA,New York,0
4965,32,2024-03-04,95.59,29,Female,CA,West,USA,Los Angeles,0
4966,258,2022-10-27,499.92,23,Female,MH,Maharashtra,India,Mumbai,1
4967,338,2022-11-02,122.21,34,Other,TX,South,USA,Houston,0
4968,95,2022-01-07,358.0,64,Male,ON,Ontario,Canada,Toronto,0
4969,488,2024-02-04,178.64,45,Male,IL,Midwest,USA,Chicago,1
4970,598,2024-08-25,56.3,58,Female,TX,South,USA,Houston,0
4971,503,2022-02-16,22.2,68,Male,NSW,NSW,Australia,Sydney,0
4972,220,2024-04-21,92.03,64,Other,ON,Ontario,Canada,Toronto,0
4973,373,2023-06-20,222.55,39,Other,MH,Maharashtra,India,Mumbai,0
4974,824,2023-03-17,311.96,51,Female,CA,West,USA,Los Angeles,0
4975,136,2023-09-09,259.14,33,Male,TX,South,USA,Houston,0
4976,536,2023-07-04,338.06,25,Female,WA,West,USA,Seattle,0
4977,793,2023-09-13,60.37,55,Female,FL,Southeast,USA,Miami,0
4978,996,2023-07-12,361.94,50,Female,TX,South,USA,Houston,0
4979,515,2023-06-13,418.42,67,Male,TX,South,USA,Houston,0
4980,386,2024-07-28,137.78,24,Male,NY,Northeast,USA,New York,0
4981,635,2023-12-04,421.92,27,Other,TX,South,USA,Houston,0
4982,420,2024-06-19,148.4,44,Female,NSW,NSW,Australia,Sydney,0
4983,796,2023-09-05,241.25,33,Male,CA,West,USA,Los Angeles,0
4984,270,2024-11-17,453.43,48,Female,ON,Ontario,Canada,Toronto,0
4985,306,2023-08-19,367.54,25,Male,IL,Midwest,USA,Chicago,0
4986,286,2024-04-01,287.65,66,Male,ON,Ontario,Canada,Toronto,0
4987,786,2023-02-13,202.6,48,Female,CA,West,USA,Los Angeles,0
4988,478,2022-08-09,286.19,18,Male,NSW,NSW,Australia,Sydney,0
4989,734,2022-10-14,264.69,58,Female,NSW,NSW,Australia,Sydney,0
4990,65,2022-10-14,486.01,39,Female,WA,West,USA,Seattle,0
4991,767,2024-09-14,464.59,49,Male,WA,West,USA,Seattle,0
4992,834,2024-01-18,75.1,25,Other,CA,West,USA,Los Angeles,0
4993,129,2024-10-06,237.52,47,Female,CA,West,USA,Los Angeles,0
4994,99,2022-08-24,297.78,51,Other,ON,Ontario,Canada,Toronto,0
4995,554,2024-12-24,398.3,34,Male,ON,Ontario,Canada,Toronto,1
4996,907,2024-10-13,108.54,39,Other,FL,Southeast,USA,Miami,0
4997,841,2023-06-26,442.1,33,Male,CA,West,USA,Los Angeles,1
4998,400,2023-09-08,337.82,34,Female,CA,West,USA,Los Angeles,0
4999,931,2024-08-06,48.21,45,Female,ON,Ontario,Canada,Toronto,0
5000,460,2022-05-08,38.96,23,Female,FL,Southeast,USA,Miami,0
5001,667,2023-07-22,367.0,44,Female,ENG,England,UK,London,1
5002,965,2024-03-04,425.85,67,Female,NY,Northeast,USA,New York,0
5003,176,2022-02-09,162.1,42,Male,BY,Bavaria,Germany,Munich,1
5004,740,2023-10-05,94.72,64,Male,TX,South,USA,Houston,0
5005,422,2023-06-13,124.78,54,Female,NY,Northeast,USA,New York,0
5006,279,2024-10-09,226.45,21,Female,NY,Northeast,USA,New York,0
5007,416,2024-07-23,357.97,53,Other,CA,West,USA,Los Angeles,1
5008,306,2024-11-22,114.22,25,Male,IL,Midwest,USA,Chicago,0
5009,603,2024-10-25,445.48,56,Female,ON,Ontario,Canada,Toronto,0
5010,150,2024-10-12,147.78,21,Male,ON,Ontario,Canada,Toronto,0
5011,593,2024-06-15,455.49,30,Male,FL,Southeast,USA,Miami,0
5012,639,2023-12-25,490.54,59,Male,WA,West,USA,Seattle,0
5013,801,2022-06-20,90.44,18,Male,NSW,NSW,Australia,Sydney,0
5014,661,2024-10-27,514.85,27,Male,TX,South,USA,Houston,0
5015,694,2024-07-28,398.31,67,Other,CA,West,USA,Los Angeles,0
5016,890,2023-04-03,471.41,32,Male,CA,West,USA,Los Angeles,0
5017,592,2024-08-07,201.53,64,Female,ENG,England,UK,London,0
5018,285,2024-07-20,485.18,40,Other,NY,Northeast,USA,New York,0
5019,760,2023-04-03,258.24,55,Other,TX,South,USA,Houston,0
5020,68,2022-06-03,102.94,37,Male,CA,West,USA,Los Angeles,0
5021,393,2022-03-04,498.33,37,Male,FL,Southeast,USA,Miami,0
5022,220,2023-12-03,503.03,64,Other,ON,Ontario,Canada,Toronto,0
5023,820,2023-09-19,75.43,69,Female,BY,Bavaria,Germany,Munich,0
5024,964,2022-03-08,233.54,29,Male,FL,Southeast,USA,Miami,0
5025,334,2022-10-27,493.24,61,Female,CA,West,USA,Los Angeles,0
5026,989,2022-08-03,278.74,30,Female,CA,West,USA,Los Angeles,0
5027,960,2024-10-13,284.0,39,Male,TX,South,USA,Houston,0
5028,354,2024-08-19,118.41,40,Female,WA,West,USA,Seattle,1
5029,211,2023-01-11,228.5,31,Other,WA,West,USA,Seattle,0
5030,490,2022-03-21,254.12,49,Female,CA,West,USA,Los Angeles,0
5031,866,2022-10-24,359.88,54,Female,IL,Midwest,USA,Chicago,1
5032,847,2022-10-18,230.52,26,Male,ENG,England,UK,London,0
5033,735,2023-10-17,340.41,28,Male,IL,Midwest,USA,Chicago,0
5034,478,2022-01-17,59.74,18,Male,NSW,NSW,Australia,Sydney,0
5035,427,2023-11-28,407.31,62,Male,NY,Northeast,USA,New York,0
5036,959,2024-06-22,13.0,68,Female,NY,Northeast,USA,New York,0
5037,555,2023-09-02,344.14,69,Male,NY,Northeast,USA,New York,1
5038,838,2024-04-22,464.68,28,Female,NY,Northeast,USA,New York,0
5039,829,2022-10-05,385.73,62,Male,FL,Southeast,USA,Miami,1
5040,742,2023-12-25,87.12,57,Male,CA,West,USA,Los Angeles,0
5041,881,2024-04-10,474.52,22,Male,ON,Ontario,Canada,Toronto,0
5042,629,2023-10-20,51.73,44,Female,CA,West,USA,Los Angeles,0
5043,443,2024-08-21,47.62,24,Male,TX,South,USA,Houston,0
5044,207,2024-04-10,462.65,57,Female,CA,West,USA,Los Angeles,0
5045,60,2023-05-27,105.4,53,Female,ENG,England,UK,London,1
5046,183,2023-10-15,242.8,43,Male,IL,Midwest,USA,Chicago,0
5047,977,2023-04-12,497.09,22,Male,CA,West,USA,Los Angeles,0
5048,867,2022-01-14,112.39,60,Male,NY,Northeast,USA,New York,1
5049,475,2022-11-09,392.49,50,Male,CA,West,USA,Los Angeles,1
5050,241,2022-08-04,296.38,25,Male,NY,Northeast,USA,New York,0
5051,105,2024-10-28,233.85,59,Other,NY,Northeast,USA,New York,1
5052,244,2024-08-23,263.23,51,Male,NSW,NSW,Australia,Sydney,0
5053,239,2023-07-23,223.72,34,Male,TX,South,USA,Houston,0
5054,847,2022-10-26,415.38,26,Male,ENG,England,UK,London,0
5055,724,2024-01-18,457.92,24,Female,CA,West,USA,Los Angeles,0
5056,47,2024-05-28,216.13,41,Male,NY,Northeast,USA,New York,0
5057,9,2023-08-28,372.75,28,Female,CA,West,USA,Los Angeles,0
5058,718,2023-12-07,286.85,43,Female,BY,Bavaria,Germany,Munich,1
5059,135,2024-06-13,421.82,59,Male,MH,Maharashtra,India,Mumbai,0
5060,616,2024-12-03,38.67,51,Male,BY,Bavaria,Germany,Munich,0
5061,448,2024-10-20,195.62,67,Female,BY,Bavaria,Germany,Munich,0
5062,38,2023-07-04,185.02,61,Male,IL,Midwest,USA,Chicago,0
5063,656,2022-06-22,302.44,45,Male,ENG,England,UK,London,0
5064,182,2023-02-23,118.45,25,Male,ON,Ontario,Canada,Toronto,0
5065,228,2023-08-12,286.76,48,Male,ENG,England,UK,London,0
5066,300,2024-01-18,548.95,19,Female,FL,Southeast,USA,Miami,0
5067,939,2022-06-27,31.32,42,Female,TX,South,USA,Houston,0
5068,228,2024-04-22,287.49,48,Male,ENG,England,UK,London,0
5069,260,2024-12-13,87.09,48,Female,BY,Bavaria,Germany,Munich,0
5070,170,2024-05-26,330.82,19,Male,ENG,England,UK,London,0
5071,892,2024-07-02,143.39,54,Female,WA,West,USA,Seattle,0
5072,854,2024-06-07,506.5,30,Male,TX,South,USA,Houston,0
5073,951,2022-03-10,165.82,22,Female,IL,Midwest,USA,Chicago,0
5074,925,2023-05-11,508.35,30,Male,BY,Bavaria,Germany,Munich,0
5075,503,2022-10-19,12.03,68,Male,NSW,NSW,Australia,Sydney,0
5076,176,2024-08-23,467.86,42,Male,BY,Bavaria,Germany,Munich,1
5077,421,2024-06-02,154.81,66,Male,TX,South,USA,Houston,1
5078,579,2022-11-08,108.8,64,Female,NY,Northeast,USA,New York,0
5079,800,2022-01-23,443.23,41,Male,IL,Midwest,USA,Chicago,1
5080,434,2023-11-15,168.69,24,Female,ON,Ontario,Canada,Toronto,0
5081,40,2023-01-09,313.87,50,Female,TX,South,USA,Houston,0
5082,377,2024-11-13,415.54,56,Male,NY,Northeast,USA,New York,0
5083,557,2022-12-17,215.41,56,Female,MH,Maharashtra,India,Mumbai,0
5084,954,2024-11-17,66.81,40,Female,WA,West,USA,Seattle,0
5085,605,2023-01-24,489.66,60,Male,FL,Southeast,USA,Miami,1
5086,46,2023-07-28,346.91,68,Male,NY,Northeast,USA,New York,0
5087,528,2022-11-23,447.27,25,Male,NY,Northeast,USA,New York,0
5088,975,2024-08-03,432.53,25,Female,NY,Northeast,USA,New York,0
5089,396,2024-05-12,435.96,63,Female,CA,West,USA,Los Angeles,0
5090,318,2023-07-14,316.98,55,Female,TX,South,USA,Houston,1
5091,11,2023-02-18,13.82,45,Male,CA,West,USA,Los Angeles,0
5092,570,2024-07-27,495.6,47,Male,TX,South,USA,Houston,1
5093,281,2024-01-13,467.21,32,Male,CA,West,USA,Los Angeles,1
5094,932,2024-09-10,410.18,54,Female,IL,Midwest,USA,Chicago,1
5095,254,2024-06-26,493.13,35,Female,ON,Ontario,Canada,Toronto,0
5096,646,2024-03-21,112.29,35,Male,BY,Bavaria,Germany,Munich,0
5097,640,2023-01-13,157.0,67,Female,ON,Ontario,Canada,Toronto,0
5098,768,2024-12-27,97.43,42,Other,TX,South,USA,Houston,0
5099,387,2023-08-09,346.45,21,Male,CA,West,USA,Los Angeles,0
5100,97,2024-09-07,251.79,30,Female,CA,West,USA,Los Angeles,0
5101,173,2024-10-01,67.53,58,Other,WA,West,USA,Seattle,0
5102,570,2024-08-03,327.11,47,Male,TX,South,USA,Houston,1
5103,292,2023-06-25,186.67,31,Male,NY,Northeast,USA,New York,0
5104,311,2024-08-03,280.39,52,Male,NY,Northeast,USA,New York,0
5105,111,2024-04-22,154.65,32,Female,NY,Northeast,USA,New York,1
5106,420,2024-08-03,99.64,44,Female,NSW,NSW,Australia,Sydney,0
5107,570,2024-03-07,258.61,47,Male,TX,South,USA,Houston,1
5108,238,2022-12-10,120.81,40,Male,CA,West,USA,Los Angeles,0
5109,747,2023-07-07,220.96,45,Female,NY,Northeast,USA,New York,0
5110,616,2024-04-04,220.99,51,Male,BY,Bavaria,Germany,Munich,0
5111,376,2024-09-28,527.31,22,Female,WA,West,USA,Seattle,0
5112,536,2024-02-12,113.74,25,Female,WA,West,USA,Seattle,0
5113,799,2024-06-12,168.4,34,Female,CA,West,USA,Los Angeles,0
5114,129,2023-11-22,421.89,47,Female,CA,West,USA,Los Angeles,0
5115,313,2023-10-26,164.27,24,Other,IL,Midwest,USA,Chicago,0
5116,730,2024-09-09,274.77,52,Male,IL,Midwest,USA,Chicago,1
5117,721,2023-07-13,406.36,25,Male,NY,Northeast,USA,New York,0
5118,285,2024-06-14,13.61,40,Other,NY,Northeast,USA,New York,0
5119,616,2024-01-08,536.16,51,Male,BY,Bavaria,Germany,Munich,0
5120,587,2024-08-04,265.2,53,Female,NY,Northeast,USA,New York,1
5121,583,2023-08-26,405.06,23,Female,IL,Midwest,USA,Chicago,0
5122,869,2024-01-20,516.54,41,Male,NY,Northeast,USA,New York,0
5123,238,2022-03-20,439.63,40,Male,CA,West,USA,Los Angeles,0
5124,398,2022-01-09,117.99,28,Male,NY,Northeast,USA,New York,0
5125,431,2023-04-19,298.96,22,Male,FL,Southeast,USA,Miami,0
5126,640,2022-01-04,211.22,67,Female,ON,Ontario,Canada,Toronto,0
5127,698,2024-06-04,303.36,48,Female,TX,South,USA,Houston,1
5128,863,2024-07-27,439.06,24,Female,TX,South,USA,Houston,0
5129,151,2022-06-07,183.69,62,Male,NY,Northeast,USA,New York,0
5130,623,2024-03-22,273.09,26,Female,NY,Northeast,USA,New York,0
5131,171,2023-07-08,326.38,23,Male,NY,Northeast,USA,New York,1
5132,984,2024-11-19,159.69,51,Male,NY,Northeast,USA,New York,0
5133,5,2024-05-18,344.1,40,Female,ON,Ontario,Canada,Toronto,0
5134,82,2024-05-21,92.92,40,Female,NY,Northeast,USA,New York,1
5135,897,2022-08-27,314.61,44,Female,NY,Northeast,USA,New York,0
5136,363,2022-04-12,80.18,29,Female,MH,Maharashtra,India,Mumbai,0
5137,350,2023-05-25,413.48,26,Other,WA,West,USA,Seattle,0
5138,703,2024-07-09,117.68,26,Female,ENG,England,UK,London,0
5139,135,2024-06-27,365.79,59,Male,MH,Maharashtra,India,Mumbai,0
5140,489,2023-11-14,312.47,57,Male,MH,Maharashtra,India,Mumbai,0
5141,325,2022-11-24,218.41,68,Female,IL,Midwest,USA,Chicago,0
5142,259,2024-06-24,365.43,27,Male,BY,Bavaria,Germany,Munich,0
5143,199,2023-06-18,450.28,35,Female,NSW,NSW,Australia,Sydney,0
5144,335,2024-12-27,77.15,41,Female,CA,West,USA,Los Angeles,1
5145,499,2024-07-19,382.42,66,Other,ON,Ontario,Canada,Toronto,0
5146,725,2023-12-17,223.62,58,Male,ENG,England,UK,London,0
5147,195,2022-10-08,340.22,67,Female,IL,Midwest,USA,Chicago,0
5148,787,2023-04-11,465.09,19,Male,ENG,England,UK,London,0
5149,185,2023-04-01,349.68,43,Female,CA,West,USA,Los Angeles,0
5150,635,2024-03-21,98.91,27,Other,TX,South,USA,Houston,0
5151,380,2024-11-17,239.57,31,Female,FL,Southeast,USA,Miami,0
5152,889,2022-05-20,279.23,18,Female,IL,Midwest,USA,Chicago,0
5153,692,2023-09-18,76.5,59,Male,FL,Southeast,USA,Miami,1
5154,522,2022-08-07,325.37,25,Female,CA,West,USA,Los Angeles,0
5155,64,2022-11-28,359.49,68,Female,BY,Bavaria,Germany,Munich,0
5156,824,2024-10-13,429.67,51,Female,CA,West,USA,Los Angeles,0
5157,992,2024-01-20,77.0,46,Female,TX,South,USA,Houston,0
5158,108,2024-05-04,398.18,52,Male,NY,Northeast,USA,New York,0
5159,541,2022-07-17,189.43,54,Male,NY,Northeast,USA,New York,0
5160,986,2023-11-12,120.31,51,Male,NY,Northeast,USA,New York,0
5161,614,2023-10-26,282.95,38,Female,FL,Southeast,USA,Miami,0
5162,875,2024-08-22,325.51,54,Other,NY,Northeast,USA,New York,0
5163,802,2024-11-27,261.87,33,Female,WA,West,USA,Seattle,0
5164,894,2024-06-09,472.66,68,Male,CA,West,USA,Los Angeles,0
5165,298,2022-01-19,86.34,40,Male,NY,Northeast,USA,New York,0
5166,881,2023-11-18,222.08,22,Male,ON,Ontario,Canada,Toronto,0
5167,165,2024-07-08,157.74,39,Male,BY,Bavaria,Germany,Munich,0
5168,843,2023-11-10,35.95,65,Female,IL,Midwest,USA,Chicago,0
5169,565,2024-06-19,197.28,64,Male,TX,South,USA,Houston,0
5170,86,2023-08-05,383.57,54,Female,BY,Bavaria,Germany,Munich,0
5171,695,2024-05-12,298.36,22,Female,FL,Southeast,USA,Miami,1
5172,911,2022-06-21,215.19,58,Female,IL,Midwest,USA,Chicago,1
5173,878,2024-03-24,271.72,56,Female,FL,Southeast,USA,Miami,0
5174,169,2023-10-17,172.91,35,Male,CA,West,USA,Los Angeles,0
5175,846,2023-04-19,74.05,18,Female,CA,West,USA,Los Angeles,0
5176,868,2023-05-24,317.27,61,Male,TX,South,USA,Houston,0
5177,967,2023-05-07,434.11,49,Male,ON,Ontario,Canada,Toronto,0
5178,559,2024-06-20,444.23,59,Female,CA,West,USA,Los Angeles,0
5179,911,2024-08-21,139.26,58,Female,IL,Midwest,USA,Chicago,1
5180,283,2024-09-23,249.54,52,Female,NY,Northeast,USA,New York,0
5181,519,2024-09-18,314.2,42,Male,FL,Southeast,USA,Miami,0
5182,315,2024-06-05,451.59,30,Male,ON,Ontario,Canada,Toronto,1
5183,360,2023-07-02,112.67,56,Female,NY,Northeast,USA,New York,0
5184,270,2024-03-18,83.77,48,Female,ON,Ontario,Canada,Toronto,0
5185,657,2022-07-08,466.5,57,Male,CA,West,USA,Los Angeles,1
5186,726,2024-11-11,91.17,24,Female,NY,Northeast,USA,New York,1
5187,816,2023-07-13,524.34,61,Female,NY,Northeast,USA,New York,1
5188,736,2024-12-21,339.92,52,Male,ENG,England,UK,London,0
5189,129,2023-03-10,269.78,47,Female,CA,West,USA,Los Angeles,0
5190,428,2023-10-17,108.74,59,Female,IL,Midwest,USA,Chicago,1
5191,622,2022-09-14,431.65,42,Male,CA,West,USA,Los Angeles,0
5192,428,2023-09-02,100.02,59,Female,IL,Midwest,USA,Chicago,1
5193,169,2023-09-20,219.02,35,Male,CA,West,USA,Los Angeles,0
5194,214,2022-01-15,33.54,41,Female,ENG,England,UK,London,0
5195,537,2023-10-07,22.31,41,Male,NSW,NSW,Australia,Sydney,0
5196,399,2024-07-21,411.59,32,Male,CA,West,USA,Los Angeles,0
5197,706,2023-07-03,118.5,47,Male,FL,Southeast,USA,Miami,1
5198,663,2024-01-08,340.91,19,Female,NY,Northeast,USA,New York,0
5199,252,2022-03-07,364.47,43,Male,CA,West,USA,Los Angeles,0
5200,626,2024-12-19,281.09,30,Female,NY,Northeast,USA,New York,0
5201,580,2022-05-28,331.65,23,Male,CA,West,USA,Los Angeles,0
5202,130,2023-06-24,135.85,51,Female,TX,South,USA,Houston,1
5203,834,2023-03-04,435.4,25,Other,CA,West,USA,Los Angeles,0
5204,732,2024-09-02,124.38,39,Female,IL,Midwest,USA,Chicago,0
5205,885,2023-10-23,317.36,60,Other,CA,West,USA,Los Angeles,0
5206,990,2023-12-17,444.75,58,Female,FL,Southeast,USA,Miami,0
5207,285,2022-08-11,398.67,40,Other,NY,Northeast,USA,New York,0
5208,811,2023-04-25,37.23,20,Male,MH,Maharashtra,India,Mumbai,0
5209,959,2023-02-05,201.31,68,Female,NY,Northeast,USA,New York,0
5210,8,2024-04-04,479.1,54,Female,TX,South,USA,Houston,0
5211,644,2023-08-14,452.58,43,Female,ON,Ontario,Canada,Toronto,1
5212,823,2024-12-08,360.46,25,Male,TX,South,USA,Houston,0
5213,124,2023-02-07,66.97,42,Female,CA,West,USA,Los Angeles,0
5214,30,2023-06-18,220.58,41,Male,NY,Northeast,USA,New York,0
5215,310,2023-09-09,509.82,23,Other,CA,West,USA,Los Angeles,1
5216,135,2022-08-17,62.2,59,Male,MH,Maharashtra,India,Mumbai,0
5217,192,2023-09-16,426.85,50,Female,BY,Bavaria,Germany,Munich,0
5218,243,2024-07-23,240.5,22,Female,CA,West,USA,Los Angeles,0
5219,245,2024-04-28,419.91,50,Female,IL,Midwest,USA,Chicago,0
5220,493,2023-07-18,38.81,57,Female,NY,Northeast,USA,New York,1
5221,932,2022-06-09,15.05,54,Female,IL,Midwest,USA,Chicago,1
5222,845,2024-09-17,176.18,18,Other,IL,Midwest,USA,Chicago,0
5223,110,2022-03-14,436.39,54,Male,TX,South,USA,Houston,1
5224,815,2023-07-13,363.69,58,Male,NY,Northeast,USA,New York,0
5225,754,2024-12-10,346.97,66,Female,FL,Southeast,USA,Miami,0
5226,373,2023-07-03,528.79,39,Other,MH,Maharashtra,India,Mumbai,0
5227,411,2022-04-07,180.17,27,Female,CA,West,USA,Los Angeles,0
5228,474,2023-12-17,452.22,42,Female,NY,Northeast,USA,New York,0
5229,895,2024-04-02,71.38,56,Female,FL,Southeast,USA,Miami,0
5230,171,2022-10-05,93.66,23,Male,NY,Northeast,USA,New York,1
5231,502,2024-02-16,273.58,51,Female,TX,South,USA,Houston,0
5232,952,2023-11-28,508.95,33,Female,IL,Midwest,USA,Chicago,0
5233,670,2023-03-05,375.95,24,Male,TX,South,USA,Houston,0
5234,274,2023-06-03,69.05,67,Female,ENG,England,UK,London,0
5235,825,2024-12-10,535.25,50,Male,NY,Northeast,USA,New York,0
5236,205,2023-08-03,408.31,41,Male,TX,South,USA,Houston,0
5237,239,2024-04-26,415.45,34,Male,TX,South,USA,Houston,0
5238,988,2023-01-23,297.04,34,Female,ON,Ontario,Canada,Toronto,0
5239,771,2022-01-04,202.83,51,Other,FL,Southeast,USA,Miami,0
5240,212,2023-04-03,67.68,55,Female,NY,Northeast,USA,New York,0
5241,781,2023-07-16,332.52,63,Male,TX,South,USA,Houston,0
5242,182,2023-07-12,76.92,25,Male,ON,Ontario,Canada,Toronto,0
5243,303,2024-12-20,334.96,18,Female,CA,West,USA,Los Angeles,0
5244,983,2024-10-26,307.36,46,Female,CA,West,USA,Los Angeles,0
5245,365,2024-12-10,338.57,24,Male,FL,Southeast,USA,Miami,0
5246,77,2024-07-23,464.94,35,Female,WA,West,USA,Seattle,1
5247,997,2023-06-10,224.17,45,Female,FL,Southeast,USA,Miami,0
5248,34,2024-08-07,250.8,46,Female,IL,Midwest,USA,Chicago,0
5249,981,2023-06-28,41.75,48,Male,TX,South,USA,Houston,0
5250,456,2024-04-08,169.11,46,Female,MH,Maharashtra,India,Mumbai,0
5251,275,2024-11-05,55.66,39,Male,FL,Southeast,USA,Miami,0
5252,297,2023-09-17,84.23,62,Male,FL,Southeast,USA,Miami,1
5253,128,2024-05-17,245.43,57,Male,CA,West,USA,Los Angeles,0
5254,871,2024-06-14,234.67,41,Male,TX,South,USA,Houston,0
5255,969,2023-04-03,496.68,65,Female,FL,Southeast,USA,Miami,0
5256,735,2024-08-04,76.68,28,Male,IL,Midwest,USA,Chicago,0
5257,224,2022-05-22,83.16,28,Other,FL,Southeast,USA,Miami,0
5258,541,2022-11-05,377.92,54,Male,NY,Northeast,USA,New York,0
5259,704,2023-07-08,22.23,26,Female,CA,West,USA,Los Angeles,0
5260,11,2023-06-23,348.7,45,Male,CA,West,USA,Los Angeles,0
5261,633,2023-10-10,398.88,40,Male,MH,Maharashtra,India,Mumbai,0
5262,266,2024-12-10,356.39,48,Male,CA,West,USA,Los Angeles,0
5263,735,2023-11-26,160.09,28,Male,IL,Midwest,USA,Chicago,0
5264,891,2023-07-23,64.4,23,Female,FL,Southeast,USA,Miami,0
5265,354,2024-05-20,556.8,40,Female,WA,West,USA,Seattle,1
5266,249,2022-09-06,431.08,58,Female,TX,South,USA,Houston,1
5267,405,2024-11-08,412.17,43,Other,FL,Southeast,USA,Miami,0
5268,28,2023-12-17,107.75,60,Other,TX,South,USA,Houston,0
5269,256,2024-07-24,247.68,25,Male,FL,Southeast,USA,Miami,0
5270,232,2024-09-15,400.75,62,Male,CA,West,USA,Los Angeles,0
5271,26,2022-05-21,59.7,51,Male,CA,West,USA,Los Angeles,0
5272,757,2022-02-10,479.09,56,Female,BY,Bavaria,Germany,Munich,0
5273,466,2022-04-11,478.06,68,Female,CA,West,USA,Los Angeles,1
5274,860,2024-01-18,93.79,59,Male,CA,West,USA,Los Angeles,0
5275,291,2024-07-16,119.34,59,Male,WA,West,USA,Seattle,0
5276,286,2023-06-04,199.7,66,Male,ON,Ontario,Canada,Toronto,0
5277,432,2022-09-11,230.84,56,Male,FL,Southeast,USA,Miami,0
5278,233,2024-08-24,253.08,19,Male,IL,Midwest,USA,Chicago,0
5279,761,2022-03-15,347.22,27,Male,IL,Midwest,USA,Chicago,0
5280,838,2024-09-21,269.25,28,Female,NY,Northeast,USA,New York,0
5281,678,2024-03-24,112.32,22,Male,ON,Ontario,Canada,Toronto,0
5282,197,2023-01-09,146.18,35,Female,CA,West,USA,Los Angeles,0
5283,777,2023-12-07,224.17,40,Male,FL,Southeast,USA,Miami,1
5284,364,2022-01-17,264.46,64,Female,TX,South,USA,Houston,0
5285,984,2023-05-14,490.01,51,Male,NY,Northeast,USA,New York,0
5286,381,2024-09-26,64.0,18,Male,TX,South,USA,Houston,0
5287,601,2024-06-06,452.62,50,Male,IL,Midwest,USA,Chicago,0
5288,397,2024-06-12,181.8,20,Male,IL,Midwest,USA,Chicago,0
5289,879,2023-10-02,388.22,46,Female,CA,West,USA,Los Angeles,0
5290,76,2023-08-11,144.74,42,Female,NY,Northeast,USA,New York,0
5291,981,2024-07-17,222.57,48,Male,TX,South,USA,Houston,0
5292,844,2023-11-23,240.83,19,Female,NY,Northeast,USA,New York,1
5293,36,2022-02-24,377.88,21,Male,TX,South,USA,Houston,0
5294,216,2023-07-01,96.95,32,Male,WA,West,USA,Seattle,0
5295,330,2024-04-25,201.39,46,Male,TX,South,USA,Houston,1
5296,367,2024-01-20,301.27,42,Female,BY,Bavaria,Germany,Munich,0
5297,587,2023-12-06,352.15,53,Female,NY,Northeast,USA,New York,1
5298,638,2024-10-07,52.95,33,Male,WA,West,USA,Seattle,0
5299,173,2023-04-22,59.8,58,Other,WA,West,USA,Seattle,0
5300,804,2023-06-20,383.78,65,Male,TX,South,USA,Houston,0
5301,4,2022-04-06,189.41,40,Female,TX,South,USA,Houston,0
5302,588,2024-09-13,102.09,23,Female,NY,Northeast,USA,New York,0
5303,749,2023-05-25,147.31,34,Female,NY,Northeast,USA,New York,0
5304,362,2023-12-01,321.31,64,Female,MH,Maharashtra,India,Mumbai,1
5305,415,2022-03-15,477.12,18,Other,CA,West,USA,Los Angeles,0
5306,6,2024-05-25,412.87,62,Female,TX,South,USA,Houston,0
5307,142,2024-12-01,448.62,29,Female,CA,West,USA,Los Angeles,0
5308,496,2023-11-16,326.63,39,Male,WA,West,USA,Seattle,0
5309,122,2024-05-16,214.9,52,Female,TX,South,USA,Houston,0
5310,563,2022-07-09,481.48,43,Male,TX,South,USA,Houston,0
5311,909,2022-11-16,49.82,37,Female,NY,Northeast,USA,New York,0
5312,360,2024-09-20,454.97,56,Female,NY,Northeast,USA,New York,0
5313,708,2024-09-08,152.94,47,Female,TX,South,USA,Houston,0
5314,630,2023-09-14,326.32,37,Other,CA,West,USA,Los Angeles,1
5315,736,2023-12-16,520.85,52,Male,ENG,England,UK,London,0
5316,788,2023-07-01,448.09,53,Male,WA,West,USA,Seattle,0
5317,706,2023-03-06,452.16,47,Male,FL,Southeast,USA,Miami,1
5318,36,2024-07-19,462.9,21,Male,TX,South,USA,Houston,0
5319,805,2024-10-14,260.24,56,Female,TX,South,USA,Houston,0
5320,812,2023-07-28,214.75,63,Female,CA,West,USA,Los Angeles,0
5321,400,2024-05-24,295.78,34,Female,CA,West,USA,Los Angeles,0
5322,591,2024-09-07,167.67,59,Male,NY,Northeast,USA,New York,0
5323,823,2023-07-28,258.95,25,Male,TX,South,USA,Houston,0
5324,326,2023-12-25,76.46,29,Male,CA,West,USA,Los Angeles,1
5325,170,2024-05-12,501.02,19,Male,ENG,England,UK,London,0
5326,694,2022-10-18,370.48,67,Other,CA,West,USA,Los Angeles,0
5327,324,2024-08-08,45.24,65,Female,FL,Southeast,USA,Miami,0
5328,704,2022-02-03,333.38,26,Female,CA,West,USA,Los Angeles,0
5329,405,2024-07-07,427.57,43,Other,FL,Southeast,USA,Miami,0
5330,758,2022-01-21,432.19,37,Female,WA,West,USA,Seattle,0
5331,177,2024-10-16,191.82,55,Female,IL,Midwest,USA,Chicago,1
5332,413,2024-10-13,357.35,32,Female,BY,Bavaria,Germany,Munich,0
5333,544,2022-01-14,145.28,27,Female,BY,Bavaria,Germany,Munich,0
5334,577,2024-07-23,477.07,66,Female,MH,Maharashtra,India,Mumbai,0
5335,840,2024-12-20,491.49,65,Male,CA,West,USA,Los Angeles,0
5336,477,2023-04-18,50.36,62,Female,TX,South,USA,Houston,0
5337,997,2023-12-15,158.67,45,Female,FL,Southeast,USA,Miami,0
5338,364,2024-03-01,67.62,64,Female,TX,South,USA,Houston,0
5339,831,2024-01-10,230.04,30,Female,FL,Southeast,USA,Miami,0
5340,130,2023-07-04,13.27,51,Female,TX,South,USA,Houston,1
5341,476,2024-04-22,440.81,58,Female,CA,West,USA,Los Angeles,0
5342,920,2023-11-10,234.7,51,Other,BY,Bavaria,Germany,Munich,0
5343,934,2022-09-07,271.8,51,Male,NY,Northeast,USA,New York,0
5344,128,2024-09-14,418.75,57,Male,CA,West,USA,Los Angeles,0
5345,334,2022-09-14,359.04,61,Female,CA,West,USA,Los Angeles,0
5346,649,2023-09-27,174.04,67,Female,WA,West,USA,Seattle,0
5347,50,2023-10-06,417.17,58,Male,NY,Northeast,USA,New York,0
5348,400,2023-09-24,343.41,34,Female,CA,West,USA,Los Angeles,0
5349,923,2022-11-07,116.9,41,Female,WA,West,USA,Seattle,0
5350,822,2024-08-23,27.25,52,Female,CA,West,USA,Los Angeles,0
5351,489,2023-05-16,403.35,57,Male,MH,Maharashtra,India,Mumbai,0
5352,472,2024-07-16,102.11,59,Male,NSW,NSW,Australia,Sydney,0
5353,353,2024-06-20,73.0,33,Female,TX,South,USA,Houston,0
5354,187,2023-05-03,228.96,26,Male,TX,South,USA,Houston,0
5355,692,2023-06-23,489.34,59,Male,FL,Southeast,USA,Miami,1
5356,151,2024-06-21,405.32,62,Male,NY,Northeast,USA,New York,0
5357,746,2022-02-06,401.05,36,Male,CA,West,USA,Los Angeles,0
5358,392,2023-11-03,150.78,27,Other,WA,West,USA,Seattle,0
5359,796,2024-10-21,469.48,33,Male,CA,West,USA,Los Angeles,0
5360,535,2024-05-03,239.16,48,Male,CA,West,USA,Los Angeles,0
5361,964,2024-12-17,548.69,29,Male,FL,Southeast,USA,Miami,0
5362,630,2022-12-08,289.18,37,Other,CA,West,USA,Los Angeles,1
5363,921,2022-11-21,307.05,63,Female,CA,West,USA,Los Angeles,0
5364,849,2023-01-26,485.92,60,Male,CA,West,USA,Los Angeles,0
5365,732,2024-06-24,531.68,39,Female,IL,Midwest,USA,Chicago,0
5366,375,2023-07-21,19.77,64,Female,BY,Bavaria,Germany,Munich,0
5367,61,2022-10-18,123.9,65,Male,MH,Maharashtra,India,Mumbai,0
5368,782,2022-09-03,310.98,51,Male,CA,West,USA,Los Angeles,0
5369,610,2024-09-27,13.18,62,Male,CA,West,USA,Los Angeles,0
5370,225,2024-10-26,185.46,55,Male,TX,South,USA,Houston,0
5371,63,2022-12-02,106.19,37,Female,ENG,England,UK,London,0
5372,879,2022-08-22,266.5,46,Female,CA,West,USA,Los Angeles,0
5373,554,2023-12-03,320.84,34,Male,ON,Ontario,Canada,Toronto,1
5374,98,2022-11-17,102.62,53,Female,CA,West,USA,Los Angeles,0
5375,867,2023-05-07,289.2,60,Male,NY,Northeast,USA,New York,1
5376,804,2022-11-04,204.4,65,Male,TX,South,USA,Houston,0
5377,454,2024-02-07,555.04,19,Male,MH,Maharashtra,India,Mumbai,0
5378,269,2024-03-09,46.93,49,Male,CA,West,USA,Los Angeles,0
5379,209,2024-12-10,472.57,31,Male,ENG,England,UK,London,0
5380,657,2024-06-09,559.72,57,Male,CA,West,USA,Los Angeles,1
5381,249,2023-07-13,291.9,58,Female,TX,South,USA,Houston,1
5382,544,2022-12-18,343.48,27,Female,BY,Bavaria,Germany,Munich,0
5383,19,2023-05-13,77.06,61,Male,CA,West,USA,Los Angeles,0
5384,579,2024-04-17,203.73,64,Female,NY,Northeast,USA,New York,0
5385,378,2022-02-11,98.93,56,Male,NY,Northeast,USA,New York,0
5386,981,2023-07-08,313.58,48,Male,TX,South,USA,Houston,0
5387,678,2023-03-05,499.92,22,Male,ON,Ontario,Canada,Toronto,0
5388,599,2022-01-09,24.5,50,Female,CA,West,USA,Los Angeles,1
5389,446,2024-11-06,282.55,52,Male,BY,Bavaria,Germany,Munich,0
5390,216,2024-05-15,408.29,32,Male,WA,West,USA,Seattle,0
5391,730,2023-08-19,234.26,52,Male,IL,Midwest,USA,Chicago,1
5392,411,2024-02-24,306.93,27,Female,CA,West,USA,Los Angeles,0
5393,159,2022-07-09,231.96,44,Female,NY,Northeast,USA,New York,0
5394,97,2022-09-04,302.77,30,Female,CA,West,USA,Los Angeles,0
5395,568,2023-06-23,46.22,30,Female,MH,Maharashtra,India,Mumbai,0
5396,336,2024-05-21,311.28,60,Female,CA,West,USA,Los Angeles,0
5397,47,2024-05-09,292.06,41,Male,NY,Northeast,USA,New York,0
5398,293,2022-02-28,99.11,67,Male,CA,West,USA,Los Angeles,0
5399,997,2024-02-18,304.67,45,Female,FL,Southeast,USA,Miami,0
5400,644,2023-07-21,251.16,43,Female,ON,Ontario,Canada,Toronto,1
5401,121,2023-03-10,318.7,40,Female,CA,West,USA,Los Angeles,0
5402,914,2024-04-13,320.63,68,Female,TX,South,USA,Houston,0
5403,986,2024-03-10,233.24,51,Male,NY,Northeast,USA,New York,0
5404,282,2024-11-21,439.89,43,Female,WA,West,USA,Seattle,1
5405,479,2024-06-23,207.37,52,Female,IL,Midwest,USA,Chicago,0
5406,848,2022-08-25,242.52,20,Male,ON,Ontario,Canada,Toronto,0
5407,487,2024-08-10,245.21,35,Male,NY,Northeast,USA,New York,0
5408,877,2024-06-22,277.85,46,Female,ENG,England,UK,London,1
5409,550,2023-05-20,426.22,53,Male,NY,Northeast,USA,New York,0
5410,633,2023-06-01,379.2,40,Male,MH,Maharashtra,India,Mumbai,0
5411,815,2024-07-23,34.38,58,Male,NY,Northeast,USA,New York,0
5412,699,2022-05-04,252.34,20,Male,NY,Northeast,USA,New York,0
5413,33,2023-03-04,75.4,22,Male,FL,Southeast,USA,Miami,0
5414,799,2024-12-03,411.46,34,Female,CA,West,USA,Los Angeles,0
5415,82,2024-10-16,552.7,40,Female,NY,Northeast,USA,New York,1
5416,373,2024-01-01,350.8,39,Other,MH,Maharashtra,India,Mumbai,0
5417,21,2024-12-15,219.67,44,Female,NY,Northeast,USA,New York,0
5418,987,2022-03-21,45.43,50,Other,WA,West,USA,Seattle,0
5419,622,2024-02-15,193.71,42,Male,CA,West,USA,Los Angeles,0
5420,382,2023-03-08,283.44,66,Female,FL,Southeast,USA,Miami,0
5421,846,2024-12-10,494.62,18,Female,CA,West,USA,Los Angeles,0
5422,85,2023-04-21,277.05,50,Female,FL,Southeast,USA,Miami,0
5423,232,2024-10-10,551.46,62,Male,CA,West,USA,Los Angeles,0
5424,733,2024-09-19,213.8,65,Male,CA,West,USA,Los Angeles,0
5425,920,2024-07-20,11.47,51,Other,BY,Bavaria,Germany,Munich,0
5426,335,2022-06-15,318.03,41,Female,CA,West,USA,Los Angeles,1
5427,683,2022-02-11,117.38,67,Male,ON,Ontario,Canada,Toronto,0
5428,28,2023-10-02,137.22,60,Other,TX,South,USA,Houston,0
5429,233,2022-06-21,18.54,19,Male,IL,Midwest,USA,Chicago,0
5430,180,2024-07-09,302.87,44,Male,TX,South,USA,Houston,0
5431,499,2023-01-13,139.16,66,Other,ON,Ontario,Canada,Toronto,0
5432,370,2023-10-01,527.03,58,Male,ON,Ontario,Canada,Toronto,0
5433,94,2022-09-21,419.47,38,Female,TX,South,USA,Houston,0
5434,213,2022-07-26,363.38,59,Female,MH,Maharashtra,India,Mumbai,0
5435,90,2024-07-25,205.42,61,Male,CA,West,USA,Los Angeles,0
5436,137,2023-05-09,47.79,49,Female,TX,South,USA,Houston,0
5437,662,2022-05-03,337.78,56,Female,NY,Northeast,USA,New York,1
5438,163,2022-01-03,20.93,39,Male,WA,West,USA,Seattle,0
5439,61,2022-09-11,226.38,65,Male,MH,Maharashtra,India,Mumbai,0
5440,627,2024-01-01,40.16,35,Female,NY,Northeast,USA,New York,0
5441,746,2022-01-06,284.26,36,Male,CA,West,USA,Los Angeles,0
5442,129,2023-01-18,301.23,47,Female,CA,West,USA,Los Angeles,0
5443,367,2024-03-02,302.4,42,Female,BY,Bavaria,Germany,Munich,0
5444,784,2023-08-18,381.76,24,Female,IL,Midwest,USA,Chicago,0
5445,152,2024-09-25,136.41,32,Female,NY,Northeast,USA,New York,0
5446,842,2023-06-28,136.38,52,Female,CA,West,USA,Los Angeles,0
5447,611,2024-06-28,239.59,61,Male,TX,South,USA,Houston,0
5448,724,2023-08-09,375.62,24,Female,CA,West,USA,Los Angeles,0
5449,834,2023-08-19,71.24,25,Other,CA,West,USA,Los Angeles,0
5450,246,2024-11-02,497.38,22,Female,FL,Southeast,USA,Miami,0
5451,236,2024-11-07,149.61,55,Female,IL,Midwest,USA,Chicago,0
5452,577,2024-11-22,81.38,66,Female,MH,Maharashtra,India,Mumbai,0
5453,787,2024-11-06,339.92,19,Male,ENG,England,UK,London,0
5454,62,2022-11-09,145.04,56,Male,FL,Southeast,USA,Miami,0
5455,610,2024-08-12,235.53,62,Male,CA,West,USA,Los Angeles,0
5456,943,2024-08-10,44.74,65,Male,CA,West,USA,Los Angeles,1
5457,617,2023-10-21,252.1,30,Male,NY,Northeast,USA,New York,0
5458,8,2023-03-26,168.34,54,Female,TX,South,USA,Houston,0
5459,164,2022-05-16,93.21,39,Male,CA,West,USA,Los Angeles,1
5460,222,2024-12-17,223.21,41,Male,NY,Northeast,USA,New York,0
5461,380,2022-07-21,387.33,31,Female,FL,Southeast,USA,Miami,0
5462,83,2023-01-12,407.24,26,Male,TX,South,USA,Houston,0
5463,793,2024-06-13,209.03,55,Female,FL,Southeast,USA,Miami,0
5464,995,2024-03-27,545.86,45,Male,ENG,England,UK,London,0
5465,380,2022-05-11,71.68,31,Female,FL,Southeast,USA,Miami,0
5466,41,2024-08-08,480.29,26,Other,ON,Ontario,Canada,Toronto,0
5467,655,2023-07-01,519.07,46,Female,FL,Southeast,USA,Miami,0
5468,2,2024-07-01,325.64,58,Female,NSW,NSW,Australia,Sydney,0
5469,351,2022-01-22,39.47,45,Male,NY,Northeast,USA,New York,0
5470,101,2022-06-07,461.31,61,Female,BY,Bavaria,Germany,Munich,0
5471,634,2024-01-21,251.0,37,Female,BY,Bavaria,Germany,Munich,0
5472,882,2022-06-02,94.23,62,Male,NY,Northeast,USA,New York,1
5473,380,2023-09-23,473.61,31,Female,FL,Southeast,USA,Miami,0
5474,401,2022-02-12,219.17,69,Female,FL,Southeast,USA,Miami,0
5475,516,2024-12-23,285.26,23,Male,TX,South,USA,Houston,0
5476,945,2024-09-24,324.58,24,Male,TX,South,USA,Houston,0
5477,679,2024-04-16,508.74,45,Male,NY,Northeast,USA,New York,0
5478,960,2024-06-28,287.66,39,Male,TX,South,USA,Houston,0
5479,307,2024-02-27,498.65,33,Female,CA,West,USA,Los Angeles,0
5480,727,2023-01-20,99.02,55,Female,IL,Midwest,USA,Chicago,0
5481,943,2023-12-14,330.92,65,Male,CA,West,USA,Los Angeles,1
5482,169,2024-09-26,299.6,35,Male,CA,West,USA,Los Angeles,0
5483,428,2024-10-28,189.58,59,Female,IL,Midwest,USA,Chicago,1
5484,972,2024-08-12,127.84,39,Male,ENG,England,UK,London,0
5485,521,2024-12-10,49.58,36,Female,IL,Midwest,USA,Chicago,1
5486,439,2022-12-09,138.25,22,Female,NY,Northeast,USA,New York,0
5487,619,2024-01-27,384.71,21,Male,CA,West,USA,Los Angeles,0
5488,465,2024-03-05,163.88,18,Other,IL,Midwest,USA,Chicago,0
5489,492,2024-06-01,410.79,63,Female,IL,Midwest,USA,Chicago,0
5490,637,2024-05-15,491.48,30,Female,NY,Northeast,USA,New York,1
5491,184,2023-07-27,371.22,54,Female,NY,Northeast,USA,New York,0
5492,717,2024-04-10,453.02,44,Male,CA,West,USA,Los Angeles,0
5493,815,2022-11-15,290.87,58,Male,NY,Northeast,USA,New York,0
5494,963,2024-01-04,530.7,61,Male,CA,West,USA,Los Angeles,0
5495,759,2022-10-23,383.84,24,Female,CA,West,USA,Los Angeles,1
5496,971,2023-06-27,178.2,33,Female,TX,South,USA,Houston,0
5497,519,2022-01-18,364.44,42,Male,FL,Southeast,USA,Miami,0
5498,414,2023-11-04,359.56,24,Other,TX,South,USA,Houston,0
5499,696,2022-06-03,378.2,31,Male,ON,Ontario,Canada,Toronto,0
5500,143,2024-10-21,186.47,32,Male,TX,South,USA,Houston,0
5501,429,2023-11-04,275.28,19,Female,CA,West,USA,Los Angeles,1
5502,916,2024-01-02,494.36,41,Female,CA,West,USA,Los Angeles,0
5503,18,2023-04-25,517.39,24,Female,NSW,NSW,Australia,Sydney,1
5504,119,2022-02-15,186.37,30,Male,MH,Maharashtra,India,Mumbai,0
5505,656,2024-02-17,278.3,45,Male,ENG,England,UK,London,0
5506,553,2024-12-19,192.76,61,Male,TX,South,USA,Houston,0
5507,767,2023-11-10,383.5,49,Male,WA,West,USA,Seattle,0
5508,167,2024-05-07,32.49,34,Female,ON,Ontario,Canada,Toronto,0
5509,429,2024-09-15,534.65,19,Female,CA,West,USA,Los Angeles,1
5510,359,2024-12-03,312.69,22,Male,NY,Northeast,USA,New York,0
5511,949,2024-04-09,159.9,67,Female,FL,Southeast,USA,Miami,0
5512,530,2024-01-17,31.66,65,Male,FL,Southeast,USA,Miami,0
5513,123,2024-11-27,318.94,52,Other,ON,Ontario,Canada,Toronto,0
5514,705,2023-10-17,315.06,24,Male,NY,Northeast,USA,New York,0
5515,616,2022-03-22,350.67,51,Male,BY,Bavaria,Germany,Munich,0
5516,976,2023-07-09,283.49,29,Female,CA,West,USA,Los Angeles,0
5517,403,2024-03-02,294.22,34,Male,ON,Ontario,Canada,Toronto,0
5518,919,2024-08-11,178.11,31,Female,CA,West,USA,Los Angeles,0
5519,320,2023-09-20,111.38,57,Male,FL,Southeast,USA,Miami,0
5520,521,2024-04-02,148.95,36,Female,IL,Midwest,USA,Chicago,1
5521,326,2022-10-25,193.63,29,Male,CA,West,USA,Los Angeles,1
5522,313,2023-07-09,412.28,24,Other,IL,Midwest,USA,Chicago,0
5523,584,2024-09-20,76.1,20,Female,CA,West,USA,Los Angeles,0
5524,537,2023-09-25,344.93,41,Male,NSW,NSW,Australia,Sydney,0
5525,902,2023-07-18,30.32,20,Male,WA,West,USA,Seattle,0
5526,367,2023-05-05,32.98,42,Female,BY,Bavaria,Germany,Munich,0
5527,605,2023-03-08,152.73,60,Male,FL,Southeast,USA,Miami,1
5528,460,2024-10-14,207.23,23,Female,FL,Southeast,USA,Miami,0
5529,871,2024-09-28,115.41,41,Male,TX,South,USA,Houston,0
5530,915,2024-04-19,497.57,48,Male,TX,South,USA,Houston,0
5531,295,2024-12-18,178.43,46,Male,BY,Bavaria,Germany,Munich,1
5532,515,2023-11-23,253.87,67,Male,TX,South,USA,Houston,0
5533,364,2023-02-04,526.94,64,Female,TX,South,USA,Houston,0
5534,42,2023-03-03,142.48,57,Female,NY,Northeast,USA,New York,0
5535,879,2022-08-17,313.21,46,Female,CA,West,USA,Los Angeles,0
5536,685,2024-02-17,420.89,26,Male,TX,South,USA,Houston,0
5537,942,2023-12-08,151.38,39,Male,CA,West,USA,Los Angeles,0
5538,281,2023-09-18,40.46,32,Male,CA,West,USA,Los Angeles,1
5539,337,2022-01-05,397.77,68,Female,CA,West,USA,Los Angeles,0
5540,214,2024-06-06,169.82,41,Female,ENG,England,UK,London,0
5541,353,2022-04-26,167.42,33,Female,TX,South,USA,Houston,0
5542,767,2023-07-01,226.02,49,Male,WA,West,USA,Seattle,0
5543,848,2024-04-16,32.63,20,Male,ON,Ontario,Canada,Toronto,0
5544,166,2023-11-24,452.83,60,Female,ENG,England,UK,London,0
5545,44,2024-10-20,485.0,36,Other,CA,West,USA,Los Angeles,0
5546,610,2022-12-13,436.97,62,Male,CA,West,USA,Los Angeles,0
5547,148,2024-03-09,111.42,30,Female,WA,West,USA,Seattle,0
5548,818,2024-06-02,546.95,23,Male,WA,West,USA,Seattle,1
5549,104,2023-11-04,354.18,18,Female,ON,Ontario,Canada,Toronto,0
5550,301,2024-06-17,336.61,36,Female,FL,Southeast,USA,Miami,0
5551,329,2023-06-15,385.74,25,Female,BY,Bavaria,Germany,Munich,0
5552,473,2024-12-11,426.07,40,Male,IL,Midwest,USA,Chicago,0
5553,857,2024-10-09,239.57,30,Female,TX,South,USA,Houston,0
5554,578,2024-11-03,331.66,45,Female,CA,West,USA,Los Angeles,0
5555,287,2024-06-04,332.33,26,Female,NY,Northeast,USA,New York,0
5556,642,2024-08-09,15.49,65,Female,TX,South,USA,Houston,0
5557,513,2024-07-26,16.56,61,Female,CA,West,USA,Los Angeles,0
5558,972,2023-07-10,255.08,39,Male,ENG,England,UK,London,0
5559,959,2024-02-04,317.69,68,Female,NY,Northeast,USA,New York,0
5560,889,2024-11-17,399.32,18,Female,IL,Midwest,USA,Chicago,0
5561,170,2024-06-04,424.29,19,Male,ENG,England,UK,London,0
5562,210,2022-08-12,297.03,58,Female,NY,Northeast,USA,New York,0
5563,186,2023-11-21,158.31,41,Male,NY,Northeast,USA,New York,0
5564,546,2024-10-03,351.08,20,Male,CA,West,USA,Los Angeles,0
5565,814,2024-03-26,153.78,32,Male,CA,West,USA,Los Angeles,0
5566,158,2022-08-18,410.61,46,Male,ON,Ontario,Canada,Toronto,0
5567,972,2022-07-26,217.42,39,Male,ENG,England,UK,London,0
5568,61,2023-04-21,475.44,65,Male,MH,Maharashtra,India,Mumbai,0
5569,520,2022-01-28,72.69,48,Male,NY,Northeast,USA,New York,0
5570,369,2024-08-15,398.36,19,Male,TX,South,USA,Houston,0
5571,915,2023-10-01,233.59,48,Male,TX,South,USA,Houston,0
5572,320,2023-12-02,76.76,57,Male,FL,Southeast,USA,Miami,0
5573,186,2022-05-06,283.92,41,Male,NY,Northeast,USA,New York,0
5574,571,2023-06-03,120.64,67,Female,ENG,England,UK,London,0
5575,53,2024-03-23,171.65,36,Male,NY,Northeast,USA,New York,0
5576,642,2023-12-27,247.56,65,Female,TX,South,USA,Houston,0
5577,148,2022-11-18,188.54,30,Female,WA,West,USA,Seattle,0
5578,386,2023-12-06,212.5,24,Male,NY,Northeast,USA,New York,0
5579,586,2024-07-28,229.09,66,Female,NY,Northeast,USA,New York,0
5580,868,2024-03-09,20.51,61,Male,TX,South,USA,Houston,0
5581,692,2022-08-25,189.98,59,Male,FL,Southeast,USA,Miami,1
5582,842,2024-06-20,227.16,52,Female,CA,West,USA,Los Angeles,0
5583,811,2022-05-13,300.44,20,Male,MH,Maharashtra,India,Mumbai,0
5584,722,2024-02-23,275.13,66,Male,TX,South,USA,Houston,0
5585,334,2022-02-19,94.55,61,Female,CA,West,USA,Los Angeles,0
5586,351,2024-06-26,333.85,45,Male,NY,Northeast,USA,New York,0
5587,870,2024-12-18,30.45,20,Male,TX,South,USA,Houston,0
5588,243,2022-10-12,173.3,22,Female,CA,West,USA,Los Angeles,0
5589,864,2023-10-03,332.69,58,Male,ENG,England,UK,London,0
5590,117,2022-04-28,315.75,19,Female,CA,West,USA,Los Angeles,0
5591,828,2023-10-22,104.31,64,Female,CA,West,USA,Los Angeles,0
5592,251,2022-06-03,176.2,27,Male,FL,Southeast,USA,Miami,0
5593,725,2023-01-17,248.33,58,Male,ENG,England,UK,London,0
5594,960,2024-06-24,236.99,39,Male,TX,South,USA,Houston,0
5595,919,2022-02-20,345.85,31,Female,CA,West,USA,Los Angeles,0
5596,418,2024-11-08,417.42,24,Male,IL,Midwest,USA,Chicago,0
5597,146,2022-11-04,30.02,62,Female,TX,South,USA,Houston,0
5598,416,2023-05-27,397.69,53,Other,CA,West,USA,Los Angeles,1
5599,605,2023-08-11,466.9,60,Male,FL,Southeast,USA,Miami,1
5600,471,2024-05-25,512.75,56,Male,NY,Northeast,USA,New York,0
5601,765,2022-03-14,37.43,36,Female,FL,Southeast,USA,Miami,0
5602,648,2022-09-22,443.02,45,Female,MH,Maharashtra,India,Mumbai,0
5603,31,2024-10-07,101.04,41,Female,NY,Northeast,USA,New York,0
5604,921,2024-10-17,196.88,63,Female,CA,West,USA,Los Angeles,0
5605,272,2024-03-16,220.66,19,Female,WA,West,USA,Seattle,1
5606,115,2022-07-07,156.5,44,Male,ON,Ontario,Canada,Toronto,1
5607,243,2023-01-20,163.67,22,Female,CA,West,USA,Los Angeles,0
5608,821,2024-02-13,104.17,19,Female,CA,West,USA,Los Angeles,0
5609,791,2024-02-19,372.87,22,Female,MH,Maharashtra,India,Mumbai,1
5610,449,2024-01-01,329.75,45,Female,CA,West,USA,Los Angeles,0
5611,512,2023-05-04,329.26,56,Female,NY,Northeast,USA,New York,0
5612,275,2023-05-20,281.39,39,Male,FL,Southeast,USA,Miami,0
5613,985,2024-09-28,132.39,48,Female,ON,Ontario,Canada,Toronto,0
5614,544,2024-05-04,332.97,27,Female,BY,Bavaria,Germany,Munich,0
5615,120,2022-03-01,330.33,23,Male,CA,West,USA,Los Angeles,1
5616,541,2024-12-08,39.7,54,Male,NY,Northeast,USA,New York,0
5617,70,2024-11-02,553.27,42,Female,TX,South,USA,Houston,1
5618,134,2023-02-07,311.74,47,Male,IL,Midwest,USA,Chicago,0
5619,217,2023-05-20,342.15,22,Female,NY,Northeast,USA,New York,1
5620,98,2024-03-23,323.84,53,Female,CA,West,USA,Los Angeles,0
5621,858,2023-12-18,369.36,20,Female,TX,South,USA,Houston,0
5622,627,2024-05-12,371.68,35,Female,NY,Northeast,USA,New York,0
5623,503,2024-02-05,449.78,68,Male,NSW,NSW,Australia,Sydney,0
5624,736,2022-10-15,89.16,52,Male,ENG,England,UK,London,0
5625,613,2024-10-28,101.05,58,Female,CA,West,USA,Los Angeles,0
5626,615,2023-04-06,124.65,53,Other,CA,West,USA,Los Angeles,0
5627,565,2023-05-16,511.02,64,Male,TX,South,USA,Houston,0
5628,353,2024-06-10,207.14,33,Female,TX,South,USA,Houston,0
5629,1,2024-04-11,184.72,22,Female,IL,Midwest,USA,Chicago,0
5630,556,2023-05-15,129.7,44,Female,TX,South,USA,Houston,0
5631,780,2024-11-05,275.4,62,Female,FL,Southeast,USA,Miami,0
5632,907,2024-10-06,508.04,39,Other,FL,Southeast,USA,Miami,0
5633,238,2024-09-02,381.19,40,Male,CA,West,USA,Los Angeles,0
5634,924,2024-09-20,114.24,25,Male,CA,West,USA,Los Angeles,0
5635,51,2023-07-26,445.52,57,Female,CA,West,USA,Los Angeles,1
5636,233,2023-05-13,501.7,19,Male,IL,Midwest,USA,Chicago,0
5637,848,2023-10-18,380.96,20,Male,ON,Ontario,Canada,Toronto,0
5638,96,2022-02-28,300.88,32,Male,IL,Midwest,USA,Chicago,0
5639,476,2024-03-22,379.87,58,Female,CA,West,USA,Los Angeles,0
5640,654,2023-02-07,392.87,59,Male,WA,West,USA,Seattle,0
5641,43,2023-10-22,456.97,54,Female,NY,Northeast,USA,New York,0
5642,175,2023-08-12,352.71,54,Female,WA,West,USA,Seattle,0
5643,385,2023-07-27,286.65,19,Male,NY,Northeast,USA,New York,0
5644,802,2023-07-26,105.36,33,Female,WA,West,USA,Seattle,0
5645,761,2024-11-02,216.57,27,Male,IL,Midwest,USA,Chicago,0
5646,281,2024-02-25,57.63,32,Male,CA,West,USA,Los Angeles,1
5647,400,2023-06-07,389.0,34,Female,CA,West,USA,Los Angeles,0
5648,151,2022-10-14,496.22,62,Male,NY,Northeast,USA,New York,0
5649,447,2024-09-21,63.87,34,Female,CA,West,USA,Los Angeles,1
5650,817,2022-06-04,225.7,20,Female,CA,West,USA,Los Angeles,1
5651,91,2023-04-01,374.22,40,Female,CA,West,USA,Los Angeles,0
5652,209,2023-12-12,26.14,31,Male,ENG,England,UK,London,0
5653,296,2024-06-17,252.44,45,Male,NY,Northeast,USA,New York,0
5654,9,2024-11-17,447.37,28,Female,CA,West,USA,Los Angeles,0
5655,907,2024-10-27,172.11,39,Other,FL,Southeast,USA,Miami,0
5656,822,2024-11-08,373.24,52,Female,CA,West,USA,Los Angeles,0
5657,329,2024-01-20,344.51,25,Female,BY,Bavaria,Germany,Munich,0
5658,94,2022-07-06,353.02,38,Female,TX,South,USA,Houston,0
5659,502,2023-04-13,135.34,51,Female,TX,South,USA,Houston,0
5660,420,2023-04-15,98.03,44,Female,NSW,NSW,Australia,Sydney,0
5661,144,2023-04-13,19.38,39,Male,CA,West,USA,Los Angeles,1
5662,396,2023-06-05,260.09,63,Female,CA,West,USA,Los Angeles,0
5663,918,2022-06-06,101.55,58,Female,TX,South,USA,Houston,0
5664,143,2022-09-25,329.09,32,Male,TX,South,USA,Houston,0
5665,877,2023-05-27,295.84,46,Female,ENG,England,UK,London,1
5666,36,2024-04-03,468.74,21,Male,TX,South,USA,Houston,0
5667,448,2024-05-07,451.3,67,Female,BY,Bavaria,Germany,Munich,0
5668,85,2024-09-28,209.43,50,Female,FL,Southeast,USA,Miami,0
5669,694,2022-01-04,155.17,67,Other,CA,West,USA,Los Angeles,0
5670,428,2023-10-16,53.28,59,Female,IL,Midwest,USA,Chicago,1
5671,610,2024-05-09,426.3,62,Male,CA,West,USA,Los Angeles,0
5672,958,2024-08-28,283.52,51,Male,CA,West,USA,Los Angeles,0
5673,878,2024-10-21,195.76,56,Female,FL,Southeast,USA,Miami,0
5674,725,2023-07-22,376.03,58,Male,ENG,England,UK,London,0
5675,350,2022-09-02,144.31,26,Other,WA,West,USA,Seattle,0
5676,715,2024-12-05,273.54,65,Male,BY,Bavaria,Germany,Munich,1
5677,541,2024-01-23,250.46,54,Male,NY,Northeast,USA,New York,0
5678,670,2024-05-07,159.5,24,Male,TX,South,USA,Houston,0
5679,691,2023-12-13,421.15,69,Male,CA,West,USA,Los Angeles,0
5680,770,2023-11-03,377.99,37,Female,ENG,England,UK,London,0
5681,734,2023-08-01,280.45,58,Female,NSW,NSW,Australia,Sydney,0
5682,530,2024-04-21,390.56,65,Male,FL,Southeast,USA,Miami,0
5683,194,2023-05-05,57.03,36,Male,IL,Midwest,USA,Chicago,0
5684,986,2022-11-05,220.62,51,Male,NY,Northeast,USA,New York,0
5685,73,2023-09-24,322.32,42,Female,FL,Southeast,USA,Miami,1
5686,608,2024-05-21,227.33,44,Male,MH,Maharashtra,India,Mumbai,0
5687,227,2023-02-06,381.52,60,Male,NY,Northeast,USA,New York,0
5688,631,2023-10-25,281.84,56,Other,CA,West,USA,Los Angeles,0
5689,451,2024-08-28,221.33,67,Female,NSW,NSW,Australia,Sydney,0
5690,22,2024-12-12,239.14,37,Male,TX,South,USA,Houston,0
5691,933,2024-06-13,404.27,31,Male,FL,Southeast,USA,Miami,0
5692,755,2024-05-19,47.32,46,Male,NSW,NSW,Australia,Sydney,0
5693,336,2022-05-05,420.69,60,Female,CA,West,USA,Los Angeles,0
5694,356,2024-07-26,42.68,69,Female,MH,Maharashtra,India,Mumbai,0
5695,556,2024-05-04,84.01,44,Female,TX,South,USA,Houston,0
5696,774,2023-02-22,431.42,55,Female,ON,Ontario,Canada,Toronto,0
5697,990,2024-05-17,216.7,58,Female,FL,Southeast,USA,Miami,0
5698,848,2022-04-04,235.12,20,Male,ON,Ontario,Canada,Toronto,0
5699,76,2023-11-13,204.21,42,Female,NY,Northeast,USA,New York,0
5700,23,2022-04-09,55.59,27,Male,ENG,England,UK,London,0
5701,182,2022-07-27,308.19,25,Male,ON,Ontario,Canada,Toronto,0
5702,385,2024-09-15,389.36,19,Male,NY,Northeast,USA,New York,0
5703,46,2023-03-11,109.25,68,Male,NY,Northeast,USA,New York,0
5704,905,2024-07-08,423.95,41,Male,ON,Ontario,Canada,Toronto,0
5705,657,2023-11-04,62.44,57,Male,CA,West,USA,Los Angeles,1
5706,128,2023-08-15,413.04,57,Male,CA,West,USA,Los Angeles,0
5707,860,2023-07-15,374.87,59,Male,CA,West,USA,Los Angeles,0
5708,745,2023-11-27,484.35,59,Male,NY,Northeast,USA,New York,0
5709,307,2024-12-19,457.65,33,Female,CA,West,USA,Los Angeles,0
5710,324,2024-11-13,474.66,65,Female,FL,Southeast,USA,Miami,0
5711,699,2023-06-11,508.03,20,Male,NY,Northeast,USA,New York,0
5712,510,2024-08-08,474.57,30,Female,IL,Midwest,USA,Chicago,0
5713,957,2024-07-19,448.27,38,Male,FL,Southeast,USA,Miami,0
5714,904,2024-05-05,118.83,63,Male,ENG,England,UK,London,0
5715,936,2023-06-01,402.79,66,Other,NSW,NSW,Australia,Sydney,0
5716,633,2022-11-26,320.03,40,Male,MH,Maharashtra,India,Mumbai,0
5717,772,2024-05-01,538.91,69,Male,FL,Southeast,USA,Miami,0
5718,434,2024-11-07,406.35,24,Female,ON,Ontario,Canada,Toronto,0
5719,755,2023-12-16,145.42,46,Male,NSW,NSW,Australia,Sydney,0
5720,698,2024-05-06,101.27,48,Female,TX,South,USA,Houston,1
5721,509,2023-02-19,156.74,31,Female,CA,West,USA,Los Angeles,0
5722,223,2024-12-16,274.7,54,Male,IL,Midwest,USA,Chicago,1
5723,965,2023-03-03,349.51,67,Female,NY,Northeast,USA,New York,0
5724,13,2024-10-13,129.24,56,Male,FL,Southeast,USA,Miami,0
5725,112,2023-01-24,131.53,58,Female,WA,West,USA,Seattle,0
5726,619,2022-04-11,157.91,21,Male,CA,West,USA,Los Angeles,0
5727,388,2024-04-19,454.24,61,Male,CA,West,USA,Los Angeles,0
5728,862,2022-05-17,189.06,66,Male,CA,West,USA,Los Angeles,0
5729,49,2024-12-13,54.22,53,Female,NY,Northeast,USA,New York,1
5730,700,2024-03-16,310.32,22,Female,IL,Midwest,USA,Chicago,0
5731,239,2022-03-14,12.91,34,Male,TX,South,USA,Houston,0
5732,520,2022-09-02,340.11,48,Male,NY,Northeast,USA,New York,0
5733,436,2024-12-13,473.33,24,Male,CA,West,USA,Los Angeles,0
5734,144,2024-06-12,102.51,39,Male,CA,West,USA,Los Angeles,1
5735,419,2024-10-22,474.72,33,Male,FL,Southeast,USA,Miami,0
5736,85,2022-01-21,342.72,50,Female,FL,Southeast,USA,Miami,0
5737,854,2024-11-17,65.29,30,Male,TX,South,USA,Houston,0
5738,280,2023-10-11,128.97,22,Female,TX,South,USA,Houston,0
5739,104,2024-12-18,135.96,18,Female,ON,Ontario,Canada,Toronto,0
5740,964,2023-09-28,117.46,29,Male,FL,Southeast,USA,Miami,0
5741,614,2022-12-24,173.93,38,Female,FL,Southeast,USA,Miami,0
5742,462,2024-06-07,509.33,25,Male,TX,South,USA,Houston,1
5743,484,2024-10-08,134.21,59,Female,NY,Northeast,USA,New York,0
5744,805,2023-10-14,491.93,56,Female,TX,South,USA,Houston,0
5745,407,2024-04-19,312.85,40,Female,TX,South,USA,Houston,0
5746,13,2022-12-19,263.35,56,Male,FL,Southeast,USA,Miami,0
5747,671,2022-10-22,340.15,67,Male,TX,South,USA,Houston,0
5748,473,2022-11-16,404.78,40,Male,IL,Midwest,USA,Chicago,0
5749,122,2023-05-24,508.0,52,Female,TX,South,USA,Houston,0
5750,247,2022-11-02,11.32,57,Male,IL,Midwest,USA,Chicago,0
5751,374,2023-05-07,217.39,37,Male,MH,Maharashtra,India,Mumbai,0
5752,953,2022-12-15,97.73,49,Female,FL,Southeast,USA,Miami,0
5753,813,2024-01-15,94.48,53,Female,NY,Northeast,USA,New York,0
5754,199,2024-08-28,91.89,35,Female,NSW,NSW,Australia,Sydney,0
5755,218,2024-02-19,400.73,23,Male,FL,Southeast,USA,Miami,1
5756,50,2022-10-12,35.06,58,Male,NY,Northeast,USA,New York,0
5757,208,2024-05-17,470.39,68,Female,TX,South,USA,Houston,0
5758,163,2023-11-04,401.48,39,Male,WA,West,USA,Seattle,0
5759,525,2024-11-11,235.81,34,Female,TX,South,USA,Houston,0
5760,64,2024-06-01,244.69,68,Female,BY,Bavaria,Germany,Munich,0
5761,549,2023-11-05,362.94,44,Female,CA,West,USA,Los Angeles,1
5762,316,2022-09-12,15.28,52,Female,TX,South,USA,Houston,0
5763,677,2024-06-01,223.66,48,Female,TX,South,USA,Houston,0
5764,996,2024-05-06,110.06,50,Female,TX,South,USA,Houston,0
5765,952,2024-04-26,110.41,33,Female,IL,Midwest,USA,Chicago,0
5766,931,2024-01-24,313.36,45,Female,ON,Ontario,Canada,Toronto,0
5767,569,2024-07-16,146.17,51,Male,NY,Northeast,USA,New York,0
5768,572,2022-08-27,193.84,39,Female,TX,South,USA,Houston,0
5769,587,2024-06-01,404.86,53,Female,NY,Northeast,USA,New York,1
5770,832,2023-12-27,332.98,30,Female,NY,Northeast,USA,New York,0
5771,265,2023-01-14,182.01,69,Female,CA,West,USA,Los Angeles,0
5772,400,2022-11-11,34.31,34,Female,CA,West,USA,Los Angeles,0
5773,341,2024-11-23,25.83,51,Male,CA,West,USA,Los Angeles,1
5774,892,2024-10-13,278.77,54,Female,WA,West,USA,Seattle,0
5775,212,2023-07-17,229.54,55,Female,NY,Northeast,USA,New York,0
5776,211,2023-03-09,424.27,31,Other,WA,West,USA,Seattle,0
5777,365,2023-11-15,53.2,24,Male,FL,Southeast,USA,Miami,0
5778,404,2024-10-04,477.64,68,Female,CA,West,USA,Los Angeles,0
5779,710,2024-11-07,127.84,42,Male,CA,West,USA,Los Angeles,0
5780,121,2023-04-16,192.77,40,Female,CA,West,USA,Los Angeles,0
5781,214,2023-08-27,457.25,41,Female,ENG,England,UK,London,0
5782,937,2024-06-06,470.9,26,Male,FL,Southeast,USA,Miami,0
5783,642,2023-09-17,278.04,65,Female,TX,South,USA,Houston,0
5784,339,2023-10-02,53.02,28,Male,WA,West,USA,Seattle,0
5785,973,2022-03-15,299.33,42,Male,IL,Midwest,USA,Chicago,0
5786,246,2022-03-24,383.25,22,Female,FL,Southeast,USA,Miami,0
5787,639,2023-01-10,146.84,59,Male,WA,West,USA,Seattle,0
5788,222,2024-03-23,111.66,41,Male,NY,Northeast,USA,New York,0
5789,686,2023-04-12,268.76,59,Female,CA,West,USA,Los Angeles,0
5790,474,2023-02-26,399.79,42,Female,NY,Northeast,USA,New York,0
5791,141,2024-05-18,288.28,69,Female,WA,West,USA,Seattle,0
5792,505,2024-09-10,142.62,32,Female,CA,West,USA,Los Angeles,0
5793,450,2023-10-08,461.92,32,Male,BY,Bavaria,Germany,Munich,0
5794,673,2022-05-25,437.28,51,Male,TX,South,USA,Houston,0
5795,897,2024-02-14,372.49,44,Female,NY,Northeast,USA,New York,0
5796,810,2023-10-12,49.19,69,Female,ENG,England,UK,London,0
5797,332,2024-06-17,138.59,37,Female,NSW,NSW,Australia,Sydney,0
5798,703,2023-04-03,331.93,26,Female,ENG,England,UK,London,0
5799,554,2022-07-06,392.84,34,Male,ON,Ontario,Canada,Toronto,1
5800,493,2023-12-13,256.93,57,Female,NY,Northeast,USA,New York,1
5801,216,2024-06-09,178.06,32,Male,WA,West,USA,Seattle,0
5802,536,2023-12-16,470.02,25,Female,WA,West,USA,Seattle,0
5803,336,2022-04-10,196.85,60,Female,CA,West,USA,Los Angeles,0
5804,976,2023-02-13,486.5,29,Female,CA,West,USA,Los Angeles,0
5805,460,2024-03-22,303.35,23,Female,FL,Southeast,USA,Miami,0
5806,448,2022-10-22,311.0,67,Female,BY,Bavaria,Germany,Munich,0
5807,79,2024-07-09,79.78,47,Female,MH,Maharashtra,India,Mumbai,0
5808,322,2024-08-10,158.05,23,Female,TX,South,USA,Houston,0
5809,989,2023-12-18,516.85,30,Female,CA,West,USA,Los Angeles,0
5810,646,2024-07-26,405.6,35,Male,BY,Bavaria,Germany,Munich,0
5811,739,2024-02-16,273.02,56,Male,NY,Northeast,USA,New York,0
5812,673,2023-10-03,281.43,51,Male,TX,South,USA,Houston,0
5813,477,2022-03-17,53.02,62,Female,TX,South,USA,Houston,0
5814,938,2023-08-21,417.46,25,Female,IL,Midwest,USA,Chicago,0
5815,311,2022-11-27,44.97,52,Male,NY,Northeast,USA,New York,0
5816,353,2023-07-27,211.6,33,Female,TX,South,USA,Houston,0
5817,726,2024-05-20,236.57,24,Female,NY,Northeast,USA,New York,1
5818,510,2024-08-16,342.17,30,Female,IL,Midwest,USA,Chicago,0
5819,388,2023-02-05,226.43,61,Male,CA,West,USA,Los Angeles,0
5820,625,2023-05-25,509.59,49,Male,NY,Northeast,USA,New York,0
5821,826,2022-07-14,400.97,22,Female,MH,Maharashtra,India,Mumbai,0
5822,709,2023-04-20,508.87,42,Male,CA,West,USA,Los Angeles,0
5823,430,2022-01-21,264.18,55,Female,TX,South,USA,Houston,0
5824,41,2024-08-01,177.07,26,Other,ON,Ontario,Canada,Toronto,0
5825,805,2024-06-11,549.74,56,Female,TX,South,USA,Houston,0
5826,901,2022-06-19,49.8,18,Male,FL,Southeast,USA,Miami,0
5827,741,2024-12-14,519.98,60,Female,NY,Northeast,USA,New York,0
5828,178,2024-02-19,63.77,26,Female,TX,South,USA,Houston,0
5829,867,2024-03-16,454.03,60,Male,NY,Northeast,USA,New York,1
5830,226,2023-11-01,415.7,33,Male,CA,West,USA,Los Angeles,0
5831,871,2022-02-09,333.25,41,Male,TX,South,USA,Houston,0
5832,695,2024-12-12,440.67,22,Female,FL,Southeast,USA,Miami,1
5833,501,2022-09-11,53.15,23,Male,ON,Ontario,Canada,Toronto,0
5834,199,2024-07-02,216.18,35,Female,NSW,NSW,Australia,Sydney,0
5835,426,2022-04-01,174.88,28,Male,CA,West,USA,Los Angeles,1
5836,134,2024-05-09,549.86,47,Male,IL,Midwest,USA,Chicago,0
5837,708,2024-11-24,270.53,47,Female,TX,South,USA,Houston,0
5838,950,2022-01-28,34.33,32,Male,FL,Southeast,USA,Miami,0
5839,834,2023-10-24,145.29,25,Other,CA,West,USA,Los Angeles,0
5840,644,2024-11-27,474.43,43,Female,ON,Ontario,Canada,Toronto,1
5841,978,2022-09-26,446.91,47,Other,CA,West,USA,Los Angeles,0
5842,948,2023-01-20,492.27,24,Female,TX,South,USA,Houston,1
5843,992,2024-10-04,90.29,46,Female,TX,South,USA,Houston,0
5844,64,2023-10-11,367.99,68,Female,BY,Bavaria,Germany,Munich,0
5845,975,2024-01-21,232.0,25,Female,NY,Northeast,USA,New York,0
5846,36,2023-11-12,392.61,21,Male,TX,South,USA,Houston,0
5847,394,2024-02-08,463.62,49,Male,CA,West,USA,Los Angeles,0
5848,280,2022-12-02,138.01,22,Female,TX,South,USA,Houston,0
5849,852,2022-02-10,255.17,59,Female,ENG,England,UK,London,1
5850,39,2022-04-10,170.37,32,Male,ON,Ontario,Canada,Toronto,0
5851,959,2024-09-23,261.41,68,Female,NY,Northeast,USA,New York,0
5852,439,2024-03-22,170.69,22,Female,NY,Northeast,USA,New York,0
5853,81,2024-03-04,197.59,66,Female,ENG,England,UK,London,0
5854,962,2022-01-15,143.41,39,Female,IL,Midwest,USA,Chicago,0
5855,52,2023-11-26,165.61,28,Male,TX,South,USA,Houston,0
5856,357,2024-01-14,328.39,25,Female,NY,Northeast,USA,New York,0
5857,263,2024-09-27,340.64,33,Male,CA,West,USA,Los Angeles,0
5858,733,2022-08-03,461.16,65,Male,CA,West,USA,Los Angeles,0
5859,239,2024-07-10,225.55,34,Male,TX,South,USA,Houston,0
5860,647,2022-06-26,332.16,41,Female,CA,West,USA,Los Angeles,0
5861,90,2022-05-21,483.08,61,Male,CA,West,USA,Los Angeles,0
5862,33,2024-12-08,267.14,22,Male,FL,Southeast,USA,Miami,0
5863,74,2023-10-25,415.29,24,Female,ON,Ontario,Canada,Toronto,0
5864,233,2023-12-11,514.29,19,Male,IL,Midwest,USA,Chicago,0
5865,491,2023-10-23,420.81,66,Female,CA,West,USA,Los Angeles,0
5866,631,2024-11-10,55.38,56,Other,CA,West,USA,Los Angeles,0
5867,613,2022-12-10,104.63,58,Female,CA,West,USA,Los Angeles,0
5868,93,2024-07-10,173.03,61,Male,NSW,NSW,Australia,Sydney,0
5869,368,2023-12-11,367.02,34,Female,CA,West,USA,Los Angeles,0
5870,458,2022-01-17,339.0,50,Female,CA,West,USA,Los Angeles,0
5871,394,2023-02-23,81.84,49,Male,CA,West,USA,Los Angeles,0
5872,678,2023-07-18,243.99,22,Male,ON,Ontario,Canada,Toronto,0
5873,495,2022-07-01,216.69,33,Female,TX,South,USA,Houston,0
5874,340,2023-06-17,368.92,67,Female,IL,Midwest,USA,Chicago,0
5875,219,2024-07-13,154.41,41,Female,IL,Midwest,USA,Chicago,0
5876,313,2024-07-02,141.69,24,Other,IL,Midwest,USA,Chicago,0
5877,828,2024-11-10,338.68,64,Female,CA,West,USA,Los Angeles,0
5878,724,2024-05-28,56.66,24,Female,CA,West,USA,Los Angeles,0
5879,431,2023-05-10,358.0,22,Male,FL,Southeast,USA,Miami,0
5880,419,2023-09-20,238.84,33,Male,FL,Southeast,USA,Miami,0
5881,298,2023-09-06,289.18,40,Male,NY,Northeast,USA,New York,0
5882,532,2023-11-25,427.15,26,Female,TX,South,USA,Houston,0
5883,879,2022-05-23,98.68,46,Female,CA,West,USA,Los Angeles,0
5884,200,2023-01-05,119.65,68,Male,IL,Midwest,USA,Chicago,0
5885,586,2022-12-20,451.53,66,Female,NY,Northeast,USA,New York,0
5886,790,2023-01-27,395.46,18,Female,NY,Northeast,USA,New York,0
5887,68,2024-09-26,155.37,37,Male,CA,West,USA,Los Angeles,0
5888,600,2024-05-21,406.74,51,Male,NY,Northeast,USA,New York,0
5889,586,2023-06-21,248.06,66,Female,NY,Northeast,USA,New York,0
5890,973,2023-11-15,331.22,42,Male,IL,Midwest,USA,Chicago,0
5891,387,2024-06-05,442.91,21,Male,CA,West,USA,Los Angeles,0
5892,757,2023-03-01,33.85,56,Female,BY,Bavaria,Germany,Munich,0
5893,81,2023-10-09,328.05,66,Female,ENG,England,UK,London,0
5894,600,2024-01-08,196.95,51,Male,NY,Northeast,USA,New York,0
5895,251,2022-04-26,262.91,27,Male,FL,Southeast,USA,Miami,0
5896,615,2023-07-24,199.53,53,Other,CA,West,USA,Los Angeles,0
5897,601,2023-06-10,499.38,50,Male,IL,Midwest,USA,Chicago,0
5898,333,2024-08-11,338.92,34,Male,TX,South,USA,Houston,0
5899,844,2024-06-21,475.81,19,Female,NY,Northeast,USA,New York,1
5900,446,2024-06-19,152.09,52,Male,BY,Bavaria,Germany,Munich,0
5901,254,2023-05-25,199.98,35,Female,ON,Ontario,Canada,Toronto,0
5902,674,2022-11-21,395.66,22,Female,CA,West,USA,Los Angeles,1
5903,529,2024-01-20,139.86,65,Female,TX,South,USA,Houston,0
5904,516,2024-12-22,560.0,23,Male,TX,South,USA,Houston,0
5905,135,2024-05-26,373.45,59,Male,MH,Maharashtra,India,Mumbai,0
5906,955,2024-05-11,503.37,58,Male,FL,Southeast,USA,Miami,0
5907,363,2022-10-08,61.21,29,Female,MH,Maharashtra,India,Mumbai,0
5908,554,2024-06-26,238.31,34,Male,ON,Ontario,Canada,Toronto,1
5909,152,2024-08-05,195.55,32,Female,NY,Northeast,USA,New York,0
5910,13,2024-12-09,544.06,56,Male,FL,Southeast,USA,Miami,0
5911,719,2024-11-04,90.64,30,Female,NSW,NSW,Australia,Sydney,0
5912,127,2023-07-24,399.2,22,Female,NY,Northeast,USA,New York,0
5913,692,2024-10-26,357.41,59,Male,FL,Southeast,USA,Miami,1
5914,47,2023-06-12,452.8,41,Male,NY,Northeast,USA,New York,0
5915,326,2022-10-03,488.87,29,Male,CA,West,USA,Los Angeles,1
5916,904,2024-03-07,453.47,63,Male,ENG,England,UK,London,0
5917,551,2024-01-17,149.58,59,Female,MH,Maharashtra,India,Mumbai,0
5918,316,2024-08-10,469.03,52,Female,TX,South,USA,Houston,0
5919,113,2023-04-22,284.2,46,Other,WA,West,USA,Seattle,0
5920,837,2022-10-23,330.12,60,Male,ENG,England,UK,London,0
5921,572,2023-02-13,156.26,39,Female,TX,South,USA,Houston,0
5922,446,2024-01-18,459.03,52,Male,BY,Bavaria,Germany,Munich,0
5923,783,2024-09-02,255.12,24,Male,NY,Northeast,USA,New York,0
5924,921,2024-07-04,454.83,63,Female,CA,West,USA,Los Angeles,0
5925,673,2023-12-10,232.52,51,Male,TX,South,USA,Houston,0
5926,483,2023-04-04,330.83,31,Female,ENG,England,UK,London,0
5927,626,2024-02-01,67.72,30,Female,NY,Northeast,USA,New York,0
5928,861,2023-01-20,58.63,68,Female,ON,Ontario,Canada,Toronto,0
5929,284,2024-06-01,534.19,43,Female,CA,West,USA,Los Angeles,0
5930,672,2024-02-07,409.66,49,Female,NY,Northeast,USA,New York,0
5931,524,2022-10-21,94.62,60,Female,NY,Northeast,USA,New York,0
5932,267,2022-02-06,302.89,41,Male,MH,Maharashtra,India,Mumbai,0
5933,230,2024-12-07,439.92,27,Female,NY,Northeast,USA,New York,0
5934,577,2024-08-21,339.77,66,Female,MH,Maharashtra,India,Mumbai,0
5935,177,2024-09-01,257.31,55,Female,IL,Midwest,USA,Chicago,1
5936,269,2024-02-10,469.58,49,Male,CA,West,USA,Los Angeles,0
5937,376,2023-02-16,36.97,22,Female,WA,West,USA,Seattle,0
5938,200,2024-05-02,358.77,68,Male,IL,Midwest,USA,Chicago,0
5939,318,2024-07-19,270.79,55,Female,TX,South,USA,Houston,1
5940,320,2022-08-12,327.6,57,Male,FL,Southeast,USA,Miami,0
5941,49,2024-05-09,170.6,53,Female,NY,Northeast,USA,New York,1
5942,297,2023-04-16,94.99,62,Male,FL,Southeast,USA,Miami,1
5943,663,2023-12-02,516.6,19,Female,NY,Northeast,USA,New York,0
5944,497,2023-04-17,459.48,24,Female,NY,Northeast,USA,New York,0
5945,372,2024-03-13,510.03,52,Male,TX,South,USA,Houston,0
5946,638,2022-05-02,386.69,33,Male,WA,West,USA,Seattle,0
5947,197,2023-05-22,44.32,35,Female,CA,West,USA,Los Angeles,0
5948,968,2024-06-13,355.8,34,Male,FL,Southeast,USA,Miami,0
5949,67,2022-08-02,196.9,65,Female,CA,West,USA,Los Angeles,0
5950,470,2024-08-11,194.66,66,Male,TX,South,USA,Houston,1
5951,789,2024-09-21,147.97,46,Female,CA,West,USA,Los Angeles,0
5952,761,2022-03-13,98.52,27,Male,IL,Midwest,USA,Chicago,0
5953,461,2022-01-11,78.33,55,Female,FL,Southeast,USA,Miami,0
5954,492,2024-10-02,77.72,63,Female,IL,Midwest,USA,Chicago,0
5955,882,2022-04-02,358.67,62,Male,NY,Northeast,USA,New York,1
5956,434,2022-05-09,465.9,24,Female,ON,Ontario,Canada,Toronto,0
5957,42,2024-07-08,219.92,57,Female,NY,Northeast,USA,New York,0
5958,413,2024-10-19,69.38,32,Female,BY,Bavaria,Germany,Munich,0
5959,44,2024-03-14,132.57,36,Other,CA,West,USA,Los Angeles,0
5960,876,2023-12-04,398.59,44,Male,CA,West,USA,Los Angeles,0
5961,221,2024-05-19,202.47,24,Female,CA,West,USA,Los Angeles,0
5962,147,2024-12-27,374.96,19,Male,NY,Northeast,USA,New York,0
5963,626,2024-05-25,124.05,30,Female,NY,Northeast,USA,New York,0
5964,291,2024-10-28,426.52,59,Male,WA,West,USA,Seattle,0
5965,738,2024-06-14,370.76,35,Male,NY,Northeast,USA,New York,0
5966,721,2023-11-11,126.03,25,Male,NY,Northeast,USA,New York,0
5967,519,2023-07-02,494.67,42,Male,FL,Southeast,USA,Miami,0
5968,296,2023-11-20,282.07,45,Male,NY,Northeast,USA,New York,0
5969,282,2023-10-13,124.8,43,Female,WA,West,USA,Seattle,1
5970,3,2023-08-18,304.93,52,Female,NY,Northeast,USA,New York,0
5971,884,2023-04-09,226.32,26,Other,CA,West,USA,Los Angeles,0
5972,217,2024-04-05,514.53,22,Female,NY,Northeast,USA,New York,1
5973,469,2023-12-20,171.54,27,Female,TX,South,USA,Houston,0
5974,30,2022-12-11,444.29,41,Male,NY,Northeast,USA,New York,0
5975,510,2023-03-15,396.19,30,Female,IL,Midwest,USA,Chicago,0
5976,293,2022-03-28,343.15,67,Male,CA,West,USA,Los Angeles,0
5977,507,2024-02-08,112.09,45,Female,TX,South,USA,Houston,0
5978,327,2023-03-04,55.34,30,Female,TX,South,USA,Houston,0
5979,769,2023-05-20,459.59,25,Female,IL,Midwest,USA,Chicago,0
5980,954,2024-11-17,324.31,40,Female,WA,West,USA,Seattle,0
5981,647,2022-02-12,482.99,41,Female,CA,West,USA,Los Angeles,0
5982,808,2022-11-17,263.03,23,Female,TX,South,USA,Houston,0
5983,462,2024-12-26,335.75,25,Male,TX,South,USA,Houston,1
5984,123,2023-04-05,528.5,52,Other,ON,Ontario,Canada,Toronto,0
5985,361,2024-07-23,404.08,61,Female,FL,Southeast,USA,Miami,0
5986,123,2024-07-15,208.78,52,Other,ON,Ontario,Canada,Toronto,0
5987,44,2024-03-23,465.49,36,Other,CA,West,USA,Los Angeles,0
5988,997,2022-10-26,154.79,45,Female,FL,Southeast,USA,Miami,0
5989,481,2024-08-05,299.36,32,Other,ENG,England,UK,London,0
5990,672,2024-02-04,141.79,49,Female,NY,Northeast,USA,New York,0
5991,432,2022-12-01,497.39,56,Male,FL,Southeast,USA,Miami,0
5992,626,2024-05-06,524.07,30,Female,NY,Northeast,USA,New York,0
5993,295,2023-03-10,464.48,46,Male,BY,Bavaria,Germany,Munich,1
5994,589,2024-12-08,231.35,61,Female,IL,Midwest,USA,Chicago,0
5995,530,2024-02-24,411.02,65,Male,FL,Southeast,USA,Miami,0
5996,150,2023-01-22,146.05,21,Male,ON,Ontario,Canada,Toronto,0
5997,544,2022-04-10,201.1,27,Female,BY,Bavaria,Germany,Munich,0
5998,265,2024-05-17,452.73,69,Female,CA,West,USA,Los Angeles,0
5999,560,2023-06-09,39.9,62,Female,CA,West,USA,Los Angeles,0
6000,433,2022-09-15,34.26,60,Male,WA,West,USA,Seattle,0
6001,325,2022-06-09,333.93,68,Female,IL,Midwest,USA,Chicago,0
6002,447,2024-08-23,436.3,34,Female,CA,West,USA,Los Angeles,1
6003,74,2022-01-07,197.94,24,Female,ON,Ontario,Canada,Toronto,0
6004,971,2024-06-28,381.46,33,Female,TX,South,USA,Houston,0
6005,584,2024-12-27,506.76,20,Female,CA,West,USA,Los Angeles,0
6006,44,2023-10-06,62.53,36,Other,CA,West,USA,Los Angeles,0
6007,141,2024-10-16,466.99,69,Female,WA,West,USA,Seattle,0
6008,15,2023-05-23,312.76,55,Male,ENG,England,UK,London,0
6009,251,2024-07-24,242.99,27,Male,FL,Southeast,USA,Miami,0
6010,915,2024-11-11,39.58,48,Male,TX,South,USA,Houston,0
6011,728,2023-11-16,210.09,22,Female,CA,West,USA,Los Angeles,1
6012,878,2023-10-05,422.95,56,Female,FL,Southeast,USA,Miami,0
6013,479,2023-07-08,292.1,52,Female,IL,Midwest,USA,Chicago,0
6014,290,2024-02-08,107.96,42,Female,CA,West,USA,Los Angeles,0
6015,380,2023-02-08,131.22,31,Female,FL,Southeast,USA,Miami,0
6016,322,2023-01-12,450.85,23,Female,TX,South,USA,Houston,0
6017,871,2024-05-20,248.78,41,Male,TX,South,USA,Houston,0
6018,593,2022-01-26,56.79,30,Male,FL,Southeast,USA,Miami,0
6019,833,2023-06-17,516.15,41,Female,ON,Ontario,Canada,Toronto,1
6020,203,2022-08-14,134.2,43,Male,NY,Northeast,USA,New York,0
6021,902,2024-08-20,448.31,20,Male,WA,West,USA,Seattle,0
6022,876,2023-08-18,17.25,44,Male,CA,West,USA,Los Angeles,0
6023,594,2024-04-13,151.97,68,Male,CA,West,USA,Los Angeles,0
6024,270,2023-07-01,185.7,48,Female,ON,Ontario,Canada,Toronto,0
6025,596,2022-12-16,431.12,59,Male,NY,Northeast,USA,New York,0
6026,60,2024-06-02,421.67,53,Female,ENG,England,UK,London,1
6027,195,2024-11-18,180.24,67,Female,IL,Midwest,USA,Chicago,0
6028,533,2024-06-27,443.37,26,Female,NY,Northeast,USA,New York,0
6029,969,2024-08-23,455.76,65,Female,FL,Southeast,USA,Miami,0
6030,734,2023-07-24,276.54,58,Female,NSW,NSW,Australia,Sydney,0
6031,236,2024-09-13,289.93,55,Female,IL,Midwest,USA,Chicago,0
6032,957,2022-12-14,259.67,38,Male,FL,Southeast,USA,Miami,0
6033,485,2022-06-15,92.02,42,Male,FL,Southeast,USA,Miami,0
6034,625,2024-10-06,457.23,49,Male,NY,Northeast,USA,New York,0
6035,808,2024-11-28,403.38,23,Female,TX,South,USA,Houston,0
6036,102,2022-10-02,426.2,28,Female,CA,West,USA,Los Angeles,0
6037,198,2022-01-28,409.68,24,Female,WA,West,USA,Seattle,1
6038,663,2024-01-28,442.25,19,Female,NY,Northeast,USA,New York,0
6039,434,2022-11-27,392.38,24,Female,ON,Ontario,Canada,Toronto,0
6040,93,2023-10-01,501.15,61,Male,NSW,NSW,Australia,Sydney,0
6041,140,2022-12-27,306.65,40,Female,IL,Midwest,USA,Chicago,0
6042,195,2022-05-07,415.69,67,Female,IL,Midwest,USA,Chicago,0
6043,498,2023-10-08,426.82,37,Male,NY,Northeast,USA,New York,0
6044,297,2024-11-20,159.5,62,Male,FL,Southeast,USA,Miami,1
6045,910,2023-11-12,304.44,22,Female,BY,Bavaria,Germany,Munich,1
6046,56,2023-09-27,389.6,20,Male,WA,West,USA,Seattle,0
6047,433,2024-03-14,67.98,60,Male,WA,West,USA,Seattle,0
6048,366,2023-09-04,286.18,44,Female,ENG,England,UK,London,0
6049,129,2024-08-07,12.76,47,Female,CA,West,USA,Los Angeles,0
6050,768,2024-05-22,143.08,42,Other,TX,South,USA,Houston,0
6051,763,2024-03-17,278.12,67,Male,TX,South,USA,Houston,0
6052,54,2024-11-10,179.64,42,Female,NY,Northeast,USA,New York,0
6053,542,2024-03-07,434.37,20,Female,WA,West,USA,Seattle,0
6054,496,2024-06-20,361.01,39,Male,WA,West,USA,Seattle,0
6055,51,2024-08-08,158.03,57,Female,CA,West,USA,Los Angeles,1
6056,227,2022-12-03,18.37,60,Male,NY,Northeast,USA,New York,0
6057,369,2024-09-16,150.99,19,Male,TX,South,USA,Houston,0
6058,567,2024-05-25,296.07,29,Male,TX,South,USA,Houston,0
6059,461,2023-01-09,406.5,55,Female,FL,Southeast,USA,Miami,0
6060,493,2024-05-20,342.33,57,Female,NY,Northeast,USA,New York,1
6061,728,2023-05-13,39.59,22,Female,CA,West,USA,Los Angeles,1
6062,167,2023-11-27,252.91,34,Female,ON,Ontario,Canada,Toronto,0
6063,69,2024-06-18,537.78,21,Male,TX,South,USA,Houston,0
6064,853,2023-02-15,480.16,68,Male,NY,Northeast,USA,New York,1
6065,233,2023-11-07,396.2,19,Male,IL,Midwest,USA,Chicago,0
6066,501,2023-01-25,158.01,23,Male,ON,Ontario,Canada,Toronto,0
6067,64,2024-01-02,23.37,68,Female,BY,Bavaria,Germany,Munich,0
6068,986,2023-07-16,247.64,51,Male,NY,Northeast,USA,New York,0
6069,714,2024-01-08,216.69,57,Male,TX,South,USA,Houston,0
6070,985,2024-03-15,382.11,48,Female,ON,Ontario,Canada,Toronto,0
6071,953,2024-12-28,49.94,49,Female,FL,Southeast,USA,Miami,0
6072,252,2024-11-03,517.95,43,Male,CA,West,USA,Los Angeles,0
6073,411,2024-10-02,415.04,27,Female,CA,West,USA,Los Angeles,0
6074,884,2023-09-23,514.94,26,Other,CA,West,USA,Los Angeles,0
6075,526,2024-01-20,486.08,34,Male,NY,Northeast,USA,New York,0
6076,720,2023-11-12,234.06,49,Male,NY,Northeast,USA,New York,0
6077,461,2022-07-07,334.62,55,Female,FL,Southeast,USA,Miami,0
6078,433,2023-02-17,449.82,60,Male,WA,West,USA,Seattle,0
6079,409,2024-05-08,123.09,66,Male,ON,Ontario,Canada,Toronto,1
6080,816,2022-07-19,14.72,61,Female,NY,Northeast,USA,New York,1
6081,497,2024-01-12,180.0,24,Female,NY,Northeast,USA,New York,0
6082,421,2023-04-22,237.81,66,Male,TX,South,USA,Houston,1
6083,506,2023-05-19,335.0,41,Male,ENG,England,UK,London,0
6084,493,2022-07-17,139.08,57,Female,NY,Northeast,USA,New York,1
6085,213,2024-01-03,253.8,59,Female,MH,Maharashtra,India,Mumbai,0
6086,372,2023-08-18,347.52,52,Male,TX,South,USA,Houston,0
6087,626,2022-03-20,413.97,30,Female,NY,Northeast,USA,New York,0
6088,844,2023-08-15,128.47,19,Female,NY,Northeast,USA,New York,1
6089,405,2023-04-17,426.07,43,Other,FL,Southeast,USA,Miami,0
6090,907,2024-06-18,526.63,39,Other,FL,Southeast,USA,Miami,0
6091,989,2023-08-07,223.33,30,Female,CA,West,USA,Los Angeles,0
6092,152,2022-09-13,280.47,32,Female,NY,Northeast,USA,New York,0
6093,207,2024-01-04,16.68,57,Female,CA,West,USA,Los Angeles,0
6094,590,2023-07-22,379.48,61,Female,TX,South,USA,Houston,0
6095,274,2022-11-05,437.29,67,Female,ENG,England,UK,London,0
6096,117,2024-03-23,22.17,19,Female,CA,West,USA,Los Angeles,0
6097,790,2024-07-18,474.2,18,Female,NY,Northeast,USA,New York,0
6098,886,2024-06-15,92.98,56,Male,WA,West,USA,Seattle,1
6099,238,2023-11-15,447.99,40,Male,CA,West,USA,Los Angeles,0
6100,221,2023-06-05,292.07,24,Female,CA,West,USA,Los Angeles,0
6101,821,2023-12-19,202.86,19,Female,CA,West,USA,Los Angeles,0
6102,37,2022-09-11,471.22,62,Female,WA,West,USA,Seattle,0
6103,17,2023-08-22,328.66,44,Male,CA,West,USA,Los Angeles,0
6104,746,2024-05-24,32.41,36,Male,CA,West,USA,Los Angeles,0
6105,189,2024-08-26,431.58,30,Female,FL,Southeast,USA,Miami,0
6106,667,2023-02-26,105.34,44,Female,ENG,England,UK,London,1
6107,406,2022-06-22,462.4,44,Female,TX,South,USA,Houston,0
6108,412,2024-04-08,102.55,29,Female,CA,West,USA,Los Angeles,0
6109,949,2023-09-08,263.89,67,Female,FL,Southeast,USA,Miami,0
6110,620,2022-10-27,266.06,25,Female,NY,Northeast,USA,New York,0
6111,254,2022-12-27,286.25,35,Female,ON,Ontario,Canada,Toronto,0
6112,772,2024-04-08,303.87,69,Male,FL,Southeast,USA,Miami,0
6113,146,2024-11-19,252.15,62,Female,TX,South,USA,Houston,0
6114,171,2022-11-26,359.29,23,Male,NY,Northeast,USA,New York,1
6115,398,2022-11-24,86.22,28,Male,NY,Northeast,USA,New York,0
6116,305,2024-10-27,443.25,46,Male,IL,Midwest,USA,Chicago,0
6117,979,2024-04-10,31.75,36,Female,NY,Northeast,USA,New York,0
6118,486,2024-11-15,473.34,30,Female,BY,Bavaria,Germany,Munich,0
6119,407,2022-08-17,377.42,40,Female,TX,South,USA,Houston,0
6120,634,2024-10-27,447.72,37,Female,BY,Bavaria,Germany,Munich,0
6121,447,2024-03-28,174.15,34,Female,CA,West,USA,Los Angeles,1
6122,614,2024-03-16,477.52,38,Female,FL,Southeast,USA,Miami,0
6123,416,2022-04-24,348.67,53,Other,CA,West,USA,Los Angeles,1
6124,494,2024-07-11,542.74,49,Male,CA,West,USA,Los Angeles,1
6125,915,2023-06-17,20.99,48,Male,TX,South,USA,Houston,0
6126,662,2022-11-23,397.36,56,Female,NY,Northeast,USA,New York,1
6127,88,2023-01-25,334.34,34,Male,FL,Southeast,USA,Miami,0
6128,22,2024-02-04,553.98,37,Male,TX,South,USA,Houston,0
6129,449,2023-05-03,240.72,45,Female,CA,West,USA,Los Angeles,0
6130,324,2024-03-07,164.67,65,Female,FL,Southeast,USA,Miami,0
6131,543,2023-06-03,467.54,28,Female,FL,Southeast,USA,Miami,0
6132,573,2023-10-06,179.77,32,Male,NY,Northeast,USA,New York,0
6133,864,2022-12-27,354.37,58,Male,ENG,England,UK,London,0
6134,307,2024-03-18,193.32,33,Female,CA,West,USA,Los Angeles,0
6135,677,2022-04-03,473.4,48,Female,TX,South,USA,Houston,0
6136,942,2023-10-20,283.86,39,Male,CA,West,USA,Los Angeles,0
6137,206,2023-04-27,176.7,31,Female,MH,Maharashtra,India,Mumbai,0
6138,964,2023-09-24,437.76,29,Male,FL,Southeast,USA,Miami,0
6139,947,2023-08-24,43.05,68,Female,CA,West,USA,Los Angeles,0
6140,372,2022-11-26,55.94,52,Male,TX,South,USA,Houston,0
6141,788,2023-01-22,445.19,53,Male,WA,West,USA,Seattle,0
6142,232,2024-12-25,188.69,62,Male,CA,West,USA,Los Angeles,0
6143,34,2022-12-23,96.51,46,Female,IL,Midwest,USA,Chicago,0
6144,225,2023-01-20,315.57,55,Male,TX,South,USA,Houston,0
6145,120,2023-07-06,142.83,23,Male,CA,West,USA,Los Angeles,1
6146,444,2023-06-26,523.34,43,Male,CA,West,USA,Los Angeles,0
6147,260,2024-04-03,461.55,48,Female,BY,Bavaria,Germany,Munich,0
6148,958,2023-12-08,472.44,51,Male,CA,West,USA,Los Angeles,0
6149,501,2023-03-21,443.56,23,Male,ON,Ontario,Canada,Toronto,0
6150,237,2024-04-21,497.36,52,Male,ENG,England,UK,London,0
6151,293,2023-01-25,186.15,67,Male,CA,West,USA,Los Angeles,0
6152,332,2024-08-03,380.77,37,Female,NSW,NSW,Australia,Sydney,0
6153,100,2024-11-23,508.95,25,Female,NY,Northeast,USA,New York,0
6154,560,2022-08-04,346.12,62,Female,CA,West,USA,Los Angeles,0
6155,25,2023-09-18,528.52,58,Male,IL,Midwest,USA,Chicago,0
6156,570,2022-01-07,434.11,47,Male,TX,South,USA,Houston,1
6157,722,2022-10-16,44.76,66,Male,TX,South,USA,Houston,0
6158,663,2023-06-03,271.16,19,Female,NY,Northeast,USA,New York,0
6159,7,2023-07-01,153.72,22,Male,IL,Midwest,USA,Chicago,0
6160,728,2023-08-28,465.1,22,Female,CA,West,USA,Los Angeles,1
6161,494,2023-12-15,497.41,49,Male,CA,West,USA,Los Angeles,1
6162,792,2023-10-14,304.9,41,Female,IL,Midwest,USA,Chicago,0
6163,423,2024-09-11,43.11,57,Female,TX,South,USA,Houston,0
6164,492,2024-06-26,201.46,63,Female,IL,Midwest,USA,Chicago,0
6165,440,2022-01-22,102.4,38,Male,CA,West,USA,Los Angeles,0
6166,72,2024-07-14,301.67,27,Female,FL,Southeast,USA,Miami,0
6167,450,2023-09-04,522.13,32,Male,BY,Bavaria,Germany,Munich,0
6168,677,2024-09-20,199.58,48,Female,TX,South,USA,Houston,0
6169,823,2024-08-06,414.0,25,Male,TX,South,USA,Houston,0
6170,593,2024-05-10,467.28,30,Male,FL,Southeast,USA,Miami,0
6171,376,2022-04-19,416.79,22,Female,WA,West,USA,Seattle,0
6172,215,2023-02-27,88.26,56,Female,NY,Northeast,USA,New York,1
6173,801,2024-09-07,141.51,18,Male,NSW,NSW,Australia,Sydney,0
6174,854,2022-12-01,119.41,30,Male,TX,South,USA,Houston,0
6175,280,2022-07-12,155.67,22,Female,TX,South,USA,Houston,0
6176,742,2024-09-20,36.89,57,Male,CA,West,USA,Los Angeles,0
6177,838,2024-09-19,307.21,28,Female,NY,Northeast,USA,New York,0
6178,422,2024-03-27,417.82,54,Female,NY,Northeast,USA,New York,0
6179,571,2024-03-06,154.34,67,Female,ENG,England,UK,London,0
6180,969,2024-03-23,362.34,65,Female,FL,Southeast,USA,Miami,0
6181,621,2022-12-22,277.34,40,Female,NY,Northeast,USA,New York,0
6182,677,2024-01-24,65.62,48,Female,TX,South,USA,Houston,0
6183,905,2024-08-26,142.79,41,Male,ON,Ontario,Canada,Toronto,0
6184,930,2024-06-09,143.73,48,Male,WA,West,USA,Seattle,0
6185,784,2023-09-09,264.42,24,Female,IL,Midwest,USA,Chicago,0
6186,729,2022-04-13,317.65,43,Female,CA,West,USA,Los Angeles,0
6187,216,2024-12-10,176.59,32,Male,WA,West,USA,Seattle,0
6188,711,2023-05-04,76.63,53,Female,MH,Maharashtra,India,Mumbai,0
6189,362,2022-12-10,141.92,64,Female,MH,Maharashtra,India,Mumbai,1
6190,218,2024-08-11,33.25,23,Male,FL,Southeast,USA,Miami,1
6191,990,2023-06-22,399.46,58,Female,FL,Southeast,USA,Miami,0
6192,420,2023-10-01,373.82,44,Female,NSW,NSW,Australia,Sydney,0
6193,639,2022-08-22,338.62,59,Male,WA,West,USA,Seattle,0
6194,636,2022-03-22,312.71,53,Male,TX,South,USA,Houston,1
6195,616,2024-09-04,174.57,51,Male,BY,Bavaria,Germany,Munich,0
6196,829,2023-08-27,70.58,62,Male,FL,Southeast,USA,Miami,1
6197,819,2022-08-21,303.52,52,Female,TX,South,USA,Houston,1
6198,912,2023-10-20,391.1,27,Other,MH,Maharashtra,India,Mumbai,0
6199,887,2022-09-22,407.31,20,Female,MH,Maharashtra,India,Mumbai,1
6200,82,2022-06-23,366.0,40,Female,NY,Northeast,USA,New York,1
6201,403,2023-05-12,352.71,34,Male,ON,Ontario,Canada,Toronto,0
6202,715,2023-04-15,438.79,65,Male,BY,Bavaria,Germany,Munich,1
6203,843,2022-08-18,383.27,65,Female,IL,Midwest,USA,Chicago,0
6204,267,2023-05-06,501.38,41,Male,MH,Maharashtra,India,Mumbai,0
6205,827,2023-02-02,13.74,53,Male,CA,West,USA,Los Angeles,0
6206,710,2023-10-21,86.78,42,Male,CA,West,USA,Los Angeles,0
6207,518,2022-03-07,294.08,21,Female,CA,West,USA,Los Angeles,0
6208,318,2022-03-09,206.52,55,Female,TX,South,USA,Houston,1
6209,587,2022-11-03,176.85,53,Female,NY,Northeast,USA,New York,1
6210,571,2023-09-13,398.02,67,Female,ENG,England,UK,London,0
6211,286,2024-10-16,305.16,66,Male,ON,Ontario,Canada,Toronto,0
6212,527,2022-05-26,267.98,66,Female,ON,Ontario,Canada,Toronto,0
6213,560,2024-08-14,38.55,62,Female,CA,West,USA,Los Angeles,0
6214,873,2024-12-11,264.36,23,Male,NY,Northeast,USA,New York,0
6215,179,2022-04-23,307.93,64,Male,ENG,England,UK,London,0
6216,654,2022-01-09,147.24,59,Male,WA,West,USA,Seattle,0
6217,80,2022-03-01,127.1,52,Male,ENG,England,UK,London,0
6218,243,2022-12-01,279.8,22,Female,CA,West,USA,Los Angeles,0
6219,835,2023-04-24,484.27,62,Other,TX,South,USA,Houston,0
6220,629,2022-07-20,67.02,44,Female,CA,West,USA,Los Angeles,0
6221,229,2024-07-06,180.84,46,Female,CA,West,USA,Los Angeles,1
6222,641,2023-12-07,40.8,52,Male,ENG,England,UK,London,0
6223,965,2024-05-24,189.77,67,Female,NY,Northeast,USA,New York,0
6224,365,2024-07-18,392.53,24,Male,FL,Southeast,USA,Miami,0
6225,744,2023-12-14,176.12,32,Male,NY,Northeast,USA,New York,0
6226,263,2024-03-11,229.9,33,Male,CA,West,USA,Los Angeles,0
6227,372,2024-08-11,524.6,52,Male,TX,South,USA,Houston,0
6228,910,2023-01-23,190.87,22,Female,BY,Bavaria,Germany,Munich,1
6229,124,2022-04-06,274.38,42,Female,CA,West,USA,Los Angeles,0
6230,154,2023-01-25,495.53,33,Male,CA,West,USA,Los Angeles,0
6231,53,2022-05-07,259.17,36,Male,NY,Northeast,USA,New York,0
6232,142,2023-03-07,98.98,29,Female,CA,West,USA,Los Angeles,0
6233,781,2023-11-11,84.92,63,Male,TX,South,USA,Houston,0
6234,590,2023-07-23,477.49,61,Female,TX,South,USA,Houston,0
6235,125,2024-06-01,497.24,62,Other,NY,Northeast,USA,New York,0
6236,309,2023-09-05,140.98,34,Female,TX,South,USA,Houston,0
6237,805,2023-12-11,334.29,56,Female,TX,South,USA,Houston,0
6238,505,2023-05-04,97.09,32,Female,CA,West,USA,Los Angeles,0
6239,707,2024-01-11,138.24,18,Female,IL,Midwest,USA,Chicago,0
6240,268,2024-02-12,516.46,36,Male,CA,West,USA,Los Angeles,0
6241,929,2022-11-18,206.87,39,Female,FL,Southeast,USA,Miami,0
6242,369,2024-11-10,125.64,19,Male,TX,South,USA,Houston,0
6243,955,2022-07-16,266.82,58,Male,FL,Southeast,USA,Miami,0
6244,409,2024-03-28,478.23,66,Male,ON,Ontario,Canada,Toronto,1
6245,741,2024-07-13,468.32,60,Female,NY,Northeast,USA,New York,0
6246,563,2023-09-23,354.45,43,Male,TX,South,USA,Houston,0
6247,619,2024-05-08,457.62,21,Male,CA,West,USA,Los Angeles,0
6248,79,2024-02-25,439.02,47,Female,MH,Maharashtra,India,Mumbai,0
6249,793,2024-05-16,540.05,55,Female,FL,Southeast,USA,Miami,0
6250,433,2023-09-04,351.24,60,Male,WA,West,USA,Seattle,0
6251,260,2024-12-26,339.33,48,Female,BY,Bavaria,Germany,Munich,0
6252,688,2023-03-20,481.0,48,Other,FL,Southeast,USA,Miami,1
6253,761,2024-12-10,209.62,27,Male,IL,Midwest,USA,Chicago,0
6254,710,2024-07-17,281.7,42,Male,CA,West,USA,Los Angeles,0
6255,928,2022-09-27,430.98,33,Male,IL,Midwest,USA,Chicago,0
6256,271,2023-11-03,519.08,33,Male,FL,Southeast,USA,Miami,0
6257,190,2023-08-02,229.41,33,Female,NY,Northeast,USA,New York,1
6258,544,2022-01-23,299.0,27,Female,BY,Bavaria,Germany,Munich,0
6259,340,2023-04-09,445.71,67,Female,IL,Midwest,USA,Chicago,0
6260,385,2022-11-24,264.19,19,Male,NY,Northeast,USA,New York,0
6261,644,2024-08-22,233.21,43,Female,ON,Ontario,Canada,Toronto,1
6262,37,2022-05-26,41.78,62,Female,WA,West,USA,Seattle,0
6263,431,2023-08-22,120.74,22,Male,FL,Southeast,USA,Miami,0
6264,432,2024-04-27,193.09,56,Male,FL,Southeast,USA,Miami,0
6265,25,2023-04-18,219.21,58,Male,IL,Midwest,USA,Chicago,0
6266,674,2023-11-04,413.76,22,Female,CA,West,USA,Los Angeles,1
6267,833,2024-06-06,102.75,41,Female,ON,Ontario,Canada,Toronto,1
6268,946,2024-04-25,50.93,24,Female,FL,Southeast,USA,Miami,0
6269,946,2023-06-09,315.89,24,Female,FL,Southeast,USA,Miami,0
6270,113,2022-12-27,13.97,46,Other,WA,West,USA,Seattle,0
6271,247,2022-03-25,466.12,57,Male,IL,Midwest,USA,Chicago,0
6272,428,2024-03-20,151.7,59,Female,IL,Midwest,USA,Chicago,1
6273,585,2024-05-04,468.71,39,Other,IL,Midwest,USA,Chicago,0
6274,942,2024-01-06,219.49,39,Male,CA,West,USA,Los Angeles,0
6275,270,2024-02-21,559.37,48,Female,ON,Ontario,Canada,Toronto,0
6276,470,2022-01-12,255.62,66,Male,TX,South,USA,Houston,1
6277,681,2023-03-12,510.71,55,Female,WA,West,USA,Seattle,0
6278,894,2024-09-03,268.52,68,Male,CA,West,USA,Los Angeles,0
6279,698,2024-03-13,403.18,48,Female,TX,South,USA,Houston,1
6280,683,2023-06-01,43.65,67,Male,ON,Ontario,Canada,Toronto,0
6281,980,2024-09-04,255.4,47,Female,NSW,NSW,Australia,Sydney,0
6282,866,2022-01-26,142.69,54,Female,IL,Midwest,USA,Chicago,1
6283,865,2024-03-22,446.5,61,Female,IL,Midwest,USA,Chicago,0
6284,759,2023-12-28,287.15,24,Female,CA,West,USA,Los Angeles,1
6285,332,2024-08-26,362.44,37,Female,NSW,NSW,Australia,Sydney,0
6286,73,2022-09-26,134.37,42,Female,FL,Southeast,USA,Miami,1
6287,785,2024-07-12,75.32,42,Female,CA,West,USA,Los Angeles,1
6288,763,2024-12-08,384.69,67,Male,TX,South,USA,Houston,0
6289,625,2023-03-20,240.32,49,Male,NY,Northeast,USA,New York,0
6290,128,2024-01-18,240.07,57,Male,CA,West,USA,Los Angeles,0
6291,968,2024-11-13,540.21,34,Male,FL,Southeast,USA,Miami,0
6292,749,2024-01-14,76.1,34,Female,NY,Northeast,USA,New York,0
6293,657,2023-08-06,345.01,57,Male,CA,West,USA,Los Angeles,1
6294,420,2024-01-14,44.27,44,Female,NSW,NSW,Australia,Sydney,0
6295,54,2023-05-28,366.35,42,Female,NY,Northeast,USA,New York,0
6296,685,2024-09-12,318.33,26,Male,TX,South,USA,Houston,0
6297,380,2023-08-15,388.16,31,Female,FL,Southeast,USA,Miami,0
6298,61,2024-08-27,423.25,65,Male,MH,Maharashtra,India,Mumbai,0
6299,59,2022-03-24,74.7,56,Female,FL,Southeast,USA,Miami,0
6300,115,2023-05-23,153.28,44,Male,ON,Ontario,Canada,Toronto,1
6301,270,2022-10-01,133.67,48,Female,ON,Ontario,Canada,Toronto,0
6302,107,2023-01-24,326.41,58,Female,NSW,NSW,Australia,Sydney,0
6303,130,2022-08-03,136.6,51,Female,TX,South,USA,Houston,1
6304,376,2022-07-01,262.78,22,Female,WA,West,USA,Seattle,0
6305,31,2024-05-10,253.84,41,Female,NY,Northeast,USA,New York,0
6306,170,2023-05-12,314.79,19,Male,ENG,England,UK,London,0
6307,391,2022-11-04,182.17,56,Male,NY,Northeast,USA,New York,0
6308,8,2024-06-17,518.81,54,Female,TX,South,USA,Houston,0
6309,211,2024-02-26,540.8,31,Other,WA,West,USA,Seattle,0
6310,880,2024-12-19,203.76,50,Male,IL,Midwest,USA,Chicago,0
6311,401,2024-02-27,512.95,69,Female,FL,Southeast,USA,Miami,0
6312,752,2024-11-26,446.42,25,Male,WA,West,USA,Seattle,0
6313,450,2024-01-23,135.29,32,Male,BY,Bavaria,Germany,Munich,0
6314,569,2024-05-05,320.07,51,Male,NY,Northeast,USA,New York,0
6315,129,2024-07-18,218.44,47,Female,CA,West,USA,Los Angeles,0
6316,725,2023-01-03,426.61,58,Male,ENG,England,UK,London,0
6317,272,2024-10-22,501.78,19,Female,WA,West,USA,Seattle,1
6318,303,2024-04-26,352.78,18,Female,CA,West,USA,Los Angeles,0
6319,260,2024-08-04,357.02,48,Female,BY,Bavaria,Germany,Munich,0
6320,706,2024-10-15,407.02,47,Male,FL,Southeast,USA,Miami,1
6321,656,2023-08-04,267.74,45,Male,ENG,England,UK,London,0
6322,521,2023-07-16,255.06,36,Female,IL,Midwest,USA,Chicago,1
6323,334,2024-05-13,320.29,61,Female,CA,West,USA,Los Angeles,0
6324,89,2024-01-25,460.32,57,Male,NY,Northeast,USA,New York,0
6325,833,2024-12-08,366.51,41,Female,ON,Ontario,Canada,Toronto,1
6326,665,2024-08-21,90.22,49,Male,ENG,England,UK,London,0
6327,575,2024-09-19,88.26,18,Female,NY,Northeast,USA,New York,0
6328,994,2024-06-21,239.44,40,Female,BY,Bavaria,Germany,Munich,0
6329,85,2022-06-27,332.96,50,Female,FL,Southeast,USA,Miami,0
6330,257,2024-01-06,225.84,53,Male,CA,West,USA,Los Angeles,0
6331,901,2022-03-01,197.05,18,Male,FL,Southeast,USA,Miami,0
6332,5,2023-06-18,475.7,40,Female,ON,Ontario,Canada,Toronto,0
6333,316,2022-04-04,435.43,52,Female,TX,South,USA,Houston,0
6334,751,2024-01-13,272.24,67,Male,TX,South,USA,Houston,0
6335,569,2023-08-15,383.68,51,Male,NY,Northeast,USA,New York,0
6336,279,2022-07-18,231.53,21,Female,NY,Northeast,USA,New York,0
6337,347,2024-06-01,342.2,69,Male,NY,Northeast,USA,New York,0
6338,406,2024-10-17,161.85,44,Female,TX,South,USA,Houston,0
6339,253,2022-08-22,253.79,27,Male,ENG,England,UK,London,0
6340,8,2024-01-01,363.83,54,Female,TX,South,USA,Houston,0
6341,613,2022-10-12,226.47,58,Female,CA,West,USA,Los Angeles,0
6342,65,2022-07-10,382.1,39,Female,WA,West,USA,Seattle,0
6343,713,2022-07-10,140.99,55,Female,ENG,England,UK,London,0
6344,709,2024-11-13,18.27,42,Male,CA,West,USA,Los Angeles,0
6345,947,2024-02-04,512.94,68,Female,CA,West,USA,Los Angeles,0
6346,965,2024-08-15,209.34,67,Female,NY,Northeast,USA,New York,0
6347,944,2024-04-03,149.55,42,Male,TX,South,USA,Houston,0
6348,591,2024-01-03,272.46,59,Male,NY,Northeast,USA,New York,0
6349,91,2024-06-16,148.05,40,Female,CA,West,USA,Los Angeles,0
6350,843,2024-04-26,413.6,65,Female,IL,Midwest,USA,Chicago,0
6351,907,2023-01-20,169.95,39,Other,FL,Southeast,USA,Miami,0
6352,206,2022-07-10,495.93,31,Female,MH,Maharashtra,India,Mumbai,0
6353,362,2022-05-10,145.35,64,Female,MH,Maharashtra,India,Mumbai,1
6354,68,2024-06-14,209.8,37,Male,CA,West,USA,Los Angeles,0
6355,326,2023-01-01,290.24,29,Male,CA,West,USA,Los Angeles,1
6356,348,2022-06-19,11.63,66,Female,FL,Southeast,USA,Miami,0
6357,867,2024-07-04,13.47,60,Male,NY,Northeast,USA,New York,1
6358,209,2024-07-21,139.5,31,Male,ENG,England,UK,London,0
6359,146,2023-10-11,53.02,62,Female,TX,South,USA,Houston,0
6360,617,2022-12-11,382.43,30,Male,NY,Northeast,USA,New York,0
6361,717,2022-01-13,437.19,44,Male,CA,West,USA,Los Angeles,0
6362,957,2023-06-04,225.24,38,Male,FL,Southeast,USA,Miami,0
6363,789,2024-11-07,294.67,46,Female,CA,West,USA,Los Angeles,0
6364,232,2024-08-06,347.47,62,Male,CA,West,USA,Los Angeles,0
6365,692,2022-12-24,56.49,59,Male,FL,Southeast,USA,Miami,1
6366,902,2023-10-05,254.62,20,Male,WA,West,USA,Seattle,0
6367,831,2022-10-04,480.09,30,Female,FL,Southeast,USA,Miami,0
6368,538,2023-02-07,118.57,24,Male,CA,West,USA,Los Angeles,0
6369,295,2023-04-12,54.26,46,Male,BY,Bavaria,Germany,Munich,1
6370,103,2024-08-17,165.18,59,Female,IL,Midwest,USA,Chicago,0
6371,344,2023-07-12,295.19,44,Male,NSW,NSW,Australia,Sydney,0
6372,536,2024-10-16,487.83,25,Female,WA,West,USA,Seattle,0
6373,969,2022-12-15,183.85,65,Female,FL,Southeast,USA,Miami,0
6374,468,2024-03-05,200.43,48,Male,ON,Ontario,Canada,Toronto,0
6375,714,2022-06-01,178.1,57,Male,TX,South,USA,Houston,0
6376,750,2023-11-20,447.37,26,Female,NY,Northeast,USA,New York,0
6377,464,2024-11-27,268.76,39,Male,CA,West,USA,Los Angeles,0
6378,749,2024-11-02,193.06,34,Female,NY,Northeast,USA,New York,0
6379,865,2022-08-26,96.71,61,Female,IL,Midwest,USA,Chicago,0
6380,642,2023-12-26,75.84,65,Female,TX,South,USA,Houston,0
6381,710,2024-05-23,545.81,42,Male,CA,West,USA,Los Angeles,0
6382,668,2024-02-16,278.15,62,Female,TX,South,USA,Houston,0
6383,997,2024-02-10,50.83,45,Female,FL,Southeast,USA,Miami,0
6384,608,2022-06-17,454.12,44,Male,MH,Maharashtra,India,Mumbai,0
6385,123,2023-11-01,506.15,52,Other,ON,Ontario,Canada,Toronto,0
6386,237,2022-07-09,126.22,52,Male,ENG,England,UK,London,0
6387,281,2022-08-12,164.87,32,Male,CA,West,USA,Los Angeles,1
6388,926,2024-05-15,538.32,67,Male,IL,Midwest,USA,Chicago,0
6389,2,2024-10-08,19.85,58,Female,NSW,NSW,Australia,Sydney,0
6390,212,2022-03-12,168.91,55,Female,NY,Northeast,USA,New York,0
6391,697,2024-07-21,247.24,55,Male,CA,West,USA,Los Angeles,0
6392,596,2024-03-27,433.99,59,Male,NY,Northeast,USA,New York,0
6393,16,2024-07-24,213.02,58,Male,NY,Northeast,USA,New York,0
6394,774,2023-06-03,186.37,55,Female,ON,Ontario,Canada,Toronto,0
6395,33,2023-08-17,389.45,22,Male,FL,Southeast,USA,Miami,0
6396,84,2022-07-13,426.16,61,Male,NY,Northeast,USA,New York,1
6397,823,2023-12-15,59.04,25,Male,TX,South,USA,Houston,0
6398,451,2023-12-23,84.6,67,Female,NSW,NSW,Australia,Sydney,0
6399,551,2023-05-10,353.28,59,Female,MH,Maharashtra,India,Mumbai,0
6400,30,2022-02-16,164.03,41,Male,NY,Northeast,USA,New York,0
6401,163,2022-01-25,337.53,39,Male,WA,West,USA,Seattle,0
6402,227,2024-03-16,106.66,60,Male,NY,Northeast,USA,New York,0
6403,351,2024-04-16,452.45,45,Male,NY,Northeast,USA,New York,0
6404,637,2023-11-26,177.54,30,Female,NY,Northeast,USA,New York,1
6405,388,2024-12-01,195.13,61,Male,CA,West,USA,Los Angeles,0
6406,914,2023-04-11,103.51,68,Female,TX,South,USA,Houston,0
6407,215,2023-10-14,120.38,56,Female,NY,Northeast,USA,New York,1
6408,305,2024-11-01,339.6,46,Male,IL,Midwest,USA,Chicago,0
6409,90,2023-06-14,312.69,61,Male,CA,West,USA,Los Angeles,0
6410,835,2023-11-26,438.79,62,Other,TX,South,USA,Houston,0
6411,606,2023-12-23,337.97,45,Female,IL,Midwest,USA,Chicago,0
6412,525,2023-12-01,232.82,34,Female,TX,South,USA,Houston,0
6413,819,2024-10-25,452.12,52,Female,TX,South,USA,Houston,1
6414,761,2023-06-23,19.22,27,Male,IL,Midwest,USA,Chicago,0
6415,406,2023-04-25,375.11,44,Female,TX,South,USA,Houston,0
6416,811,2023-12-04,292.73,20,Male,MH,Maharashtra,India,Mumbai,0
6417,264,2023-04-26,125.33,66,Male,CA,West,USA,Los Angeles,1
6418,636,2022-06-01,322.37,53,Male,TX,South,USA,Houston,1
6419,441,2024-04-01,552.68,68,Male,NY,Northeast,USA,New York,0
6420,423,2024-07-10,201.36,57,Female,TX,South,USA,Houston,0
6421,634,2023-02-23,342.24,37,Female,BY,Bavaria,Germany,Munich,0
6422,585,2024-11-25,252.33,39,Other,IL,Midwest,USA,Chicago,0
6423,940,2022-07-18,202.29,44,Other,WA,West,USA,Seattle,0
6424,692,2023-06-02,170.14,59,Male,FL,Southeast,USA,Miami,1
6425,412,2023-05-25,129.52,29,Female,CA,West,USA,Los Angeles,0
6426,862,2023-08-08,132.96,66,Male,CA,West,USA,Los Angeles,0
6427,970,2024-10-21,436.11,19,Male,NY,Northeast,USA,New York,0
6428,549,2024-12-08,188.89,44,Female,CA,West,USA,Los Angeles,1
6429,260,2023-11-16,285.66,48,Female,BY,Bavaria,Germany,Munich,0
6430,874,2023-06-03,121.5,24,Female,NY,Northeast,USA,New York,0
6431,645,2024-11-28,127.8,58,Male,NY,Northeast,USA,New York,0
6432,389,2023-07-03,315.53,64,Male,ENG,England,UK,London,0
6433,416,2022-09-27,295.55,53,Other,CA,West,USA,Los Angeles,1
6434,760,2024-09-26,288.49,55,Other,TX,South,USA,Houston,0
6435,646,2024-06-05,391.62,35,Male,BY,Bavaria,Germany,Munich,0
6436,610,2024-07-20,360.8,62,Male,CA,West,USA,Los Angeles,0
6437,795,2022-09-10,108.05,40,Male,NY,Northeast,USA,New York,0
6438,78,2022-05-09,37.19,29,Female,ON,Ontario,Canada,Toronto,0
6439,349,2023-10-10,150.67,27,Male,TX,South,USA,Houston,0
6440,503,2024-05-07,247.87,68,Male,NSW,NSW,Australia,Sydney,0
6441,264,2022-08-27,112.07,66,Male,CA,West,USA,Los Angeles,1
6442,764,2022-11-02,246.38,66,Female,CA,West,USA,Los Angeles,0
6443,263,2022-01-10,27.99,33,Male,CA,West,USA,Los Angeles,0
6444,673,2024-04-11,273.05,51,Male,TX,South,USA,Houston,0
6445,443,2024-08-12,204.11,24,Male,TX,South,USA,Houston,0
6446,564,2024-02-09,537.56,27,Female,CA,West,USA,Los Angeles,0
6447,5,2022-03-19,439.58,40,Female,ON,Ontario,Canada,Toronto,0
6448,793,2024-10-26,533.17,55,Female,FL,Southeast,USA,Miami,0
6449,253,2023-01-19,352.8,27,Male,ENG,England,UK,London,0
6450,904,2022-08-07,486.26,63,Male,ENG,England,UK,London,0
6451,962,2023-01-28,109.04,39,Female,IL,Midwest,USA,Chicago,0
6452,144,2023-02-12,287.12,39,Male,CA,West,USA,Los Angeles,1
6453,47,2023-06-09,396.61,41,Male,NY,Northeast,USA,New York,0
6454,256,2024-12-20,275.91,25,Male,FL,Southeast,USA,Miami,0
6455,308,2023-08-28,121.62,46,Male,TX,South,USA,Houston,0
6456,989,2023-05-09,350.19,30,Female,CA,West,USA,Los Angeles,0
6457,86,2024-06-06,544.2,54,Female,BY,Bavaria,Germany,Munich,0
6458,242,2024-08-22,298.33,48,Male,NY,Northeast,USA,New York,0
6459,186,2022-08-14,131.57,41,Male,NY,Northeast,USA,New York,0
6460,828,2024-04-21,33.44,64,Female,CA,West,USA,Los Angeles,0
6461,691,2023-03-13,64.69,69,Male,CA,West,USA,Los Angeles,0
6462,533,2023-07-01,414.29,26,Female,NY,Northeast,USA,New York,0
6463,834,2024-09-11,277.51,25,Other,CA,West,USA,Los Angeles,0
6464,385,2023-11-24,118.98,19,Male,NY,Northeast,USA,New York,0
6465,253,2023-08-27,457.32,27,Male,ENG,England,UK,London,0
6466,728,2022-09-11,223.68,22,Female,CA,West,USA,Los Angeles,1
6467,894,2023-07-20,423.91,68,Male,CA,West,USA,Los Angeles,0
6468,754,2023-08-03,431.99,66,Female,FL,Southeast,USA,Miami,0
6469,13,2024-09-07,405.19,56,Male,FL,Southeast,USA,Miami,0
6470,273,2023-04-20,515.76,25,Female,FL,Southeast,USA,Miami,0
6471,998,2024-12-02,503.42,36,Female,CA,West,USA,Los Angeles,1
6472,12,2023-05-21,75.75,68,Female,CA,West,USA,Los Angeles,0
6473,472,2024-08-27,199.85,59,Male,NSW,NSW,Australia,Sydney,0
6474,779,2022-08-02,477.58,32,Female,ENG,England,UK,London,0
6475,869,2023-11-17,351.1,41,Male,NY,Northeast,USA,New York,0
6476,690,2022-02-10,227.43,58,Female,BY,Bavaria,Germany,Munich,0
6477,888,2022-11-19,432.44,28,Male,CA,West,USA,Los Angeles,0
6478,121,2024-03-26,361.82,40,Female,CA,West,USA,Los Angeles,0
6479,289,2024-03-03,214.57,46,Female,ENG,England,UK,London,0
6480,37,2024-11-19,160.06,62,Female,WA,West,USA,Seattle,0
6481,803,2023-04-06,452.66,44,Female,TX,South,USA,Houston,1
6482,661,2024-08-15,475.91,27,Male,TX,South,USA,Houston,0
6483,903,2024-07-13,515.17,29,Other,WA,West,USA,Seattle,0
6484,602,2024-12-15,441.76,58,Male,CA,West,USA,Los Angeles,1
6485,615,2024-10-22,112.6,53,Other,CA,West,USA,Los Angeles,0
6486,764,2024-05-18,224.4,66,Female,CA,West,USA,Los Angeles,0
6487,428,2023-11-10,181.0,59,Female,IL,Midwest,USA,Chicago,1
6488,874,2024-04-19,152.72,24,Female,NY,Northeast,USA,New York,0
6489,993,2022-08-17,399.42,28,Female,CA,West,USA,Los Angeles,0
6490,665,2023-10-02,75.34,49,Male,ENG,England,UK,London,0
6491,357,2024-09-18,274.19,25,Female,NY,Northeast,USA,New York,0
6492,636,2022-09-10,434.16,53,Male,TX,South,USA,Houston,1
6493,940,2022-11-05,396.6,44,Other,WA,West,USA,Seattle,0
6494,521,2023-08-15,149.47,36,Female,IL,Midwest,USA,Chicago,1
6495,760,2023-12-15,29.06,55,Other,TX,South,USA,Houston,0
6496,567,2024-03-21,238.34,29,Male,TX,South,USA,Houston,0
6497,444,2024-05-13,336.92,43,Male,CA,West,USA,Los Angeles,0
6498,975,2023-10-21,454.56,25,Female,NY,Northeast,USA,New York,0
6499,361,2024-05-08,301.11,61,Female,FL,Southeast,USA,Miami,0
6500,47,2024-06-17,157.08,41,Male,NY,Northeast,USA,New York,0
6501,796,2024-10-27,390.29,33,Male,CA,West,USA,Los Angeles,0
6502,544,2023-07-17,219.22,27,Female,BY,Bavaria,Germany,Munich,0
6503,29,2023-03-20,439.23,46,Female,CA,West,USA,Los Angeles,0
6504,248,2022-03-11,21.63,39,Male,TX,South,USA,Houston,0
6505,763,2022-05-19,215.32,67,Male,TX,South,USA,Houston,0
6506,726,2024-05-24,242.88,24,Female,NY,Northeast,USA,New York,1
6507,503,2022-03-25,297.9,68,Male,NSW,NSW,Australia,Sydney,0
6508,749,2023-11-26,196.86,34,Female,NY,Northeast,USA,New York,0
6509,999,2024-04-09,231.91,68,Male,ON,Ontario,Canada,Toronto,0
6510,266,2022-11-24,370.1,48,Male,CA,West,USA,Los Angeles,0
6511,206,2023-12-10,99.56,31,Female,MH,Maharashtra,India,Mumbai,0
6512,759,2024-05-25,142.02,24,Female,CA,West,USA,Los Angeles,1
6513,384,2024-12-01,67.39,30,Female,IL,Midwest,USA,Chicago,0
6514,644,2023-03-26,144.43,43,Female,ON,Ontario,Canada,Toronto,1
6515,524,2024-09-07,288.56,60,Female,NY,Northeast,USA,New York,0
6516,947,2024-12-06,115.01,68,Female,CA,West,USA,Los Angeles,0
6517,83,2024-11-16,51.58,26,Male,TX,South,USA,Houston,0
6518,816,2023-04-15,528.11,61,Female,NY,Northeast,USA,New York,1
6519,939,2024-04-05,261.02,42,Female,TX,South,USA,Houston,0
6520,772,2024-04-15,467.55,69,Male,FL,Southeast,USA,Miami,0
6521,981,2023-12-23,394.32,48,Male,TX,South,USA,Houston,0
6522,141,2024-04-14,101.99,69,Female,WA,West,USA,Seattle,0
6523,965,2024-07-17,292.34,67,Female,NY,Northeast,USA,New York,0
6524,987,2023-05-24,305.55,50,Other,WA,West,USA,Seattle,0
6525,931,2024-05-06,97.82,45,Female,ON,Ontario,Canada,Toronto,0
6526,797,2023-06-10,68.72,68,Male,IL,Midwest,USA,Chicago,0
6527,359,2024-05-26,155.66,22,Male,NY,Northeast,USA,New York,0
6528,843,2024-08-05,154.58,65,Female,IL,Midwest,USA,Chicago,0
6529,16,2022-06-08,146.02,58,Male,NY,Northeast,USA,New York,0
6530,752,2022-06-08,133.7,25,Male,WA,West,USA,Seattle,0
6531,182,2023-07-24,294.62,25,Male,ON,Ontario,Canada,Toronto,0
6532,855,2024-05-05,172.76,32,Female,TX,South,USA,Houston,0
6533,201,2023-10-11,411.39,37,Male,BY,Bavaria,Germany,Munich,0
6534,609,2024-07-12,39.95,68,Other,NY,Northeast,USA,New York,0
6535,130,2023-07-03,333.41,51,Female,TX,South,USA,Houston,1
6536,14,2023-03-04,411.81,57,Male,IL,Midwest,USA,Chicago,1
6537,34,2024-01-11,251.12,46,Female,IL,Midwest,USA,Chicago,0
6538,464,2023-11-03,176.46,39,Male,CA,West,USA,Los Angeles,0
6539,844,2023-11-28,168.02,19,Female,NY,Northeast,USA,New York,1
6540,249,2022-04-13,170.62,58,Female,TX,South,USA,Houston,1
6541,209,2022-05-01,67.51,31,Male,ENG,England,UK,London,0
6542,312,2022-05-17,294.73,52,Male,TX,South,USA,Houston,0
6543,173,2023-09-22,334.43,58,Other,WA,West,USA,Seattle,0
6544,276,2024-03-18,225.06,43,Female,TX,South,USA,Houston,0
6545,370,2023-12-16,507.07,58,Male,ON,Ontario,Canada,Toronto,0
6546,632,2022-01-03,456.6,35,Female,WA,West,USA,Seattle,0
6547,611,2023-12-21,165.32,61,Male,TX,South,USA,Houston,0
6548,788,2023-01-28,390.98,53,Male,WA,West,USA,Seattle,0
6549,370,2024-05-11,75.03,58,Male,ON,Ontario,Canada,Toronto,0
6550,870,2023-04-04,404.21,20,Male,TX,South,USA,Houston,0
6551,735,2022-04-06,370.51,28,Male,IL,Midwest,USA,Chicago,0
6552,875,2024-12-19,206.92,54,Other,NY,Northeast,USA,New York,0
6553,730,2024-07-18,223.56,52,Male,IL,Midwest,USA,Chicago,1
6554,21,2024-02-25,332.83,44,Female,NY,Northeast,USA,New York,0
6555,223,2024-12-12,164.99,54,Male,IL,Midwest,USA,Chicago,1
6556,755,2024-04-25,325.52,46,Male,NSW,NSW,Australia,Sydney,0
6557,163,2024-02-08,498.33,39,Male,WA,West,USA,Seattle,0
6558,931,2024-01-15,255.33,45,Female,ON,Ontario,Canada,Toronto,0
6559,278,2022-07-19,110.06,58,Male,TX,South,USA,Houston,0
6560,774,2024-12-08,317.45,55,Female,ON,Ontario,Canada,Toronto,0
6561,286,2024-01-11,369.48,66,Male,ON,Ontario,Canada,Toronto,0
6562,117,2024-10-24,299.86,19,Female,CA,West,USA,Los Angeles,0
6563,257,2023-04-17,22.87,53,Male,CA,West,USA,Los Angeles,0
6564,958,2024-04-18,378.5,51,Male,CA,West,USA,Los Angeles,0
6565,519,2022-09-18,28.08,42,Male,FL,Southeast,USA,Miami,0
6566,503,2024-10-23,240.28,68,Male,NSW,NSW,Australia,Sydney,0
6567,575,2023-08-28,225.84,18,Female,NY,Northeast,USA,New York,0
6568,575,2024-03-12,475.71,18,Female,NY,Northeast,USA,New York,0
6569,750,2024-01-10,484.63,26,Female,NY,Northeast,USA,New York,0
6570,283,2023-10-26,413.16,52,Female,NY,Northeast,USA,New York,0
6571,14,2022-08-14,411.67,57,Male,IL,Midwest,USA,Chicago,1
6572,847,2023-06-27,124.25,26,Male,ENG,England,UK,London,0
6573,341,2024-04-25,404.3,51,Male,CA,West,USA,Los Angeles,1
6574,878,2024-10-21,422.41,56,Female,FL,Southeast,USA,Miami,0
6575,616,2024-02-21,438.21,51,Male,BY,Bavaria,Germany,Munich,0
6576,816,2022-09-27,399.44,61,Female,NY,Northeast,USA,New York,1
6577,742,2024-09-08,100.79,57,Male,CA,West,USA,Los Angeles,0
6578,208,2024-04-13,152.2,68,Female,TX,South,USA,Houston,0
6579,191,2022-07-16,394.01,53,Male,WA,West,USA,Seattle,0
6580,128,2023-07-06,87.13,57,Male,CA,West,USA,Los Angeles,0
6581,250,2023-08-15,74.99,20,Female,TX,South,USA,Houston,0
6582,977,2023-12-19,518.06,22,Male,CA,West,USA,Los Angeles,0
6583,23,2022-08-15,484.22,27,Male,ENG,England,UK,London,0
6584,873,2022-01-19,175.0,23,Male,NY,Northeast,USA,New York,0
6585,412,2022-05-03,14.21,29,Female,CA,West,USA,Los Angeles,0
6586,857,2022-08-14,205.14,30,Female,TX,South,USA,Houston,0
6587,862,2023-05-27,24.04,66,Male,CA,West,USA,Los Angeles,0
6588,780,2024-10-08,89.91,62,Female,FL,Southeast,USA,Miami,0
6589,325,2023-03-13,127.0,68,Female,IL,Midwest,USA,Chicago,0
6590,107,2023-03-18,446.49,58,Female,NSW,NSW,Australia,Sydney,0
6591,514,2024-04-18,217.16,60,Other,TX,South,USA,Houston,0
6592,515,2023-11-06,14.87,67,Male,TX,South,USA,Houston,0
6593,258,2022-09-04,322.07,23,Female,MH,Maharashtra,India,Mumbai,1
6594,116,2022-07-22,44.61,47,Female,CA,West,USA,Los Angeles,1
6595,461,2022-05-15,448.11,55,Female,FL,Southeast,USA,Miami,0
6596,423,2024-12-26,145.85,57,Female,TX,South,USA,Houston,0
6597,200,2023-11-28,134.08,68,Male,IL,Midwest,USA,Chicago,0
6598,162,2023-06-05,216.82,52,Female,FL,Southeast,USA,Miami,1
6599,488,2023-10-11,66.41,45,Male,IL,Midwest,USA,Chicago,1
6600,480,2024-12-23,23.9,23,Male,CA,West,USA,Los Angeles,0
6601,509,2023-05-09,485.52,31,Female,CA,West,USA,Los Angeles,0
6602,672,2023-05-06,459.16,49,Female,NY,Northeast,USA,New York,0
6603,629,2023-08-05,486.54,44,Female,CA,West,USA,Los Angeles,0
6604,842,2024-06-15,382.54,52,Female,CA,West,USA,Los Angeles,0
6605,904,2024-10-11,18.35,63,Male,ENG,England,UK,London,0
6606,81,2024-07-27,545.29,66,Female,ENG,England,UK,London,0
6607,357,2022-04-28,357.29,25,Female,NY,Northeast,USA,New York,0
6608,893,2023-05-03,226.27,45,Male,NY,Northeast,USA,New York,1
6609,929,2024-09-26,413.18,39,Female,FL,Southeast,USA,Miami,0
6610,190,2023-01-03,305.14,33,Female,NY,Northeast,USA,New York,1
6611,223,2024-05-21,379.82,54,Male,IL,Midwest,USA,Chicago,1
6612,944,2023-01-27,438.64,42,Male,TX,South,USA,Houston,0
6613,150,2023-11-10,496.85,21,Male,ON,Ontario,Canada,Toronto,0
6614,482,2023-02-05,424.38,61,Female,NY,Northeast,USA,New York,0
6615,859,2023-02-02,475.92,52,Female,MH,Maharashtra,India,Mumbai,0
6616,57,2024-10-10,322.65,46,Male,BY,Bavaria,Germany,Munich,0
6617,880,2022-02-27,175.83,50,Male,IL,Midwest,USA,Chicago,0
6618,791,2024-09-13,378.73,22,Female,MH,Maharashtra,India,Mumbai,1
6619,882,2024-06-12,316.46,62,Male,NY,Northeast,USA,New York,1
6620,48,2024-11-01,42.05,64,Male,WA,West,USA,Seattle,0
6621,181,2024-03-19,327.24,66,Male,IL,Midwest,USA,Chicago,0
6622,628,2024-02-06,240.28,37,Female,NY,Northeast,USA,New York,0
6623,334,2024-04-20,214.02,61,Female,CA,West,USA,Los Angeles,0
6624,797,2023-12-24,386.88,68,Male,IL,Midwest,USA,Chicago,0
6625,12,2024-11-22,496.95,68,Female,CA,West,USA,Los Angeles,0
6626,463,2024-05-15,119.39,56,Male,FL,Southeast,USA,Miami,0
6627,199,2023-03-19,423.47,35,Female,NSW,NSW,Australia,Sydney,0
6628,682,2024-03-12,104.27,25,Male,NSW,NSW,Australia,Sydney,0
6629,602,2023-04-20,310.01,58,Male,CA,West,USA,Los Angeles,1
6630,573,2024-03-20,476.7,32,Male,NY,Northeast,USA,New York,0
6631,588,2022-11-06,453.86,23,Female,NY,Northeast,USA,New York,0
6632,71,2024-01-10,180.47,59,Male,TX,South,USA,Houston,0
6633,257,2023-11-22,435.93,53,Male,CA,West,USA,Los Angeles,0
6634,694,2024-01-13,493.48,67,Other,CA,West,USA,Los Angeles,0
6635,264,2022-11-07,94.66,66,Male,CA,West,USA,Los Angeles,1
6636,953,2024-06-28,222.34,49,Female,FL,Southeast,USA,Miami,0
6637,77,2023-02-25,413.78,35,Female,WA,West,USA,Seattle,1
6638,343,2024-11-22,19.28,50,Female,CA,West,USA,Los Angeles,0
6639,361,2023-04-12,335.62,61,Female,FL,Southeast,USA,Miami,0
6640,127,2022-11-16,213.17,22,Female,NY,Northeast,USA,New York,0
6641,997,2023-10-27,279.4,45,Female,FL,Southeast,USA,Miami,0
6642,257,2024-12-15,240.8,53,Male,CA,West,USA,Los Angeles,0
6643,907,2022-11-24,105.74,39,Other,FL,Southeast,USA,Miami,0
6644,636,2024-04-24,202.43,53,Male,TX,South,USA,Houston,1
6645,556,2022-06-23,431.91,44,Female,TX,South,USA,Houston,0
6646,984,2024-09-17,346.5,51,Male,NY,Northeast,USA,New York,0
6647,28,2023-05-10,258.49,60,Other,TX,South,USA,Houston,0
6648,812,2023-08-10,377.32,63,Female,CA,West,USA,Los Angeles,0
6649,852,2023-04-23,106.03,59,Female,ENG,England,UK,London,1
6650,782,2022-09-12,50.9,51,Male,CA,West,USA,Los Angeles,0
6651,582,2023-05-07,295.54,61,Female,CA,West,USA,Los Angeles,0
6652,361,2023-01-06,16.57,61,Female,FL,Southeast,USA,Miami,0
6653,158,2023-12-18,87.58,46,Male,ON,Ontario,Canada,Toronto,0
6654,611,2024-11-27,404.72,61,Male,TX,South,USA,Houston,0
6655,441,2023-05-11,478.9,68,Male,NY,Northeast,USA,New York,0
6656,405,2024-02-19,167.75,43,Other,FL,Southeast,USA,Miami,0
6657,964,2023-10-09,209.34,29,Male,FL,Southeast,USA,Miami,0
6658,59,2022-04-12,343.7,56,Female,FL,Southeast,USA,Miami,0
6659,216,2022-08-12,404.39,32,Male,WA,West,USA,Seattle,0
6660,492,2023-10-11,145.75,63,Female,IL,Midwest,USA,Chicago,0
6661,963,2023-04-24,439.71,61,Male,CA,West,USA,Los Angeles,0
6662,548,2024-04-26,545.01,48,Female,TX,South,USA,Houston,0
6663,477,2024-01-08,59.47,62,Female,TX,South,USA,Houston,0
6664,848,2024-05-11,134.31,20,Male,ON,Ontario,Canada,Toronto,0
6665,744,2023-08-01,387.76,32,Male,NY,Northeast,USA,New York,0
6666,764,2023-03-22,29.66,66,Female,CA,West,USA,Los Angeles,0
6667,640,2024-12-20,167.07,67,Female,ON,Ontario,Canada,Toronto,0
6668,455,2022-10-24,423.82,49,Female,BY,Bavaria,Germany,Munich,0
6669,583,2022-03-16,344.01,23,Female,IL,Midwest,USA,Chicago,0
6670,498,2023-07-26,343.38,37,Male,NY,Northeast,USA,New York,0
6671,462,2022-06-04,309.88,25,Male,TX,South,USA,Houston,1
6672,793,2024-06-11,286.65,55,Female,FL,Southeast,USA,Miami,0
6673,581,2022-08-13,385.7,22,Male,NY,Northeast,USA,New York,0
6674,290,2022-02-22,433.99,42,Female,CA,West,USA,Los Angeles,0
6675,643,2024-04-07,447.79,62,Female,WA,West,USA,Seattle,0
6676,360,2024-03-10,276.1,56,Female,NY,Northeast,USA,New York,0
6677,816,2023-03-03,414.96,61,Female,NY,Northeast,USA,New York,1
6678,904,2023-09-27,402.93,63,Male,ENG,England,UK,London,0
6679,604,2024-12-13,261.32,24,Female,BY,Bavaria,Germany,Munich,0
6680,761,2022-09-01,173.71,27,Male,IL,Midwest,USA,Chicago,0
6681,145,2023-12-07,223.62,69,Female,CA,West,USA,Los Angeles,0
6682,944,2022-08-16,251.67,42,Male,TX,South,USA,Houston,0
6683,674,2023-04-14,86.93,22,Female,CA,West,USA,Los Angeles,1
6684,879,2024-11-15,131.1,46,Female,CA,West,USA,Los Angeles,0
6685,763,2024-01-02,67.09,67,Male,TX,South,USA,Houston,0
6686,763,2024-02-25,50.88,67,Male,TX,South,USA,Houston,0
6687,105,2024-12-24,321.89,59,Other,NY,Northeast,USA,New York,1
6688,262,2024-09-07,394.3,26,Male,CA,West,USA,Los Angeles,0
6689,351,2024-12-11,347.95,45,Male,NY,Northeast,USA,New York,0
6690,521,2024-02-03,410.12,36,Female,IL,Midwest,USA,Chicago,1
6691,415,2023-10-04,221.74,18,Other,CA,West,USA,Los Angeles,0
6692,417,2023-04-24,425.68,68,Male,IL,Midwest,USA,Chicago,0
6693,535,2023-05-04,398.95,48,Male,CA,West,USA,Los Angeles,0
6694,391,2023-12-10,379.9,56,Male,NY,Northeast,USA,New York,0
6695,579,2023-06-28,408.46,64,Female,NY,Northeast,USA,New York,0
6696,780,2022-09-10,123.41,62,Female,FL,Southeast,USA,Miami,0
6697,627,2023-11-20,306.37,35,Female,NY,Northeast,USA,New York,0
6698,388,2023-11-03,413.1,61,Male,CA,West,USA,Los Angeles,0
6699,959,2023-01-25,61.95,68,Female,NY,Northeast,USA,New York,0
6700,148,2023-03-26,138.93,30,Female,WA,West,USA,Seattle,0
6701,3,2022-12-26,250.51,52,Female,NY,Northeast,USA,New York,0
6702,349,2024-08-18,238.5,27,Male,TX,South,USA,Houston,0
6703,540,2023-07-28,485.47,19,Male,WA,West,USA,Seattle,0
6704,808,2023-01-20,400.48,23,Female,TX,South,USA,Houston,0
6705,591,2022-01-11,30.01,59,Male,NY,Northeast,USA,New York,0
6706,508,2024-12-26,266.56,30,Male,CA,West,USA,Los Angeles,0
6707,304,2024-07-08,429.69,64,Female,IL,Midwest,USA,Chicago,0
6708,13,2023-10-24,358.08,56,Male,FL,Southeast,USA,Miami,0
6709,391,2023-04-27,289.86,56,Male,NY,Northeast,USA,New York,0
6710,624,2024-04-13,57.95,39,Male,CA,West,USA,Los Angeles,0
6711,820,2024-08-07,513.43,69,Female,BY,Bavaria,Germany,Munich,0
6712,175,2023-11-05,226.2,54,Female,WA,West,USA,Seattle,0
6713,262,2022-05-16,81.12,26,Male,CA,West,USA,Los Angeles,0
6714,108,2022-05-19,51.35,52,Male,NY,Northeast,USA,New York,0
6715,706,2022-08-17,394.55,47,Male,FL,Southeast,USA,Miami,1
6716,305,2024-01-19,347.48,46,Male,IL,Midwest,USA,Chicago,0
6717,882,2024-06-01,149.34,62,Male,NY,Northeast,USA,New York,1
6718,771,2024-08-02,303.73,51,Other,FL,Southeast,USA,Miami,0
6719,949,2024-01-08,530.62,67,Female,FL,Southeast,USA,Miami,0
6720,51,2022-09-26,251.63,57,Female,CA,West,USA,Los Angeles,1
6721,863,2024-01-15,225.58,24,Female,TX,South,USA,Houston,0
6722,208,2023-10-10,170.49,68,Female,TX,South,USA,Houston,0
6723,585,2023-11-19,105.28,39,Other,IL,Midwest,USA,Chicago,0
6724,203,2024-11-13,510.8,43,Male,NY,Northeast,USA,New York,0
6725,637,2022-09-05,94.13,30,Female,NY,Northeast,USA,New York,1
6726,823,2024-08-15,41.17,25,Male,TX,South,USA,Houston,0
6727,453,2024-05-20,89.53,43,Male,WA,West,USA,Seattle,0
6728,251,2024-06-26,111.35,27,Male,FL,Southeast,USA,Miami,0
6729,487,2024-02-11,244.34,35,Male,NY,Northeast,USA,New York,0
6730,580,2023-09-05,483.07,23,Male,CA,West,USA,Los Angeles,0
6731,749,2022-01-25,76.06,34,Female,NY,Northeast,USA,New York,0
6732,127,2024-06-11,91.42,22,Female,NY,Northeast,USA,New York,0
6733,48,2024-07-05,251.21,64,Male,WA,West,USA,Seattle,0
6734,792,2024-09-15,507.19,41,Female,IL,Midwest,USA,Chicago,0
6735,110,2022-05-02,464.3,54,Male,TX,South,USA,Houston,1
6736,261,2023-06-28,504.46,59,Female,NY,Northeast,USA,New York,0
6737,894,2023-08-22,76.5,68,Male,CA,West,USA,Los Angeles,0
6738,462,2024-12-13,398.4,25,Male,TX,South,USA,Houston,1
6739,94,2024-09-16,366.48,38,Female,TX,South,USA,Houston,0
6740,332,2024-04-12,27.92,37,Female,NSW,NSW,Australia,Sydney,0
6741,865,2023-11-14,359.79,61,Female,IL,Midwest,USA,Chicago,0
6742,658,2023-01-27,372.61,50,Male,NY,Northeast,USA,New York,0
6743,770,2022-04-21,331.76,37,Female,ENG,England,UK,London,0
6744,259,2023-02-19,122.63,27,Male,BY,Bavaria,Germany,Munich,0
6745,822,2023-06-28,183.23,52,Female,CA,West,USA,Los Angeles,0
6746,1,2024-09-05,315.1,22,Female,IL,Midwest,USA,Chicago,0
6747,172,2023-07-26,82.5,22,Female,FL,Southeast,USA,Miami,0
6748,526,2023-11-05,93.06,34,Male,NY,Northeast,USA,New York,0
6749,875,2024-08-08,394.67,54,Other,NY,Northeast,USA,New York,0
6750,975,2024-04-19,102.14,25,Female,NY,Northeast,USA,New York,0
6751,400,2023-07-04,19.27,34,Female,CA,West,USA,Los Angeles,0
6752,831,2023-10-14,106.74,30,Female,FL,Southeast,USA,Miami,0
6753,253,2024-07-10,52.65,27,Male,ENG,England,UK,London,0
6754,993,2024-06-01,166.05,28,Female,CA,West,USA,Los Angeles,0
6755,112,2024-07-06,428.47,58,Female,WA,West,USA,Seattle,0
6756,445,2022-08-13,395.19,44,Male,ON,Ontario,Canada,Toronto,0
6757,5,2023-05-03,47.66,40,Female,ON,Ontario,Canada,Toronto,0
6758,568,2024-11-27,324.17,30,Female,MH,Maharashtra,India,Mumbai,0
6759,441,2023-03-13,56.33,68,Male,NY,Northeast,USA,New York,0
6760,798,2023-01-21,107.77,41,Male,CA,West,USA,Los Angeles,0
6761,631,2024-10-06,441.58,56,Other,CA,West,USA,Los Angeles,0
6762,338,2022-11-16,486.28,34,Other,TX,South,USA,Houston,0
6763,950,2024-09-04,160.26,32,Male,FL,Southeast,USA,Miami,0
6764,113,2024-07-06,437.49,46,Other,WA,West,USA,Seattle,0
6765,70,2022-12-20,177.6,42,Female,TX,South,USA,Houston,1
6766,169,2024-06-10,441.77,35,Male,CA,West,USA,Los Angeles,0
6767,570,2023-06-28,306.8,47,Male,TX,South,USA,Houston,1
6768,963,2024-08-28,311.02,61,Male,CA,West,USA,Los Angeles,0
6769,157,2024-06-04,455.06,24,Female,NY,Northeast,USA,New York,0
6770,791,2024-08-19,393.26,22,Female,MH,Maharashtra,India,Mumbai,1
6771,758,2022-12-22,485.67,37,Female,WA,West,USA,Seattle,0
6772,289,2024-04-08,210.23,46,Female,ENG,England,UK,London,0
6773,153,2024-03-24,535.33,65,Female,NY,Northeast,USA,New York,0
6774,781,2024-06-21,465.41,63,Male,TX,South,USA,Houston,0
6775,798,2024-07-10,282.05,41,Male,CA,West,USA,Los Angeles,0
6776,705,2022-10-03,255.4,24,Male,NY,Northeast,USA,New York,0
6777,767,2024-12-13,506.19,49,Male,WA,West,USA,Seattle,0
6778,470,2022-09-11,297.85,66,Male,TX,South,USA,Houston,1
6779,376,2023-12-15,186.05,22,Female,WA,West,USA,Seattle,0
6780,23,2024-04-07,33.91,27,Male,ENG,England,UK,London,0
6781,512,2024-03-09,175.64,56,Female,NY,Northeast,USA,New York,0
6782,728,2024-05-26,130.48,22,Female,CA,West,USA,Los Angeles,1
6783,190,2023-10-24,77.62,33,Female,NY,Northeast,USA,New York,1
6784,291,2022-03-21,339.59,59,Male,WA,West,USA,Seattle,0
6785,569,2023-03-10,216.13,51,Male,NY,Northeast,USA,New York,0
6786,272,2022-06-14,56.34,19,Female,WA,West,USA,Seattle,1
6787,881,2024-05-09,190.65,22,Male,ON,Ontario,Canada,Toronto,0
6788,527,2023-09-12,83.53,66,Female,ON,Ontario,Canada,Toronto,0
6789,418,2023-11-15,321.51,24,Male,IL,Midwest,USA,Chicago,0
6790,266,2022-03-25,219.19,48,Male,CA,West,USA,Los Angeles,0
6791,910,2023-08-23,495.83,22,Female,BY,Bavaria,Germany,Munich,1
6792,717,2024-02-06,345.28,44,Male,CA,West,USA,Los Angeles,0
6793,575,2024-04-27,431.13,18,Female,NY,Northeast,USA,New York,0
6794,292,2022-05-03,174.18,31,Male,NY,Northeast,USA,New York,0
6795,119,2022-08-02,379.69,30,Male,MH,Maharashtra,India,Mumbai,0
6796,807,2023-08-24,392.25,46,Female,TX,South,USA,Houston,0
6797,48,2022-09-08,495.54,64,Male,WA,West,USA,Seattle,0
6798,438,2024-11-24,374.05,66,Male,FL,Southeast,USA,Miami,0
6799,574,2024-03-02,513.98,20,Female,ENG,England,UK,London,0
6800,517,2022-10-07,434.79,63,Female,NY,Northeast,USA,New York,0
6801,691,2024-09-24,515.4,69,Male,CA,West,USA,Los Angeles,0
6802,36,2023-02-06,308.3,21,Male,TX,South,USA,Houston,0
6803,228,2023-05-15,126.94,48,Male,ENG,England,UK,London,0
6804,21,2024-01-21,332.26,44,Female,NY,Northeast,USA,New York,0
6805,251,2022-02-10,461.62,27,Male,FL,Southeast,USA,Miami,0
6806,212,2023-04-05,515.99,55,Female,NY,Northeast,USA,New York,0
6807,861,2024-04-24,530.46,68,Female,ON,Ontario,Canada,Toronto,0
6808,348,2024-12-18,253.27,66,Female,FL,Southeast,USA,Miami,0
6809,566,2023-11-26,428.37,30,Other,BY,Bavaria,Germany,Munich,0
6810,177,2024-08-20,279.32,55,Female,IL,Midwest,USA,Chicago,1
6811,775,2022-10-21,348.95,62,Male,ENG,England,UK,London,0
6812,503,2023-12-18,234.74,68,Male,NSW,NSW,Australia,Sydney,0
6813,892,2023-06-19,167.76,54,Female,WA,West,USA,Seattle,0
6814,602,2024-07-12,253.73,58,Male,CA,West,USA,Los Angeles,1
6815,792,2022-09-26,160.42,41,Female,IL,Midwest,USA,Chicago,0
6816,804,2024-12-23,243.44,65,Male,TX,South,USA,Houston,0
6817,79,2024-11-07,383.11,47,Female,MH,Maharashtra,India,Mumbai,0
6818,514,2023-01-27,114.87,60,Other,TX,South,USA,Houston,0
6819,363,2024-10-07,382.58,29,Female,MH,Maharashtra,India,Mumbai,0
6820,368,2022-04-20,46.07,34,Female,CA,West,USA,Los Angeles,0
6821,398,2024-04-26,12.07,28,Male,NY,Northeast,USA,New York,0
6822,924,2023-08-12,131.64,25,Male,CA,West,USA,Los Angeles,0
6823,976,2022-09-06,109.16,29,Female,CA,West,USA,Los Angeles,0
6824,436,2024-03-28,468.44,24,Male,CA,West,USA,Los Angeles,0
6825,995,2023-05-23,403.29,45,Male,ENG,England,UK,London,0
6826,281,2023-10-13,356.72,32,Male,CA,West,USA,Los Angeles,1
6827,737,2023-03-28,377.43,55,Male,CA,West,USA,Los Angeles,1
6828,76,2022-11-04,334.86,42,Female,NY,Northeast,USA,New York,0
6829,159,2022-07-15,414.96,44,Female,NY,Northeast,USA,New York,0
6830,185,2024-08-06,304.2,43,Female,CA,West,USA,Los Angeles,0
6831,572,2024-02-06,20.88,39,Female,TX,South,USA,Houston,0
6832,692,2022-12-10,433.02,59,Male,FL,Southeast,USA,Miami,1
6833,33,2023-12-17,254.94,22,Male,FL,Southeast,USA,Miami,0
6834,199,2024-03-05,520.72,35,Female,NSW,NSW,Australia,Sydney,0
6835,884,2024-09-15,501.28,26,Other,CA,West,USA,Los Angeles,0
6836,365,2024-10-22,230.36,24,Male,FL,Southeast,USA,Miami,0
6837,718,2023-02-05,495.24,43,Female,BY,Bavaria,Germany,Munich,1
6838,28,2023-08-01,41.03,60,Other,TX,South,USA,Houston,0
6839,433,2024-11-21,374.69,60,Male,WA,West,USA,Seattle,0
6840,379,2023-07-12,364.57,37,Female,TX,South,USA,Houston,0
6841,791,2022-12-06,421.66,22,Female,MH,Maharashtra,India,Mumbai,1
6842,649,2022-01-25,241.01,67,Female,WA,West,USA,Seattle,0
6843,71,2024-12-12,143.22,59,Male,TX,South,USA,Houston,0
6844,220,2022-12-04,31.65,64,Other,ON,Ontario,Canada,Toronto,0
6845,556,2024-03-09,267.65,44,Female,TX,South,USA,Houston,0
6846,4,2024-06-17,259.96,40,Female,TX,South,USA,Houston,0
6847,115,2023-08-09,195.71,44,Male,ON,Ontario,Canada,Toronto,1
6848,834,2024-11-27,360.47,25,Other,CA,West,USA,Los Angeles,0
6849,21,2024-03-18,302.82,44,Female,NY,Northeast,USA,New York,0
6850,722,2022-05-03,66.62,66,Male,TX,South,USA,Houston,0
6851,550,2024-11-10,37.61,53,Male,NY,Northeast,USA,New York,0
6852,993,2023-06-10,473.21,28,Female,CA,West,USA,Los Angeles,0
6853,589,2023-08-05,396.08,61,Female,IL,Midwest,USA,Chicago,0
6854,136,2024-08-02,265.4,33,Male,TX,South,USA,Houston,0
6855,617,2024-12-04,283.43,30,Male,NY,Northeast,USA,New York,0
6856,678,2023-03-20,70.05,22,Male,ON,Ontario,Canada,Toronto,0
6857,295,2024-12-07,155.81,46,Male,BY,Bavaria,Germany,Munich,1
6858,258,2024-08-12,463.84,23,Female,MH,Maharashtra,India,Mumbai,1
6859,404,2024-12-04,80.54,68,Female,CA,West,USA,Los Angeles,0
6860,503,2022-02-27,61.11,68,Male,NSW,NSW,Australia,Sydney,0
6861,254,2023-09-28,300.5,35,Female,ON,Ontario,Canada,Toronto,0
6862,747,2023-11-20,447.06,45,Female,NY,Northeast,USA,New York,0
6863,853,2024-10-10,219.26,68,Male,NY,Northeast,USA,New York,1
6864,169,2023-01-17,346.07,35,Male,CA,West,USA,Los Angeles,0
6865,742,2024-07-11,506.3,57,Male,CA,West,USA,Los Angeles,0
6866,466,2023-02-26,473.52,68,Female,CA,West,USA,Los Angeles,1
6867,136,2024-03-17,267.97,33,Male,TX,South,USA,Houston,0
6868,270,2024-09-04,173.42,48,Female,ON,Ontario,Canada,Toronto,0
6869,921,2024-12-03,325.87,63,Female,CA,West,USA,Los Angeles,0
6870,155,2024-09-22,518.4,40,Female,NSW,NSW,Australia,Sydney,0
6871,48,2024-02-21,384.86,64,Male,WA,West,USA,Seattle,0
6872,723,2022-04-21,478.03,61,Female,TX,South,USA,Houston,0
6873,546,2024-06-10,329.04,20,Male,CA,West,USA,Los Angeles,0
6874,259,2024-02-19,22.85,27,Male,BY,Bavaria,Germany,Munich,0
6875,750,2024-11-08,257.02,26,Female,NY,Northeast,USA,New York,0
6876,530,2022-03-18,452.6,65,Male,FL,Southeast,USA,Miami,0
6877,238,2024-02-10,29.73,40,Male,CA,West,USA,Los Angeles,0
6878,693,2022-10-04,312.82,66,Female,IL,Midwest,USA,Chicago,0
6879,847,2023-02-24,206.9,26,Male,ENG,England,UK,London,0
6880,444,2022-06-23,207.78,43,Male,CA,West,USA,Los Angeles,0
6881,789,2023-07-22,305.4,46,Female,CA,West,USA,Los Angeles,0
6882,134,2023-02-18,224.37,47,Male,IL,Midwest,USA,Chicago,0
6883,64,2023-08-18,488.52,68,Female,BY,Bavaria,Germany,Munich,0
6884,13,2024-07-22,177.87,56,Male,FL,Southeast,USA,Miami,0
6885,339,2023-09-16,404.97,28,Male,WA,West,USA,Seattle,0
6886,383,2023-04-25,58.43,67,Female,TX,South,USA,Houston,0
6887,882,2024-05-22,193.86,62,Male,NY,Northeast,USA,New York,1
6888,991,2024-09-16,97.84,35,Male,NSW,NSW,Australia,Sydney,0
6889,637,2023-01-17,124.78,30,Female,NY,Northeast,USA,New York,1
6890,973,2022-02-27,286.6,42,Male,IL,Midwest,USA,Chicago,0
6891,972,2024-04-15,198.91,39,Male,ENG,England,UK,London,0
6892,449,2024-02-04,37.96,45,Female,CA,West,USA,Los Angeles,0
6893,266,2023-01-24,459.05,48,Male,CA,West,USA,Los Angeles,0
6894,416,2022-12-01,340.94,53,Other,CA,West,USA,Los Angeles,1
6895,15,2024-07-07,535.42,55,Male,ENG,England,UK,London,0
6896,647,2024-07-10,450.49,41,Female,CA,West,USA,Los Angeles,0
6897,877,2023-04-01,301.14,46,Female,ENG,England,UK,London,1
6898,833,2024-01-07,263.85,41,Female,ON,Ontario,Canada,Toronto,1
6899,252,2024-10-05,530.7,43,Male,CA,West,USA,Los Angeles,0
6900,579,2024-10-16,243.88,64,Female,NY,Northeast,USA,New York,0
6901,886,2024-12-25,310.24,56,Male,WA,West,USA,Seattle,1
6902,725,2024-01-08,194.35,58,Male,ENG,England,UK,London,0
6903,58,2023-03-11,156.36,26,Female,TX,South,USA,Houston,1
6904,24,2023-10-20,449.78,66,Female,WA,West,USA,Seattle,0
6905,911,2024-05-19,146.76,58,Female,IL,Midwest,USA,Chicago,1
6906,879,2024-01-27,90.25,46,Female,CA,West,USA,Los Angeles,0
6907,755,2023-05-15,388.74,46,Male,NSW,NSW,Australia,Sydney,0
6908,539,2022-02-22,422.17,46,Male,FL,Southeast,USA,Miami,0
6909,976,2024-11-24,520.33,29,Female,CA,West,USA,Los Angeles,0
6910,493,2024-11-12,377.26,57,Female,NY,Northeast,USA,New York,1
6911,608,2023-09-24,191.55,44,Male,MH,Maharashtra,India,Mumbai,0
6912,217,2023-06-28,275.85,22,Female,NY,Northeast,USA,New York,1
6913,334,2023-10-04,107.35,61,Female,CA,West,USA,Los Angeles,0
6914,136,2024-09-22,127.6,33,Male,TX,South,USA,Houston,0
6915,534,2024-10-18,503.07,32,Female,TX,South,USA,Houston,0
6916,369,2023-07-23,451.49,19,Male,TX,South,USA,Houston,0
6917,709,2023-12-16,155.5,42,Male,CA,West,USA,Los Angeles,0
6918,921,2024-05-06,219.97,63,Female,CA,West,USA,Los Angeles,0
6919,841,2023-08-13,508.6,33,Male,CA,West,USA,Los Angeles,1
6920,560,2024-11-20,226.32,62,Female,CA,West,USA,Los Angeles,0
6921,792,2022-11-26,170.45,41,Female,IL,Midwest,USA,Chicago,0
6922,412,2022-12-02,108.3,29,Female,CA,West,USA,Los Angeles,0
6923,627,2024-06-06,234.92,35,Female,NY,Northeast,USA,New York,0
6924,140,2022-09-07,188.17,40,Female,IL,Midwest,USA,Chicago,0
6925,97,2024-05-17,414.46,30,Female,CA,West,USA,Los Angeles,0
6926,62,2024-09-01,201.63,56,Male,FL,Southeast,USA,Miami,0
6927,297,2022-03-27,234.57,62,Male,FL,Southeast,USA,Miami,1
6928,607,2023-06-20,177.51,34,Male,IL,Midwest,USA,Chicago,0
6929,473,2024-12-26,186.47,40,Male,IL,Midwest,USA,Chicago,0
6930,959,2024-11-01,149.07,68,Female,NY,Northeast,USA,New York,0
6931,69,2023-07-08,269.32,21,Male,TX,South,USA,Houston,0
6932,448,2022-03-13,220.22,67,Female,BY,Bavaria,Germany,Munich,0
6933,398,2024-06-22,42.8,28,Male,NY,Northeast,USA,New York,0
6934,237,2023-03-19,493.93,52,Male,ENG,England,UK,London,0
6935,542,2024-01-12,202.62,20,Female,WA,West,USA,Seattle,0
6936,377,2023-12-09,404.07,56,Male,NY,Northeast,USA,New York,0
6937,216,2023-07-10,481.66,32,Male,WA,West,USA,Seattle,0
6938,511,2024-02-11,17.45,69,Female,CA,West,USA,Los Angeles,1
6939,220,2023-10-20,74.65,64,Other,ON,Ontario,Canada,Toronto,0
6940,754,2022-02-25,103.37,66,Female,FL,Southeast,USA,Miami,0
6941,365,2023-06-14,470.69,24,Male,FL,Southeast,USA,Miami,0
6942,454,2024-04-26,310.66,19,Male,MH,Maharashtra,India,Mumbai,0
6943,173,2024-03-09,181.85,58,Other,WA,West,USA,Seattle,0
6944,927,2023-07-25,33.51,46,Male,CA,West,USA,Los Angeles,0
6945,177,2024-10-01,30.68,55,Female,IL,Midwest,USA,Chicago,1
6946,641,2023-07-21,310.56,52,Male,ENG,England,UK,London,0
6947,642,2023-11-27,375.8,65,Female,TX,South,USA,Houston,0
6948,121,2023-12-08,210.86,40,Female,CA,West,USA,Los Angeles,0
6949,148,2023-11-20,159.97,30,Female,WA,West,USA,Seattle,0
6950,115,2023-12-03,429.53,44,Male,ON,Ontario,Canada,Toronto,1
6951,933,2024-12-24,486.21,31,Male,FL,Southeast,USA,Miami,0
6952,552,2023-11-14,209.78,38,Male,CA,West,USA,Los Angeles,0
6953,150,2024-05-12,421.81,21,Male,ON,Ontario,Canada,Toronto,0
6954,803,2024-03-26,488.36,44,Female,TX,South,USA,Houston,1
6955,932,2023-10-26,208.27,54,Female,IL,Midwest,USA,Chicago,1
6956,534,2022-11-07,88.76,32,Female,TX,South,USA,Houston,0
6957,559,2022-11-27,190.53,59,Female,CA,West,USA,Los Angeles,0
6958,804,2022-09-06,40.48,65,Male,TX,South,USA,Houston,0
6959,423,2024-11-23,30.72,57,Female,TX,South,USA,Houston,0
6960,81,2024-09-22,463.9,66,Female,ENG,England,UK,London,0
6961,739,2024-09-15,479.2,56,Male,NY,Northeast,USA,New York,0
6962,329,2022-01-17,327.19,25,Female,BY,Bavaria,Germany,Munich,0
6963,664,2023-07-12,455.58,28,Male,TX,South,USA,Houston,0
6964,49,2022-01-12,468.38,53,Female,NY,Northeast,USA,New York,1
6965,343,2024-02-15,387.92,50,Female,CA,West,USA,Los Angeles,0
6966,357,2023-08-25,484.1,25,Female,NY,Northeast,USA,New York,0
6967,314,2022-01-14,460.6,32,Female,NY,Northeast,USA,New York,0
6968,569,2024-12-17,161.82,51,Male,NY,Northeast,USA,New York,0
6969,434,2023-07-20,504.0,24,Female,ON,Ontario,Canada,Toronto,0
6970,926,2022-09-26,492.08,67,Male,IL,Midwest,USA,Chicago,0
6971,721,2024-03-25,164.73,25,Male,NY,Northeast,USA,New York,0
6972,461,2022-11-11,317.45,55,Female,FL,Southeast,USA,Miami,0
6973,271,2022-07-25,117.9,33,Male,FL,Southeast,USA,Miami,0
6974,376,2022-08-13,202.94,22,Female,WA,West,USA,Seattle,0
6975,311,2023-09-03,334.74,52,Male,NY,Northeast,USA,New York,0
6976,680,2024-07-03,31.75,66,Male,NSW,NSW,Australia,Sydney,0
6977,932,2023-08-06,346.35,54,Female,IL,Midwest,USA,Chicago,1
6978,719,2024-10-11,277.94,30,Female,NSW,NSW,Australia,Sydney,0
6979,935,2023-11-12,74.89,41,Male,IL,Midwest,USA,Chicago,0
6980,172,2024-05-06,386.9,22,Female,FL,Southeast,USA,Miami,0
6981,88,2024-12-05,528.43,34,Male,FL,Southeast,USA,Miami,0
6982,701,2023-05-01,11.77,45,Female,CA,West,USA,Los Angeles,0
6983,982,2024-04-26,251.44,54,Male,NY,Northeast,USA,New York,0
6984,540,2024-05-08,80.43,19,Male,WA,West,USA,Seattle,0
6985,453,2024-05-19,124.81,43,Male,WA,West,USA,Seattle,0
6986,510,2023-05-14,265.94,30,Female,IL,Midwest,USA,Chicago,0
6987,156,2024-11-11,171.07,52,Male,TX,South,USA,Houston,1
6988,982,2023-08-07,347.78,54,Male,NY,Northeast,USA,New York,0
6989,58,2024-12-02,156.1,26,Female,TX,South,USA,Houston,1
6990,772,2024-02-04,437.21,69,Male,FL,Southeast,USA,Miami,0
6991,418,2023-08-19,105.89,24,Male,IL,Midwest,USA,Chicago,0
6992,815,2024-02-13,509.1,58,Male,NY,Northeast,USA,New York,0
6993,731,2024-07-28,230.8,55,Male,NY,Northeast,USA,New York,0
6994,822,2024-06-05,41.64,52,Female,CA,West,USA,Los Angeles,0
6995,732,2022-09-27,58.86,39,Female,IL,Midwest,USA,Chicago,0
6996,648,2022-10-03,271.15,45,Female,MH,Maharashtra,India,Mumbai,0
6997,533,2022-04-21,456.41,26,Female,NY,Northeast,USA,New York,0
6998,26,2022-03-27,262.52,51,Male,CA,West,USA,Los Angeles,0
6999,826,2024-06-05,258.26,22,Female,MH,Maharashtra,India,Mumbai,0
7000,369,2022-04-14,388.67,19,Male,TX,South,USA,Houston,0
7001,386,2024-09-26,135.66,24,Male,NY,Northeast,USA,New York,0
7002,767,2024-07-23,382.54,49,Male,WA,West,USA,Seattle,0
7003,73,2024-11-07,130.99,42,Female,FL,Southeast,USA,Miami,1
7004,180,2022-12-05,424.21,44,Male,TX,South,USA,Houston,0
7005,926,2024-06-10,494.88,67,Male,IL,Midwest,USA,Chicago,0
7006,958,2024-12-13,117.98,51,Male,CA,West,USA,Los Angeles,0
7007,928,2024-10-09,89.99,33,Male,IL,Midwest,USA,Chicago,0
7008,8,2022-03-03,364.44,54,Female,TX,South,USA,Houston,0
7009,387,2024-11-14,369.48,21,Male,CA,West,USA,Los Angeles,0
7010,559,2022-07-12,314.61,59,Female,CA,West,USA,Los Angeles,0
7011,313,2024-09-09,290.75,24,Other,IL,Midwest,USA,Chicago,0
7012,85,2023-09-24,77.63,50,Female,FL,Southeast,USA,Miami,0
7013,36,2023-11-09,384.3,21,Male,TX,South,USA,Houston,0
7014,761,2024-10-25,100.29,27,Male,IL,Midwest,USA,Chicago,0
7015,801,2022-11-01,275.99,18,Male,NSW,NSW,Australia,Sydney,0
7016,617,2024-05-15,201.42,30,Male,NY,Northeast,USA,New York,0
7017,107,2024-12-27,193.21,58,Female,NSW,NSW,Australia,Sydney,0
7018,405,2023-09-09,442.88,43,Other,FL,Southeast,USA,Miami,0
7019,465,2023-10-19,247.56,18,Other,IL,Midwest,USA,Chicago,0
7020,102,2022-11-21,251.79,28,Female,CA,West,USA,Los Angeles,0
7021,190,2024-02-10,503.03,33,Female,NY,Northeast,USA,New York,1
7022,452,2024-05-18,317.68,66,Male,CA,West,USA,Los Angeles,0
7023,267,2022-11-19,402.64,41,Male,MH,Maharashtra,India,Mumbai,0
7024,350,2023-12-14,458.77,26,Other,WA,West,USA,Seattle,0
7025,222,2022-10-11,350.64,41,Male,NY,Northeast,USA,New York,0
7026,188,2024-07-14,90.24,37,Other,TX,South,USA,Houston,0
7027,987,2023-04-05,72.54,50,Other,WA,West,USA,Seattle,0
7028,184,2022-07-14,222.77,54,Female,NY,Northeast,USA,New York,0
7029,590,2024-06-10,45.88,61,Female,TX,South,USA,Houston,0
7030,848,2023-11-10,166.79,20,Male,ON,Ontario,Canada,Toronto,0
7031,291,2023-08-07,118.88,59,Male,WA,West,USA,Seattle,0
7032,329,2024-06-15,32.41,25,Female,BY,Bavaria,Germany,Munich,0
7033,575,2024-07-01,230.24,18,Female,NY,Northeast,USA,New York,0
7034,100,2023-12-02,139.97,25,Female,NY,Northeast,USA,New York,0
7035,644,2024-08-06,67.15,43,Female,ON,Ontario,Canada,Toronto,1
7036,159,2023-04-16,389.92,44,Female,NY,Northeast,USA,New York,0
7037,751,2024-07-08,512.02,67,Male,TX,South,USA,Houston,0
7038,662,2023-07-14,333.02,56,Female,NY,Northeast,USA,New York,1
7039,399,2024-05-05,521.21,32,Male,CA,West,USA,Los Angeles,0
7040,370,2022-10-12,91.57,58,Male,ON,Ontario,Canada,Toronto,0
7041,171,2024-04-13,432.73,23,Male,NY,Northeast,USA,New York,1
7042,57,2024-07-10,235.44,46,Male,BY,Bavaria,Germany,Munich,0
7043,977,2023-06-02,264.86,22,Male,CA,West,USA,Los Angeles,0
7044,55,2023-07-18,355.63,43,Male,NY,Northeast,USA,New York,0
7045,180,2024-08-06,441.21,44,Male,TX,South,USA,Houston,0
7046,60,2023-09-14,41.67,53,Female,ENG,England,UK,London,1
7047,479,2024-03-20,224.23,52,Female,IL,Midwest,USA,Chicago,0
7048,738,2024-05-03,431.02,35,Male,NY,Northeast,USA,New York,0
7049,257,2023-10-20,288.45,53,Male,CA,West,USA,Los Angeles,0
7050,851,2022-12-11,177.43,68,Female,CA,West,USA,Los Angeles,0
7051,608,2024-01-15,33.44,44,Male,MH,Maharashtra,India,Mumbai,0
7052,846,2022-02-03,13.61,18,Female,CA,West,USA,Los Angeles,0
7053,390,2024-12-14,244.5,25,Female,TX,South,USA,Houston,0
7054,546,2022-03-11,246.96,20,Male,CA,West,USA,Los Angeles,0
7055,225,2022-12-05,122.31,55,Male,TX,South,USA,Houston,0
7056,393,2022-11-15,401.82,37,Male,FL,Southeast,USA,Miami,0
7057,908,2023-02-19,386.36,27,Male,NY,Northeast,USA,New York,0
7058,318,2024-02-11,114.48,55,Female,TX,South,USA,Houston,1
7059,409,2023-12-18,108.24,66,Male,ON,Ontario,Canada,Toronto,1
7060,746,2024-04-10,485.83,36,Male,CA,West,USA,Los Angeles,0
7061,278,2024-07-24,515.62,58,Male,TX,South,USA,Houston,0
7062,808,2022-04-08,492.43,23,Female,TX,South,USA,Houston,0
7063,278,2022-08-23,346.33,58,Male,TX,South,USA,Houston,0
7064,939,2024-11-11,520.99,42,Female,TX,South,USA,Houston,0
7065,688,2024-09-16,92.7,48,Other,FL,Southeast,USA,Miami,1
7066,985,2023-01-02,91.48,48,Female,ON,Ontario,Canada,Toronto,0
7067,570,2023-08-03,32.17,47,Male,TX,South,USA,Houston,1
7068,705,2024-09-28,306.74,24,Male,NY,Northeast,USA,New York,0
7069,684,2022-03-01,118.42,67,Male,CA,West,USA,Los Angeles,1
7070,193,2024-10-16,323.36,49,Male,NY,Northeast,USA,New York,0
7071,29,2022-08-13,13.76,46,Female,CA,West,USA,Los Angeles,0
7072,963,2024-01-18,301.49,61,Male,CA,West,USA,Los Angeles,0
7073,597,2023-12-01,472.3,48,Male,CA,West,USA,Los Angeles,0
7074,123,2024-06-06,409.58,52,Other,ON,Ontario,Canada,Toronto,0
7075,608,2022-04-10,189.83,44,Male,MH,Maharashtra,India,Mumbai,0
7076,280,2023-02-26,46.05,22,Female,TX,South,USA,Houston,0
7077,341,2022-06-10,130.11,51,Male,CA,West,USA,Los Angeles,1
7078,833,2024-05-16,287.44,41,Female,ON,Ontario,Canada,Toronto,1
7079,549,2022-05-17,136.11,44,Female,CA,West,USA,Los Angeles,1
7080,516,2022-10-12,390.43,23,Male,TX,South,USA,Houston,0
7081,559,2024-09-24,524.42,59,Female,CA,West,USA,Los Angeles,0
7082,245,2022-02-20,96.35,50,Female,IL,Midwest,USA,Chicago,0
7083,784,2022-09-13,12.73,24,Female,IL,Midwest,USA,Chicago,0
7084,524,2024-10-09,57.34,60,Female,NY,Northeast,USA,New York,0
7085,400,2024-07-08,451.81,34,Female,CA,West,USA,Los Angeles,0
7086,771,2024-12-27,40.67,51,Other,FL,Southeast,USA,Miami,0
7087,589,2023-04-04,398.23,61,Female,IL,Midwest,USA,Chicago,0
7088,274,2023-01-05,221.07,67,Female,ENG,England,UK,London,0
7089,770,2024-01-08,245.02,37,Female,ENG,England,UK,London,0
7090,501,2022-05-24,368.08,23,Male,ON,Ontario,Canada,Toronto,0
7091,101,2024-07-20,186.83,61,Female,BY,Bavaria,Germany,Munich,0
7092,288,2022-02-28,407.14,47,Male,IL,Midwest,USA,Chicago,0
7093,715,2024-08-21,62.99,65,Male,BY,Bavaria,Germany,Munich,1
7094,398,2024-12-14,405.6,28,Male,NY,Northeast,USA,New York,0
7095,705,2023-11-02,479.97,24,Male,NY,Northeast,USA,New York,0
7096,213,2023-09-25,95.91,59,Female,MH,Maharashtra,India,Mumbai,0
7097,952,2022-09-19,281.88,33,Female,IL,Midwest,USA,Chicago,0
7098,708,2023-10-03,343.52,47,Female,TX,South,USA,Houston,0
7099,245,2024-07-28,84.06,50,Female,IL,Midwest,USA,Chicago,0
7100,315,2023-06-18,292.77,30,Male,ON,Ontario,Canada,Toronto,1
7101,325,2023-05-18,141.64,68,Female,IL,Midwest,USA,Chicago,0
7102,507,2022-02-10,379.25,45,Female,TX,South,USA,Houston,0
7103,341,2024-08-10,322.93,51,Male,CA,West,USA,Los Angeles,1
7104,805,2023-07-11,223.85,56,Female,TX,South,USA,Houston,0
7105,197,2022-02-02,373.84,35,Female,CA,West,USA,Los Angeles,0
7106,142,2024-04-13,412.82,29,Female,CA,West,USA,Los Angeles,0
7107,51,2023-10-02,119.92,57,Female,CA,West,USA,Los Angeles,1
7108,662,2023-04-17,23.91,56,Female,NY,Northeast,USA,New York,1
7109,892,2024-06-06,147.46,54,Female,WA,West,USA,Seattle,0
7110,331,2023-03-18,469.02,46,Female,TX,South,USA,Houston,0
7111,812,2024-03-11,228.98,63,Female,CA,West,USA,Los Angeles,0
7112,489,2024-10-08,121.76,57,Male,MH,Maharashtra,India,Mumbai,0
7113,284,2024-01-05,213.63,43,Female,CA,West,USA,Los Angeles,0
7114,717,2023-05-11,209.61,44,Male,CA,West,USA,Los Angeles,0
7115,1,2022-12-02,232.49,22,Female,IL,Midwest,USA,Chicago,0
7116,924,2023-07-07,244.35,25,Male,CA,West,USA,Los Angeles,0
7117,985,2022-08-13,156.07,48,Female,ON,Ontario,Canada,Toronto,0
7118,861,2022-09-18,156.75,68,Female,ON,Ontario,Canada,Toronto,0
7119,881,2024-03-13,450.1,22,Male,ON,Ontario,Canada,Toronto,0
7120,901,2024-06-03,375.07,18,Male,FL,Southeast,USA,Miami,0
7121,443,2022-06-21,342.9,24,Male,TX,South,USA,Houston,0
7122,50,2024-04-12,115.76,58,Male,NY,Northeast,USA,New York,0
7123,556,2024-04-18,555.53,44,Female,TX,South,USA,Houston,0
7124,421,2024-08-28,58.91,66,Male,TX,South,USA,Houston,1
7125,800,2024-02-02,385.77,41,Male,IL,Midwest,USA,Chicago,1
7126,802,2024-02-28,419.19,33,Female,WA,West,USA,Seattle,0
7127,822,2022-08-27,140.92,52,Female,CA,West,USA,Los Angeles,0
7128,812,2023-06-15,50.64,63,Female,CA,West,USA,Los Angeles,0
7129,841,2024-08-01,415.89,33,Male,CA,West,USA,Los Angeles,1
7130,420,2024-01-07,321.58,44,Female,NSW,NSW,Australia,Sydney,0
7131,648,2024-09-07,541.14,45,Female,MH,Maharashtra,India,Mumbai,0
7132,286,2024-11-17,410.55,66,Male,ON,Ontario,Canada,Toronto,0
7133,617,2022-07-20,465.54,30,Male,NY,Northeast,USA,New York,0
7134,549,2023-11-14,340.05,44,Female,CA,West,USA,Los Angeles,1
7135,45,2024-06-10,284.51,21,Male,TX,South,USA,Houston,0
7136,747,2022-02-02,472.92,45,Female,NY,Northeast,USA,New York,0
7137,672,2024-06-27,460.58,49,Female,NY,Northeast,USA,New York,0
7138,692,2024-06-28,30.44,59,Male,FL,Southeast,USA,Miami,1
7139,234,2024-11-01,331.18,57,Male,NY,Northeast,USA,New York,0
7140,251,2023-05-10,88.21,27,Male,FL,Southeast,USA,Miami,0
7141,36,2024-05-28,531.45,21,Male,TX,South,USA,Houston,0
7142,1,2022-11-12,341.18,22,Female,IL,Midwest,USA,Chicago,0
7143,722,2024-04-18,258.9,66,Male,TX,South,USA,Houston,0
7144,887,2022-09-15,480.34,20,Female,MH,Maharashtra,India,Mumbai,1
7145,397,2024-05-18,195.79,20,Male,IL,Midwest,USA,Chicago,0
7146,446,2023-12-25,241.29,52,Male,BY,Bavaria,Germany,Munich,0
7147,388,2023-03-11,217.87,61,Male,CA,West,USA,Los Angeles,0
7148,833,2023-10-23,79.09,41,Female,ON,Ontario,Canada,Toronto,1
7149,845,2022-08-13,83.44,18,Other,IL,Midwest,USA,Chicago,0
7150,872,2023-12-06,317.57,28,Female,NY,Northeast,USA,New York,0
7151,84,2024-12-03,49.36,61,Male,NY,Northeast,USA,New York,1
7152,939,2024-10-21,522.18,42,Female,TX,South,USA,Houston,0
7153,12,2022-02-17,170.54,68,Female,CA,West,USA,Los Angeles,0
7154,353,2024-07-25,187.35,33,Female,TX,South,USA,Houston,0
7155,292,2024-11-07,87.86,31,Male,NY,Northeast,USA,New York,0
7156,660,2024-09-20,203.8,32,Female,CA,West,USA,Los Angeles,1
7157,267,2023-11-01,369.58,41,Male,MH,Maharashtra,India,Mumbai,0
7158,597,2022-11-04,479.09,48,Male,CA,West,USA,Los Angeles,0
7159,892,2024-05-17,116.89,54,Female,WA,West,USA,Seattle,0
7160,165,2023-03-16,102.84,39,Male,BY,Bavaria,Germany,Munich,0
7161,879,2023-05-17,82.8,46,Female,CA,West,USA,Los Angeles,0
7162,437,2024-09-24,326.21,47,Female,TX,South,USA,Houston,1
7163,598,2023-07-24,71.34,58,Female,TX,South,USA,Houston,0
7164,431,2024-01-06,59.56,22,Male,FL,Southeast,USA,Miami,0
7165,199,2022-10-06,374.53,35,Female,NSW,NSW,Australia,Sydney,0
7166,191,2024-01-16,446.5,53,Male,WA,West,USA,Seattle,0
7167,45,2024-06-27,183.83,21,Male,TX,South,USA,Houston,0
7168,375,2024-07-19,330.31,64,Female,BY,Bavaria,Germany,Munich,0
7169,99,2024-07-05,418.62,51,Other,ON,Ontario,Canada,Toronto,0
7170,437,2024-03-18,38.07,47,Female,TX,South,USA,Houston,1
7171,475,2023-10-10,340.26,50,Male,CA,West,USA,Los Angeles,1
7172,800,2024-11-03,168.27,41,Male,IL,Midwest,USA,Chicago,1
7173,731,2024-09-20,235.72,55,Male,NY,Northeast,USA,New York,0
7174,859,2023-12-08,195.62,52,Female,MH,Maharashtra,India,Mumbai,0
7175,26,2023-04-22,383.71,51,Male,CA,West,USA,Los Angeles,0
7176,718,2022-03-16,239.7,43,Female,BY,Bavaria,Germany,Munich,1
7177,275,2024-01-13,428.33,39,Male,FL,Southeast,USA,Miami,0
7178,806,2024-10-06,184.07,58,Female,NY,Northeast,USA,New York,0
7179,908,2023-03-09,291.74,27,Male,NY,Northeast,USA,New York,0
7180,99,2023-12-10,481.69,51,Other,ON,Ontario,Canada,Toronto,0
7181,513,2024-08-20,251.62,61,Female,CA,West,USA,Los Angeles,0
7182,558,2022-11-12,292.39,63,Male,TX,South,USA,Houston,0
7183,277,2024-06-01,379.17,42,Female,IL,Midwest,USA,Chicago,0
7184,259,2023-10-01,484.45,27,Male,BY,Bavaria,Germany,Munich,0
7185,141,2022-06-08,321.71,69,Female,WA,West,USA,Seattle,0
7186,419,2022-07-15,310.07,33,Male,FL,Southeast,USA,Miami,0
7187,704,2024-10-10,468.64,26,Female,CA,West,USA,Los Angeles,0
7188,704,2024-04-28,555.52,26,Female,CA,West,USA,Los Angeles,0
7189,776,2022-11-07,450.48,67,Male,CA,West,USA,Los Angeles,0
7190,947,2022-10-12,71.19,68,Female,CA,West,USA,Los Angeles,0
7191,634,2023-10-12,361.95,37,Female,BY,Bavaria,Germany,Munich,0
7192,357,2022-04-08,171.0,25,Female,NY,Northeast,USA,New York,0
7193,279,2024-02-25,238.66,21,Female,NY,Northeast,USA,New York,0
7194,578,2022-02-08,326.22,45,Female,CA,West,USA,Los Angeles,0
7195,442,2023-09-01,85.97,33,Female,TX,South,USA,Houston,0
7196,108,2023-03-15,370.38,52,Male,NY,Northeast,USA,New York,0
7197,399,2023-12-18,163.05,32,Male,CA,West,USA,Los Angeles,0
7198,683,2023-12-13,436.11,67,Male,ON,Ontario,Canada,Toronto,0
7199,176,2022-01-12,192.13,42,Male,BY,Bavaria,Germany,Munich,1
7200,239,2022-10-25,34.48,34,Male,TX,South,USA,Houston,0
7201,281,2022-04-11,303.4,32,Male,CA,West,USA,Los Angeles,1
7202,470,2022-05-18,377.39,66,Male,TX,South,USA,Houston,1
7203,816,2024-04-24,349.65,61,Female,NY,Northeast,USA,New York,1
7204,326,2023-11-12,415.1,29,Male,CA,West,USA,Los Angeles,1
7205,128,2023-11-16,428.26,57,Male,CA,West,USA,Los Angeles,0
7206,51,2022-01-11,30.71,57,Female,CA,West,USA,Los Angeles,1
7207,614,2024-04-18,12.21,38,Female,FL,Southeast,USA,Miami,0
7208,741,2024-06-16,134.3,60,Female,NY,Northeast,USA,New York,0
7209,88,2024-07-24,134.52,34,Male,FL,Southeast,USA,Miami,0
7210,620,2024-02-08,320.15,25,Female,NY,Northeast,USA,New York,0
7211,906,2024-11-05,136.93,54,Male,NY,Northeast,USA,New York,0
7212,818,2023-12-12,200.1,23,Male,WA,West,USA,Seattle,1
7213,935,2024-06-18,260.17,41,Male,IL,Midwest,USA,Chicago,0
7214,947,2024-11-08,340.93,68,Female,CA,West,USA,Los Angeles,0
7215,786,2022-09-28,498.4,48,Female,CA,West,USA,Los Angeles,0
7216,411,2023-08-15,368.21,27,Female,CA,West,USA,Los Angeles,0
7217,697,2023-11-23,148.65,55,Male,CA,West,USA,Los Angeles,0
7218,757,2022-07-16,181.89,56,Female,BY,Bavaria,Germany,Munich,0
7219,763,2024-08-12,35.16,67,Male,TX,South,USA,Houston,0
7220,310,2022-04-24,215.57,23,Other,CA,West,USA,Los Angeles,1
7221,443,2024-10-05,334.52,24,Male,TX,South,USA,Houston,0
7222,433,2024-03-08,532.25,60,Male,WA,West,USA,Seattle,0
7223,808,2023-04-22,149.77,23,Female,TX,South,USA,Houston,0
7224,836,2023-07-26,137.07,58,Female,IL,Midwest,USA,Chicago,0
7225,960,2024-06-09,20.66,39,Male,TX,South,USA,Houston,0
7226,899,2024-04-15,326.57,21,Female,CA,West,USA,Los Angeles,0
7227,115,2023-03-14,527.85,44,Male,ON,Ontario,Canada,Toronto,1
7228,376,2023-11-21,203.35,22,Female,WA,West,USA,Seattle,0
7229,405,2024-08-14,284.42,43,Other,FL,Southeast,USA,Miami,0
7230,803,2024-06-18,43.16,44,Female,TX,South,USA,Houston,1
7231,26,2023-11-19,307.22,51,Male,CA,West,USA,Los Angeles,0
7232,766,2023-11-24,119.71,58,Female,CA,West,USA,Los Angeles,0
7233,894,2024-02-04,19.68,68,Male,CA,West,USA,Los Angeles,0
7234,187,2022-08-19,345.08,26,Male,TX,South,USA,Houston,0
7235,342,2022-05-06,82.39,33,Female,FL,Southeast,USA,Miami,0
7236,626,2024-08-01,66.71,30,Female,NY,Northeast,USA,New York,0
7237,595,2022-10-21,121.8,34,Female,BY,Bavaria,Germany,Munich,0
7238,497,2022-01-11,77.39,24,Female,NY,Northeast,USA,New York,0
7239,298,2024-07-21,353.03,40,Male,NY,Northeast,USA,New York,0
7240,63,2024-05-27,157.77,37,Female,ENG,England,UK,London,0
7241,250,2023-07-04,359.11,20,Female,TX,South,USA,Houston,0
7242,548,2023-02-13,294.18,48,Female,TX,South,USA,Houston,0
7243,233,2024-11-03,205.27,19,Male,IL,Midwest,USA,Chicago,0
7244,980,2024-08-24,117.38,47,Female,NSW,NSW,Australia,Sydney,0
7245,194,2024-04-28,380.4,36,Male,IL,Midwest,USA,Chicago,0
7246,780,2024-10-25,299.01,62,Female,FL,Southeast,USA,Miami,0
7247,332,2024-01-28,406.8,37,Female,NSW,NSW,Australia,Sydney,0
7248,201,2024-08-10,288.96,37,Male,BY,Bavaria,Germany,Munich,0
7249,207,2024-07-08,451.37,57,Female,CA,West,USA,Los Angeles,0
7250,222,2022-01-25,279.37,41,Male,NY,Northeast,USA,New York,0
7251,964,2024-04-19,457.56,29,Male,FL,Southeast,USA,Miami,0
7252,320,2024-02-11,312.89,57,Male,FL,Southeast,USA,Miami,0
7253,312,2023-10-06,510.13,52,Male,TX,South,USA,Houston,0
7254,18,2022-09-01,428.06,24,Female,NSW,NSW,Australia,Sydney,1
7255,330,2024-02-02,150.66,46,Male,TX,South,USA,Houston,1
7256,74,2023-02-20,388.8,24,Female,ON,Ontario,Canada,Toronto,0
7257,189,2024-11-08,83.63,30,Female,FL,Southeast,USA,Miami,0
7258,720,2023-03-23,483.82,49,Male,NY,Northeast,USA,New York,0
7259,632,2022-05-24,179.32,35,Female,WA,West,USA,Seattle,0
7260,547,2023-09-13,258.58,40,Male,TX,South,USA,Houston,0
7261,226,2024-01-09,22.49,33,Male,CA,West,USA,Los Angeles,0
7262,697,2022-12-05,435.14,55,Male,CA,West,USA,Los Angeles,0
7263,158,2024-01-08,531.47,46,Male,ON,Ontario,Canada,Toronto,0
7264,716,2023-11-18,254.98,59,Female,CA,West,USA,Los Angeles,1
7265,702,2023-05-22,108.2,50,Female,BY,Bavaria,Germany,Munich,0
7266,74,2023-03-21,370.96,24,Female,ON,Ontario,Canada,Toronto,0
7267,603,2023-06-27,164.84,56,Female,ON,Ontario,Canada,Toronto,0
7268,946,2024-12-19,538.05,24,Female,FL,Southeast,USA,Miami,0
7269,620,2024-07-15,181.96,25,Female,NY,Northeast,USA,New York,0
7270,970,2022-01-10,292.1,19,Male,NY,Northeast,USA,New York,0
7271,836,2023-12-10,36.28,58,Female,IL,Midwest,USA,Chicago,0
7272,35,2024-03-11,554.41,64,Male,CA,West,USA,Los Angeles,0
7273,903,2024-01-25,327.4,29,Other,WA,West,USA,Seattle,0
7274,68,2023-01-16,517.18,37,Male,CA,West,USA,Los Angeles,0
7275,203,2024-11-07,176.23,43,Male,NY,Northeast,USA,New York,0
7276,820,2022-03-06,268.31,69,Female,BY,Bavaria,Germany,Munich,0
7277,489,2022-03-01,19.01,57,Male,MH,Maharashtra,India,Mumbai,0
7278,609,2024-12-24,434.23,68,Other,NY,Northeast,USA,New York,0
7279,292,2024-08-07,102.58,31,Male,NY,Northeast,USA,New York,0
7280,992,2024-05-03,244.62,46,Female,TX,South,USA,Houston,0
7281,89,2022-08-09,338.32,57,Male,NY,Northeast,USA,New York,0
7282,247,2023-04-14,53.25,57,Male,IL,Midwest,USA,Chicago,0
7283,843,2024-07-27,441.25,65,Female,IL,Midwest,USA,Chicago,0
7284,796,2022-05-25,404.84,33,Male,CA,West,USA,Los Angeles,0
7285,285,2023-08-05,286.56,40,Other,NY,Northeast,USA,New York,0
7286,525,2024-10-15,343.2,34,Female,TX,South,USA,Houston,0
7287,37,2022-05-24,56.17,62,Female,WA,West,USA,Seattle,0
7288,556,2023-03-22,243.71,44,Female,TX,South,USA,Houston,0
7289,851,2022-05-14,422.16,68,Female,CA,West,USA,Los Angeles,0
7290,209,2024-10-07,60.22,31,Male,ENG,England,UK,London,0
7291,934,2023-10-22,524.14,51,Male,NY,Northeast,USA,New York,0
7292,607,2022-10-13,248.1,34,Male,IL,Midwest,USA,Chicago,0
7293,48,2022-12-07,16.27,64,Male,WA,West,USA,Seattle,0
7294,411,2022-11-20,176.55,27,Female,CA,West,USA,Los Angeles,0
7295,171,2022-12-25,255.3,23,Male,NY,Northeast,USA,New York,1
7296,221,2024-08-25,537.49,24,Female,CA,West,USA,Los Angeles,0
7297,83,2022-04-27,355.56,26,Male,TX,South,USA,Houston,0
7298,838,2023-08-19,312.39,28,Female,NY,Northeast,USA,New York,0
7299,668,2022-03-22,483.59,62,Female,TX,South,USA,Houston,0
7300,215,2023-02-07,163.81,56,Female,NY,Northeast,USA,New York,1
7301,84,2022-05-10,196.05,61,Male,NY,Northeast,USA,New York,1
7302,301,2024-05-05,432.8,36,Female,FL,Southeast,USA,Miami,0
7303,285,2024-09-03,337.45,40,Other,NY,Northeast,USA,New York,0
7304,87,2024-05-24,131.38,23,Male,NY,Northeast,USA,New York,0
7305,125,2022-01-13,378.02,62,Other,NY,Northeast,USA,New York,0
7306,677,2024-12-16,157.85,48,Female,TX,South,USA,Houston,0
7307,751,2024-08-03,317.91,67,Male,TX,South,USA,Houston,0
7308,284,2022-04-06,429.56,43,Female,CA,West,USA,Los Angeles,0
7309,396,2023-04-03,153.49,63,Female,CA,West,USA,Los Angeles,0
7310,958,2024-02-14,428.93,51,Male,CA,West,USA,Los Angeles,0
7311,344,2023-12-17,457.98,44,Male,NSW,NSW,Australia,Sydney,0
7312,742,2023-04-04,175.33,57,Male,CA,West,USA,Los Angeles,0
7313,840,2024-12-20,119.1,65,Male,CA,West,USA,Los Angeles,0
7314,902,2022-04-03,434.22,20,Male,WA,West,USA,Seattle,0
7315,969,2024-11-24,267.16,65,Female,FL,Southeast,USA,Miami,0
7316,197,2022-01-26,162.56,35,Female,CA,West,USA,Los Angeles,0
7317,951,2022-07-18,15.09,22,Female,IL,Midwest,USA,Chicago,0
7318,640,2022-06-16,105.06,67,Female,ON,Ontario,Canada,Toronto,0
7319,235,2023-05-21,276.9,43,Male,ENG,England,UK,London,0
7320,880,2024-12-07,466.14,50,Male,IL,Midwest,USA,Chicago,0
7321,391,2024-10-26,286.86,56,Male,NY,Northeast,USA,New York,0
7322,962,2024-04-25,162.92,39,Female,IL,Midwest,USA,Chicago,0
7323,467,2023-10-20,493.19,26,Other,IL,Midwest,USA,Chicago,0
7324,651,2023-02-28,202.38,43,Male,IL,Midwest,USA,Chicago,0
7325,480,2023-12-09,95.2,23,Male,CA,West,USA,Los Angeles,0
7326,948,2022-06-25,473.22,24,Female,TX,South,USA,Houston,1
7327,472,2024-03-01,228.76,59,Male,NSW,NSW,Australia,Sydney,0
7328,148,2023-04-21,261.16,30,Female,WA,West,USA,Seattle,0
7329,878,2023-03-09,441.61,56,Female,FL,Southeast,USA,Miami,0
7330,41,2023-12-27,160.05,26,Other,ON,Ontario,Canada,Toronto,0
7331,751,2024-05-16,301.36,67,Male,TX,South,USA,Houston,0
7332,466,2022-03-06,434.48,68,Female,CA,West,USA,Los Angeles,1
7333,693,2024-11-09,151.75,66,Female,IL,Midwest,USA,Chicago,0
7334,318,2024-04-25,501.99,55,Female,TX,South,USA,Houston,1
7335,227,2024-02-23,116.28,60,Male,NY,Northeast,USA,New York,0
7336,926,2022-09-11,428.65,67,Male,IL,Midwest,USA,Chicago,0
7337,187,2022-01-08,202.8,26,Male,TX,South,USA,Houston,0
7338,17,2023-11-01,295.31,44,Male,CA,West,USA,Los Angeles,0
7339,405,2024-08-04,313.81,43,Other,FL,Southeast,USA,Miami,0
7340,318,2024-04-01,123.66,55,Female,TX,South,USA,Houston,1
7341,595,2024-07-10,106.14,34,Female,BY,Bavaria,Germany,Munich,0
7342,350,2022-04-06,358.59,26,Other,WA,West,USA,Seattle,0
7343,359,2022-07-01,414.45,22,Male,NY,Northeast,USA,New York,0
7344,713,2024-08-22,86.36,55,Female,ENG,England,UK,London,0
7345,767,2022-10-25,378.26,49,Male,WA,West,USA,Seattle,0
7346,2,2023-07-26,180.4,58,Female,NSW,NSW,Australia,Sydney,0
7347,169,2024-10-24,337.42,35,Male,CA,West,USA,Los Angeles,0
7348,850,2023-01-04,288.29,49,Male,CA,West,USA,Los Angeles,1
7349,896,2023-12-05,396.71,49,Male,MH,Maharashtra,India,Mumbai,0
7350,935,2022-03-24,275.54,41,Male,IL,Midwest,USA,Chicago,0
7351,356,2023-11-01,59.12,69,Female,MH,Maharashtra,India,Mumbai,0
7352,485,2024-07-22,164.43,42,Male,FL,Southeast,USA,Miami,0
7353,149,2023-02-04,217.28,60,Female,BY,Bavaria,Germany,Munich,1
7354,109,2022-05-02,290.29,42,Female,TX,South,USA,Houston,0
7355,600,2022-12-22,93.06,51,Male,NY,Northeast,USA,New York,0
7356,51,2022-11-21,175.34,57,Female,CA,West,USA,Los Angeles,1
7357,165,2024-10-03,45.89,39,Male,BY,Bavaria,Germany,Munich,0
7358,259,2024-06-02,188.22,27,Male,BY,Bavaria,Germany,Munich,0
7359,47,2023-08-25,276.64,41,Male,NY,Northeast,USA,New York,0
7360,135,2023-04-08,496.99,59,Male,MH,Maharashtra,India,Mumbai,0
7361,14,2022-09-28,97.09,57,Male,IL,Midwest,USA,Chicago,1
7362,503,2023-04-15,24.95,68,Male,NSW,NSW,Australia,Sydney,0
7363,590,2022-11-28,194.83,61,Female,TX,South,USA,Houston,0
7364,411,2024-09-26,344.64,27,Female,CA,West,USA,Los Angeles,0
7365,381,2022-06-18,307.74,18,Male,TX,South,USA,Houston,0
7366,192,2023-09-03,190.08,50,Female,BY,Bavaria,Germany,Munich,0
7367,867,2022-05-26,28.43,60,Male,NY,Northeast,USA,New York,1
7368,834,2024-03-10,515.5,25,Other,CA,West,USA,Los Angeles,0
7369,430,2022-04-08,255.87,55,Female,TX,South,USA,Houston,0
7370,601,2024-04-17,437.36,50,Male,IL,Midwest,USA,Chicago,0
7371,955,2022-04-11,204.48,58,Male,FL,Southeast,USA,Miami,0
7372,627,2024-09-21,467.49,35,Female,NY,Northeast,USA,New York,0
7373,517,2024-10-08,441.84,63,Female,NY,Northeast,USA,New York,0
7374,684,2023-07-26,60.09,67,Male,CA,West,USA,Los Angeles,1
7375,802,2022-12-03,35.12,33,Female,WA,West,USA,Seattle,0
7376,865,2023-11-14,88.25,61,Female,IL,Midwest,USA,Chicago,0
7377,179,2024-02-27,462.78,64,Male,ENG,England,UK,London,0
7378,675,2024-07-24,159.11,50,Female,NY,Northeast,USA,New York,0
7379,896,2022-12-23,203.93,49,Male,MH,Maharashtra,India,Mumbai,0
7380,133,2023-04-18,311.01,22,Male,FL,Southeast,USA,Miami,1
7381,975,2023-06-16,349.19,25,Female,NY,Northeast,USA,New York,0
7382,384,2022-12-06,218.92,30,Female,IL,Midwest,USA,Chicago,0
7383,900,2024-10-09,257.7,50,Male,FL,Southeast,USA,Miami,0
7384,522,2023-11-17,181.03,25,Female,CA,West,USA,Los Angeles,0
7385,471,2022-11-09,56.08,56,Male,NY,Northeast,USA,New York,0
7386,186,2024-03-09,92.6,41,Male,NY,Northeast,USA,New York,0
7387,797,2024-09-20,499.58,68,Male,IL,Midwest,USA,Chicago,0
7388,941,2024-11-20,546.2,53,Male,MH,Maharashtra,India,Mumbai,1
7389,949,2022-04-14,414.47,67,Female,FL,Southeast,USA,Miami,0
7390,253,2024-01-08,179.02,27,Male,ENG,England,UK,London,0
7391,652,2024-03-05,109.08,51,Female,CA,West,USA,Los Angeles,0
7392,773,2023-10-08,275.07,18,Male,WA,West,USA,Seattle,0
7393,956,2022-09-10,56.36,49,Male,TX,South,USA,Houston,0
7394,952,2024-11-27,513.33,33,Female,IL,Midwest,USA,Chicago,0
7395,626,2023-05-10,409.5,30,Female,NY,Northeast,USA,New York,0
7396,275,2024-08-26,545.52,39,Male,FL,Southeast,USA,Miami,0
7397,183,2024-01-16,480.92,43,Male,IL,Midwest,USA,Chicago,0
7398,456,2024-12-13,235.56,46,Female,MH,Maharashtra,India,Mumbai,0
7399,641,2024-08-08,183.64,52,Male,ENG,England,UK,London,0
7400,249,2024-10-22,469.02,58,Female,TX,South,USA,Houston,1
7401,629,2022-04-24,298.07,44,Female,CA,West,USA,Los Angeles,0
7402,823,2022-02-28,440.56,25,Male,TX,South,USA,Houston,0
7403,556,2024-01-23,189.67,44,Female,TX,South,USA,Houston,0
7404,796,2023-11-03,294.43,33,Male,CA,West,USA,Los Angeles,0
7405,321,2024-03-25,264.93,34,Male,BY,Bavaria,Germany,Munich,0
7406,894,2024-11-17,111.76,68,Male,CA,West,USA,Los Angeles,0
7407,987,2023-04-15,291.63,50,Other,WA,West,USA,Seattle,0
7408,63,2024-08-08,56.97,37,Female,ENG,England,UK,London,0
7409,275,2023-04-15,205.37,39,Male,FL,Southeast,USA,Miami,0
7410,741,2024-01-23,303.95,60,Female,NY,Northeast,USA,New York,0
7411,755,2022-08-17,81.17,46,Male,NSW,NSW,Australia,Sydney,0
7412,580,2024-06-03,424.8,23,Male,CA,West,USA,Los Angeles,0
7413,561,2024-06-22,115.92,45,Other,NSW,NSW,Australia,Sydney,0
7414,424,2023-08-23,389.01,48,Female,NY,Northeast,USA,New York,0
7415,568,2023-05-19,23.04,30,Female,MH,Maharashtra,India,Mumbai,0
7416,890,2023-08-06,368.4,32,Male,CA,West,USA,Los Angeles,0
7417,49,2023-09-09,218.58,53,Female,NY,Northeast,USA,New York,1
7418,868,2023-02-13,420.98,61,Male,TX,South,USA,Houston,0
7419,81,2022-05-25,285.36,66,Female,ENG,England,UK,London,0
7420,700,2024-02-23,219.77,22,Female,IL,Midwest,USA,Chicago,0
7421,347,2022-01-03,335.26,69,Male,NY,Northeast,USA,New York,0
7422,173,2023-01-02,212.08,58,Other,WA,West,USA,Seattle,0
7423,8,2024-08-02,206.68,54,Female,TX,South,USA,Houston,0
7424,260,2022-02-26,218.56,48,Female,BY,Bavaria,Germany,Munich,0
7425,4,2022-11-25,358.1,40,Female,TX,South,USA,Houston,0
7426,157,2024-10-07,348.68,24,Female,NY,Northeast,USA,New York,0
7427,393,2024-01-26,514.18,37,Male,FL,Southeast,USA,Miami,0
7428,257,2022-08-15,10.18,53,Male,CA,West,USA,Los Angeles,0
7429,446,2024-01-09,99.53,52,Male,BY,Bavaria,Germany,Munich,0
7430,774,2023-02-21,267.19,55,Female,ON,Ontario,Canada,Toronto,0
7431,19,2022-12-02,338.13,61,Male,CA,West,USA,Los Angeles,0
7432,334,2024-07-04,60.39,61,Female,CA,West,USA,Los Angeles,0
7433,379,2023-01-08,163.41,37,Female,TX,South,USA,Houston,0
7434,283,2022-11-18,494.4,52,Female,NY,Northeast,USA,New York,0
7435,536,2024-12-24,191.01,25,Female,WA,West,USA,Seattle,0
7436,249,2023-08-15,208.03,58,Female,TX,South,USA,Houston,1
7437,220,2023-09-13,134.63,64,Other,ON,Ontario,Canada,Toronto,0
7438,51,2023-10-17,19.66,57,Female,CA,West,USA,Los Angeles,1
7439,709,2024-10-01,167.82,42,Male,CA,West,USA,Los Angeles,0
7440,341,2024-07-19,99.59,51,Male,CA,West,USA,Los Angeles,1
7441,811,2024-11-23,220.31,20,Male,MH,Maharashtra,India,Mumbai,0
7442,95,2022-07-12,123.9,64,Male,ON,Ontario,Canada,Toronto,0
7443,222,2024-04-19,232.84,41,Male,NY,Northeast,USA,New York,0
7444,562,2024-01-09,159.08,20,Female,NY,Northeast,USA,New York,0
7445,851,2023-05-27,486.17,68,Female,CA,West,USA,Los Angeles,0
7446,185,2022-02-06,152.78,43,Female,CA,West,USA,Los Angeles,0
7447,303,2024-01-04,114.71,18,Female,CA,West,USA,Los Angeles,0
7448,272,2023-07-27,406.4,19,Female,WA,West,USA,Seattle,1
7449,34,2024-12-15,456.69,46,Female,IL,Midwest,USA,Chicago,0
7450,479,2023-02-12,303.03,52,Female,IL,Midwest,USA,Chicago,0
7451,674,2022-04-23,178.98,22,Female,CA,West,USA,Los Angeles,1
7452,382,2024-11-08,469.02,66,Female,FL,Southeast,USA,Miami,0
7453,690,2024-06-09,378.82,58,Female,BY,Bavaria,Germany,Munich,0
7454,322,2023-10-02,208.51,23,Female,TX,South,USA,Houston,0
7455,546,2024-08-15,226.14,20,Male,CA,West,USA,Los Angeles,0
7456,957,2023-08-22,11.87,38,Male,FL,Southeast,USA,Miami,0
7457,152,2024-03-28,42.9,32,Female,NY,Northeast,USA,New York,0
7458,59,2022-05-15,76.06,56,Female,FL,Southeast,USA,Miami,0
7459,124,2023-08-03,139.04,42,Female,CA,West,USA,Los Angeles,0
7460,881,2023-01-06,491.6,22,Male,ON,Ontario,Canada,Toronto,0
7461,598,2023-03-08,437.35,58,Female,TX,South,USA,Houston,0
7462,929,2023-06-26,31.78,39,Female,FL,Southeast,USA,Miami,0
7463,386,2022-09-17,17.31,24,Male,NY,Northeast,USA,New York,0
7464,968,2024-07-27,332.8,34,Male,FL,Southeast,USA,Miami,0
7465,382,2022-10-24,194.48,66,Female,FL,Southeast,USA,Miami,0
7466,863,2022-10-25,402.87,24,Female,TX,South,USA,Houston,0
7467,547,2023-01-08,515.91,40,Male,TX,South,USA,Houston,0
7468,810,2024-12-16,282.45,69,Female,ENG,England,UK,London,0
7469,792,2022-11-02,96.93,41,Female,IL,Midwest,USA,Chicago,0
7470,237,2023-04-11,474.31,52,Male,ENG,England,UK,London,0
7471,774,2024-07-09,242.91,55,Female,ON,Ontario,Canada,Toronto,0
7472,181,2022-05-05,214.4,66,Male,IL,Midwest,USA,Chicago,0
7473,507,2024-12-02,397.51,45,Female,TX,South,USA,Houston,0
7474,603,2023-06-11,202.73,56,Female,ON,Ontario,Canada,Toronto,0
7475,59,2024-06-02,140.08,56,Female,FL,Southeast,USA,Miami,0
7476,536,2022-12-18,373.43,25,Female,WA,West,USA,Seattle,0
7477,213,2024-08-08,113.19,59,Female,MH,Maharashtra,India,Mumbai,0
7478,721,2024-03-07,32.75,25,Male,NY,Northeast,USA,New York,0
7479,473,2022-08-04,253.84,40,Male,IL,Midwest,USA,Chicago,0
7480,118,2022-10-13,26.63,25,Male,FL,Southeast,USA,Miami,0
7481,998,2023-05-05,421.42,36,Female,CA,West,USA,Los Angeles,1
7482,287,2022-07-17,488.93,26,Female,NY,Northeast,USA,New York,0
7483,550,2024-08-28,531.81,53,Male,NY,Northeast,USA,New York,0
7484,673,2024-07-21,92.92,51,Male,TX,South,USA,Houston,0
7485,812,2024-12-04,522.67,63,Female,CA,West,USA,Los Angeles,0
7486,612,2024-07-03,72.58,42,Male,TX,South,USA,Houston,0
7487,660,2024-09-25,205.7,32,Female,CA,West,USA,Los Angeles,1
7488,349,2024-10-25,57.48,27,Male,TX,South,USA,Houston,0
7489,323,2023-03-11,437.9,49,Male,TX,South,USA,Houston,0
7490,149,2023-01-13,126.81,60,Female,BY,Bavaria,Germany,Munich,1
7491,985,2023-12-11,355.95,48,Female,ON,Ontario,Canada,Toronto,0
7492,858,2023-10-17,406.74,20,Female,TX,South,USA,Houston,0
7493,229,2023-06-06,208.37,46,Female,CA,West,USA,Los Angeles,1
7494,832,2022-01-27,396.75,30,Female,NY,Northeast,USA,New York,0
7495,678,2023-03-12,179.71,22,Male,ON,Ontario,Canada,Toronto,0
7496,147,2023-01-05,87.59,19,Male,NY,Northeast,USA,New York,0
7497,244,2023-06-09,249.45,51,Male,NSW,NSW,Australia,Sydney,0
7498,750,2022-08-25,358.06,26,Female,NY,Northeast,USA,New York,0
7499,975,2023-03-09,31.22,25,Female,NY,Northeast,USA,New York,0
7500,142,2023-09-23,429.36,29,Female,CA,West,USA,Los Angeles,0
7501,945,2024-12-22,151.5,24,Male,TX,South,USA,Houston,0
7502,452,2024-12-28,385.05,66,Male,CA,West,USA,Los Angeles,0
7503,911,2022-11-05,65.88,58,Female,IL,Midwest,USA,Chicago,1
7504,467,2022-06-12,200.83,26,Other,IL,Midwest,USA,Chicago,0
7505,290,2023-08-24,252.15,42,Female,CA,West,USA,Los Angeles,0
7506,402,2022-07-04,239.54,58,Male,CA,West,USA,Los Angeles,0
7507,504,2023-03-01,152.52,63,Male,IL,Midwest,USA,Chicago,0
7508,343,2024-11-01,301.63,50,Female,CA,West,USA,Los Angeles,0
7509,277,2022-09-03,145.91,42,Female,IL,Midwest,USA,Chicago,0
7510,468,2023-09-23,97.1,48,Male,ON,Ontario,Canada,Toronto,0
7511,301,2024-04-10,84.38,36,Female,FL,Southeast,USA,Miami,0
7512,712,2023-03-04,475.31,45,Female,TX,South,USA,Houston,0
7513,284,2022-11-20,74.02,43,Female,CA,West,USA,Los Angeles,0
7514,332,2022-03-09,203.64,37,Female,NSW,NSW,Australia,Sydney,0
7515,799,2024-02-04,149.44,34,Female,CA,West,USA,Los Angeles,0
7516,581,2022-08-28,311.86,22,Male,NY,Northeast,USA,New York,0
7517,825,2024-09-17,200.95,50,Male,NY,Northeast,USA,New York,0
7518,359,2024-02-13,168.33,22,Male,NY,Northeast,USA,New York,0
7519,784,2023-03-26,513.9,24,Female,IL,Midwest,USA,Chicago,0
7520,972,2024-10-07,558.21,39,Male,ENG,England,UK,London,0
7521,6,2022-12-17,74.98,62,Female,TX,South,USA,Houston,0
7522,684,2023-07-22,370.43,67,Male,CA,West,USA,Los Angeles,1
7523,926,2023-10-01,472.78,67,Male,IL,Midwest,USA,Chicago,0
7524,853,2024-05-08,544.0,68,Male,NY,Northeast,USA,New York,1
7525,396,2022-09-03,156.07,63,Female,CA,West,USA,Los Angeles,0
7526,433,2022-08-15,394.37,60,Male,WA,West,USA,Seattle,0
7527,307,2024-11-20,191.06,33,Female,CA,West,USA,Los Angeles,0
7528,257,2022-10-05,314.58,53,Male,CA,West,USA,Los Angeles,0
7529,803,2024-04-04,292.71,44,Female,TX,South,USA,Houston,1
7530,79,2024-03-13,399.47,47,Female,MH,Maharashtra,India,Mumbai,0
7531,435,2024-11-12,512.09,40,Female,IL,Midwest,USA,Chicago,0
7532,818,2024-01-04,73.09,23,Male,WA,West,USA,Seattle,1
7533,702,2024-09-20,133.49,50,Female,BY,Bavaria,Germany,Munich,0
7534,699,2022-07-22,297.02,20,Male,NY,Northeast,USA,New York,0
7535,476,2024-02-12,207.24,58,Female,CA,West,USA,Los Angeles,0
7536,822,2024-09-11,317.35,52,Female,CA,West,USA,Los Angeles,0
7537,372,2024-07-05,440.79,52,Male,TX,South,USA,Houston,0
7538,680,2024-11-09,395.08,66,Male,NSW,NSW,Australia,Sydney,0
7539,32,2023-03-15,408.77,29,Female,CA,West,USA,Los Angeles,0
7540,38,2023-01-28,94.32,61,Male,IL,Midwest,USA,Chicago,0
7541,276,2022-02-06,24.88,43,Female,TX,South,USA,Houston,0
7542,425,2023-04-24,463.38,39,Male,NY,Northeast,USA,New York,0
7543,308,2024-09-15,259.0,46,Male,TX,South,USA,Houston,0
7544,332,2024-05-16,360.06,37,Female,NSW,NSW,Australia,Sydney,0
7545,91,2023-02-09,48.49,40,Female,CA,West,USA,Los Angeles,0
7546,434,2023-12-27,378.19,24,Female,ON,Ontario,Canada,Toronto,0
7547,96,2024-02-02,66.99,32,Male,IL,Midwest,USA,Chicago,0
7548,669,2023-05-06,419.55,65,Female,NY,Northeast,USA,New York,0
7549,791,2024-11-09,44.52,22,Female,MH,Maharashtra,India,Mumbai,1
7550,567,2024-09-17,56.86,29,Male,TX,South,USA,Houston,0
7551,324,2022-05-12,178.22,65,Female,FL,Southeast,USA,Miami,0
7552,636,2022-12-27,113.89,53,Male,TX,South,USA,Houston,1
7553,860,2024-07-06,551.47,59,Male,CA,West,USA,Los Angeles,0
7554,211,2023-01-16,245.02,31,Other,WA,West,USA,Seattle,0
7555,201,2024-01-14,268.5,37,Male,BY,Bavaria,Germany,Munich,0
7556,497,2022-12-09,32.77,24,Female,NY,Northeast,USA,New York,0
7557,429,2022-04-01,250.78,19,Female,CA,West,USA,Los Angeles,1
7558,236,2023-11-23,43.82,55,Female,IL,Midwest,USA,Chicago,0
7559,320,2024-01-06,355.91,57,Male,FL,Southeast,USA,Miami,0
7560,512,2024-03-04,549.88,56,Female,NY,Northeast,USA,New York,0
7561,930,2024-11-16,192.07,48,Male,WA,West,USA,Seattle,0
7562,296,2023-12-05,430.3,45,Male,NY,Northeast,USA,New York,0
7563,153,2024-01-18,541.07,65,Female,NY,Northeast,USA,New York,0
7564,218,2022-03-21,484.3,23,Male,FL,Southeast,USA,Miami,1
7565,594,2024-10-07,420.56,68,Male,CA,West,USA,Los Angeles,0
7566,941,2024-07-02,488.65,53,Male,MH,Maharashtra,India,Mumbai,1
7567,916,2023-06-03,193.15,41,Female,CA,West,USA,Los Angeles,0
7568,269,2024-03-02,331.62,49,Male,CA,West,USA,Los Angeles,0
7569,305,2022-12-14,334.81,46,Male,IL,Midwest,USA,Chicago,0
7570,626,2022-03-11,116.51,30,Female,NY,Northeast,USA,New York,0
7571,233,2023-04-22,173.39,19,Male,IL,Midwest,USA,Chicago,0
7572,627,2024-05-12,209.55,35,Female,NY,Northeast,USA,New York,0
7573,882,2023-03-19,44.73,62,Male,NY,Northeast,USA,New York,1
7574,577,2024-07-14,261.75,66,Female,MH,Maharashtra,India,Mumbai,0
7575,738,2022-05-12,393.84,35,Male,NY,Northeast,USA,New York,0
7576,719,2024-08-21,367.8,30,Female,NSW,NSW,Australia,Sydney,0
7577,171,2023-06-15,335.29,23,Male,NY,Northeast,USA,New York,1
7578,609,2022-02-16,306.9,68,Other,NY,Northeast,USA,New York,0
7579,250,2024-11-13,23.56,20,Female,TX,South,USA,Houston,0
7580,850,2024-07-20,13.01,49,Male,CA,West,USA,Los Angeles,1
7581,727,2023-05-09,98.44,55,Female,IL,Midwest,USA,Chicago,0
7582,26,2022-01-02,457.52,51,Male,CA,West,USA,Los Angeles,0
7583,283,2022-08-12,429.99,52,Female,NY,Northeast,USA,New York,0
7584,74,2024-10-09,327.74,24,Female,ON,Ontario,Canada,Toronto,0
7585,390,2024-09-26,222.71,25,Female,TX,South,USA,Houston,0
7586,555,2024-10-28,540.03,69,Male,NY,Northeast,USA,New York,1
7587,948,2024-03-07,47.41,24,Female,TX,South,USA,Houston,1
7588,400,2024-12-12,64.5,34,Female,CA,West,USA,Los Angeles,0
7589,460,2022-04-13,314.3,23,Female,FL,Southeast,USA,Miami,0
7590,213,2023-04-07,294.98,59,Female,MH,Maharashtra,India,Mumbai,0
7591,588,2024-07-01,549.74,23,Female,NY,Northeast,USA,New York,0
7592,353,2022-01-28,403.25,33,Female,TX,South,USA,Houston,0
7593,720,2022-06-19,469.73,49,Male,NY,Northeast,USA,New York,0
7594,650,2024-03-12,407.27,62,Female,CA,West,USA,Los Angeles,0
7595,113,2024-10-06,519.86,46,Other,WA,West,USA,Seattle,0
7596,854,2024-10-14,388.12,30,Male,TX,South,USA,Houston,0
7597,308,2022-08-08,267.58,46,Male,TX,South,USA,Houston,0
7598,182,2024-06-07,329.52,25,Male,ON,Ontario,Canada,Toronto,0
7599,643,2022-05-27,451.59,62,Female,WA,West,USA,Seattle,0
7600,293,2022-11-19,61.29,67,Male,CA,West,USA,Los Angeles,0
7601,503,2024-07-09,321.48,68,Male,NSW,NSW,Australia,Sydney,0
7602,141,2024-07-06,226.47,69,Female,WA,West,USA,Seattle,0
7603,806,2024-02-22,375.03,58,Female,NY,Northeast,USA,New York,0
7604,997,2024-04-18,342.56,45,Female,FL,Southeast,USA,Miami,0
7605,351,2024-05-24,230.51,45,Male,NY,Northeast,USA,New York,0
7606,20,2023-09-22,368.63,41,Female,CA,West,USA,Los Angeles,0
7607,721,2023-11-12,288.99,25,Male,NY,Northeast,USA,New York,0
7608,158,2024-12-19,114.09,46,Male,ON,Ontario,Canada,Toronto,0
7609,486,2024-06-11,361.37,30,Female,BY,Bavaria,Germany,Munich,0
7610,385,2023-07-03,24.46,19,Male,NY,Northeast,USA,New York,0
7611,124,2023-10-01,438.06,42,Female,CA,West,USA,Los Angeles,0
7612,199,2023-05-03,481.43,35,Female,NSW,NSW,Australia,Sydney,0
7613,865,2023-08-26,51.08,61,Female,IL,Midwest,USA,Chicago,0
7614,681,2024-09-24,152.12,55,Female,WA,West,USA,Seattle,0
7615,302,2022-04-11,72.14,60,Male,FL,Southeast,USA,Miami,0
7616,23,2023-04-26,411.49,27,Male,ENG,England,UK,London,0
7617,164,2024-05-21,50.19,39,Male,CA,West,USA,Los Angeles,1
7618,515,2023-08-04,291.65,67,Male,TX,South,USA,Houston,0
7619,734,2023-04-07,212.24,58,Female,NSW,NSW,Australia,Sydney,0
7620,197,2023-03-11,400.6,35,Female,CA,West,USA,Los Angeles,0
7621,697,2022-03-23,323.17,55,Male,CA,West,USA,Los Angeles,0
7622,632,2022-11-19,276.65,35,Female,WA,West,USA,Seattle,0
7623,69,2022-11-12,256.71,21,Male,TX,South,USA,Houston,0
7624,118,2022-12-24,389.76,25,Male,FL,Southeast,USA,Miami,0
7625,164,2022-11-10,243.84,39,Male,CA,West,USA,Los Angeles,1
7626,198,2023-03-26,228.65,24,Female,WA,West,USA,Seattle,1
7627,18,2022-02-21,22.41,24,Female,NSW,NSW,Australia,Sydney,1
7628,831,2024-07-20,158.58,30,Female,FL,Southeast,USA,Miami,0
7629,859,2022-07-03,191.24,52,Female,MH,Maharashtra,India,Mumbai,0
7630,901,2023-10-05,311.21,18,Male,FL,Southeast,USA,Miami,0
7631,881,2024-04-28,380.65,22,Male,ON,Ontario,Canada,Toronto,0
7632,362,2022-12-22,481.72,64,Female,MH,Maharashtra,India,Mumbai,1
7633,389,2023-05-08,154.31,64,Male,ENG,England,UK,London,0
7634,588,2024-08-25,309.97,23,Female,NY,Northeast,USA,New York,0
7635,931,2023-11-09,403.29,45,Female,ON,Ontario,Canada,Toronto,0
7636,676,2022-07-10,162.16,55,Female,FL,Southeast,USA,Miami,1
7637,604,2024-10-09,312.23,24,Female,BY,Bavaria,Germany,Munich,0
7638,761,2024-10-14,240.9,27,Male,IL,Midwest,USA,Chicago,0
7639,861,2023-10-22,216.93,68,Female,ON,Ontario,Canada,Toronto,0
7640,536,2022-11-05,40.71,25,Female,WA,West,USA,Seattle,0
7641,769,2022-06-28,21.88,25,Female,IL,Midwest,USA,Chicago,0
7642,579,2024-05-09,173.3,64,Female,NY,Northeast,USA,New York,0
7643,749,2023-11-28,484.44,34,Female,NY,Northeast,USA,New York,0
7644,784,2022-08-25,104.46,24,Female,IL,Midwest,USA,Chicago,0
7645,717,2023-08-16,43.32,44,Male,CA,West,USA,Los Angeles,0
7646,547,2024-06-03,351.57,40,Male,TX,South,USA,Houston,0
7647,889,2022-03-17,479.69,18,Female,IL,Midwest,USA,Chicago,0
7648,538,2022-07-22,38.01,24,Male,CA,West,USA,Los Angeles,0
7649,350,2023-12-28,397.79,26,Other,WA,West,USA,Seattle,0
7650,284,2024-05-03,70.74,43,Female,CA,West,USA,Los Angeles,0
7651,329,2023-04-21,80.89,25,Female,BY,Bavaria,Germany,Munich,0
7652,839,2024-02-09,524.92,18,Female,FL,Southeast,USA,Miami,0
7653,957,2022-07-21,353.59,38,Male,FL,Southeast,USA,Miami,0
7654,442,2023-05-17,301.1,33,Female,TX,South,USA,Houston,0
7655,304,2023-09-25,96.12,64,Female,IL,Midwest,USA,Chicago,0
7656,553,2023-03-01,300.97,61,Male,TX,South,USA,Houston,0
7657,379,2023-04-15,42.94,37,Female,TX,South,USA,Houston,0
7658,633,2024-01-19,227.66,40,Male,MH,Maharashtra,India,Mumbai,0
7659,53,2023-01-11,376.49,36,Male,NY,Northeast,USA,New York,0
7660,541,2024-11-09,323.1,54,Male,NY,Northeast,USA,New York,0
7661,215,2022-12-10,340.83,56,Female,NY,Northeast,USA,New York,1
7662,443,2023-10-21,70.77,24,Male,TX,South,USA,Houston,0
7663,617,2023-11-06,404.62,30,Male,NY,Northeast,USA,New York,0
7664,486,2023-02-28,507.29,30,Female,BY,Bavaria,Germany,Munich,0
7665,957,2022-12-06,454.69,38,Male,FL,Southeast,USA,Miami,0
7666,100,2024-07-12,59.46,25,Female,NY,Northeast,USA,New York,0
7667,399,2024-10-28,65.31,32,Male,CA,West,USA,Los Angeles,0
7668,823,2024-08-01,292.93,25,Male,TX,South,USA,Houston,0
7669,337,2024-05-10,298.8,68,Female,CA,West,USA,Los Angeles,0
7670,81,2022-04-24,429.99,66,Female,ENG,England,UK,London,0
7671,607,2023-02-09,202.2,34,Male,IL,Midwest,USA,Chicago,0
7672,988,2023-06-08,277.82,34,Female,ON,Ontario,Canada,Toronto,0
7673,919,2024-07-01,122.99,31,Female,CA,West,USA,Los Angeles,0
7674,970,2022-12-05,473.83,19,Male,NY,Northeast,USA,New York,0
7675,407,2022-01-06,69.25,40,Female,TX,South,USA,Houston,0
7676,883,2024-08-25,507.36,41,Female,CA,West,USA,Los Angeles,0
7677,7,2022-07-16,446.44,22,Male,IL,Midwest,USA,Chicago,0
7678,77,2024-01-07,38.9,35,Female,WA,West,USA,Seattle,1
7679,754,2023-05-23,413.35,66,Female,FL,Southeast,USA,Miami,0
7680,26,2024-06-17,196.43,51,Male,CA,West,USA,Los Angeles,0
7681,600,2024-07-09,134.52,51,Male,NY,Northeast,USA,New York,0
7682,618,2024-04-08,232.06,31,Female,CA,West,USA,Los Angeles,0
7683,195,2022-01-07,462.73,67,Female,IL,Midwest,USA,Chicago,0
7684,166,2022-05-20,205.46,60,Female,ENG,England,UK,London,0
7685,168,2022-11-21,128.93,26,Other,NY,Northeast,USA,New York,0
7686,941,2022-11-19,267.05,53,Male,MH,Maharashtra,India,Mumbai,1
7687,210,2024-03-13,236.0,58,Female,NY,Northeast,USA,New York,0
7688,658,2023-09-15,20.48,50,Male,NY,Northeast,USA,New York,0
7689,858,2023-12-26,107.36,20,Female,TX,South,USA,Houston,0
7690,860,2022-03-16,18.44,59,Male,CA,West,USA,Los Angeles,0
7691,277,2024-02-18,297.78,42,Female,IL,Midwest,USA,Chicago,0
7692,995,2022-01-07,324.25,45,Male,ENG,England,UK,London,0
7693,361,2023-03-13,383.7,61,Female,FL,Southeast,USA,Miami,0
7694,939,2023-11-01,118.58,42,Female,TX,South,USA,Houston,0
7695,277,2022-11-13,404.46,42,Female,IL,Midwest,USA,Chicago,0
7696,106,2024-08-23,236.78,58,Female,NY,Northeast,USA,New York,0
7697,576,2022-05-19,34.1,37,Male,TX,South,USA,Houston,0
7698,983,2024-11-25,520.32,46,Female,CA,West,USA,Los Angeles,0
7699,717,2024-03-10,391.76,44,Male,CA,West,USA,Los Angeles,0
7700,71,2024-03-22,319.93,59,Male,TX,South,USA,Houston,0
7701,811,2024-02-21,33.27,20,Male,MH,Maharashtra,India,Mumbai,0
7702,779,2024-11-20,18.87,32,Female,ENG,England,UK,London,0
7703,955,2023-10-23,303.98,58,Male,FL,Southeast,USA,Miami,0
7704,750,2023-08-14,467.04,26,Female,NY,Northeast,USA,New York,0
7705,412,2024-10-10,366.53,29,Female,CA,West,USA,Los Angeles,0
7706,213,2024-03-17,14.24,59,Female,MH,Maharashtra,India,Mumbai,0
7707,958,2023-06-11,341.99,51,Male,CA,West,USA,Los Angeles,0
7708,383,2022-11-20,180.82,67,Female,TX,South,USA,Houston,0
7709,547,2023-12-25,73.98,40,Male,TX,South,USA,Houston,0
7710,631,2023-07-01,432.12,56,Other,CA,West,USA,Los Angeles,0
7711,988,2022-02-18,292.46,34,Female,ON,Ontario,Canada,Toronto,0
7712,498,2023-12-12,386.76,37,Male,NY,Northeast,USA,New York,0
7713,875,2022-06-03,90.88,54,Other,NY,Northeast,USA,New York,0
7714,704,2023-05-07,70.92,26,Female,CA,West,USA,Los Angeles,0
7715,196,2024-02-24,293.56,22,Female,TX,South,USA,Houston,0
7716,132,2023-01-11,284.78,46,Female,ENG,England,UK,London,0
7717,636,2024-08-03,330.63,53,Male,TX,South,USA,Houston,1
7718,408,2022-08-21,374.67,25,Male,CA,West,USA,Los Angeles,0
7719,39,2022-04-07,335.16,32,Male,ON,Ontario,Canada,Toronto,0
7720,718,2024-03-11,382.33,43,Female,BY,Bavaria,Germany,Munich,1
7721,940,2024-07-06,107.24,44,Other,WA,West,USA,Seattle,0
7722,9,2024-06-21,240.66,28,Female,CA,West,USA,Los Angeles,0
7723,936,2024-05-26,340.47,66,Other,NSW,NSW,Australia,Sydney,0
7724,651,2024-04-28,295.83,43,Male,IL,Midwest,USA,Chicago,0
7725,959,2024-11-03,178.16,68,Female,NY,Northeast,USA,New York,0
7726,541,2024-12-26,529.42,54,Male,NY,Northeast,USA,New York,0
7727,362,2024-05-18,88.14,64,Female,MH,Maharashtra,India,Mumbai,1
7728,925,2022-09-24,487.57,30,Male,BY,Bavaria,Germany,Munich,0
7729,589,2022-11-03,393.21,61,Female,IL,Midwest,USA,Chicago,0
7730,963,2023-01-24,320.25,61,Male,CA,West,USA,Los Angeles,0
7731,260,2023-12-10,76.81,48,Female,BY,Bavaria,Germany,Munich,0
7732,690,2024-07-12,320.67,58,Female,BY,Bavaria,Germany,Munich,0
7733,598,2023-08-26,56.28,58,Female,TX,South,USA,Houston,0
7734,539,2023-07-21,494.64,46,Male,FL,Southeast,USA,Miami,0
7735,834,2024-04-15,167.94,25,Other,CA,West,USA,Los Angeles,0
7736,531,2023-10-19,218.11,49,Female,CA,West,USA,Los Angeles,0
7737,812,2024-10-10,360.66,63,Female,CA,West,USA,Los Angeles,0
7738,445,2022-02-28,19.19,44,Male,ON,Ontario,Canada,Toronto,0
7739,170,2023-08-02,292.08,19,Male,ENG,England,UK,London,0
7740,779,2023-12-17,381.89,32,Female,ENG,England,UK,London,0
7741,643,2023-11-02,118.25,62,Female,WA,West,USA,Seattle,0
7742,335,2022-08-13,85.47,41,Female,CA,West,USA,Los Angeles,1
7743,10,2023-03-15,263.89,22,Male,IL,Midwest,USA,Chicago,0
7744,243,2023-05-24,289.29,22,Female,CA,West,USA,Los Angeles,0
7745,424,2023-03-27,238.65,48,Female,NY,Northeast,USA,New York,0
7746,442,2024-11-21,173.43,33,Female,TX,South,USA,Houston,0
7747,737,2022-10-27,210.82,55,Male,CA,West,USA,Los Angeles,1
7748,333,2023-12-04,172.8,34,Male,TX,South,USA,Houston,0
7749,80,2022-01-15,132.33,52,Male,ENG,England,UK,London,0
7750,815,2024-12-17,270.3,58,Male,NY,Northeast,USA,New York,0
7751,350,2024-12-03,228.33,26,Other,WA,West,USA,Seattle,0
7752,276,2024-09-17,250.14,43,Female,TX,South,USA,Houston,0
7753,754,2024-11-02,11.33,66,Female,FL,Southeast,USA,Miami,0
7754,403,2023-06-18,370.39,34,Male,ON,Ontario,Canada,Toronto,0
7755,498,2024-05-07,36.92,37,Male,NY,Northeast,USA,New York,0
7756,271,2023-03-27,117.96,33,Male,FL,Southeast,USA,Miami,0
7757,888,2024-01-10,452.13,28,Male,CA,West,USA,Los Angeles,0
7758,539,2023-01-17,521.77,46,Male,FL,Southeast,USA,Miami,0
7759,314,2023-09-18,525.57,32,Female,NY,Northeast,USA,New York,0
7760,307,2024-05-25,336.22,33,Female,CA,West,USA,Los Angeles,0
7761,433,2024-01-10,153.57,60,Male,WA,West,USA,Seattle,0
7762,627,2024-02-11,469.36,35,Female,NY,Northeast,USA,New York,0
7763,245,2022-09-20,328.66,50,Female,IL,Midwest,USA,Chicago,0
7764,807,2023-12-02,522.83,46,Female,TX,South,USA,Houston,0
7765,350,2023-06-16,295.8,26,Other,WA,West,USA,Seattle,0
7766,750,2023-10-11,283.89,26,Female,NY,Northeast,USA,New York,0
7767,918,2023-12-28,33.35,58,Female,TX,South,USA,Houston,0
7768,302,2023-09-15,111.57,60,Male,FL,Southeast,USA,Miami,0
7769,508,2024-10-22,377.21,30,Male,CA,West,USA,Los Angeles,0
7770,566,2022-08-24,496.95,30,Other,BY,Bavaria,Germany,Munich,0
7771,749,2024-12-05,272.22,34,Female,NY,Northeast,USA,New York,0
7772,383,2024-05-18,27.17,67,Female,TX,South,USA,Houston,0
7773,733,2024-10-20,230.46,65,Male,CA,West,USA,Los Angeles,0
7774,651,2023-06-13,76.21,43,Male,IL,Midwest,USA,Chicago,0
7775,331,2022-03-06,480.26,46,Female,TX,South,USA,Houston,0
7776,872,2022-10-13,79.24,28,Female,NY,Northeast,USA,New York,0
7777,39,2024-11-02,75.88,32,Male,ON,Ontario,Canada,Toronto,0
7778,841,2023-11-28,248.36,33,Male,CA,West,USA,Los Angeles,1
7779,357,2022-12-03,275.54,25,Female,NY,Northeast,USA,New York,0
7780,888,2024-10-04,404.85,28,Male,CA,West,USA,Los Angeles,0
7781,245,2024-07-04,213.15,50,Female,IL,Midwest,USA,Chicago,0
7782,403,2024-12-06,503.47,34,Male,ON,Ontario,Canada,Toronto,0
7783,105,2023-03-06,321.51,59,Other,NY,Northeast,USA,New York,1
7784,812,2024-02-18,37.14,63,Female,CA,West,USA,Los Angeles,0
7785,703,2022-06-04,26.74,26,Female,ENG,England,UK,London,0
7786,377,2022-08-20,239.7,56,Male,NY,Northeast,USA,New York,0
7787,601,2024-09-12,252.36,50,Male,IL,Midwest,USA,Chicago,0
7788,102,2024-11-12,259.46,28,Female,CA,West,USA,Los Angeles,0
7789,639,2023-01-15,40.3,59,Male,WA,West,USA,Seattle,0
7790,589,2022-11-01,36.1,61,Female,IL,Midwest,USA,Chicago,0
7791,870,2023-08-15,42.16,20,Male,TX,South,USA,Houston,0
7792,597,2024-12-15,413.98,48,Male,CA,West,USA,Los Angeles,0
7793,313,2024-05-21,341.28,24,Other,IL,Midwest,USA,Chicago,0
7794,761,2023-08-05,81.48,27,Male,IL,Midwest,USA,Chicago,0
7795,754,2022-10-02,221.19,66,Female,FL,Southeast,USA,Miami,0
7796,841,2024-07-02,528.68,33,Male,CA,West,USA,Los Angeles,1
7797,660,2024-03-27,49.14,32,Female,CA,West,USA,Los Angeles,1
7798,896,2023-01-10,108.85,49,Male,MH,Maharashtra,India,Mumbai,0
7799,616,2024-02-07,225.02,51,Male,BY,Bavaria,Germany,Munich,0
7800,703,2024-07-04,140.66,26,Female,ENG,England,UK,London,0
7801,927,2023-09-08,92.94,46,Male,CA,West,USA,Los Angeles,0
7802,627,2024-08-13,545.37,35,Female,NY,Northeast,USA,New York,0
7803,593,2024-10-28,431.82,30,Male,FL,Southeast,USA,Miami,0
7804,16,2023-01-22,389.33,58,Male,NY,Northeast,USA,New York,0
7805,231,2024-03-24,522.85,42,Male,NSW,NSW,Australia,Sydney,0
7806,114,2024-10-02,113.85,41,Other,NY,Northeast,USA,New York,0
7807,295,2023-10-17,472.72,46,Male,BY,Bavaria,Germany,Munich,1
7808,141,2022-09-14,491.51,69,Female,WA,West,USA,Seattle,0
7809,621,2024-10-06,332.97,40,Female,NY,Northeast,USA,New York,0
7810,260,2022-12-14,452.59,48,Female,BY,Bavaria,Germany,Munich,0
7811,238,2022-12-17,409.9,40,Male,CA,West,USA,Los Angeles,0
7812,894,2023-09-01,175.71,68,Male,CA,West,USA,Los Angeles,0
7813,437,2024-05-28,193.59,47,Female,TX,South,USA,Houston,1
7814,727,2024-01-21,382.09,55,Female,IL,Midwest,USA,Chicago,0
7815,60,2024-09-26,314.21,53,Female,ENG,England,UK,London,1
7816,634,2024-06-03,222.46,37,Female,BY,Bavaria,Germany,Munich,0
7817,881,2023-03-02,35.04,22,Male,ON,Ontario,Canada,Toronto,0
7818,125,2023-04-27,22.52,62,Other,NY,Northeast,USA,New York,0
7819,179,2024-12-27,64.98,64,Male,ENG,England,UK,London,0
7820,656,2023-01-18,220.51,45,Male,ENG,England,UK,London,0
7821,621,2024-10-06,26.24,40,Female,NY,Northeast,USA,New York,0
7822,731,2023-12-09,87.56,55,Male,NY,Northeast,USA,New York,0
7823,258,2022-09-23,484.36,23,Female,MH,Maharashtra,India,Mumbai,1
7824,308,2024-01-26,258.48,46,Male,TX,South,USA,Houston,0
7825,76,2022-11-19,467.29,42,Female,NY,Northeast,USA,New York,0
7826,244,2022-09-12,103.08,51,Male,NSW,NSW,Australia,Sydney,0
7827,643,2023-04-24,196.82,62,Female,WA,West,USA,Seattle,0
7828,687,2022-08-08,338.89,39,Male,ON,Ontario,Canada,Toronto,0
7829,563,2023-03-04,524.74,43,Male,TX,South,USA,Houston,0
7830,121,2024-09-11,395.27,40,Female,CA,West,USA,Los Angeles,0
7831,864,2023-12-14,479.21,58,Male,ENG,England,UK,London,0
7832,582,2024-07-18,38.16,61,Female,CA,West,USA,Los Angeles,0
7833,36,2023-12-20,168.41,21,Male,TX,South,USA,Houston,0
7834,976,2022-06-21,442.57,29,Female,CA,West,USA,Los Angeles,0
7835,586,2022-11-06,266.38,66,Female,NY,Northeast,USA,New York,0
7836,25,2024-10-19,104.42,58,Male,IL,Midwest,USA,Chicago,0
7837,406,2024-02-02,104.39,44,Female,TX,South,USA,Houston,0
7838,183,2024-12-26,427.55,43,Male,IL,Midwest,USA,Chicago,0
7839,6,2023-12-13,92.64,62,Female,TX,South,USA,Houston,0
7840,531,2024-05-27,284.32,49,Female,CA,West,USA,Los Angeles,0
7841,22,2024-10-25,110.69,37,Male,TX,South,USA,Houston,0
7842,71,2024-04-06,125.51,59,Male,TX,South,USA,Houston,0
7843,496,2022-01-04,204.67,39,Male,WA,West,USA,Seattle,0
7844,708,2024-03-26,76.0,47,Female,TX,South,USA,Houston,0
7845,360,2023-07-14,353.06,56,Female,NY,Northeast,USA,New York,0
7846,81,2024-01-03,102.37,66,Female,ENG,England,UK,London,0
7847,714,2023-03-18,401.2,57,Male,TX,South,USA,Houston,0
7848,192,2023-12-27,281.37,50,Female,BY,Bavaria,Germany,Munich,0
7849,242,2023-07-17,190.57,48,Male,NY,Northeast,USA,New York,0
7850,548,2024-11-08,348.3,48,Female,TX,South,USA,Houston,0
7851,193,2023-03-10,222.32,49,Male,NY,Northeast,USA,New York,0
7852,816,2023-02-08,53.45,61,Female,NY,Northeast,USA,New York,1
7853,800,2023-10-16,171.15,41,Male,IL,Midwest,USA,Chicago,1
7854,367,2024-05-12,299.14,42,Female,BY,Bavaria,Germany,Munich,0
7855,734,2023-07-10,64.75,58,Female,NSW,NSW,Australia,Sydney,0
7856,57,2024-12-06,413.11,46,Male,BY,Bavaria,Germany,Munich,0
7857,824,2023-05-01,195.74,51,Female,CA,West,USA,Los Angeles,0
7858,348,2024-07-24,123.59,66,Female,FL,Southeast,USA,Miami,0
7859,955,2024-09-23,15.62,58,Male,FL,Southeast,USA,Miami,0
7860,74,2024-02-04,57.81,24,Female,ON,Ontario,Canada,Toronto,0
7861,205,2024-10-07,141.42,41,Male,TX,South,USA,Houston,0
7862,189,2023-07-13,201.2,30,Female,FL,Southeast,USA,Miami,0
7863,621,2022-03-17,85.12,40,Female,NY,Northeast,USA,New York,0
7864,469,2024-06-26,310.29,27,Female,TX,South,USA,Houston,0
7865,33,2022-07-20,105.25,22,Male,FL,Southeast,USA,Miami,0
7866,881,2022-09-18,477.79,22,Male,ON,Ontario,Canada,Toronto,0
7867,346,2024-12-21,321.16,31,Female,FL,Southeast,USA,Miami,0
7868,894,2023-10-18,424.37,68,Male,CA,West,USA,Los Angeles,0
7869,357,2023-06-27,229.69,25,Female,NY,Northeast,USA,New York,0
7870,705,2024-12-28,123.64,24,Male,NY,Northeast,USA,New York,0
7871,963,2023-10-13,244.1,61,Male,CA,West,USA,Los Angeles,0
7872,843,2022-01-01,212.04,65,Female,IL,Midwest,USA,Chicago,0
7873,690,2022-02-28,315.59,58,Female,BY,Bavaria,Germany,Munich,0
7874,535,2023-04-09,483.58,48,Male,CA,West,USA,Los Angeles,0
7875,812,2024-02-08,141.39,63,Female,CA,West,USA,Los Angeles,0
7876,956,2024-07-04,64.19,49,Male,TX,South,USA,Houston,0
7877,500,2023-05-22,382.13,40,Male,TX,South,USA,Houston,0
7878,835,2023-12-06,10.8,62,Other,TX,South,USA,Houston,0
7879,7,2023-07-28,423.32,22,Male,IL,Midwest,USA,Chicago,0
7880,658,2022-04-07,366.67,50,Male,NY,Northeast,USA,New York,0
7881,958,2024-12-03,464.4,51,Male,CA,West,USA,Los Angeles,0
7882,234,2024-07-18,60.93,57,Male,NY,Northeast,USA,New York,0
7883,808,2022-02-06,109.82,23,Female,TX,South,USA,Houston,0
7884,762,2024-02-08,313.95,46,Male,MH,Maharashtra,India,Mumbai,0
7885,151,2024-09-03,190.82,62,Male,NY,Northeast,USA,New York,0
7886,876,2023-07-19,449.92,44,Male,CA,West,USA,Los Angeles,0
7887,604,2024-08-07,262.74,24,Female,BY,Bavaria,Germany,Munich,0
7888,479,2024-11-21,246.9,52,Female,IL,Midwest,USA,Chicago,0
7889,275,2022-09-08,100.53,39,Male,FL,Southeast,USA,Miami,0
7890,364,2022-11-12,285.39,64,Female,TX,South,USA,Houston,0
7891,492,2024-10-14,201.06,63,Female,IL,Midwest,USA,Chicago,0
7892,365,2024-09-16,258.45,24,Male,FL,Southeast,USA,Miami,0
7893,445,2024-02-24,160.09,44,Male,ON,Ontario,Canada,Toronto,0
7894,753,2024-07-04,345.34,22,Male,NY,Northeast,USA,New York,0
7895,204,2024-06-07,471.13,54,Female,FL,Southeast,USA,Miami,0
7896,951,2023-08-22,21.28,22,Female,IL,Midwest,USA,Chicago,0
7897,350,2022-06-24,123.15,26,Other,WA,West,USA,Seattle,0
7898,401,2023-08-12,362.41,69,Female,FL,Southeast,USA,Miami,0
7899,421,2024-06-01,399.0,66,Male,TX,South,USA,Houston,1
7900,107,2024-08-24,172.7,58,Female,NSW,NSW,Australia,Sydney,0
7901,538,2024-06-18,168.26,24,Male,CA,West,USA,Los Angeles,0
7902,43,2022-12-15,375.94,54,Female,NY,Northeast,USA,New York,0
7903,817,2023-06-11,300.61,20,Female,CA,West,USA,Los Angeles,1
7904,832,2024-10-20,224.65,30,Female,NY,Northeast,USA,New York,0
7905,319,2022-08-09,37.16,66,Female,TX,South,USA,Houston,0
7906,311,2022-06-11,329.98,52,Male,NY,Northeast,USA,New York,0
7907,251,2024-11-22,171.97,27,Male,FL,Southeast,USA,Miami,0
7908,824,2024-12-11,327.91,51,Female,CA,West,USA,Los Angeles,0
7909,977,2024-10-27,407.64,22,Male,CA,West,USA,Los Angeles,0
7910,116,2023-12-13,251.22,47,Female,CA,West,USA,Los Angeles,1
7911,137,2023-06-16,142.15,49,Female,TX,South,USA,Houston,0
7912,40,2022-12-18,114.93,50,Female,TX,South,USA,Houston,0
7913,435,2022-11-20,355.41,40,Female,IL,Midwest,USA,Chicago,0
7914,310,2023-10-15,473.67,23,Other,CA,West,USA,Los Angeles,1
7915,399,2023-11-11,519.6,32,Male,CA,West,USA,Los Angeles,0
7916,316,2024-10-23,452.03,52,Female,TX,South,USA,Houston,0
7917,551,2023-07-21,323.64,59,Female,MH,Maharashtra,India,Mumbai,0
7918,998,2022-08-02,433.52,36,Female,CA,West,USA,Los Angeles,1
7919,975,2022-06-18,200.93,25,Female,NY,Northeast,USA,New York,0
7920,239,2024-09-26,495.34,34,Male,TX,South,USA,Houston,0
7921,843,2022-05-16,220.82,65,Female,IL,Midwest,USA,Chicago,0
7922,742,2022-10-26,301.72,57,Male,CA,West,USA,Los Angeles,0
7923,910,2023-07-11,98.86,22,Female,BY,Bavaria,Germany,Munich,1
7924,921,2023-05-07,268.85,63,Female,CA,West,USA,Los Angeles,0
7925,102,2024-03-14,198.61,28,Female,CA,West,USA,Los Angeles,0
7926,783,2023-04-03,200.96,24,Male,NY,Northeast,USA,New York,0
7927,760,2022-09-02,303.11,55,Other,TX,South,USA,Houston,0
7928,975,2024-06-17,495.18,25,Female,NY,Northeast,USA,New York,0
7929,754,2023-01-01,439.6,66,Female,FL,Southeast,USA,Miami,0
7930,168,2024-05-02,202.71,26,Other,NY,Northeast,USA,New York,0
7931,336,2022-06-13,369.58,60,Female,CA,West,USA,Los Angeles,0
7932,684,2024-04-07,311.74,67,Male,CA,West,USA,Los Angeles,1
7933,323,2023-05-06,191.51,49,Male,TX,South,USA,Houston,0
7934,523,2023-09-15,482.25,27,Other,CA,West,USA,Los Angeles,1
7935,603,2023-10-10,94.36,56,Female,ON,Ontario,Canada,Toronto,0
7936,870,2024-12-18,453.07,20,Male,TX,South,USA,Houston,0
7937,142,2022-02-12,113.99,29,Female,CA,West,USA,Los Angeles,0
7938,743,2024-05-06,500.98,50,Male,NY,Northeast,USA,New York,0
7939,923,2024-02-20,407.07,41,Female,WA,West,USA,Seattle,0
7940,779,2023-08-27,252.09,32,Female,ENG,England,UK,London,0
7941,2,2023-01-21,50.76,58,Female,NSW,NSW,Australia,Sydney,0
7942,387,2023-03-06,104.18,21,Male,CA,West,USA,Los Angeles,0
7943,534,2024-08-16,101.73,32,Female,TX,South,USA,Houston,0
7944,677,2024-05-05,429.14,48,Female,TX,South,USA,Houston,0
7945,800,2023-08-01,333.67,41,Male,IL,Midwest,USA,Chicago,1
7946,882,2022-09-05,116.63,62,Male,NY,Northeast,USA,New York,1
7947,817,2024-11-23,212.98,20,Female,CA,West,USA,Los Angeles,1
7948,198,2022-06-27,161.57,24,Female,WA,West,USA,Seattle,1
7949,665,2022-04-17,329.72,49,Male,ENG,England,UK,London,0
7950,32,2023-07-25,182.2,29,Female,CA,West,USA,Los Angeles,0
7951,133,2023-01-12,409.81,22,Male,FL,Southeast,USA,Miami,1
7952,312,2024-01-01,392.6,52,Male,TX,South,USA,Houston,0
7953,633,2024-07-26,144.34,40,Male,MH,Maharashtra,India,Mumbai,0
7954,864,2022-04-21,168.68,58,Male,ENG,England,UK,London,0
7955,739,2023-01-19,295.99,56,Male,NY,Northeast,USA,New York,0
7956,465,2024-09-03,509.43,18,Other,IL,Midwest,USA,Chicago,0
7957,90,2023-11-27,68.5,61,Male,CA,West,USA,Los Angeles,0
7958,257,2022-03-03,185.71,53,Male,CA,West,USA,Los Angeles,0
7959,652,2023-08-01,321.81,51,Female,CA,West,USA,Los Angeles,0
7960,911,2024-12-03,189.31,58,Female,IL,Midwest,USA,Chicago,1
7961,120,2024-04-27,170.11,23,Male,CA,West,USA,Los Angeles,1
7962,43,2024-10-24,248.25,54,Female,NY,Northeast,USA,New York,0
7963,519,2022-03-04,104.38,42,Male,FL,Southeast,USA,Miami,0
7964,807,2024-12-12,342.37,46,Female,TX,South,USA,Houston,0
7965,219,2023-01-15,466.8,41,Female,IL,Midwest,USA,Chicago,0
7966,800,2024-05-16,511.02,41,Male,IL,Midwest,USA,Chicago,1
7967,995,2023-12-06,255.45,45,Male,ENG,England,UK,London,0
7968,520,2022-09-01,153.79,48,Male,NY,Northeast,USA,New York,0
7969,701,2023-04-01,209.22,45,Female,CA,West,USA,Los Angeles,0
7970,264,2023-10-26,129.21,66,Male,CA,West,USA,Los Angeles,1
7971,702,2023-12-18,321.49,50,Female,BY,Bavaria,Germany,Munich,0
7972,435,2024-07-28,85.13,40,Female,IL,Midwest,USA,Chicago,0
7973,801,2024-03-25,185.81,18,Male,NSW,NSW,Australia,Sydney,0
7974,355,2024-04-07,104.82,68,Male,ON,Ontario,Canada,Toronto,0
7975,573,2023-12-03,117.22,32,Male,NY,Northeast,USA,New York,0
7976,142,2022-03-19,339.01,29,Female,CA,West,USA,Los Angeles,0
7977,661,2023-05-07,526.23,27,Male,TX,South,USA,Houston,0
7978,596,2023-03-20,361.41,59,Male,NY,Northeast,USA,New York,0
7979,365,2022-02-28,129.61,24,Male,FL,Southeast,USA,Miami,0
7980,196,2024-07-28,234.92,22,Female,TX,South,USA,Houston,0
7981,952,2024-06-08,355.82,33,Female,IL,Midwest,USA,Chicago,0
7982,997,2022-01-14,435.02,45,Female,FL,Southeast,USA,Miami,0
7983,500,2024-03-20,403.18,40,Male,TX,South,USA,Houston,0
7984,575,2024-01-07,90.98,18,Female,NY,Northeast,USA,New York,0
7985,637,2023-01-16,324.28,30,Female,NY,Northeast,USA,New York,1
7986,117,2024-03-11,119.41,19,Female,CA,West,USA,Los Angeles,0
7987,249,2022-10-17,193.42,58,Female,TX,South,USA,Houston,1
7988,615,2022-01-18,482.76,53,Other,CA,West,USA,Los Angeles,0
7989,621,2024-05-25,500.77,40,Female,NY,Northeast,USA,New York,0
7990,381,2024-08-14,152.12,18,Male,TX,South,USA,Houston,0
7991,504,2023-10-09,389.0,63,Male,IL,Midwest,USA,Chicago,0
7992,186,2023-09-03,181.75,41,Male,NY,Northeast,USA,New York,0
7993,730,2024-12-20,15.51,52,Male,IL,Midwest,USA,Chicago,1
7994,298,2023-04-23,452.15,40,Male,NY,Northeast,USA,New York,0
7995,991,2024-01-12,462.58,35,Male,NSW,NSW,Australia,Sydney,0
7996,256,2024-01-25,172.63,25,Male,FL,Southeast,USA,Miami,0
7997,43,2023-02-14,411.63,54,Female,NY,Northeast,USA,New York,0
7998,583,2024-12-14,28.48,23,Female,IL,Midwest,USA,Chicago,0
7999,155,2024-08-02,307.43,40,Female,NSW,NSW,Australia,Sydney,0
8000,276,2024-11-15,549.89,43,Female,TX,South,USA,Houston,0
8001,525,2023-12-17,420.14,34,Female,TX,South,USA,Houston,0
8002,48,2022-11-14,292.03,64,Male,WA,West,USA,Seattle,0
8003,227,2022-06-16,189.25,60,Male,NY,Northeast,USA,New York,0
8004,818,2024-11-15,414.76,23,Male,WA,West,USA,Seattle,1
8005,264,2024-06-20,546.5,66,Male,CA,West,USA,Los Angeles,1
8006,286,2024-02-03,116.64,66,Male,ON,Ontario,Canada,Toronto,0
8007,440,2024-08-15,38.38,38,Male,CA,West,USA,Los Angeles,0
8008,305,2022-12-13,194.86,46,Male,IL,Midwest,USA,Chicago,0
8009,949,2022-10-10,263.27,67,Female,FL,Southeast,USA,Miami,0
8010,434,2024-06-13,145.78,24,Female,ON,Ontario,Canada,Toronto,0
8011,220,2023-11-20,330.84,64,Other,ON,Ontario,Canada,Toronto,0
8012,794,2024-07-28,179.06,60,Male,NY,Northeast,USA,New York,0
8013,21,2022-09-07,491.14,44,Female,NY,Northeast,USA,New York,0
8014,616,2023-05-02,148.42,51,Male,BY,Bavaria,Germany,Munich,0
8015,483,2024-03-10,451.88,31,Female,ENG,England,UK,London,0
8016,88,2022-05-09,482.67,34,Male,FL,Southeast,USA,Miami,0
8017,244,2022-11-02,254.78,51,Male,NSW,NSW,Australia,Sydney,0
8018,460,2024-12-14,120.55,23,Female,FL,Southeast,USA,Miami,0
8019,29,2024-04-15,499.84,46,Female,CA,West,USA,Los Angeles,0
8020,757,2024-03-24,232.0,56,Female,BY,Bavaria,Germany,Munich,0
8021,808,2024-02-20,309.82,23,Female,TX,South,USA,Houston,0
8022,41,2024-10-13,38.11,26,Other,ON,Ontario,Canada,Toronto,0
8023,384,2022-07-19,180.57,30,Female,IL,Midwest,USA,Chicago,0
8024,41,2023-08-09,299.36,26,Other,ON,Ontario,Canada,Toronto,0
8025,164,2024-01-05,391.51,39,Male,CA,West,USA,Los Angeles,1
8026,702,2023-02-15,504.63,50,Female,BY,Bavaria,Germany,Munich,0
8027,320,2024-12-14,331.42,57,Male,FL,Southeast,USA,Miami,0
8028,502,2024-08-09,160.14,51,Female,TX,South,USA,Houston,0
8029,267,2022-04-26,283.01,41,Male,MH,Maharashtra,India,Mumbai,0
8030,164,2023-03-16,47.44,39,Male,CA,West,USA,Los Angeles,1
8031,851,2024-04-16,92.48,68,Female,CA,West,USA,Los Angeles,0
8032,671,2022-01-20,182.4,67,Male,TX,South,USA,Houston,0
8033,865,2023-01-09,22.16,61,Female,IL,Midwest,USA,Chicago,0
8034,82,2024-10-15,52.54,40,Female,NY,Northeast,USA,New York,1
8035,211,2022-04-26,13.6,31,Other,WA,West,USA,Seattle,0
8036,445,2023-06-18,105.02,44,Male,ON,Ontario,Canada,Toronto,0
8037,998,2024-07-24,464.26,36,Female,CA,West,USA,Los Angeles,1
8038,820,2024-05-02,204.05,69,Female,BY,Bavaria,Germany,Munich,0
8039,517,2023-07-21,479.33,63,Female,NY,Northeast,USA,New York,0
8040,178,2024-11-19,496.85,26,Female,TX,South,USA,Houston,0
8041,958,2024-04-26,485.06,51,Male,CA,West,USA,Los Angeles,0
8042,590,2023-10-28,120.64,61,Female,TX,South,USA,Houston,0
8043,781,2022-04-04,177.77,63,Male,TX,South,USA,Houston,0
8044,371,2024-03-14,268.22,35,Female,NY,Northeast,USA,New York,1
8045,761,2023-02-27,234.77,27,Male,IL,Midwest,USA,Chicago,0
8046,894,2024-09-23,55.05,68,Male,CA,West,USA,Los Angeles,0
8047,424,2024-06-03,142.3,48,Female,NY,Northeast,USA,New York,0
8048,647,2023-10-16,332.74,41,Female,CA,West,USA,Los Angeles,0
8049,781,2023-02-10,361.99,63,Male,TX,South,USA,Houston,0
8050,360,2023-08-20,200.0,56,Female,NY,Northeast,USA,New York,0
8051,654,2024-01-15,174.19,59,Male,WA,West,USA,Seattle,0
8052,490,2022-04-09,297.17,49,Female,CA,West,USA,Los Angeles,0
8053,563,2024-08-12,375.31,43,Male,TX,South,USA,Houston,0
8054,527,2022-01-28,358.38,66,Female,ON,Ontario,Canada,Toronto,0
8055,225,2024-06-11,456.26,55,Male,TX,South,USA,Houston,0
8056,985,2024-08-07,331.63,48,Female,ON,Ontario,Canada,Toronto,0
8057,316,2023-10-04,207.39,52,Female,TX,South,USA,Houston,0
8058,746,2022-09-05,180.47,36,Male,CA,West,USA,Los Angeles,0
8059,779,2024-03-02,30.05,32,Female,ENG,England,UK,London,0
8060,714,2024-02-02,239.7,57,Male,TX,South,USA,Houston,0
8061,208,2023-06-15,461.84,68,Female,TX,South,USA,Houston,0
8062,984,2023-04-16,336.61,51,Male,NY,Northeast,USA,New York,0
8063,621,2024-05-23,336.67,40,Female,NY,Northeast,USA,New York,0
8064,154,2022-05-18,119.67,33,Male,CA,West,USA,Los Angeles,0
8065,608,2024-06-06,338.33,44,Male,MH,Maharashtra,India,Mumbai,0
8066,468,2023-07-19,104.31,48,Male,ON,Ontario,Canada,Toronto,0
8067,692,2022-01-13,177.1,59,Male,FL,Southeast,USA,Miami,1
8068,962,2024-05-05,331.97,39,Female,IL,Midwest,USA,Chicago,0
8069,254,2023-04-19,34.17,35,Female,ON,Ontario,Canada,Toronto,0
8070,853,2024-04-19,182.1,68,Male,NY,Northeast,USA,New York,1
8071,849,2024-10-12,59.78,60,Male,CA,West,USA,Los Angeles,0
8072,205,2023-04-05,95.76,41,Male,TX,South,USA,Houston,0
8073,296,2023-03-01,193.5,45,Male,NY,Northeast,USA,New York,0
8074,422,2023-11-22,370.45,54,Female,NY,Northeast,USA,New York,0
8075,288,2024-06-05,157.96,47,Male,IL,Midwest,USA,Chicago,0
8076,188,2024-03-08,22.22,37,Other,TX,South,USA,Houston,0
8077,734,2024-10-19,230.2,58,Female,NSW,NSW,Australia,Sydney,0
8078,701,2023-09-12,125.4,45,Female,CA,West,USA,Los Angeles,0
8079,748,2023-12-23,414.84,34,Male,FL,Southeast,USA,Miami,0
8080,618,2022-11-11,412.76,31,Female,CA,West,USA,Los Angeles,0
8081,188,2024-09-25,379.43,37,Other,TX,South,USA,Houston,0
8082,582,2023-03-11,328.99,61,Female,CA,West,USA,Los Angeles,0
8083,537,2023-07-03,390.09,41,Male,NSW,NSW,Australia,Sydney,0
8084,904,2023-02-21,205.89,63,Male,ENG,England,UK,London,0
8085,878,2023-08-19,348.81,56,Female,FL,Southeast,USA,Miami,0
8086,101,2024-12-28,241.55,61,Female,BY,Bavaria,Germany,Munich,0
8087,544,2024-01-03,247.09,27,Female,BY,Bavaria,Germany,Munich,0
8088,941,2024-11-15,444.06,53,Male,MH,Maharashtra,India,Mumbai,1
8089,709,2022-07-20,397.63,42,Male,CA,West,USA,Los Angeles,0
8090,485,2024-03-12,230.97,42,Male,FL,Southeast,USA,Miami,0
8091,675,2022-11-08,469.2,50,Female,NY,Northeast,USA,New York,0
8092,28,2024-07-09,308.4,60,Other,TX,South,USA,Houston,0
8093,498,2024-06-01,278.56,37,Male,NY,Northeast,USA,New York,0
8094,915,2023-07-18,271.1,48,Male,TX,South,USA,Houston,0
8095,449,2024-03-22,438.92,45,Female,CA,West,USA,Los Angeles,0
8096,932,2023-02-13,513.14,54,Female,IL,Midwest,USA,Chicago,1
8097,799,2022-09-02,348.13,34,Female,CA,West,USA,Los Angeles,0
8098,944,2023-11-22,187.87,42,Male,TX,South,USA,Houston,0
8099,146,2022-09-26,263.23,62,Female,TX,South,USA,Houston,0
8100,835,2024-11-17,179.79,62,Other,TX,South,USA,Houston,0
8101,214,2024-11-03,369.94,41,Female,ENG,England,UK,London,0
8102,279,2024-01-12,559.57,21,Female,NY,Northeast,USA,New York,0
8103,133,2024-10-16,485.88,22,Male,FL,Southeast,USA,Miami,1
8104,287,2024-10-27,270.64,26,Female,NY,Northeast,USA,New York,0
8105,645,2023-05-14,188.33,58,Male,NY,Northeast,USA,New York,0
8106,329,2022-06-01,231.84,25,Female,BY,Bavaria,Germany,Munich,0
8107,25,2023-10-20,174.85,58,Male,IL,Midwest,USA,Chicago,0
8108,226,2024-12-20,555.41,33,Male,CA,West,USA,Los Angeles,0
8109,131,2024-12-07,122.01,47,Female,TX,South,USA,Houston,1
8110,909,2024-07-12,455.6,37,Female,NY,Northeast,USA,New York,0
8111,754,2022-10-02,213.03,66,Female,FL,Southeast,USA,Miami,0
8112,535,2022-07-04,329.32,48,Male,CA,West,USA,Los Angeles,0
8113,852,2024-11-09,517.65,59,Female,ENG,England,UK,London,1
8114,267,2022-09-03,300.12,41,Male,MH,Maharashtra,India,Mumbai,0
8115,908,2024-12-08,349.72,27,Male,NY,Northeast,USA,New York,0
8116,773,2023-12-19,29.3,18,Male,WA,West,USA,Seattle,0
8117,252,2023-05-11,77.51,43,Male,CA,West,USA,Los Angeles,0
8118,628,2024-12-05,307.84,37,Female,NY,Northeast,USA,New York,0
8119,960,2024-09-18,214.61,39,Male,TX,South,USA,Houston,0
8120,380,2024-04-24,345.49,31,Female,FL,Southeast,USA,Miami,0
8121,217,2023-01-17,210.18,22,Female,NY,Northeast,USA,New York,1
8122,915,2023-09-09,101.47,48,Male,TX,South,USA,Houston,0
8123,315,2024-04-23,448.46,30,Male,ON,Ontario,Canada,Toronto,1
8124,556,2024-04-10,475.01,44,Female,TX,South,USA,Houston,0
8125,97,2023-08-01,513.4,30,Female,CA,West,USA,Los Angeles,0
8126,629,2024-01-19,121.36,44,Female,CA,West,USA,Los Angeles,0
8127,992,2023-06-21,172.38,46,Female,TX,South,USA,Houston,0
8128,33,2022-11-07,147.59,22,Male,FL,Southeast,USA,Miami,0
8129,284,2024-01-11,521.64,43,Female,CA,West,USA,Los Angeles,0
8130,630,2024-08-01,339.06,37,Other,CA,West,USA,Los Angeles,1
8131,596,2022-03-14,461.99,59,Male,NY,Northeast,USA,New York,0
8132,413,2023-11-13,473.04,32,Female,BY,Bavaria,Germany,Munich,0
8133,316,2024-06-08,145.81,52,Female,TX,South,USA,Houston,0
8134,749,2024-11-15,245.99,34,Female,NY,Northeast,USA,New York,0
8135,488,2024-10-20,238.2,45,Male,IL,Midwest,USA,Chicago,1
8136,44,2022-11-13,248.58,36,Other,CA,West,USA,Los Angeles,0
8137,142,2024-07-23,558.74,29,Female,CA,West,USA,Los Angeles,0
8138,386,2024-07-13,106.57,24,Male,NY,Northeast,USA,New York,0
8139,647,2023-01-12,411.8,41,Female,CA,West,USA,Los Angeles,0
8140,66,2023-07-19,128.83,34,Female,TX,South,USA,Houston,0
8141,998,2024-07-05,416.98,36,Female,CA,West,USA,Los Angeles,1
8142,932,2024-08-24,122.45,54,Female,IL,Midwest,USA,Chicago,1
8143,69,2024-02-17,300.46,21,Male,TX,South,USA,Houston,0
8144,420,2024-07-11,377.67,44,Female,NSW,NSW,Australia,Sydney,0
8145,371,2024-07-07,248.22,35,Female,NY,Northeast,USA,New York,1
8146,140,2023-08-23,512.43,40,Female,IL,Midwest,USA,Chicago,0
8147,516,2023-09-01,377.06,23,Male,TX,South,USA,Houston,0
8148,744,2024-05-02,97.54,32,Male,NY,Northeast,USA,New York,0
8149,533,2023-07-18,203.89,26,Female,NY,Northeast,USA,New York,0
8150,882,2022-06-14,163.85,62,Male,NY,Northeast,USA,New York,1
8151,642,2024-10-05,173.37,65,Female,TX,South,USA,Houston,0
8152,776,2023-11-11,120.58,67,Male,CA,West,USA,Los Angeles,0
8153,846,2024-05-22,113.12,18,Female,CA,West,USA,Los Angeles,0
8154,851,2022-04-14,436.38,68,Female,CA,West,USA,Los Angeles,0
8155,571,2023-09-15,524.46,67,Female,ENG,England,UK,London,0
8156,847,2023-10-03,93.72,26,Male,ENG,England,UK,London,0
8157,380,2024-01-21,445.44,31,Female,FL,Southeast,USA,Miami,0
8158,990,2024-06-04,136.08,58,Female,FL,Southeast,USA,Miami,0
8159,660,2023-05-07,281.56,32,Female,CA,West,USA,Los Angeles,1
8160,364,2023-10-09,112.99,64,Female,TX,South,USA,Houston,0
8161,60,2022-03-13,142.84,53,Female,ENG,England,UK,London,1
8162,349,2024-10-08,236.59,27,Male,TX,South,USA,Houston,0
8163,483,2024-09-23,398.13,31,Female,ENG,England,UK,London,0
8164,112,2024-11-11,271.35,58,Female,WA,West,USA,Seattle,0
8165,568,2022-12-01,406.93,30,Female,MH,Maharashtra,India,Mumbai,0
8166,858,2024-07-13,64.21,20,Female,TX,South,USA,Houston,0
8167,316,2023-09-04,307.62,52,Female,TX,South,USA,Houston,0
8168,931,2022-09-07,62.29,45,Female,ON,Ontario,Canada,Toronto,0
8169,410,2022-11-17,67.72,18,Male,ENG,England,UK,London,1
8170,283,2022-07-18,161.36,52,Female,NY,Northeast,USA,New York,0
8171,837,2022-02-19,61.44,60,Male,ENG,England,UK,London,0
8172,616,2024-12-11,436.77,51,Male,BY,Bavaria,Germany,Munich,0
8173,624,2023-01-24,274.14,39,Male,CA,West,USA,Los Angeles,0
8174,245,2024-12-02,364.93,50,Female,IL,Midwest,USA,Chicago,0
8175,600,2024-04-11,42.08,51,Male,NY,Northeast,USA,New York,0
8176,862,2024-07-07,134.57,66,Male,CA,West,USA,Los Angeles,0
8177,195,2023-12-02,282.4,67,Female,IL,Midwest,USA,Chicago,0
8178,7,2024-09-16,56.21,22,Male,IL,Midwest,USA,Chicago,0
8179,766,2022-08-02,88.69,58,Female,CA,West,USA,Los Angeles,0
8180,696,2023-05-17,21.97,31,Male,ON,Ontario,Canada,Toronto,0
8181,204,2023-05-24,484.03,54,Female,FL,Southeast,USA,Miami,0
8182,543,2024-01-23,247.86,28,Female,FL,Southeast,USA,Miami,0
8183,122,2024-08-20,35.91,52,Female,TX,South,USA,Houston,0
8184,287,2024-06-07,263.92,26,Female,NY,Northeast,USA,New York,0
8185,182,2024-04-19,498.29,25,Male,ON,Ontario,Canada,Toronto,0
8186,924,2023-06-16,109.26,25,Male,CA,West,USA,Los Angeles,0
8187,359,2024-12-14,141.74,22,Male,NY,Northeast,USA,New York,0
8188,480,2024-11-14,550.25,23,Male,CA,West,USA,Los Angeles,0
8189,241,2023-06-04,454.12,25,Male,NY,Northeast,USA,New York,0
8190,525,2024-12-24,312.23,34,Female,TX,South,USA,Houston,0
8191,557,2024-07-24,113.28,56,Female,MH,Maharashtra,India,Mumbai,0
8192,84,2023-05-21,124.62,61,Male,NY,Northeast,USA,New York,1
8193,785,2022-06-16,432.11,42,Female,CA,West,USA,Los Angeles,1
8194,412,2022-11-04,341.01,29,Female,CA,West,USA,Los Angeles,0
8195,468,2024-04-18,203.8,48,Male,ON,Ontario,Canada,Toronto,0
8196,160,2022-04-27,22.72,58,Male,CA,West,USA,Los Angeles,0
8197,66,2023-12-04,81.25,34,Female,TX,South,USA,Houston,0
8198,555,2024-10-10,411.4,69,Male,NY,Northeast,USA,New York,1
8199,28,2024-10-26,367.23,60,Other,TX,South,USA,Houston,0
8200,579,2024-10-27,208.1,64,Female,NY,Northeast,USA,New York,0
8201,765,2024-09-13,336.07,36,Female,FL,Southeast,USA,Miami,0
8202,245,2023-02-08,402.81,50,Female,IL,Midwest,USA,Chicago,0
8203,286,2022-10-09,325.48,66,Male,ON,Ontario,Canada,Toronto,0
8204,944,2024-04-14,142.64,42,Male,TX,South,USA,Houston,0
8205,458,2022-02-09,476.24,50,Female,CA,West,USA,Los Angeles,0
8206,303,2023-12-16,22.87,18,Female,CA,West,USA,Los Angeles,0
8207,887,2024-01-03,316.48,20,Female,MH,Maharashtra,India,Mumbai,1
8208,655,2023-01-02,126.59,46,Female,FL,Southeast,USA,Miami,0
8209,598,2024-05-01,399.49,58,Female,TX,South,USA,Houston,0
8210,980,2024-11-21,319.52,47,Female,NSW,NSW,Australia,Sydney,0
8211,605,2024-12-26,118.6,60,Male,FL,Southeast,USA,Miami,1
8212,804,2023-02-03,273.36,65,Male,TX,South,USA,Houston,0
8213,703,2023-06-26,280.55,26,Female,ENG,England,UK,London,0
8214,747,2022-10-05,215.95,45,Female,NY,Northeast,USA,New York,0
8215,684,2024-09-02,34.34,67,Male,CA,West,USA,Los Angeles,1
8216,60,2023-04-09,118.0,53,Female,ENG,England,UK,London,1
8217,184,2023-05-09,513.8,54,Female,NY,Northeast,USA,New York,0
8218,525,2024-08-27,114.64,34,Female,TX,South,USA,Houston,0
8219,709,2022-01-04,234.79,42,Male,CA,West,USA,Los Angeles,0
8220,754,2023-10-28,163.32,66,Female,FL,Southeast,USA,Miami,0
8221,807,2022-04-25,380.86,46,Female,TX,South,USA,Houston,0
8222,661,2023-11-14,310.86,27,Male,TX,South,USA,Houston,0
8223,44,2022-09-19,360.55,36,Other,CA,West,USA,Los Angeles,0
8224,568,2022-09-15,322.12,30,Female,MH,Maharashtra,India,Mumbai,0
8225,711,2024-10-26,287.63,53,Female,MH,Maharashtra,India,Mumbai,0
8226,922,2024-02-06,538.39,47,Female,CA,West,USA,Los Angeles,0
8227,612,2024-04-27,397.11,42,Male,TX,South,USA,Houston,0
8228,560,2024-07-12,389.23,62,Female,CA,West,USA,Los Angeles,0
8229,158,2024-10-27,390.14,46,Male,ON,Ontario,Canada,Toronto,0
8230,838,2024-11-28,267.38,28,Female,NY,Northeast,USA,New York,0
8231,407,2023-06-24,344.41,40,Female,TX,South,USA,Houston,0
8232,886,2022-10-23,306.21,56,Male,WA,West,USA,Seattle,1
8233,178,2024-04-13,498.69,26,Female,TX,South,USA,Houston,0
8234,787,2024-02-20,548.39,19,Male,ENG,England,UK,London,0
8235,299,2023-04-07,261.49,32,Female,FL,Southeast,USA,Miami,0
8236,150,2023-12-08,322.67,21,Male,ON,Ontario,Canada,Toronto,0
8237,916,2023-08-21,161.36,41,Female,CA,West,USA,Los Angeles,0
8238,776,2023-07-22,449.72,67,Male,CA,West,USA,Los Angeles,0
8239,865,2024-10-08,401.22,61,Female,IL,Midwest,USA,Chicago,0
8240,788,2023-01-28,490.52,53,Male,WA,West,USA,Seattle,0
8241,585,2024-02-20,343.23,39,Other,IL,Midwest,USA,Chicago,0
8242,674,2024-02-28,400.11,22,Female,CA,West,USA,Los Angeles,1
8243,51,2022-02-14,56.62,57,Female,CA,West,USA,Los Angeles,1
8244,372,2024-07-17,344.17,52,Male,TX,South,USA,Houston,0
8245,328,2024-04-19,217.98,19,Male,TX,South,USA,Houston,0
8246,290,2023-10-05,274.5,42,Female,CA,West,USA,Los Angeles,0
8247,355,2023-11-08,180.22,68,Male,ON,Ontario,Canada,Toronto,0
8248,651,2024-12-27,168.84,43,Male,IL,Midwest,USA,Chicago,0
8249,621,2023-03-19,436.88,40,Female,NY,Northeast,USA,New York,0
8250,730,2022-07-16,283.23,52,Male,IL,Midwest,USA,Chicago,1
8251,430,2023-01-01,142.12,55,Female,TX,South,USA,Houston,0
8252,920,2023-04-02,408.83,51,Other,BY,Bavaria,Germany,Munich,0
8253,513,2024-08-16,52.25,61,Female,CA,West,USA,Los Angeles,0
8254,342,2022-06-03,153.64,33,Female,FL,Southeast,USA,Miami,0
8255,891,2024-09-04,195.76,23,Female,FL,Southeast,USA,Miami,0
8256,290,2023-11-17,102.84,42,Female,CA,West,USA,Los Angeles,0
8257,827,2024-01-27,473.67,53,Male,CA,West,USA,Los Angeles,0
8258,742,2023-12-24,360.62,57,Male,CA,West,USA,Los Angeles,0
8259,953,2024-01-14,379.06,49,Female,FL,Southeast,USA,Miami,0
8260,979,2024-12-27,336.48,36,Female,NY,Northeast,USA,New York,0
8261,138,2022-09-17,195.36,19,Female,BY,Bavaria,Germany,Munich,0
8262,291,2024-01-27,372.87,59,Male,WA,West,USA,Seattle,0
8263,499,2022-06-07,370.78,66,Other,ON,Ontario,Canada,Toronto,0
8264,275,2024-04-17,306.72,39,Male,FL,Southeast,USA,Miami,0
8265,156,2024-11-26,269.53,52,Male,TX,South,USA,Houston,1
8266,894,2023-04-28,126.7,68,Male,CA,West,USA,Los Angeles,0
8267,4,2023-11-25,54.23,40,Female,TX,South,USA,Houston,0
8268,265,2023-05-05,32.05,69,Female,CA,West,USA,Los Angeles,0
8269,861,2024-12-18,403.18,68,Female,ON,Ontario,Canada,Toronto,0
8270,416,2024-04-03,202.54,53,Other,CA,West,USA,Los Angeles,1
8271,269,2022-09-11,357.12,49,Male,CA,West,USA,Los Angeles,0
8272,993,2023-11-01,274.41,28,Female,CA,West,USA,Los Angeles,0
8273,669,2023-04-22,242.71,65,Female,NY,Northeast,USA,New York,0
8274,801,2024-02-22,356.36,18,Male,NSW,NSW,Australia,Sydney,0
8275,357,2022-08-03,99.8,25,Female,NY,Northeast,USA,New York,0
8276,250,2023-09-26,519.44,20,Female,TX,South,USA,Houston,0
8277,432,2024-11-24,192.43,56,Male,FL,Southeast,USA,Miami,0
8278,953,2023-04-24,410.11,49,Female,FL,Southeast,USA,Miami,0
8279,595,2024-11-13,147.23,34,Female,BY,Bavaria,Germany,Munich,0
8280,844,2023-12-27,253.64,19,Female,NY,Northeast,USA,New York,1
8281,946,2023-10-28,269.94,24,Female,FL,Southeast,USA,Miami,0
8282,975,2024-01-16,179.49,25,Female,NY,Northeast,USA,New York,0
8283,940,2023-02-11,191.67,44,Other,WA,West,USA,Seattle,0
8284,404,2023-12-22,236.69,68,Female,CA,West,USA,Los Angeles,0
8285,949,2024-10-02,470.1,67,Female,FL,Southeast,USA,Miami,0
8286,668,2024-08-10,285.63,62,Female,TX,South,USA,Houston,0
8287,907,2024-12-01,59.81,39,Other,FL,Southeast,USA,Miami,0
8288,382,2022-01-22,116.17,66,Female,FL,Southeast,USA,Miami,0
8289,10,2022-10-02,493.15,22,Male,IL,Midwest,USA,Chicago,0
8290,443,2022-09-22,54.04,24,Male,TX,South,USA,Houston,0
8291,300,2024-11-16,366.67,19,Female,FL,Southeast,USA,Miami,0
8292,672,2024-10-13,127.08,49,Female,NY,Northeast,USA,New York,0
8293,620,2023-07-18,234.94,25,Female,NY,Northeast,USA,New York,0
8294,415,2024-02-02,207.13,18,Other,CA,West,USA,Los Angeles,0
8295,670,2022-12-23,488.82,24,Male,TX,South,USA,Houston,0
8296,420,2023-10-08,296.93,44,Female,NSW,NSW,Australia,Sydney,0
8297,737,2022-05-24,132.46,55,Male,CA,West,USA,Los Angeles,1
8298,542,2023-12-25,324.1,20,Female,WA,West,USA,Seattle,0
8299,282,2024-05-16,50.38,43,Female,WA,West,USA,Seattle,1
8300,108,2024-06-17,519.74,52,Male,NY,Northeast,USA,New York,0
8301,101,2022-12-26,178.68,61,Female,BY,Bavaria,Germany,Munich,0
8302,986,2023-09-12,469.42,51,Male,NY,Northeast,USA,New York,0
8303,787,2024-11-12,455.29,19,Male,ENG,England,UK,London,0
8304,827,2022-11-27,101.53,53,Male,CA,West,USA,Los Angeles,0
8305,639,2023-07-12,510.42,59,Male,WA,West,USA,Seattle,0
8306,483,2024-04-11,555.43,31,Female,ENG,England,UK,London,0
8307,827,2023-11-01,428.87,53,Male,CA,West,USA,Los Angeles,0
8308,756,2023-07-10,245.11,40,Female,TX,South,USA,Houston,0
8309,257,2022-08-07,339.55,53,Male,CA,West,USA,Los Angeles,0
8310,998,2024-08-22,55.46,36,Female,CA,West,USA,Los Angeles,1
8311,115,2023-01-15,489.03,44,Male,ON,Ontario,Canada,Toronto,1
8312,517,2024-01-10,132.9,63,Female,NY,Northeast,USA,New York,0
8313,113,2023-08-27,382.86,46,Other,WA,West,USA,Seattle,0
8314,724,2024-10-13,451.08,24,Female,CA,West,USA,Los Angeles,0
8315,382,2022-07-12,485.09,66,Female,FL,Southeast,USA,Miami,0
8316,85,2022-03-21,413.67,50,Female,FL,Southeast,USA,Miami,0
8317,802,2024-06-08,460.14,33,Female,WA,West,USA,Seattle,0
8318,957,2024-10-13,398.31,38,Male,FL,Southeast,USA,Miami,0
8319,351,2023-02-20,310.11,45,Male,NY,Northeast,USA,New York,0
8320,166,2023-08-10,32.35,60,Female,ENG,England,UK,London,0
8321,305,2024-09-13,545.02,46,Male,IL,Midwest,USA,Chicago,0
8322,801,2022-06-01,230.0,18,Male,NSW,NSW,Australia,Sydney,0
8323,856,2022-08-23,400.43,62,Male,WA,West,USA,Seattle,0
8324,488,2023-11-25,206.56,45,Male,IL,Midwest,USA,Chicago,1
8325,546,2023-04-19,247.48,20,Male,CA,West,USA,Los Angeles,0
8326,645,2024-03-15,264.94,58,Male,NY,Northeast,USA,New York,0
8327,367,2024-01-26,554.52,42,Female,BY,Bavaria,Germany,Munich,0
8328,597,2023-10-24,120.37,48,Male,CA,West,USA,Los Angeles,0
8329,60,2024-12-14,286.57,53,Female,ENG,England,UK,London,1
8330,416,2023-09-18,90.95,53,Other,CA,West,USA,Los Angeles,1
8331,727,2024-12-27,282.37,55,Female,IL,Midwest,USA,Chicago,0
8332,953,2022-09-06,277.52,49,Female,FL,Southeast,USA,Miami,0
8333,896,2023-05-22,81.58,49,Male,MH,Maharashtra,India,Mumbai,0
8334,311,2024-04-11,394.4,52,Male,NY,Northeast,USA,New York,0
8335,207,2023-09-03,440.66,57,Female,CA,West,USA,Los Angeles,0
8336,232,2022-09-12,409.85,62,Male,CA,West,USA,Los Angeles,0
8337,218,2023-07-15,389.36,23,Male,FL,Southeast,USA,Miami,1
8338,895,2024-07-21,88.52,56,Female,FL,Southeast,USA,Miami,0
8339,31,2022-06-05,314.52,41,Female,NY,Northeast,USA,New York,0
8340,295,2024-05-16,394.46,46,Male,BY,Bavaria,Germany,Munich,1
8341,641,2024-09-19,427.93,52,Male,ENG,England,UK,London,0
8342,108,2024-10-18,400.52,52,Male,NY,Northeast,USA,New York,0
8343,384,2023-11-24,337.2,30,Female,IL,Midwest,USA,Chicago,0
8344,157,2024-05-22,410.59,24,Female,NY,Northeast,USA,New York,0
8345,288,2022-11-14,427.64,47,Male,IL,Midwest,USA,Chicago,0
8346,358,2024-05-08,323.64,64,Female,NY,Northeast,USA,New York,0
8347,667,2024-05-25,90.94,44,Female,ENG,England,UK,London,1
8348,879,2022-11-25,409.82,46,Female,CA,West,USA,Los Angeles,0
8349,986,2024-12-04,373.97,51,Male,NY,Northeast,USA,New York,0
8350,664,2023-12-13,367.23,28,Male,TX,South,USA,Houston,0
8351,738,2023-02-22,163.41,35,Male,NY,Northeast,USA,New York,0
8352,127,2023-05-19,88.33,22,Female,NY,Northeast,USA,New York,0
8353,631,2024-10-25,439.66,56,Other,CA,West,USA,Los Angeles,0
8354,536,2024-11-07,38.32,25,Female,WA,West,USA,Seattle,0
8355,978,2024-07-27,232.01,47,Other,CA,West,USA,Los Angeles,0
8356,623,2023-01-07,274.9,26,Female,NY,Northeast,USA,New York,0
8357,797,2024-07-03,20.77,68,Male,IL,Midwest,USA,Chicago,0
8358,809,2024-01-21,338.84,38,Male,FL,Southeast,USA,Miami,0
8359,120,2024-04-26,76.85,23,Male,CA,West,USA,Los Angeles,1
8360,564,2023-09-10,136.01,27,Female,CA,West,USA,Los Angeles,0
8361,894,2023-02-05,526.66,68,Male,CA,West,USA,Los Angeles,0
8362,344,2024-10-25,318.68,44,Male,NSW,NSW,Australia,Sydney,0
8363,788,2023-08-03,513.52,53,Male,WA,West,USA,Seattle,0
8364,996,2022-06-19,251.39,50,Female,TX,South,USA,Houston,0
8365,977,2023-06-04,427.9,22,Male,CA,West,USA,Los Angeles,0
8366,260,2023-12-19,30.33,48,Female,BY,Bavaria,Germany,Munich,0
8367,327,2022-08-04,152.72,30,Female,TX,South,USA,Houston,0
8368,965,2022-11-11,148.78,67,Female,NY,Northeast,USA,New York,0
8369,396,2024-06-14,49.51,63,Female,CA,West,USA,Los Angeles,0
8370,210,2024-08-26,533.71,58,Female,NY,Northeast,USA,New York,0
8371,616,2023-12-20,272.73,51,Male,BY,Bavaria,Germany,Munich,0
8372,519,2022-02-27,300.56,42,Male,FL,Southeast,USA,Miami,0
8373,1,2024-04-16,296.83,22,Female,IL,Midwest,USA,Chicago,0
8374,111,2023-12-08,139.7,32,Female,NY,Northeast,USA,New York,1
8375,623,2024-06-12,518.46,26,Female,NY,Northeast,USA,New York,0
8376,893,2023-04-15,358.08,45,Male,NY,Northeast,USA,New York,1
8377,651,2022-12-16,70.56,43,Male,IL,Midwest,USA,Chicago,0
8378,490,2023-02-26,250.45,49,Female,CA,West,USA,Los Angeles,0
8379,999,2023-08-26,11.37,68,Male,ON,Ontario,Canada,Toronto,0
8380,884,2024-10-03,381.5,26,Other,CA,West,USA,Los Angeles,0
8381,377,2022-10-23,266.56,56,Male,NY,Northeast,USA,New York,0
8382,825,2024-06-09,507.42,50,Male,NY,Northeast,USA,New York,0
8383,905,2024-01-17,531.1,41,Male,ON,Ontario,Canada,Toronto,0
8384,191,2024-11-27,65.08,53,Male,WA,West,USA,Seattle,0
8385,625,2024-11-25,60.32,49,Male,NY,Northeast,USA,New York,0
8386,59,2022-04-14,450.55,56,Female,FL,Southeast,USA,Miami,0
8387,559,2023-05-02,276.59,59,Female,CA,West,USA,Los Angeles,0
8388,917,2024-07-27,268.96,46,Female,NY,Northeast,USA,New York,0
8389,899,2023-02-26,307.07,21,Female,CA,West,USA,Los Angeles,0
8390,563,2022-11-11,238.54,43,Male,TX,South,USA,Houston,0
8391,588,2023-12-04,329.65,23,Female,NY,Northeast,USA,New York,0
8392,853,2023-05-15,503.55,68,Male,NY,Northeast,USA,New York,1
8393,5,2024-12-23,343.76,40,Female,ON,Ontario,Canada,Toronto,0
8394,690,2023-11-13,177.19,58,Female,BY,Bavaria,Germany,Munich,0
8395,316,2024-10-01,128.31,52,Female,TX,South,USA,Houston,0
8396,770,2024-12-13,541.4,37,Female,ENG,England,UK,London,0
8397,117,2023-05-15,311.54,19,Female,CA,West,USA,Los Angeles,0
8398,484,2024-12-26,322.19,59,Female,NY,Northeast,USA,New York,0
8399,760,2022-02-23,26.33,55,Other,TX,South,USA,Houston,0
8400,734,2022-07-20,460.01,58,Female,NSW,NSW,Australia,Sydney,0
8401,739,2022-08-12,240.11,56,Male,NY,Northeast,USA,New York,0
8402,919,2023-02-27,529.87,31,Female,CA,West,USA,Los Angeles,0
8403,362,2023-10-07,97.79,64,Female,MH,Maharashtra,India,Mumbai,1
8404,710,2023-07-10,180.03,42,Male,CA,West,USA,Los Angeles,0
8405,812,2023-07-24,119.71,63,Female,CA,West,USA,Los Angeles,0
8406,932,2022-08-28,195.68,54,Female,IL,Midwest,USA,Chicago,1
8407,221,2024-02-23,547.18,24,Female,CA,West,USA,Los Angeles,0
8408,242,2022-03-20,213.24,48,Male,NY,Northeast,USA,New York,0
8409,437,2024-03-27,465.11,47,Female,TX,South,USA,Houston,1
8410,803,2024-12-04,425.69,44,Female,TX,South,USA,Houston,1
8411,880,2024-10-19,174.71,50,Male,IL,Midwest,USA,Chicago,0
8412,530,2024-07-12,329.45,65,Male,FL,Southeast,USA,Miami,0
8413,727,2024-09-17,478.62,55,Female,IL,Midwest,USA,Chicago,0
8414,61,2024-09-07,346.7,65,Male,MH,Maharashtra,India,Mumbai,0
8415,754,2024-04-14,156.59,66,Female,FL,Southeast,USA,Miami,0
8416,646,2024-02-07,484.91,35,Male,BY,Bavaria,Germany,Munich,0
8417,330,2023-08-19,299.47,46,Male,TX,South,USA,Houston,1
8418,628,2024-04-27,549.03,37,Female,NY,Northeast,USA,New York,0
8419,948,2024-11-02,371.01,24,Female,TX,South,USA,Houston,1
8420,991,2022-04-27,229.94,35,Male,NSW,NSW,Australia,Sydney,0
8421,643,2023-08-19,237.01,62,Female,WA,West,USA,Seattle,0
8422,650,2024-06-01,494.2,62,Female,CA,West,USA,Los Angeles,0
8423,657,2024-10-17,549.35,57,Male,CA,West,USA,Los Angeles,1
8424,131,2023-12-04,223.74,47,Female,TX,South,USA,Houston,1
8425,346,2023-06-23,95.27,31,Female,FL,Southeast,USA,Miami,0
8426,992,2022-01-08,29.49,46,Female,TX,South,USA,Houston,0
8427,65,2023-09-02,178.04,39,Female,WA,West,USA,Seattle,0
8428,315,2024-02-24,198.88,30,Male,ON,Ontario,Canada,Toronto,1
8429,903,2024-02-16,244.91,29,Other,WA,West,USA,Seattle,0
8430,698,2023-09-18,85.93,48,Female,TX,South,USA,Houston,1
8431,394,2023-02-24,266.49,49,Male,CA,West,USA,Los Angeles,0
8432,599,2024-02-16,528.92,50,Female,CA,West,USA,Los Angeles,1
8433,760,2024-06-23,138.79,55,Other,TX,South,USA,Houston,0
8434,356,2023-07-17,366.26,69,Female,MH,Maharashtra,India,Mumbai,0
8435,928,2023-12-01,30.33,33,Male,IL,Midwest,USA,Chicago,0
8436,407,2022-04-27,325.47,40,Female,TX,South,USA,Houston,0
8437,883,2024-06-27,525.71,41,Female,CA,West,USA,Los Angeles,0
8438,654,2024-09-08,166.15,59,Male,WA,West,USA,Seattle,0
8439,47,2023-11-19,434.55,41,Male,NY,Northeast,USA,New York,0
8440,872,2024-05-04,56.45,28,Female,NY,Northeast,USA,New York,0
8441,116,2024-09-08,207.8,47,Female,CA,West,USA,Los Angeles,1
8442,947,2024-08-18,14.88,68,Female,CA,West,USA,Los Angeles,0
8443,15,2023-05-10,195.04,55,Male,ENG,England,UK,London,0
8444,992,2023-02-28,171.53,46,Female,TX,South,USA,Houston,0
8445,471,2024-09-03,391.38,56,Male,NY,Northeast,USA,New York,0
8446,117,2024-04-20,172.83,19,Female,CA,West,USA,Los Angeles,0
8447,210,2024-05-18,462.91,58,Female,NY,Northeast,USA,New York,0
8448,188,2024-08-25,171.15,37,Other,TX,South,USA,Houston,0
8449,539,2023-03-23,126.59,46,Male,FL,Southeast,USA,Miami,0
8450,206,2022-04-26,252.32,31,Female,MH,Maharashtra,India,Mumbai,0
8451,796,2023-06-23,351.56,33,Male,CA,West,USA,Los Angeles,0
8452,974,2024-11-07,498.93,42,Female,TX,South,USA,Houston,0
8453,300,2023-10-12,433.14,19,Female,FL,Southeast,USA,Miami,0
8454,98,2024-05-20,299.05,53,Female,CA,West,USA,Los Angeles,0
8455,52,2024-05-28,548.09,28,Male,TX,South,USA,Houston,0
8456,698,2024-12-25,173.93,48,Female,TX,South,USA,Houston,1
8457,756,2024-09-19,559.71,40,Female,TX,South,USA,Houston,0
8458,958,2023-09-03,210.66,51,Male,CA,West,USA,Los Angeles,0
8459,138,2023-01-12,146.89,19,Female,BY,Bavaria,Germany,Munich,0
8460,576,2024-02-19,221.28,37,Male,TX,South,USA,Houston,0
8461,196,2022-05-22,297.05,22,Female,TX,South,USA,Houston,0
8462,8,2022-11-08,242.23,54,Female,TX,South,USA,Houston,0
8463,429,2024-12-14,38.74,19,Female,CA,West,USA,Los Angeles,1
8464,66,2024-03-24,206.58,34,Female,TX,South,USA,Houston,0
8465,159,2023-10-24,266.05,44,Female,NY,Northeast,USA,New York,0
8466,710,2022-11-07,335.01,42,Male,CA,West,USA,Los Angeles,0
8467,214,2023-11-08,505.61,41,Female,ENG,England,UK,London,0
8468,399,2024-07-11,535.8,32,Male,CA,West,USA,Los Angeles,0
8469,954,2024-04-19,293.3,40,Female,WA,West,USA,Seattle,0
8470,506,2023-12-19,306.19,41,Male,ENG,England,UK,London,0
8471,138,2023-04-22,373.16,19,Female,BY,Bavaria,Germany,Munich,0
8472,46,2024-04-16,469.63,68,Male,NY,Northeast,USA,New York,0
8473,403,2024-03-26,420.18,34,Male,ON,Ontario,Canada,Toronto,0
8474,899,2023-07-04,384.83,21,Female,CA,West,USA,Los Angeles,0
8475,38,2024-02-15,256.66,61,Male,IL,Midwest,USA,Chicago,0
8476,906,2023-08-07,461.93,54,Male,NY,Northeast,USA,New York,0
8477,476,2023-12-16,354.73,58,Female,CA,West,USA,Los Angeles,0
8478,603,2022-07-25,88.01,56,Female,ON,Ontario,Canada,Toronto,0
8479,547,2023-12-25,321.4,40,Male,TX,South,USA,Houston,0
8480,477,2024-12-28,181.63,62,Female,TX,South,USA,Houston,0
8481,312,2023-10-14,116.07,52,Male,TX,South,USA,Houston,0
8482,394,2023-08-20,347.61,49,Male,CA,West,USA,Los Angeles,0
8483,730,2022-11-14,324.7,52,Male,IL,Midwest,USA,Chicago,1
8484,198,2022-08-01,477.81,24,Female,WA,West,USA,Seattle,1
8485,797,2024-03-08,546.95,68,Male,IL,Midwest,USA,Chicago,0
8486,940,2022-12-21,210.31,44,Other,WA,West,USA,Seattle,0
8487,503,2022-07-02,97.47,68,Male,NSW,NSW,Australia,Sydney,0
8488,490,2024-12-18,88.28,49,Female,CA,West,USA,Los Angeles,0
8489,807,2023-06-13,516.63,46,Female,TX,South,USA,Houston,0
8490,109,2024-05-12,228.46,42,Female,TX,South,USA,Houston,0
8491,778,2024-10-21,199.32,24,Male,CA,West,USA,Los Angeles,0
8492,793,2024-09-07,352.09,55,Female,FL,Southeast,USA,Miami,0
8493,344,2023-06-08,40.37,44,Male,NSW,NSW,Australia,Sydney,0
8494,972,2022-11-05,326.91,39,Male,ENG,England,UK,London,0
8495,497,2024-07-04,491.81,24,Female,NY,Northeast,USA,New York,0
8496,283,2024-01-03,408.68,52,Female,NY,Northeast,USA,New York,0
8497,255,2023-09-03,227.43,52,Female,NY,Northeast,USA,New York,1
8498,688,2024-01-18,74.94,48,Other,FL,Southeast,USA,Miami,1
8499,925,2023-07-09,135.9,30,Male,BY,Bavaria,Germany,Munich,0
8500,997,2024-03-10,156.87,45,Female,FL,Southeast,USA,Miami,0
8501,902,2024-04-22,222.45,20,Male,WA,West,USA,Seattle,0
8502,115,2022-12-15,75.34,44,Male,ON,Ontario,Canada,Toronto,1
8503,721,2024-02-03,327.12,25,Male,NY,Northeast,USA,New York,0
8504,813,2024-10-15,212.23,53,Female,NY,Northeast,USA,New York,0
8505,219,2024-09-19,283.61,41,Female,IL,Midwest,USA,Chicago,0
8506,499,2022-03-18,149.72,66,Other,ON,Ontario,Canada,Toronto,0
8507,53,2024-12-25,260.28,36,Male,NY,Northeast,USA,New York,0
8508,670,2024-03-17,402.3,24,Male,TX,South,USA,Houston,0
8509,600,2023-07-23,56.42,51,Male,NY,Northeast,USA,New York,0
8510,181,2024-10-15,291.14,66,Male,IL,Midwest,USA,Chicago,0
8511,177,2023-10-18,331.76,55,Female,IL,Midwest,USA,Chicago,1
8512,218,2024-05-05,377.62,23,Male,FL,Southeast,USA,Miami,1
8513,632,2024-11-28,517.63,35,Female,WA,West,USA,Seattle,0
8514,557,2023-12-01,416.31,56,Female,MH,Maharashtra,India,Mumbai,0
8515,517,2024-07-28,416.76,63,Female,NY,Northeast,USA,New York,0
8516,251,2024-09-17,487.56,27,Male,FL,Southeast,USA,Miami,0
8517,791,2023-05-10,485.55,22,Female,MH,Maharashtra,India,Mumbai,1
8518,597,2023-05-12,446.56,48,Male,CA,West,USA,Los Angeles,0
8519,306,2022-07-03,310.86,25,Male,IL,Midwest,USA,Chicago,0
8520,88,2024-03-12,473.89,34,Male,FL,Southeast,USA,Miami,0
8521,856,2023-09-02,180.14,62,Male,WA,West,USA,Seattle,0
8522,782,2024-03-13,533.64,51,Male,CA,West,USA,Los Angeles,0
8523,303,2024-01-04,106.4,18,Female,CA,West,USA,Los Angeles,0
8524,274,2024-06-04,136.99,67,Female,ENG,England,UK,London,0
8525,972,2023-02-20,92.94,39,Male,ENG,England,UK,London,0
8526,738,2024-08-06,437.63,35,Male,NY,Northeast,USA,New York,0
8527,145,2022-07-10,222.9,69,Female,CA,West,USA,Los Angeles,0
8528,164,2024-03-19,416.23,39,Male,CA,West,USA,Los Angeles,1
8529,533,2023-04-15,275.53,26,Female,NY,Northeast,USA,New York,0
8530,800,2024-01-15,232.52,41,Male,IL,Midwest,USA,Chicago,1
8531,54,2023-08-13,476.18,42,Female,NY,Northeast,USA,New York,0
8532,14,2023-05-18,235.06,57,Male,IL,Midwest,USA,Chicago,1
8533,607,2024-10-19,350.58,34,Male,IL,Midwest,USA,Chicago,0
8534,171,2023-08-04,456.56,23,Male,NY,Northeast,USA,New York,1
8535,557,2024-06-27,127.87,56,Female,MH,Maharashtra,India,Mumbai,0
8536,338,2024-01-23,232.21,34,Other,TX,South,USA,Houston,0
8537,847,2023-05-12,85.86,26,Male,ENG,England,UK,London,0
8538,780,2023-05-11,292.47,62,Female,FL,Southeast,USA,Miami,0
8539,137,2023-05-21,420.7,49,Female,TX,South,USA,Houston,0
8540,32,2024-12-18,41.4,29,Female,CA,West,USA,Los Angeles,0
8541,428,2024-03-23,44.31,59,Female,IL,Midwest,USA,Chicago,1
8542,741,2023-04-14,395.57,60,Female,NY,Northeast,USA,New York,0
8543,489,2024-11-13,400.62,57,Male,MH,Maharashtra,India,Mumbai,0
8544,236,2023-12-14,219.5,55,Female,IL,Midwest,USA,Chicago,0
8545,46,2024-07-09,209.15,68,Male,NY,Northeast,USA,New York,0
8546,997,2024-08-22,165.98,45,Female,FL,Southeast,USA,Miami,0
8547,889,2024-01-23,45.09,18,Female,IL,Midwest,USA,Chicago,0
8548,287,2023-11-04,277.34,26,Female,NY,Northeast,USA,New York,0
8549,491,2023-08-03,330.59,66,Female,CA,West,USA,Los Angeles,0
8550,146,2023-07-03,460.07,62,Female,TX,South,USA,Houston,0
8551,392,2022-05-10,275.51,27,Other,WA,West,USA,Seattle,0
8552,684,2023-06-03,89.53,67,Male,CA,West,USA,Los Angeles,1
8553,630,2024-10-16,180.33,37,Other,CA,West,USA,Los Angeles,1
8554,277,2023-02-28,418.34,42,Female,IL,Midwest,USA,Chicago,0
8555,351,2023-07-20,331.69,45,Male,NY,Northeast,USA,New York,0
8556,541,2024-01-26,434.39,54,Male,NY,Northeast,USA,New York,0
8557,526,2022-10-05,212.61,34,Male,NY,Northeast,USA,New York,0
8558,773,2023-04-20,45.67,18,Male,WA,West,USA,Seattle,0
8559,490,2024-12-21,500.8,49,Female,CA,West,USA,Los Angeles,0
8560,800,2022-07-13,181.12,41,Male,IL,Midwest,USA,Chicago,1
8561,264,2023-07-21,53.91,66,Male,CA,West,USA,Los Angeles,1
8562,221,2024-05-03,333.28,24,Female,CA,West,USA,Los Angeles,0
8563,954,2022-07-18,374.54,40,Female,WA,West,USA,Seattle,0
8564,210,2023-05-23,258.88,58,Female,NY,Northeast,USA,New York,0
8565,821,2022-05-12,310.79,19,Female,CA,West,USA,Los Angeles,0
8566,272,2023-03-06,227.32,19,Female,WA,West,USA,Seattle,1
8567,104,2024-05-01,457.75,18,Female,ON,Ontario,Canada,Toronto,0
8568,395,2023-11-08,417.66,55,Female,NY,Northeast,USA,New York,0
8569,100,2023-04-23,384.55,25,Female,NY,Northeast,USA,New York,0
8570,747,2023-11-24,20.93,45,Female,NY,Northeast,USA,New York,0
8571,993,2024-11-18,294.58,28,Female,CA,West,USA,Los Angeles,0
8572,543,2022-09-08,394.82,28,Female,FL,Southeast,USA,Miami,0
8573,977,2024-01-08,145.59,22,Male,CA,West,USA,Los Angeles,0
8574,880,2023-08-24,145.23,50,Male,IL,Midwest,USA,Chicago,0
8575,952,2024-11-17,507.45,33,Female,IL,Midwest,USA,Chicago,0
8576,699,2023-06-23,447.79,20,Male,NY,Northeast,USA,New York,0
8577,338,2022-04-11,494.19,34,Other,TX,South,USA,Houston,0
8578,614,2023-05-24,268.96,38,Female,FL,Southeast,USA,Miami,0
8579,260,2022-06-14,70.88,48,Female,BY,Bavaria,Germany,Munich,0
8580,521,2024-02-19,15.73,36,Female,IL,Midwest,USA,Chicago,1
8581,763,2024-04-24,398.73,67,Male,TX,South,USA,Houston,0
8582,413,2024-09-10,459.39,32,Female,BY,Bavaria,Germany,Munich,0
8583,483,2022-07-23,219.86,31,Female,ENG,England,UK,London,0
8584,346,2024-04-19,244.88,31,Female,FL,Southeast,USA,Miami,0
8585,71,2023-12-14,447.04,59,Male,TX,South,USA,Houston,0
8586,175,2024-05-24,113.3,54,Female,WA,West,USA,Seattle,0
8587,167,2024-02-13,46.02,34,Female,ON,Ontario,Canada,Toronto,0
8588,271,2024-03-21,541.17,33,Male,FL,Southeast,USA,Miami,0
8589,64,2024-05-03,308.87,68,Female,BY,Bavaria,Germany,Munich,0
8590,901,2024-07-25,435.08,18,Male,FL,Southeast,USA,Miami,0
8591,787,2023-01-28,506.49,19,Male,ENG,England,UK,London,0
8592,830,2023-11-28,431.53,19,Male,TX,South,USA,Houston,0
8593,550,2024-11-24,267.82,53,Male,NY,Northeast,USA,New York,0
8594,5,2023-05-20,347.23,40,Female,ON,Ontario,Canada,Toronto,0
8595,162,2022-10-21,319.8,52,Female,FL,Southeast,USA,Miami,1
8596,225,2024-08-26,519.13,55,Male,TX,South,USA,Houston,0
8597,735,2022-11-21,79.13,28,Male,IL,Midwest,USA,Chicago,0
8598,808,2024-04-08,393.01,23,Female,TX,South,USA,Houston,0
8599,682,2022-08-05,432.78,25,Male,NSW,NSW,Australia,Sydney,0
8600,586,2023-02-28,197.11,66,Female,NY,Northeast,USA,New York,0
8601,366,2024-01-04,399.91,44,Female,ENG,England,UK,London,0
8602,72,2022-11-26,132.42,27,Female,FL,Southeast,USA,Miami,0
8603,234,2024-05-27,59.51,57,Male,NY,Northeast,USA,New York,0
8604,808,2024-06-02,25.14,23,Female,TX,South,USA,Houston,0
8605,612,2024-04-23,302.02,42,Male,TX,South,USA,Houston,0
8606,754,2022-11-17,35.32,66,Female,FL,Southeast,USA,Miami,0
8607,913,2024-06-11,336.32,37,Female,TX,South,USA,Houston,0
8608,282,2023-03-15,205.65,43,Female,WA,West,USA,Seattle,1
8609,604,2023-08-12,14.17,24,Female,BY,Bavaria,Germany,Munich,0
8610,744,2023-03-23,128.23,32,Male,NY,Northeast,USA,New York,0
8611,765,2023-04-12,394.13,36,Female,FL,Southeast,USA,Miami,0
8612,887,2023-09-04,207.35,20,Female,MH,Maharashtra,India,Mumbai,1
8613,928,2022-12-12,365.52,33,Male,IL,Midwest,USA,Chicago,0
8614,648,2023-10-15,433.9,45,Female,MH,Maharashtra,India,Mumbai,0
8615,847,2024-02-13,448.56,26,Male,ENG,England,UK,London,0
8616,744,2023-05-15,358.91,32,Male,NY,Northeast,USA,New York,0
8617,307,2022-11-28,375.83,33,Female,CA,West,USA,Los Angeles,0
8618,49,2023-04-12,306.55,53,Female,NY,Northeast,USA,New York,1
8619,910,2023-10-23,252.0,22,Female,BY,Bavaria,Germany,Munich,1
8620,566,2024-07-28,45.07,30,Other,BY,Bavaria,Germany,Munich,0
8621,545,2024-11-24,546.34,61,Male,MH,Maharashtra,India,Mumbai,0
8622,754,2023-05-16,447.02,66,Female,FL,Southeast,USA,Miami,0
8623,131,2024-12-28,379.95,47,Female,TX,South,USA,Houston,1
8624,463,2022-06-12,325.61,56,Male,FL,Southeast,USA,Miami,0
8625,736,2024-10-08,327.75,52,Male,ENG,England,UK,London,0
8626,405,2023-03-24,59.64,43,Other,FL,Southeast,USA,Miami,0
8627,690,2023-07-26,176.5,58,Female,BY,Bavaria,Germany,Munich,0
8628,563,2022-05-04,176.41,43,Male,TX,South,USA,Houston,0
8629,367,2022-01-09,398.91,42,Female,BY,Bavaria,Germany,Munich,0
8630,675,2024-06-09,343.2,50,Female,NY,Northeast,USA,New York,0
8631,455,2023-03-23,217.4,49,Female,BY,Bavaria,Germany,Munich,0
8632,817,2023-12-08,181.01,20,Female,CA,West,USA,Los Angeles,1
8633,61,2022-11-19,428.4,65,Male,MH,Maharashtra,India,Mumbai,0
8634,817,2024-10-27,442.36,20,Female,CA,West,USA,Los Angeles,1
8635,766,2024-07-26,457.43,58,Female,CA,West,USA,Los Angeles,0
8636,704,2024-04-25,228.2,26,Female,CA,West,USA,Los Angeles,0
8637,264,2024-05-15,274.21,66,Male,CA,West,USA,Los Angeles,1
8638,984,2024-03-17,325.81,51,Male,NY,Northeast,USA,New York,0
8639,653,2023-08-21,110.23,28,Male,WA,West,USA,Seattle,0
8640,539,2022-11-09,187.52,46,Male,FL,Southeast,USA,Miami,0
8641,237,2023-03-15,265.69,52,Male,ENG,England,UK,London,0
8642,444,2023-01-14,358.79,43,Male,CA,West,USA,Los Angeles,0
8643,449,2024-02-23,257.89,45,Female,CA,West,USA,Los Angeles,0
8644,331,2022-07-16,85.76,46,Female,TX,South,USA,Houston,0
8645,314,2022-01-13,218.3,32,Female,NY,Northeast,USA,New York,0
8646,125,2024-06-16,302.82,62,Other,NY,Northeast,USA,New York,0
8647,723,2022-02-05,328.88,61,Female,TX,South,USA,Houston,0
8648,223,2022-02-08,428.36,54,Male,IL,Midwest,USA,Chicago,1
8649,472,2022-10-23,123.92,59,Male,NSW,NSW,Australia,Sydney,0
8650,307,2024-12-04,318.38,33,Female,CA,West,USA,Los Angeles,0
8651,980,2022-03-20,214.51,47,Female,NSW,NSW,Australia,Sydney,0
8652,507,2022-04-26,346.61,45,Female,TX,South,USA,Houston,0
8653,288,2022-05-20,438.39,47,Male,IL,Midwest,USA,Chicago,0
8654,998,2024-10-18,273.03,36,Female,CA,West,USA,Los Angeles,1
8655,827,2022-07-21,423.65,53,Male,CA,West,USA,Los Angeles,0
8656,776,2022-08-05,10.99,67,Male,CA,West,USA,Los Angeles,0
8657,143,2024-08-04,511.83,32,Male,TX,South,USA,Houston,0
8658,888,2024-12-28,443.92,28,Male,CA,West,USA,Los Angeles,0
8659,173,2022-01-12,75.58,58,Other,WA,West,USA,Seattle,0
8660,182,2023-03-12,361.35,25,Male,ON,Ontario,Canada,Toronto,0
8661,359,2022-06-05,261.97,22,Male,NY,Northeast,USA,New York,0
8662,25,2024-07-21,543.92,58,Male,IL,Midwest,USA,Chicago,0
8663,30,2023-02-01,168.68,41,Male,NY,Northeast,USA,New York,0
8664,3,2024-11-05,345.42,52,Female,NY,Northeast,USA,New York,0
8665,316,2024-09-07,298.14,52,Female,TX,South,USA,Houston,0
8666,503,2024-12-27,132.56,68,Male,NSW,NSW,Australia,Sydney,0
8667,104,2022-12-27,408.7,18,Female,ON,Ontario,Canada,Toronto,0
8668,118,2024-07-03,418.97,25,Male,FL,Southeast,USA,Miami,0
8669,518,2024-11-04,309.82,21,Female,CA,West,USA,Los Angeles,0
8670,190,2024-10-27,529.29,33,Female,NY,Northeast,USA,New York,1
8671,485,2022-05-18,464.07,42,Male,FL,Southeast,USA,Miami,0
8672,178,2024-09-21,460.11,26,Female,TX,South,USA,Houston,0
8673,729,2024-12-16,94.83,43,Female,CA,West,USA,Los Angeles,0
8674,714,2024-10-07,501.91,57,Male,TX,South,USA,Houston,0
8675,932,2024-09-21,179.03,54,Female,IL,Midwest,USA,Chicago,1
8676,954,2023-04-06,306.7,40,Female,WA,West,USA,Seattle,0
8677,733,2023-11-01,516.88,65,Male,CA,West,USA,Los Angeles,0
8678,122,2024-06-24,137.95,52,Female,TX,South,USA,Houston,0
8679,544,2024-08-11,120.82,27,Female,BY,Bavaria,Germany,Munich,0
8680,107,2024-09-02,478.74,58,Female,NSW,NSW,Australia,Sydney,0
8681,676,2022-07-13,16.4,55,Female,FL,Southeast,USA,Miami,1
8682,330,2022-03-04,95.37,46,Male,TX,South,USA,Houston,1
8683,484,2024-09-14,190.84,59,Female,NY,Northeast,USA,New York,0
8684,638,2024-04-19,416.37,33,Male,WA,West,USA,Seattle,0
8685,405,2022-04-10,245.43,43,Other,FL,Southeast,USA,Miami,0
8686,370,2023-02-03,214.89,58,Male,ON,Ontario,Canada,Toronto,0
8687,447,2024-08-25,515.41,34,Female,CA,West,USA,Los Angeles,1
8688,279,2023-02-16,403.22,21,Female,NY,Northeast,USA,New York,0
8689,227,2022-05-01,320.09,60,Male,NY,Northeast,USA,New York,0
8690,116,2023-11-17,187.21,47,Female,CA,West,USA,Los Angeles,1
8691,61,2023-07-26,456.7,65,Male,MH,Maharashtra,India,Mumbai,0
8692,458,2022-11-01,134.01,50,Female,CA,West,USA,Los Angeles,0
8693,650,2024-07-23,530.32,62,Female,CA,West,USA,Los Angeles,0
8694,36,2024-03-11,154.15,21,Male,TX,South,USA,Houston,0
8695,481,2024-10-20,461.26,32,Other,ENG,England,UK,London,0
8696,629,2024-05-01,512.92,44,Female,CA,West,USA,Los Angeles,0
8697,857,2022-12-26,120.99,30,Female,TX,South,USA,Houston,0
8698,824,2022-04-28,122.42,51,Female,CA,West,USA,Los Angeles,0
8699,547,2022-11-16,48.51,40,Male,TX,South,USA,Houston,0
8700,969,2022-07-07,177.25,65,Female,FL,Southeast,USA,Miami,0
8701,889,2024-11-05,285.74,18,Female,IL,Midwest,USA,Chicago,0
8702,323,2022-03-20,52.12,49,Male,TX,South,USA,Houston,0
8703,447,2024-09-23,91.51,34,Female,CA,West,USA,Los Angeles,1
8704,826,2022-02-19,216.86,22,Female,MH,Maharashtra,India,Mumbai,0
8705,713,2022-11-14,98.27,55,Female,ENG,England,UK,London,0
8706,507,2022-04-22,389.01,45,Female,TX,South,USA,Houston,0
8707,494,2023-06-21,178.08,49,Male,CA,West,USA,Los Angeles,1
8708,268,2024-09-10,36.63,36,Male,CA,West,USA,Los Angeles,0
8709,517,2024-07-22,96.0,63,Female,NY,Northeast,USA,New York,0
8710,97,2022-10-06,160.55,30,Female,CA,West,USA,Los Angeles,0
8711,806,2024-09-23,91.21,58,Female,NY,Northeast,USA,New York,0
8712,447,2024-02-15,129.49,34,Female,CA,West,USA,Los Angeles,1
8713,397,2023-10-21,117.91,20,Male,IL,Midwest,USA,Chicago,0
8714,868,2022-06-20,215.16,61,Male,TX,South,USA,Houston,0
8715,998,2022-08-03,266.8,36,Female,CA,West,USA,Los Angeles,1
8716,948,2022-04-22,315.06,24,Female,TX,South,USA,Houston,1
8717,857,2024-06-22,510.27,30,Female,TX,South,USA,Houston,0
8718,463,2023-11-02,367.98,56,Male,FL,Southeast,USA,Miami,0
8719,759,2023-12-07,113.75,24,Female,CA,West,USA,Los Angeles,1
8720,774,2024-12-22,257.72,55,Female,ON,Ontario,Canada,Toronto,0
8721,653,2023-09-11,389.51,28,Male,WA,West,USA,Seattle,0
8722,213,2024-02-04,315.86,59,Female,MH,Maharashtra,India,Mumbai,0
8723,249,2022-06-24,92.98,58,Female,TX,South,USA,Houston,1
8724,745,2023-03-15,419.63,59,Male,NY,Northeast,USA,New York,0
8725,13,2022-09-12,106.36,56,Male,FL,Southeast,USA,Miami,0
8726,22,2023-03-16,189.44,37,Male,TX,South,USA,Houston,0
8727,685,2023-12-12,391.66,26,Male,TX,South,USA,Houston,0
8728,419,2024-03-04,543.18,33,Male,FL,Southeast,USA,Miami,0
8729,912,2024-01-16,499.84,27,Other,MH,Maharashtra,India,Mumbai,0
8730,770,2024-11-27,543.43,37,Female,ENG,England,UK,London,0
8731,252,2022-03-27,204.41,43,Male,CA,West,USA,Los Angeles,0
8732,367,2024-01-18,250.39,42,Female,BY,Bavaria,Germany,Munich,0
8733,258,2022-08-05,89.81,23,Female,MH,Maharashtra,India,Mumbai,1
8734,104,2024-12-07,270.57,18,Female,ON,Ontario,Canada,Toronto,0
8735,297,2024-04-09,439.5,62,Male,FL,Southeast,USA,Miami,1
8736,972,2024-06-02,49.03,39,Male,ENG,England,UK,London,0
8737,995,2023-04-04,176.3,45,Male,ENG,England,UK,London,0
8738,299,2024-08-22,519.15,32,Female,FL,Southeast,USA,Miami,0
8739,522,2024-05-13,111.39,25,Female,CA,West,USA,Los Angeles,0
8740,43,2022-08-24,155.59,54,Female,NY,Northeast,USA,New York,0
8741,179,2024-07-02,524.36,64,Male,ENG,England,UK,London,0
8742,409,2022-12-03,178.95,66,Male,ON,Ontario,Canada,Toronto,1
8743,442,2023-09-20,442.18,33,Female,TX,South,USA,Houston,0
8744,697,2024-09-08,168.76,55,Male,CA,West,USA,Los Angeles,0
8745,344,2024-07-07,152.25,44,Male,NSW,NSW,Australia,Sydney,0
8746,384,2023-05-18,107.77,30,Female,IL,Midwest,USA,Chicago,0
8747,764,2023-05-26,43.15,66,Female,CA,West,USA,Los Angeles,0
8748,901,2023-07-12,226.34,18,Male,FL,Southeast,USA,Miami,0
8749,659,2023-03-22,381.15,21,Male,TX,South,USA,Houston,0
8750,214,2023-02-10,273.08,41,Female,ENG,England,UK,London,0
8751,443,2023-06-24,222.17,24,Male,TX,South,USA,Houston,0
8752,579,2024-02-12,123.39,64,Female,NY,Northeast,USA,New York,0
8753,272,2023-04-05,365.61,19,Female,WA,West,USA,Seattle,1
8754,107,2022-07-15,133.9,58,Female,NSW,NSW,Australia,Sydney,0
8755,841,2023-10-09,27.26,33,Male,CA,West,USA,Los Angeles,1
8756,119,2022-04-06,482.62,30,Male,MH,Maharashtra,India,Mumbai,0
8757,116,2022-10-06,471.82,47,Female,CA,West,USA,Los Angeles,1
8758,196,2023-01-11,121.99,22,Female,TX,South,USA,Houston,0
8759,1,2023-12-01,134.52,22,Female,IL,Midwest,USA,Chicago,0
8760,218,2023-07-02,311.91,23,Male,FL,Southeast,USA,Miami,1
8761,109,2023-07-17,232.6,42,Female,TX,South,USA,Houston,0
8762,660,2024-09-01,498.42,32,Female,CA,West,USA,Los Angeles,1
8763,895,2023-07-22,232.34,56,Female,FL,Southeast,USA,Miami,0
8764,849,2023-06-28,81.15,60,Male,CA,West,USA,Los Angeles,0
8765,571,2022-06-06,277.86,67,Female,ENG,England,UK,London,0
8766,866,2022-12-02,65.49,54,Female,IL,Midwest,USA,Chicago,1
8767,401,2023-11-06,242.88,69,Female,FL,Southeast,USA,Miami,0
8768,629,2024-07-02,328.01,44,Female,CA,West,USA,Los Angeles,0
8769,327,2022-11-08,473.22,30,Female,TX,South,USA,Houston,0
8770,407,2022-03-25,153.74,40,Female,TX,South,USA,Houston,0
8771,119,2023-07-23,347.91,30,Male,MH,Maharashtra,India,Mumbai,0
8772,265,2023-07-28,10.69,69,Female,CA,West,USA,Los Angeles,0
8773,93,2024-05-23,489.45,61,Male,NSW,NSW,Australia,Sydney,0
8774,294,2022-12-24,165.38,35,Male,IL,Midwest,USA,Chicago,0
8775,697,2022-11-17,128.0,55,Male,CA,West,USA,Los Angeles,0
8776,453,2023-12-04,63.84,43,Male,WA,West,USA,Seattle,0
8777,870,2022-09-22,394.77,20,Male,TX,South,USA,Houston,0
8778,629,2022-06-18,37.72,44,Female,CA,West,USA,Los Angeles,0
8779,983,2023-10-27,331.52,46,Female,CA,West,USA,Los Angeles,0
8780,556,2023-02-20,174.49,44,Female,TX,South,USA,Houston,0
8781,670,2022-11-16,358.46,24,Male,TX,South,USA,Houston,0
8782,762,2024-01-22,541.23,46,Male,MH,Maharashtra,India,Mumbai,0
8783,185,2023-11-19,153.37,43,Female,CA,West,USA,Los Angeles,0
8784,129,2022-09-04,313.66,47,Female,CA,West,USA,Los Angeles,0
8785,461,2024-02-18,214.55,55,Female,FL,Southeast,USA,Miami,0
8786,113,2023-03-11,275.2,46,Other,WA,West,USA,Seattle,0
8787,963,2024-07-05,56.91,61,Male,CA,West,USA,Los Angeles,0
8788,991,2024-05-08,123.35,35,Male,NSW,NSW,Australia,Sydney,0
8789,190,2023-11-24,423.13,33,Female,NY,Northeast,USA,New York,1
8790,316,2022-03-19,179.02,52,Female,TX,South,USA,Houston,0
8791,226,2024-06-02,11.75,33,Male,CA,West,USA,Los Angeles,0
8792,972,2023-04-10,177.25,39,Male,ENG,England,UK,London,0
8793,812,2022-02-20,338.14,63,Female,CA,West,USA,Los Angeles,0
8794,290,2023-04-15,515.24,42,Female,CA,West,USA,Los Angeles,0
8795,743,2023-11-22,454.23,50,Male,NY,Northeast,USA,New York,0
8796,65,2024-10-18,426.57,39,Female,WA,West,USA,Seattle,0
8797,151,2024-12-02,521.21,62,Male,NY,Northeast,USA,New York,0
8798,508,2024-06-25,373.09,30,Male,CA,West,USA,Los Angeles,0
8799,319,2024-04-16,296.12,66,Female,TX,South,USA,Houston,0
8800,198,2024-01-26,307.33,24,Female,WA,West,USA,Seattle,1
8801,515,2023-07-07,501.04,67,Male,TX,South,USA,Houston,0
8802,900,2024-01-20,12.37,50,Male,FL,Southeast,USA,Miami,0
8803,520,2024-01-01,294.2,48,Male,NY,Northeast,USA,New York,0
8804,433,2024-08-05,433.27,60,Male,WA,West,USA,Seattle,0
8805,115,2024-03-25,32.11,44,Male,ON,Ontario,Canada,Toronto,1
8806,441,2024-08-25,462.96,68,Male,NY,Northeast,USA,New York,0
8807,851,2023-08-27,448.96,68,Female,CA,West,USA,Los Angeles,0
8808,390,2024-10-06,298.55,25,Female,TX,South,USA,Houston,0
8809,857,2022-06-25,416.1,30,Female,TX,South,USA,Houston,0
8810,112,2022-09-02,79.89,58,Female,WA,West,USA,Seattle,0
8811,627,2023-06-12,500.43,35,Female,NY,Northeast,USA,New York,0
8812,624,2024-02-13,38.01,39,Male,CA,West,USA,Los Angeles,0
8813,287,2023-05-23,29.95,26,Female,NY,Northeast,USA,New York,0
8814,155,2022-01-20,266.77,40,Female,NSW,NSW,Australia,Sydney,0
8815,700,2022-07-11,370.27,22,Female,IL,Midwest,USA,Chicago,0
8816,640,2022-10-05,353.03,67,Female,ON,Ontario,Canada,Toronto,0
8817,397,2023-10-11,296.38,20,Male,IL,Midwest,USA,Chicago,0
8818,401,2022-04-09,393.97,69,Female,FL,Southeast,USA,Miami,0
8819,913,2024-02-19,344.72,37,Female,TX,South,USA,Houston,0
8820,854,2023-03-03,452.19,30,Male,TX,South,USA,Houston,0
8821,389,2023-12-12,70.74,64,Male,ENG,England,UK,London,0
8822,521,2023-05-18,520.35,36,Female,IL,Midwest,USA,Chicago,1
8823,415,2023-06-19,468.05,18,Other,CA,West,USA,Los Angeles,0
8824,889,2024-02-20,502.52,18,Female,IL,Midwest,USA,Chicago,0
8825,480,2022-10-09,188.17,23,Male,CA,West,USA,Los Angeles,0
8826,26,2023-06-15,502.4,51,Male,CA,West,USA,Los Angeles,0
8827,108,2024-02-03,88.86,52,Male,NY,Northeast,USA,New York,0
8828,726,2022-07-13,48.17,24,Female,NY,Northeast,USA,New York,1
8829,35,2024-10-28,230.02,64,Male,CA,West,USA,Los Angeles,0
8830,559,2024-07-24,523.28,59,Female,CA,West,USA,Los Angeles,0
8831,551,2024-12-18,542.36,59,Female,MH,Maharashtra,India,Mumbai,0
8832,169,2024-11-12,282.05,35,Male,CA,West,USA,Los Angeles,0
8833,662,2023-07-26,401.15,56,Female,NY,Northeast,USA,New York,1
8834,106,2023-12-13,290.16,58,Female,NY,Northeast,USA,New York,0
8835,924,2022-11-22,65.59,25,Male,CA,West,USA,Los Angeles,0
8836,738,2022-06-17,330.04,35,Male,NY,Northeast,USA,New York,0
8837,163,2023-10-01,86.88,39,Male,WA,West,USA,Seattle,0
8838,376,2023-07-20,351.43,22,Female,WA,West,USA,Seattle,0
8839,897,2023-07-26,135.49,44,Female,NY,Northeast,USA,New York,0
8840,77,2022-07-22,139.03,35,Female,WA,West,USA,Seattle,1
8841,282,2024-11-18,381.6,43,Female,WA,West,USA,Seattle,1
8842,696,2022-12-02,237.82,31,Male,ON,Ontario,Canada,Toronto,0
8843,506,2023-05-01,441.83,41,Male,ENG,England,UK,London,0
8844,291,2022-09-24,343.33,59,Male,WA,West,USA,Seattle,0
8845,163,2024-08-14,173.1,39,Male,WA,West,USA,Seattle,0
8846,301,2023-11-13,414.23,36,Female,FL,Southeast,USA,Miami,0
8847,456,2024-06-18,46.69,46,Female,MH,Maharashtra,India,Mumbai,0
8848,83,2022-03-26,370.07,26,Male,TX,South,USA,Houston,0
8849,601,2023-03-13,210.77,50,Male,IL,Midwest,USA,Chicago,0
8850,423,2024-01-16,177.0,57,Female,TX,South,USA,Houston,0
8851,260,2022-02-16,266.1,48,Female,BY,Bavaria,Germany,Munich,0
8852,914,2023-05-14,481.76,68,Female,TX,South,USA,Houston,0
8853,849,2022-02-19,135.81,60,Male,CA,West,USA,Los Angeles,0
8854,861,2022-11-06,499.7,68,Female,ON,Ontario,Canada,Toronto,0
8855,940,2023-05-11,316.46,44,Other,WA,West,USA,Seattle,0
8856,332,2022-06-14,133.53,37,Female,NSW,NSW,Australia,Sydney,0
8857,351,2023-10-15,369.56,45,Male,NY,Northeast,USA,New York,0
8858,307,2024-05-14,414.78,33,Female,CA,West,USA,Los Angeles,0
8859,238,2022-10-12,270.44,40,Male,CA,West,USA,Los Angeles,0
8860,867,2022-11-26,73.99,60,Male,NY,Northeast,USA,New York,1
8861,336,2024-05-23,458.53,60,Female,CA,West,USA,Los Angeles,0
8862,740,2023-07-25,431.44,64,Male,TX,South,USA,Houston,0
8863,968,2024-05-17,431.16,34,Male,FL,Southeast,USA,Miami,0
8864,204,2023-06-14,403.11,54,Female,FL,Southeast,USA,Miami,0
8865,311,2024-08-13,220.47,52,Male,NY,Northeast,USA,New York,0
8866,899,2024-05-25,281.61,21,Female,CA,West,USA,Los Angeles,0
8867,402,2022-07-19,334.12,58,Male,CA,West,USA,Los Angeles,0
8868,912,2024-07-24,102.13,27,Other,MH,Maharashtra,India,Mumbai,0
8869,581,2024-01-24,342.8,22,Male,NY,Northeast,USA,New York,0
8870,341,2024-03-27,71.68,51,Male,CA,West,USA,Los Angeles,1
8871,453,2022-08-16,425.44,43,Male,WA,West,USA,Seattle,0
8872,893,2023-01-11,72.84,45,Male,NY,Northeast,USA,New York,1
8873,44,2022-09-26,388.48,36,Other,CA,West,USA,Los Angeles,0
8874,664,2024-12-06,133.03,28,Male,TX,South,USA,Houston,0
8875,851,2022-10-10,464.9,68,Female,CA,West,USA,Los Angeles,0
8876,876,2022-05-27,332.4,44,Male,CA,West,USA,Los Angeles,0
8877,546,2024-06-20,247.81,20,Male,CA,West,USA,Los Angeles,0
8878,386,2023-09-17,33.26,24,Male,NY,Northeast,USA,New York,0
8879,984,2024-09-15,344.42,51,Male,NY,Northeast,USA,New York,0
8880,399,2023-12-14,206.95,32,Male,CA,West,USA,Los Angeles,0
8881,394,2024-07-26,449.31,49,Male,CA,West,USA,Los Angeles,0
8882,503,2022-04-12,398.43,68,Male,NSW,NSW,Australia,Sydney,0
8883,486,2023-05-14,367.45,30,Female,BY,Bavaria,Germany,Munich,0
8884,264,2023-12-03,149.71,66,Male,CA,West,USA,Los Angeles,1
8885,398,2023-09-04,100.43,28,Male,NY,Northeast,USA,New York,0
8886,538,2023-11-06,268.77,24,Male,CA,West,USA,Los Angeles,0
8887,124,2022-10-09,231.65,42,Female,CA,West,USA,Los Angeles,0
8888,510,2024-12-09,380.51,30,Female,IL,Midwest,USA,Chicago,0
8889,729,2022-07-19,271.08,43,Female,CA,West,USA,Los Angeles,0
8890,189,2023-12-16,267.67,30,Female,FL,Southeast,USA,Miami,0
8891,237,2023-11-01,260.32,52,Male,ENG,England,UK,London,0
8892,896,2023-11-15,272.5,49,Male,MH,Maharashtra,India,Mumbai,0
8893,901,2024-12-03,489.84,18,Male,FL,Southeast,USA,Miami,0
8894,105,2023-07-16,99.35,59,Other,NY,Northeast,USA,New York,1
8895,50,2024-10-02,21.5,58,Male,NY,Northeast,USA,New York,0
8896,883,2024-08-03,132.95,41,Female,CA,West,USA,Los Angeles,0
8897,979,2024-10-24,181.48,36,Female,NY,Northeast,USA,New York,0
8898,538,2024-10-01,347.3,24,Male,CA,West,USA,Los Angeles,0
8899,852,2022-10-28,422.89,59,Female,ENG,England,UK,London,1
8900,483,2024-06-13,402.53,31,Female,ENG,England,UK,London,0
8901,303,2024-11-24,559.06,18,Female,CA,West,USA,Los Angeles,0
8902,859,2024-11-06,11.59,52,Female,MH,Maharashtra,India,Mumbai,0
8903,491,2022-09-14,103.16,66,Female,CA,West,USA,Los Angeles,0
8904,454,2022-07-25,52.68,19,Male,MH,Maharashtra,India,Mumbai,0
8905,585,2024-11-03,375.38,39,Other,IL,Midwest,USA,Chicago,0
8906,303,2023-10-13,232.37,18,Female,CA,West,USA,Los Angeles,0
8907,279,2024-07-04,182.04,21,Female,NY,Northeast,USA,New York,0
8908,158,2023-08-10,172.99,46,Male,ON,Ontario,Canada,Toronto,0
8909,94,2023-09-28,474.41,38,Female,TX,South,USA,Houston,0
8910,688,2022-09-16,47.0,48,Other,FL,Southeast,USA,Miami,1
8911,453,2022-05-10,163.57,43,Male,WA,West,USA,Seattle,0
8912,834,2022-05-18,254.95,25,Other,CA,West,USA,Los Angeles,0
8913,581,2024-11-08,237.08,22,Male,NY,Northeast,USA,New York,0
8914,511,2023-12-03,367.7,69,Female,CA,West,USA,Los Angeles,1
8915,974,2024-06-16,344.59,42,Female,TX,South,USA,Houston,0
8916,283,2024-12-21,450.5,52,Female,NY,Northeast,USA,New York,0
8917,850,2024-07-06,474.48,49,Male,CA,West,USA,Los Angeles,1
8918,941,2023-03-04,218.33,53,Male,MH,Maharashtra,India,Mumbai,1
8919,580,2024-10-17,486.5,23,Male,CA,West,USA,Los Angeles,0
8920,647,2024-01-11,358.13,41,Female,CA,West,USA,Los Angeles,0
8921,856,2024-02-27,483.37,62,Male,WA,West,USA,Seattle,0
8922,545,2022-12-10,238.03,61,Male,MH,Maharashtra,India,Mumbai,0
8923,446,2024-07-11,25.23,52,Male,BY,Bavaria,Germany,Munich,0
8924,793,2022-04-16,332.41,55,Female,FL,Southeast,USA,Miami,0
8925,887,2022-07-28,483.34,20,Female,MH,Maharashtra,India,Mumbai,1
8926,335,2024-08-20,521.74,41,Female,CA,West,USA,Los Angeles,1
8927,463,2024-09-19,94.64,56,Male,FL,Southeast,USA,Miami,0
8928,737,2022-05-23,249.88,55,Male,CA,West,USA,Los Angeles,1
8929,678,2022-06-23,437.68,22,Male,ON,Ontario,Canada,Toronto,0
8930,351,2024-08-15,239.79,45,Male,NY,Northeast,USA,New York,0
8931,722,2022-08-09,263.9,66,Male,TX,South,USA,Houston,0
8932,259,2022-12-05,498.82,27,Male,BY,Bavaria,Germany,Munich,0
8933,136,2024-06-16,276.07,33,Male,TX,South,USA,Houston,0
8934,233,2024-11-20,115.49,19,Male,IL,Midwest,USA,Chicago,0
8935,976,2023-12-11,30.69,29,Female,CA,West,USA,Los Angeles,0
8936,884,2023-05-14,250.23,26,Other,CA,West,USA,Los Angeles,0
8937,132,2023-01-13,277.89,46,Female,ENG,England,UK,London,0
8938,806,2023-08-17,488.41,58,Female,NY,Northeast,USA,New York,0
8939,369,2024-12-23,445.84,19,Male,TX,South,USA,Houston,0
8940,209,2024-01-13,45.7,31,Male,ENG,England,UK,London,0
8941,276,2023-03-15,434.85,43,Female,TX,South,USA,Houston,0
8942,71,2023-09-12,46.72,59,Male,TX,South,USA,Houston,0
8943,206,2023-11-09,17.9,31,Female,MH,Maharashtra,India,Mumbai,0
8944,155,2022-02-20,278.01,40,Female,NSW,NSW,Australia,Sydney,0
8945,161,2023-05-18,285.77,69,Male,CA,West,USA,Los Angeles,0
8946,308,2022-04-15,165.06,46,Male,TX,South,USA,Houston,0
8947,907,2024-12-09,263.95,39,Other,FL,Southeast,USA,Miami,0
8948,610,2023-09-25,488.64,62,Male,CA,West,USA,Los Angeles,0
8949,186,2024-07-23,382.4,41,Male,NY,Northeast,USA,New York,0
8950,666,2023-11-21,188.45,54,Female,NY,Northeast,USA,New York,0
8951,933,2024-07-23,523.75,31,Male,FL,Southeast,USA,Miami,0
8952,114,2024-12-14,100.64,41,Other,NY,Northeast,USA,New York,0
8953,248,2023-04-18,101.59,39,Male,TX,South,USA,Houston,0
8954,455,2022-01-06,124.17,49,Female,BY,Bavaria,Germany,Munich,0
8955,145,2024-06-22,138.79,69,Female,CA,West,USA,Los Angeles,0
8956,521,2022-03-01,44.79,36,Female,IL,Midwest,USA,Chicago,1
8957,620,2022-11-15,161.73,25,Female,NY,Northeast,USA,New York,0
8958,260,2022-07-06,278.84,48,Female,BY,Bavaria,Germany,Munich,0
8959,254,2024-05-17,133.46,35,Female,ON,Ontario,Canada,Toronto,0
8960,730,2022-10-08,62.35,52,Male,IL,Midwest,USA,Chicago,1
8961,554,2023-07-28,348.45,34,Male,ON,Ontario,Canada,Toronto,1
8962,596,2023-07-04,228.74,59,Male,NY,Northeast,USA,New York,0
8963,64,2024-03-24,369.75,68,Female,BY,Bavaria,Germany,Munich,0
8964,731,2023-12-19,139.43,55,Male,NY,Northeast,USA,New York,0
8965,564,2024-09-28,426.14,27,Female,CA,West,USA,Los Angeles,0
8966,699,2024-11-10,545.06,20,Male,NY,Northeast,USA,New York,0
8967,330,2023-10-20,146.29,46,Male,TX,South,USA,Houston,1
8968,897,2023-07-01,342.69,44,Female,NY,Northeast,USA,New York,0
8969,12,2024-01-19,431.06,68,Female,CA,West,USA,Los Angeles,0
8970,674,2024-09-13,309.35,22,Female,CA,West,USA,Los Angeles,1
8971,60,2023-02-21,161.82,53,Female,ENG,England,UK,London,1
8972,801,2023-12-22,121.97,18,Male,NSW,NSW,Australia,Sydney,0
8973,829,2022-04-14,326.83,62,Male,FL,Southeast,USA,Miami,1
8974,510,2022-06-10,245.15,30,Female,IL,Midwest,USA,Chicago,0
8975,554,2022-08-20,420.27,34,Male,ON,Ontario,Canada,Toronto,1
8976,238,2022-07-26,53.78,40,Male,CA,West,USA,Los Angeles,0
8977,11,2022-09-11,26.03,45,Male,CA,West,USA,Los Angeles,0
8978,91,2024-10-24,214.72,40,Female,CA,West,USA,Los Angeles,0
8979,233,2024-10-13,271.53,19,Male,IL,Midwest,USA,Chicago,0
8980,490,2024-12-25,362.19,49,Female,CA,West,USA,Los Angeles,0
8981,190,2024-07-19,73.79,33,Female,NY,Northeast,USA,New York,1
8982,799,2024-07-19,333.51,34,Female,CA,West,USA,Los Angeles,0
8983,707,2022-11-20,408.39,18,Female,IL,Midwest,USA,Chicago,0
8984,584,2024-04-23,510.36,20,Female,CA,West,USA,Los Angeles,0
8985,662,2023-04-25,477.94,56,Female,NY,Northeast,USA,New York,1
8986,26,2023-01-11,279.89,51,Male,CA,West,USA,Los Angeles,0
8987,259,2024-10-21,504.71,27,Male,BY,Bavaria,Germany,Munich,0
8988,240,2024-09-20,306.24,50,Male,WA,West,USA,Seattle,0
8989,23,2022-04-17,45.95,27,Male,ENG,England,UK,London,0
8990,442,2024-02-07,545.55,33,Female,TX,South,USA,Houston,0
8991,389,2022-01-14,11.28,64,Male,ENG,England,UK,London,0
8992,403,2022-07-06,150.04,34,Male,ON,Ontario,Canada,Toronto,0
8993,673,2022-03-04,32.73,51,Male,TX,South,USA,Houston,0
8994,698,2022-10-27,276.4,48,Female,TX,South,USA,Houston,1
8995,329,2024-12-21,322.61,25,Female,BY,Bavaria,Germany,Munich,0
8996,176,2023-10-16,341.94,42,Male,BY,Bavaria,Germany,Munich,1
8997,376,2022-11-13,78.78,22,Female,WA,West,USA,Seattle,0
8998,370,2024-12-03,20.76,58,Male,ON,Ontario,Canada,Toronto,0
8999,84,2023-10-10,148.6,61,Male,NY,Northeast,USA,New York,1
9000,536,2023-08-06,37.35,25,Female,WA,West,USA,Seattle,0
9001,383,2023-11-16,28.93,67,Female,TX,South,USA,Houston,0
9002,984,2023-08-13,147.7,51,Male,NY,Northeast,USA,New York,0
9003,136,2023-06-27,529.39,33,Male,TX,South,USA,Houston,0
9004,926,2024-01-24,452.1,67,Male,IL,Midwest,USA,Chicago,0
9005,343,2024-09-17,209.73,50,Female,CA,West,USA,Los Angeles,0
9006,382,2023-12-26,205.94,66,Female,FL,Southeast,USA,Miami,0
9007,258,2023-09-10,493.56,23,Female,MH,Maharashtra,India,Mumbai,1
9008,335,2022-06-04,334.37,41,Female,CA,West,USA,Los Angeles,1
9009,48,2024-08-16,470.53,64,Male,WA,West,USA,Seattle,0
9010,950,2023-11-02,459.6,32,Male,FL,Southeast,USA,Miami,0
9011,335,2023-10-27,98.53,41,Female,CA,West,USA,Los Angeles,1
9012,862,2024-07-04,20.04,66,Male,CA,West,USA,Los Angeles,0
9013,769,2024-05-24,158.42,25,Female,IL,Midwest,USA,Chicago,0
9014,711,2022-06-19,301.26,53,Female,MH,Maharashtra,India,Mumbai,0
9015,385,2023-12-07,482.5,19,Male,NY,Northeast,USA,New York,0
9016,622,2023-03-15,170.89,42,Male,CA,West,USA,Los Angeles,0
9017,355,2024-11-16,477.75,68,Male,ON,Ontario,Canada,Toronto,0
9018,729,2023-03-21,354.54,43,Female,CA,West,USA,Los Angeles,0
9019,827,2022-12-12,330.71,53,Male,CA,West,USA,Los Angeles,0
9020,710,2024-06-17,404.3,42,Male,CA,West,USA,Los Angeles,0
9021,406,2023-10-12,276.29,44,Female,TX,South,USA,Houston,0
9022,837,2022-10-03,340.06,60,Male,ENG,England,UK,London,0
9023,9,2024-10-20,446.55,28,Female,CA,West,USA,Los Angeles,0
9024,724,2022-10-08,298.8,24,Female,CA,West,USA,Los Angeles,0
9025,838,2024-01-08,32.72,28,Female,NY,Northeast,USA,New York,0
9026,651,2024-04-10,291.41,43,Male,IL,Midwest,USA,Chicago,0
9027,479,2022-04-16,302.52,52,Female,IL,Midwest,USA,Chicago,0
9028,937,2024-09-20,491.6,26,Male,FL,Southeast,USA,Miami,0
9029,38,2024-09-23,14.07,61,Male,IL,Midwest,USA,Chicago,0
9030,941,2024-05-17,37.86,53,Male,MH,Maharashtra,India,Mumbai,1
9031,271,2024-10-12,213.13,33,Male,FL,Southeast,USA,Miami,0
9032,417,2022-05-27,403.45,68,Male,IL,Midwest,USA,Chicago,0
9033,272,2022-05-14,247.32,19,Female,WA,West,USA,Seattle,1
9034,999,2024-06-05,178.72,68,Male,ON,Ontario,Canada,Toronto,0
9035,383,2022-10-23,349.7,67,Female,TX,South,USA,Houston,0
9036,394,2023-01-27,272.57,49,Male,CA,West,USA,Los Angeles,0
9037,609,2023-12-09,308.59,68,Other,NY,Northeast,USA,New York,0
9038,249,2022-09-07,219.88,58,Female,TX,South,USA,Houston,1
9039,338,2024-08-10,409.11,34,Other,TX,South,USA,Houston,0
9040,208,2024-04-10,19.75,68,Female,TX,South,USA,Houston,0
9041,722,2024-10-06,12.12,66,Male,TX,South,USA,Houston,0
9042,119,2022-11-01,344.59,30,Male,MH,Maharashtra,India,Mumbai,0
9043,662,2023-07-06,24.45,56,Female,NY,Northeast,USA,New York,1
9044,365,2024-05-09,196.25,24,Male,FL,Southeast,USA,Miami,0
9045,108,2023-06-06,200.87,52,Male,NY,Northeast,USA,New York,0
9046,969,2024-06-06,348.06,65,Female,FL,Southeast,USA,Miami,0
9047,343,2024-05-27,435.11,50,Female,CA,West,USA,Los Angeles,0
9048,325,2023-10-07,437.45,68,Female,IL,Midwest,USA,Chicago,0
9049,81,2023-05-24,156.11,66,Female,ENG,England,UK,London,0
9050,920,2024-11-17,100.27,51,Other,BY,Bavaria,Germany,Munich,0
9051,908,2022-07-13,490.59,27,Male,NY,Northeast,USA,New York,0
9052,108,2024-08-22,35.21,52,Male,NY,Northeast,USA,New York,0
9053,286,2024-12-01,457.82,66,Male,ON,Ontario,Canada,Toronto,0
9054,147,2022-06-21,19.86,19,Male,NY,Northeast,USA,New York,0
9055,704,2024-03-12,277.43,26,Female,CA,West,USA,Los Angeles,0
9056,164,2023-08-24,343.79,39,Male,CA,West,USA,Los Angeles,1
9057,394,2022-07-27,244.08,49,Male,CA,West,USA,Los Angeles,0
9058,550,2024-10-21,321.11,53,Male,NY,Northeast,USA,New York,0
9059,956,2024-11-04,25.12,49,Male,TX,South,USA,Houston,0
9060,992,2024-10-28,95.84,46,Female,TX,South,USA,Houston,0
9061,425,2024-12-22,314.85,39,Male,NY,Northeast,USA,New York,0
9062,205,2023-04-01,440.51,41,Male,TX,South,USA,Houston,0
9063,575,2023-04-06,295.45,18,Female,NY,Northeast,USA,New York,0
9064,334,2022-05-28,254.75,61,Female,CA,West,USA,Los Angeles,0
9065,448,2022-09-24,494.21,67,Female,BY,Bavaria,Germany,Munich,0
9066,854,2023-04-12,213.07,30,Male,TX,South,USA,Houston,0
9067,424,2023-02-27,210.82,48,Female,NY,Northeast,USA,New York,0
9068,532,2024-12-14,51.82,26,Female,TX,South,USA,Houston,0
9069,557,2023-05-25,417.38,56,Female,MH,Maharashtra,India,Mumbai,0
9070,345,2024-04-17,48.36,65,Male,CA,West,USA,Los Angeles,0
9071,897,2024-05-19,85.92,44,Female,NY,Northeast,USA,New York,0
9072,423,2024-03-01,42.35,57,Female,TX,South,USA,Houston,0
9073,600,2023-01-28,110.52,51,Male,NY,Northeast,USA,New York,0
9074,736,2024-05-06,252.06,52,Male,ENG,England,UK,London,0
9075,824,2024-05-06,34.25,51,Female,CA,West,USA,Los Angeles,0
9076,363,2022-11-13,211.61,29,Female,MH,Maharashtra,India,Mumbai,0
9077,35,2023-06-22,260.46,64,Male,CA,West,USA,Los Angeles,0
9078,663,2022-10-22,64.29,19,Female,NY,Northeast,USA,New York,0
9079,101,2024-10-18,41.46,61,Female,BY,Bavaria,Germany,Munich,0
9080,801,2023-10-25,173.9,18,Male,NSW,NSW,Australia,Sydney,0
9081,996,2023-12-20,348.49,50,Female,TX,South,USA,Houston,0
9082,57,2024-07-05,344.4,46,Male,BY,Bavaria,Germany,Munich,0
9083,22,2023-02-22,76.36,37,Male,TX,South,USA,Houston,0
9084,750,2023-01-08,58.34,26,Female,NY,Northeast,USA,New York,0
9085,707,2024-03-15,113.76,18,Female,IL,Midwest,USA,Chicago,0
9086,945,2024-11-18,491.05,24,Male,TX,South,USA,Houston,0
9087,129,2024-08-11,522.5,47,Female,CA,West,USA,Los Angeles,0
9088,81,2022-03-11,265.59,66,Female,ENG,England,UK,London,0
9089,369,2022-02-08,452.11,19,Male,TX,South,USA,Houston,0
9090,82,2022-11-09,74.39,40,Female,NY,Northeast,USA,New York,1
9091,904,2023-07-28,351.97,63,Male,ENG,England,UK,London,0
9092,616,2023-03-11,347.56,51,Male,BY,Bavaria,Germany,Munich,0
9093,671,2024-12-14,257.79,67,Male,TX,South,USA,Houston,0
9094,677,2024-10-20,416.1,48,Female,TX,South,USA,Houston,0
9095,518,2023-07-07,257.31,21,Female,CA,West,USA,Los Angeles,0
9096,463,2023-07-06,455.45,56,Male,FL,Southeast,USA,Miami,0
9097,218,2023-09-06,81.16,23,Male,FL,Southeast,USA,Miami,1
9098,936,2023-05-02,19.59,66,Other,NSW,NSW,Australia,Sydney,0
9099,551,2024-12-13,218.71,59,Female,MH,Maharashtra,India,Mumbai,0
9100,127,2022-10-01,73.02,22,Female,NY,Northeast,USA,New York,0
9101,168,2024-09-11,109.51,26,Other,NY,Northeast,USA,New York,0
9102,119,2022-09-15,33.4,30,Male,MH,Maharashtra,India,Mumbai,0
9103,897,2023-12-08,234.26,44,Female,NY,Northeast,USA,New York,0
9104,11,2024-01-08,415.79,45,Male,CA,West,USA,Los Angeles,0
9105,927,2022-01-17,282.77,46,Male,CA,West,USA,Los Angeles,0
9106,823,2022-10-16,184.78,25,Male,TX,South,USA,Houston,0
9107,140,2024-03-23,17.63,40,Female,IL,Midwest,USA,Chicago,0
9108,91,2023-09-25,275.01,40,Female,CA,West,USA,Los Angeles,0
9109,930,2022-07-07,170.58,48,Male,WA,West,USA,Seattle,0
9110,604,2022-05-09,127.05,24,Female,BY,Bavaria,Germany,Munich,0
9111,920,2022-04-15,231.26,51,Other,BY,Bavaria,Germany,Munich,0
9112,930,2023-10-06,98.93,48,Male,WA,West,USA,Seattle,0
9113,11,2022-03-21,167.59,45,Male,CA,West,USA,Los Angeles,0
9114,53,2024-03-01,519.49,36,Male,NY,Northeast,USA,New York,0
9115,794,2024-06-11,346.44,60,Male,NY,Northeast,USA,New York,0
9116,118,2022-02-28,494.98,25,Male,FL,Southeast,USA,Miami,0
9117,826,2023-09-21,336.72,22,Female,MH,Maharashtra,India,Mumbai,0
9118,872,2022-12-15,57.52,28,Female,NY,Northeast,USA,New York,0
9119,488,2023-10-01,356.43,45,Male,IL,Midwest,USA,Chicago,1
9120,278,2023-08-23,460.33,58,Male,TX,South,USA,Houston,0
9121,992,2024-06-13,512.09,46,Female,TX,South,USA,Houston,0
9122,423,2023-12-25,298.62,57,Female,TX,South,USA,Houston,0
9123,241,2023-11-22,72.99,25,Male,NY,Northeast,USA,New York,0
9124,581,2024-11-28,364.12,22,Male,NY,Northeast,USA,New York,0
9125,337,2024-04-04,89.66,68,Female,CA,West,USA,Los Angeles,0
9126,717,2023-02-25,39.71,44,Male,CA,West,USA,Los Angeles,0
9127,986,2022-03-20,113.74,51,Male,NY,Northeast,USA,New York,0
9128,184,2024-04-09,64.45,54,Female,NY,Northeast,USA,New York,0
9129,250,2023-02-24,241.94,20,Female,TX,South,USA,Houston,0
9130,874,2024-11-16,529.22,24,Female,NY,Northeast,USA,New York,0
9131,838,2024-03-19,373.63,28,Female,NY,Northeast,USA,New York,0
9132,775,2023-04-27,371.31,62,Male,ENG,England,UK,London,0
9133,146,2022-11-17,403.77,62,Female,TX,South,USA,Houston,0
9134,91,2022-12-18,127.22,40,Female,CA,West,USA,Los Angeles,0
9135,300,2023-04-25,307.91,19,Female,FL,Southeast,USA,Miami,0
9136,109,2023-05-22,380.9,42,Female,TX,South,USA,Houston,0
9137,478,2024-11-18,178.07,18,Male,NSW,NSW,Australia,Sydney,0
9138,708,2024-12-26,223.9,47,Female,TX,South,USA,Houston,0
9139,721,2024-09-26,396.1,25,Male,NY,Northeast,USA,New York,0
9140,473,2024-06-18,454.88,40,Male,IL,Midwest,USA,Chicago,0
9141,368,2024-09-03,209.66,34,Female,CA,West,USA,Los Angeles,0
9142,453,2022-10-20,316.59,43,Male,WA,West,USA,Seattle,0
9143,709,2023-02-10,355.64,42,Male,CA,West,USA,Los Angeles,0
9144,218,2024-06-17,520.97,23,Male,FL,Southeast,USA,Miami,1
9145,2,2024-11-11,443.36,58,Female,NSW,NSW,Australia,Sydney,0
9146,713,2022-09-10,105.32,55,Female,ENG,England,UK,London,0
9147,635,2024-03-28,354.56,27,Other,TX,South,USA,Houston,0
9148,115,2023-10-07,508.05,44,Male,ON,Ontario,Canada,Toronto,1
9149,601,2023-09-05,207.07,50,Male,IL,Midwest,USA,Chicago,0
9150,374,2024-04-18,431.19,37,Male,MH,Maharashtra,India,Mumbai,0
9151,910,2023-05-19,290.66,22,Female,BY,Bavaria,Germany,Munich,1
9152,723,2023-05-28,238.0,61,Female,TX,South,USA,Houston,0
9153,481,2023-12-02,306.8,32,Other,ENG,England,UK,London,0
9154,981,2023-03-26,231.41,48,Male,TX,South,USA,Houston,0
9155,701,2022-11-24,165.83,45,Female,CA,West,USA,Los Angeles,0
9156,213,2024-07-06,428.9,59,Female,MH,Maharashtra,India,Mumbai,0
9157,621,2023-11-23,287.28,40,Female,NY,Northeast,USA,New York,0
9158,636,2024-12-24,524.26,53,Male,TX,South,USA,Houston,1
9159,803,2022-12-04,14.28,44,Female,TX,South,USA,Houston,1
9160,65,2024-11-01,433.42,39,Female,WA,West,USA,Seattle,0
9161,904,2024-06-19,97.55,63,Male,ENG,England,UK,London,0
9162,267,2023-04-17,405.97,41,Male,MH,Maharashtra,India,Mumbai,0
9163,511,2023-05-25,462.6,69,Female,CA,West,USA,Los Angeles,1
9164,97,2023-09-27,417.84,30,Female,CA,West,USA,Los Angeles,0
9165,165,2024-05-03,337.1,39,Male,BY,Bavaria,Germany,Munich,0
9166,831,2024-06-27,78.54,30,Female,FL,Southeast,USA,Miami,0
9167,746,2024-02-24,538.26,36,Male,CA,West,USA,Los Angeles,0
9168,419,2024-10-17,190.3,33,Male,FL,Southeast,USA,Miami,0
9169,78,2023-02-11,25.26,29,Female,ON,Ontario,Canada,Toronto,0
9170,892,2024-05-18,12.23,54,Female,WA,West,USA,Seattle,0
9171,172,2023-08-16,394.24,22,Female,FL,Southeast,USA,Miami,0
9172,41,2024-07-11,468.36,26,Other,ON,Ontario,Canada,Toronto,0
9173,238,2023-11-03,427.7,40,Male,CA,West,USA,Los Angeles,0
9174,699,2024-09-21,318.0,20,Male,NY,Northeast,USA,New York,0
9175,296,2022-10-09,319.62,45,Male,NY,Northeast,USA,New York,0
9176,515,2022-05-07,454.34,67,Male,TX,South,USA,Houston,0
9177,119,2023-02-11,355.29,30,Male,MH,Maharashtra,India,Mumbai,0
9178,694,2024-10-01,203.93,67,Other,CA,West,USA,Los Angeles,0
9179,967,2023-03-11,504.24,49,Male,ON,Ontario,Canada,Toronto,0
9180,967,2023-11-24,512.12,49,Male,ON,Ontario,Canada,Toronto,0
9181,906,2023-12-21,336.73,54,Male,NY,Northeast,USA,New York,0
9182,973,2023-04-02,304.63,42,Male,IL,Midwest,USA,Chicago,0
9183,843,2024-10-10,525.35,65,Female,IL,Midwest,USA,Chicago,0
9184,831,2024-06-19,438.21,30,Female,FL,Southeast,USA,Miami,0
9185,757,2024-05-27,76.35,56,Female,BY,Bavaria,Germany,Munich,0
9186,211,2024-06-13,537.04,31,Other,WA,West,USA,Seattle,0
9187,183,2022-09-28,364.94,43,Male,IL,Midwest,USA,Chicago,0
9188,760,2023-12-02,394.44,55,Other,TX,South,USA,Houston,0
9189,283,2024-05-26,231.23,52,Female,NY,Northeast,USA,New York,0
9190,958,2024-09-05,15.84,51,Male,CA,West,USA,Los Angeles,0
9191,671,2022-05-21,143.15,67,Male,TX,South,USA,Houston,0
9192,347,2024-04-03,192.91,69,Male,NY,Northeast,USA,New York,0
9193,526,2022-09-28,233.38,34,Male,NY,Northeast,USA,New York,0
9194,350,2023-10-07,374.87,26,Other,WA,West,USA,Seattle,0
9195,228,2023-10-11,244.65,48,Male,ENG,England,UK,London,0
9196,478,2024-12-18,215.42,18,Male,NSW,NSW,Australia,Sydney,0
9197,597,2024-02-02,147.37,48,Male,CA,West,USA,Los Angeles,0
9198,696,2023-08-16,409.76,31,Male,ON,Ontario,Canada,Toronto,0
9199,350,2024-05-09,443.38,26,Other,WA,West,USA,Seattle,0
9200,248,2024-11-13,210.53,39,Male,TX,South,USA,Houston,0
9201,153,2023-01-10,123.6,65,Female,NY,Northeast,USA,New York,0
9202,159,2024-03-24,131.96,44,Female,NY,Northeast,USA,New York,0
9203,580,2022-10-13,334.78,23,Male,CA,West,USA,Los Angeles,0
9204,287,2023-05-22,411.88,26,Female,NY,Northeast,USA,New York,0
9205,615,2022-09-02,394.64,53,Other,CA,West,USA,Los Angeles,0
9206,646,2023-12-20,462.82,35,Male,BY,Bavaria,Germany,Munich,0
9207,833,2023-07-11,402.47,41,Female,ON,Ontario,Canada,Toronto,1
9208,43,2022-07-17,248.11,54,Female,NY,Northeast,USA,New York,0
9209,898,2023-12-24,149.47,20,Female,CA,West,USA,Los Angeles,0
9210,928,2024-10-20,216.33,33,Male,IL,Midwest,USA,Chicago,0
9211,454,2024-03-10,166.91,19,Male,MH,Maharashtra,India,Mumbai,0
9212,558,2022-11-07,58.75,63,Male,TX,South,USA,Houston,0
9213,918,2022-07-25,80.51,58,Female,TX,South,USA,Houston,0
9214,107,2023-10-08,17.19,58,Female,NSW,NSW,Australia,Sydney,0
9215,962,2024-08-01,119.17,39,Female,IL,Midwest,USA,Chicago,0
9216,724,2024-04-09,469.56,24,Female,CA,West,USA,Los Angeles,0
9217,710,2023-11-01,289.58,42,Male,CA,West,USA,Los Angeles,0
9218,287,2024-01-21,224.93,26,Female,NY,Northeast,USA,New York,0
9219,1000,2024-11-25,141.48,44,Female,TX,South,USA,Houston,1
9220,767,2024-11-13,334.92,49,Male,WA,West,USA,Seattle,0
9221,942,2022-12-18,486.96,39,Male,CA,West,USA,Los Angeles,0
9222,881,2023-01-27,191.33,22,Male,ON,Ontario,Canada,Toronto,0
9223,668,2024-06-26,476.31,62,Female,TX,South,USA,Houston,0
9224,504,2023-03-02,498.41,63,Male,IL,Midwest,USA,Chicago,0
9225,382,2022-06-02,395.6,66,Female,FL,Southeast,USA,Miami,0
9226,185,2022-05-11,299.8,43,Female,CA,West,USA,Los Angeles,0
9227,41,2023-08-08,167.48,26,Other,ON,Ontario,Canada,Toronto,0
9228,473,2024-06-05,29.52,40,Male,IL,Midwest,USA,Chicago,0
9229,592,2024-12-05,415.44,64,Female,ENG,England,UK,London,0
9230,572,2022-04-23,478.42,39,Female,TX,South,USA,Houston,0
9231,473,2024-06-06,389.43,40,Male,IL,Midwest,USA,Chicago,0
9232,360,2023-09-14,29.41,56,Female,NY,Northeast,USA,New York,0
9233,408,2024-04-02,87.73,25,Male,CA,West,USA,Los Angeles,0
9234,770,2022-10-18,202.55,37,Female,ENG,England,UK,London,0
9235,933,2024-09-21,554.12,31,Male,FL,Southeast,USA,Miami,0
9236,272,2024-10-17,57.79,19,Female,WA,West,USA,Seattle,1
9237,650,2024-09-08,185.65,62,Female,CA,West,USA,Los Angeles,0
9238,842,2024-11-03,314.07,52,Female,CA,West,USA,Los Angeles,0
9239,402,2023-12-12,68.75,58,Male,CA,West,USA,Los Angeles,0
9240,438,2024-01-22,75.74,66,Male,FL,Southeast,USA,Miami,0
9241,553,2024-07-04,48.9,61,Male,TX,South,USA,Houston,0
9242,587,2023-11-24,271.74,53,Female,NY,Northeast,USA,New York,1
9243,920,2024-01-26,168.44,51,Other,BY,Bavaria,Germany,Munich,0
9244,57,2023-08-18,31.12,46,Male,BY,Bavaria,Germany,Munich,0
9245,822,2023-09-24,271.25,52,Female,CA,West,USA,Los Angeles,0
9246,211,2024-03-08,412.07,31,Other,WA,West,USA,Seattle,0
9247,367,2023-06-18,358.0,42,Female,BY,Bavaria,Germany,Munich,0
9248,439,2022-10-21,345.31,22,Female,NY,Northeast,USA,New York,0
9249,507,2023-01-21,296.6,45,Female,TX,South,USA,Houston,0
9250,739,2024-02-20,439.94,56,Male,NY,Northeast,USA,New York,0
9251,168,2024-11-06,45.43,26,Other,NY,Northeast,USA,New York,0
9252,972,2022-11-26,103.45,39,Male,ENG,England,UK,London,0
9253,834,2024-08-20,397.17,25,Other,CA,West,USA,Los Angeles,0
9254,73,2024-06-04,195.46,42,Female,FL,Southeast,USA,Miami,1
9255,562,2024-02-18,142.28,20,Female,NY,Northeast,USA,New York,0
9256,937,2024-11-26,26.04,26,Male,FL,Southeast,USA,Miami,0
9257,37,2024-04-01,487.82,62,Female,WA,West,USA,Seattle,0
9258,309,2023-12-25,445.84,34,Female,TX,South,USA,Houston,0
9259,460,2023-10-10,42.01,23,Female,FL,Southeast,USA,Miami,0
9260,983,2024-02-09,178.25,46,Female,CA,West,USA,Los Angeles,0
9261,558,2023-09-14,122.04,63,Male,TX,South,USA,Houston,0
9262,45,2023-12-21,118.0,21,Male,TX,South,USA,Houston,0
9263,636,2022-11-03,136.46,53,Male,TX,South,USA,Houston,1
9264,509,2022-08-08,155.55,31,Female,CA,West,USA,Los Angeles,0
9265,592,2024-03-23,398.94,64,Female,ENG,England,UK,London,0
9266,778,2022-09-07,485.23,24,Male,CA,West,USA,Los Angeles,0
9267,96,2024-09-10,36.14,32,Male,IL,Midwest,USA,Chicago,0
9268,351,2024-08-18,188.4,45,Male,NY,Northeast,USA,New York,0
9269,133,2022-04-08,337.04,22,Male,FL,Southeast,USA,Miami,1
9270,974,2022-12-02,159.9,42,Female,TX,South,USA,Houston,0
9271,927,2023-07-15,109.87,46,Male,CA,West,USA,Los Angeles,0
9272,925,2023-05-03,97.77,30,Male,BY,Bavaria,Germany,Munich,0
9273,262,2023-04-11,321.17,26,Male,CA,West,USA,Los Angeles,0
9274,332,2024-04-19,94.1,37,Female,NSW,NSW,Australia,Sydney,0
9275,466,2022-07-21,57.31,68,Female,CA,West,USA,Los Angeles,1
9276,5,2022-04-27,377.35,40,Female,ON,Ontario,Canada,Toronto,0
9277,862,2022-07-25,178.44,66,Male,CA,West,USA,Los Angeles,0
9278,176,2023-03-01,475.22,42,Male,BY,Bavaria,Germany,Munich,1
9279,685,2023-04-14,268.43,26,Male,TX,South,USA,Houston,0
9280,33,2024-02-01,83.52,22,Male,FL,Southeast,USA,Miami,0
9281,135,2022-05-23,104.45,59,Male,MH,Maharashtra,India,Mumbai,0
9282,680,2023-06-03,468.44,66,Male,NSW,NSW,Australia,Sydney,0
9283,60,2024-06-22,80.11,53,Female,ENG,England,UK,London,1
9284,142,2024-10-01,184.36,29,Female,CA,West,USA,Los Angeles,0
9285,206,2024-07-04,177.72,31,Female,MH,Maharashtra,India,Mumbai,0
9286,480,2022-09-26,493.99,23,Male,CA,West,USA,Los Angeles,0
9287,217,2024-01-06,545.97,22,Female,NY,Northeast,USA,New York,1
9288,188,2023-06-14,370.06,37,Other,TX,South,USA,Houston,0
9289,189,2024-02-15,140.45,30,Female,FL,Southeast,USA,Miami,0
9290,867,2022-07-20,97.85,60,Male,NY,Northeast,USA,New York,1
9291,815,2024-08-27,44.18,58,Male,NY,Northeast,USA,New York,0
9292,295,2024-11-12,44.84,46,Male,BY,Bavaria,Germany,Munich,1
9293,647,2024-08-17,527.52,41,Female,CA,West,USA,Los Angeles,0
9294,698,2022-06-28,305.72,48,Female,TX,South,USA,Houston,1
9295,248,2024-04-04,120.03,39,Male,TX,South,USA,Houston,0
9296,586,2024-12-14,439.99,66,Female,NY,Northeast,USA,New York,0
9297,60,2023-03-09,50.29,53,Female,ENG,England,UK,London,1
9298,376,2023-01-27,281.93,22,Female,WA,West,USA,Seattle,0
9299,600,2022-02-18,105.93,51,Male,NY,Northeast,USA,New York,0
9300,760,2023-12-19,243.62,55,Other,TX,South,USA,Houston,0
9301,373,2024-12-06,136.91,39,Other,MH,Maharashtra,India,Mumbai,0
9302,115,2023-05-27,81.5,44,Male,ON,Ontario,Canada,Toronto,1
9303,710,2024-01-02,519.86,42,Male,CA,West,USA,Los Angeles,0
9304,711,2024-10-14,516.06,53,Female,MH,Maharashtra,India,Mumbai,0
9305,102,2024-05-20,281.92,28,Female,CA,West,USA,Los Angeles,0
9306,180,2024-01-25,442.66,44,Male,TX,South,USA,Houston,0
9307,278,2024-07-08,121.92,58,Male,TX,South,USA,Houston,0
9308,82,2023-06-10,216.78,40,Female,NY,Northeast,USA,New York,1
9309,785,2022-05-02,120.52,42,Female,CA,West,USA,Los Angeles,1
9310,968,2024-09-19,57.17,34,Male,FL,Southeast,USA,Miami,0
9311,843,2024-10-06,243.82,65,Female,IL,Midwest,USA,Chicago,0
9312,173,2023-08-18,397.5,58,Other,WA,West,USA,Seattle,0
9313,270,2024-01-03,419.95,48,Female,ON,Ontario,Canada,Toronto,0
9314,265,2024-01-14,254.53,69,Female,CA,West,USA,Los Angeles,0
9315,462,2023-11-14,242.42,25,Male,TX,South,USA,Houston,1
9316,11,2024-03-15,342.07,45,Male,CA,West,USA,Los Angeles,0
9317,224,2024-06-09,523.29,28,Other,FL,Southeast,USA,Miami,0
9318,677,2023-02-05,88.54,48,Female,TX,South,USA,Houston,0
9319,660,2022-04-22,208.41,32,Female,CA,West,USA,Los Angeles,1
9320,760,2023-07-26,481.01,55,Other,TX,South,USA,Houston,0
9321,423,2024-04-08,312.33,57,Female,TX,South,USA,Houston,0
9322,21,2023-09-13,422.43,44,Female,NY,Northeast,USA,New York,0
9323,979,2024-06-04,265.09,36,Female,NY,Northeast,USA,New York,0
9324,518,2024-10-05,516.67,21,Female,CA,West,USA,Los Angeles,0
9325,912,2024-08-10,499.78,27,Other,MH,Maharashtra,India,Mumbai,0
9326,849,2023-04-20,242.23,60,Male,CA,West,USA,Los Angeles,0
9327,123,2023-11-19,13.2,52,Other,ON,Ontario,Canada,Toronto,0
9328,788,2022-12-21,287.42,53,Male,WA,West,USA,Seattle,0
9329,648,2023-02-03,116.52,45,Female,MH,Maharashtra,India,Mumbai,0
9330,804,2022-09-02,127.87,65,Male,TX,South,USA,Houston,0
9331,704,2022-09-08,220.57,26,Female,CA,West,USA,Los Angeles,0
9332,69,2022-09-10,230.49,21,Male,TX,South,USA,Houston,0
9333,105,2024-01-15,483.53,59,Other,NY,Northeast,USA,New York,1
9334,283,2023-01-17,26.85,52,Female,NY,Northeast,USA,New York,0
9335,205,2023-05-06,163.86,41,Male,TX,South,USA,Houston,0
9336,522,2024-02-24,358.22,25,Female,CA,West,USA,Los Angeles,0
9337,993,2023-06-21,333.66,28,Female,CA,West,USA,Los Angeles,0
9338,511,2024-11-09,185.59,69,Female,CA,West,USA,Los Angeles,1
9339,339,2024-05-19,108.86,28,Male,WA,West,USA,Seattle,0
9340,758,2022-06-09,145.74,37,Female,WA,West,USA,Seattle,0
9341,486,2024-04-02,500.91,30,Female,BY,Bavaria,Germany,Munich,0
9342,920,2024-06-21,155.46,51,Other,BY,Bavaria,Germany,Munich,0
9343,434,2024-11-03,281.07,24,Female,ON,Ontario,Canada,Toronto,0
9344,717,2023-11-07,500.04,44,Male,CA,West,USA,Los Angeles,0
9345,82,2023-06-09,72.11,40,Female,NY,Northeast,USA,New York,1
9346,482,2023-06-26,462.86,61,Female,NY,Northeast,USA,New York,0
9347,431,2024-03-17,419.16,22,Male,FL,Southeast,USA,Miami,0
9348,591,2023-12-23,262.73,59,Male,NY,Northeast,USA,New York,0
9349,768,2022-05-26,474.98,42,Other,TX,South,USA,Houston,0
9350,4,2022-05-26,46.46,40,Female,TX,South,USA,Houston,0
9351,306,2022-06-18,428.75,25,Male,IL,Midwest,USA,Chicago,0
9352,451,2023-02-10,113.28,67,Female,NSW,NSW,Australia,Sydney,0
9353,649,2023-05-12,194.57,67,Female,WA,West,USA,Seattle,0
9354,114,2024-12-05,78.35,41,Other,NY,Northeast,USA,New York,0
9355,703,2023-02-17,267.85,26,Female,ENG,England,UK,London,0
9356,732,2023-04-17,98.42,39,Female,IL,Midwest,USA,Chicago,0
9357,538,2022-04-28,135.0,24,Male,CA,West,USA,Los Angeles,0
9358,782,2023-04-06,41.57,51,Male,CA,West,USA,Los Angeles,0
9359,515,2024-12-22,178.64,67,Male,TX,South,USA,Houston,0
9360,1000,2023-09-08,95.71,44,Female,TX,South,USA,Houston,1
9361,51,2024-12-03,387.32,57,Female,CA,West,USA,Los Angeles,1
9362,463,2024-11-12,361.43,56,Male,FL,Southeast,USA,Miami,0
9363,723,2024-08-27,376.41,61,Female,TX,South,USA,Houston,0
9364,88,2024-08-13,382.2,34,Male,FL,Southeast,USA,Miami,0
9365,668,2023-07-06,64.18,62,Female,TX,South,USA,Houston,0
9366,139,2024-09-10,128.55,36,Female,NY,Northeast,USA,New York,0
9367,602,2023-09-20,393.64,58,Male,CA,West,USA,Los Angeles,1
9368,908,2024-08-08,275.82,27,Male,NY,Northeast,USA,New York,0
9369,244,2022-06-07,318.75,51,Male,NSW,NSW,Australia,Sydney,0
9370,196,2022-09-07,37.74,22,Female,TX,South,USA,Houston,0
9371,613,2022-03-03,199.29,58,Female,CA,West,USA,Los Angeles,0
9372,364,2024-08-20,251.58,64,Female,TX,South,USA,Houston,0
9373,793,2024-07-09,391.16,55,Female,FL,Southeast,USA,Miami,0
9374,134,2022-07-09,456.91,47,Male,IL,Midwest,USA,Chicago,0
9375,790,2023-07-10,309.01,18,Female,NY,Northeast,USA,New York,0
9376,819,2023-10-20,405.92,52,Female,TX,South,USA,Houston,1
9377,750,2024-10-25,364.35,26,Female,NY,Northeast,USA,New York,0
9378,302,2022-05-21,455.85,60,Male,FL,Southeast,USA,Miami,0
9379,725,2022-05-16,407.28,58,Male,ENG,England,UK,London,0
9380,373,2024-01-20,146.92,39,Other,MH,Maharashtra,India,Mumbai,0
9381,428,2024-02-07,133.2,59,Female,IL,Midwest,USA,Chicago,1
9382,743,2024-04-26,511.65,50,Male,NY,Northeast,USA,New York,0
9383,927,2024-10-18,339.08,46,Male,CA,West,USA,Los Angeles,0
9384,598,2024-11-27,257.95,58,Female,TX,South,USA,Houston,0
9385,977,2023-04-08,374.25,22,Male,CA,West,USA,Los Angeles,0
9386,596,2023-11-05,156.92,59,Male,NY,Northeast,USA,New York,0
9387,837,2024-06-21,454.96,60,Male,ENG,England,UK,London,0
9388,51,2022-11-09,268.59,57,Female,CA,West,USA,Los Angeles,1
9389,198,2024-07-06,489.19,24,Female,WA,West,USA,Seattle,1
9390,219,2022-10-23,325.41,41,Female,IL,Midwest,USA,Chicago,0
9391,320,2023-05-15,145.76,57,Male,FL,Southeast,USA,Miami,0
9392,276,2022-02-22,483.07,43,Female,TX,South,USA,Houston,0
9393,699,2024-04-07,232.05,20,Male,NY,Northeast,USA,New York,0
9394,995,2024-09-02,431.54,45,Male,ENG,England,UK,London,0
9395,174,2022-12-12,135.21,55,Female,CA,West,USA,Los Angeles,0
9396,225,2022-08-27,214.37,55,Male,TX,South,USA,Houston,0
9397,927,2023-10-17,394.07,46,Male,CA,West,USA,Los Angeles,0
9398,374,2023-01-24,372.24,37,Male,MH,Maharashtra,India,Mumbai,0
9399,699,2023-10-24,498.31,20,Male,NY,Northeast,USA,New York,0
9400,193,2024-11-26,449.04,49,Male,NY,Northeast,USA,New York,0
9401,900,2022-06-13,168.85,50,Male,FL,Southeast,USA,Miami,0
9402,474,2023-07-06,458.99,42,Female,NY,Northeast,USA,New York,0
9403,873,2023-01-26,489.0,23,Male,NY,Northeast,USA,New York,0
9404,1,2023-03-15,506.16,22,Female,IL,Midwest,USA,Chicago,0
9405,545,2023-01-09,478.3,61,Male,MH,Maharashtra,India,Mumbai,0
9406,804,2024-10-13,392.82,65,Male,TX,South,USA,Houston,0
9407,143,2024-11-22,447.94,32,Male,TX,South,USA,Houston,0
9408,883,2024-02-11,366.74,41,Female,CA,West,USA,Los Angeles,0
9409,783,2023-12-24,176.66,24,Male,NY,Northeast,USA,New York,0
9410,491,2024-11-07,459.07,66,Female,CA,West,USA,Los Angeles,0
9411,913,2024-08-09,136.09,37,Female,TX,South,USA,Houston,0
9412,846,2024-12-04,247.9,18,Female,CA,West,USA,Los Angeles,0
9413,181,2024-11-25,199.71,66,Male,IL,Midwest,USA,Chicago,0
9414,5,2023-04-25,100.01,40,Female,ON,Ontario,Canada,Toronto,0
9415,241,2024-12-06,449.64,25,Male,NY,Northeast,USA,New York,0
9416,438,2024-06-15,270.19,66,Male,FL,Southeast,USA,Miami,0
9417,684,2024-03-23,300.41,67,Male,CA,West,USA,Los Angeles,1
9418,171,2024-03-17,286.72,23,Male,NY,Northeast,USA,New York,1
9419,298,2024-09-19,389.53,40,Male,NY,Northeast,USA,New York,0
9420,391,2023-12-08,101.96,56,Male,NY,Northeast,USA,New York,0
9421,526,2024-06-01,286.04,34,Male,NY,Northeast,USA,New York,0
9422,423,2024-08-27,154.02,57,Female,TX,South,USA,Houston,0
9423,430,2024-05-26,544.45,55,Female,TX,South,USA,Houston,0
9424,679,2024-11-27,44.22,45,Male,NY,Northeast,USA,New York,0
9425,667,2022-02-02,464.92,44,Female,ENG,England,UK,London,1
9426,803,2023-08-19,41.72,44,Female,TX,South,USA,Houston,1
9427,954,2023-08-08,67.35,40,Female,WA,West,USA,Seattle,0
9428,942,2024-01-09,508.56,39,Male,CA,West,USA,Los Angeles,0
9429,858,2024-12-12,366.74,20,Female,TX,South,USA,Houston,0
9430,300,2024-12-07,189.24,19,Female,FL,Southeast,USA,Miami,0
9431,677,2024-07-17,334.09,48,Female,TX,South,USA,Houston,0
9432,690,2024-10-17,102.38,58,Female,BY,Bavaria,Germany,Munich,0
9433,679,2022-11-26,41.78,45,Male,NY,Northeast,USA,New York,0
9434,838,2024-02-24,38.22,28,Female,NY,Northeast,USA,New York,0
9435,780,2024-02-20,159.39,62,Female,FL,Southeast,USA,Miami,0
9436,401,2024-09-28,109.65,69,Female,FL,Southeast,USA,Miami,0
9437,222,2024-08-12,232.54,41,Male,NY,Northeast,USA,New York,0
9438,561,2024-09-02,492.31,45,Other,NSW,NSW,Australia,Sydney,0
9439,592,2023-08-25,207.22,64,Female,ENG,England,UK,London,0
9440,687,2024-10-10,229.93,39,Male,ON,Ontario,Canada,Toronto,0
9441,55,2023-03-13,73.33,43,Male,NY,Northeast,USA,New York,0
9442,79,2023-04-11,524.13,47,Female,MH,Maharashtra,India,Mumbai,0
9443,729,2023-04-26,86.04,43,Female,CA,West,USA,Los Angeles,0
9444,622,2023-06-11,186.32,42,Male,CA,West,USA,Los Angeles,0
9445,728,2022-10-20,473.41,22,Female,CA,West,USA,Los Angeles,1
9446,543,2024-11-19,260.86,28,Female,FL,Southeast,USA,Miami,0
9447,824,2022-06-16,175.67,51,Female,CA,West,USA,Los Angeles,0
9448,309,2023-08-16,382.06,34,Female,TX,South,USA,Houston,0
9449,528,2023-05-03,27.75,25,Male,NY,Northeast,USA,New York,0
9450,995,2023-07-25,177.43,45,Male,ENG,England,UK,London,0
9451,976,2024-12-10,329.63,29,Female,CA,West,USA,Los Angeles,0
9452,82,2023-04-07,525.33,40,Female,NY,Northeast,USA,New York,1
9453,127,2022-10-07,484.1,22,Female,NY,Northeast,USA,New York,0
9454,951,2024-01-12,354.85,22,Female,IL,Midwest,USA,Chicago,0
9455,578,2024-05-18,197.85,45,Female,CA,West,USA,Los Angeles,0
9456,638,2024-09-16,313.07,33,Male,WA,West,USA,Seattle,0
9457,13,2024-10-24,523.71,56,Male,FL,Southeast,USA,Miami,0
9458,60,2022-08-23,336.91,53,Female,ENG,England,UK,London,1
9459,696,2024-11-10,93.08,31,Male,ON,Ontario,Canada,Toronto,0
9460,181,2022-11-24,486.06,66,Male,IL,Midwest,USA,Chicago,0
9461,780,2023-08-20,479.21,62,Female,FL,Southeast,USA,Miami,0
9462,782,2022-05-25,116.22,51,Male,CA,West,USA,Los Angeles,0
9463,956,2024-05-01,371.68,49,Male,TX,South,USA,Houston,0
9464,197,2023-08-15,466.75,35,Female,CA,West,USA,Los Angeles,0
9465,379,2023-09-18,125.14,37,Female,TX,South,USA,Houston,0
9466,47,2022-06-07,462.58,41,Male,NY,Northeast,USA,New York,0
9467,537,2024-06-19,110.01,41,Male,NSW,NSW,Australia,Sydney,0
9468,548,2023-03-21,196.11,48,Female,TX,South,USA,Houston,0
9469,102,2023-01-04,500.46,28,Female,CA,West,USA,Los Angeles,0
9470,999,2023-07-27,502.3,68,Male,ON,Ontario,Canada,Toronto,0
9471,580,2024-11-27,23.98,23,Male,CA,West,USA,Los Angeles,0
9472,380,2022-10-08,434.53,31,Female,FL,Southeast,USA,Miami,0
9473,795,2024-12-06,391.92,40,Male,NY,Northeast,USA,New York,0
9474,442,2023-09-06,463.37,33,Female,TX,South,USA,Houston,0
9475,726,2022-04-02,236.34,24,Female,NY,Northeast,USA,New York,1
9476,774,2023-09-01,520.4,55,Female,ON,Ontario,Canada,Toronto,0
9477,823,2022-11-09,376.63,25,Male,TX,South,USA,Houston,0
9478,599,2023-09-19,405.01,50,Female,CA,West,USA,Los Angeles,1
9479,297,2023-07-20,232.35,62,Male,FL,Southeast,USA,Miami,1
9480,271,2024-08-16,226.51,33,Male,FL,Southeast,USA,Miami,0
9481,988,2023-01-19,117.37,34,Female,ON,Ontario,Canada,Toronto,0
9482,548,2023-04-04,40.85,48,Female,TX,South,USA,Houston,0
9483,555,2023-03-28,478.82,69,Male,NY,Northeast,USA,New York,1
9484,461,2022-06-06,299.44,55,Female,FL,Southeast,USA,Miami,0
9485,567,2022-11-11,283.48,29,Male,TX,South,USA,Houston,0
9486,17,2023-03-19,186.17,44,Male,CA,West,USA,Los Angeles,0
9487,611,2022-02-04,372.45,61,Male,TX,South,USA,Houston,0
9488,108,2022-10-13,209.37,52,Male,NY,Northeast,USA,New York,0
9489,554,2024-11-27,455.36,34,Male,ON,Ontario,Canada,Toronto,1
9490,605,2024-07-07,55.01,60,Male,FL,Southeast,USA,Miami,1
9491,946,2024-06-18,146.99,24,Female,FL,Southeast,USA,Miami,0
9492,149,2023-06-17,157.8,60,Female,BY,Bavaria,Germany,Munich,1
9493,878,2024-09-03,24.0,56,Female,FL,Southeast,USA,Miami,0
9494,770,2023-11-02,355.19,37,Female,ENG,England,UK,London,0
9495,765,2022-03-05,353.79,36,Female,FL,Southeast,USA,Miami,0
9496,492,2024-12-01,238.07,63,Female,IL,Midwest,USA,Chicago,0
9497,843,2022-09-15,399.77,65,Female,IL,Midwest,USA,Chicago,0
9498,86,2023-10-08,505.97,54,Female,BY,Bavaria,Germany,Munich,0
9499,486,2024-02-17,415.5,30,Female,BY,Bavaria,Germany,Munich,0
9500,952,2024-12-09,380.69,33,Female,IL,Midwest,USA,Chicago,0
9501,592,2023-07-10,244.13,64,Female,ENG,England,UK,London,0
9502,839,2023-05-03,298.08,18,Female,FL,Southeast,USA,Miami,0
9503,569,2022-06-23,151.17,51,Male,NY,Northeast,USA,New York,0
9504,639,2024-05-04,145.17,59,Male,WA,West,USA,Seattle,0
9505,713,2022-03-26,22.84,55,Female,ENG,England,UK,London,0
9506,746,2023-01-05,260.36,36,Male,CA,West,USA,Los Angeles,0
9507,435,2023-04-28,127.51,40,Female,IL,Midwest,USA,Chicago,0
9508,666,2024-07-21,267.69,54,Female,NY,Northeast,USA,New York,0
9509,341,2024-09-24,457.02,51,Male,CA,West,USA,Los Angeles,1
9510,13,2023-10-23,201.29,56,Male,FL,Southeast,USA,Miami,0
9511,103,2024-08-13,187.86,59,Female,IL,Midwest,USA,Chicago,0
9512,621,2022-02-06,228.95,40,Female,NY,Northeast,USA,New York,0
9513,591,2024-06-19,283.13,59,Male,NY,Northeast,USA,New York,0
9514,245,2022-09-19,143.61,50,Female,IL,Midwest,USA,Chicago,0
9515,443,2023-10-23,322.2,24,Male,TX,South,USA,Houston,0
9516,948,2022-05-07,24.21,24,Female,TX,South,USA,Houston,1
9517,814,2024-12-23,277.98,32,Male,CA,West,USA,Los Angeles,0
9518,410,2024-11-25,367.38,18,Male,ENG,England,UK,London,1
9519,545,2024-11-21,267.09,61,Male,MH,Maharashtra,India,Mumbai,0
9520,705,2022-09-08,489.35,24,Male,NY,Northeast,USA,New York,0
9521,716,2023-06-07,91.13,59,Female,CA,West,USA,Los Angeles,1
9522,149,2023-12-04,245.92,60,Female,BY,Bavaria,Germany,Munich,1
9523,281,2023-12-24,162.16,32,Male,CA,West,USA,Los Angeles,1
9524,474,2022-11-13,452.58,42,Female,NY,Northeast,USA,New York,0
9525,903,2024-11-09,109.77,29,Other,WA,West,USA,Seattle,0
9526,105,2024-12-05,297.36,59,Other,NY,Northeast,USA,New York,1
9527,724,2024-10-14,244.07,24,Female,CA,West,USA,Los Angeles,0
9528,407,2023-03-06,487.01,40,Female,TX,South,USA,Houston,0
9529,403,2023-07-24,300.22,34,Male,ON,Ontario,Canada,Toronto,0
9530,561,2023-08-10,252.46,45,Other,NSW,NSW,Australia,Sydney,0
9531,198,2022-10-13,297.42,24,Female,WA,West,USA,Seattle,1
9532,633,2024-07-19,401.63,40,Male,MH,Maharashtra,India,Mumbai,0
9533,493,2024-07-20,28.75,57,Female,NY,Northeast,USA,New York,1
9534,396,2022-12-04,130.91,63,Female,CA,West,USA,Los Angeles,0
9535,147,2023-07-03,133.04,19,Male,NY,Northeast,USA,New York,0
9536,159,2024-02-08,239.27,44,Female,NY,Northeast,USA,New York,0
9537,204,2023-09-21,309.97,54,Female,FL,Southeast,USA,Miami,0
9538,660,2023-05-25,486.31,32,Female,CA,West,USA,Los Angeles,1
9539,392,2024-04-28,321.69,27,Other,WA,West,USA,Seattle,0
9540,12,2024-08-08,110.78,68,Female,CA,West,USA,Los Angeles,0
9541,874,2022-12-22,267.67,24,Female,NY,Northeast,USA,New York,0
9542,809,2024-05-05,246.4,38,Male,FL,Southeast,USA,Miami,0
9543,701,2024-06-06,365.58,45,Female,CA,West,USA,Los Angeles,0
9544,676,2022-07-15,322.04,55,Female,FL,Southeast,USA,Miami,1
9545,654,2022-09-03,333.47,59,Male,WA,West,USA,Seattle,0
9546,775,2024-06-01,558.51,62,Male,ENG,England,UK,London,0
9547,927,2024-06-28,26.35,46,Male,CA,West,USA,Los Angeles,0
9548,974,2023-09-23,406.51,42,Female,TX,South,USA,Houston,0
9549,289,2023-12-19,454.61,46,Female,ENG,England,UK,London,0
9550,328,2024-05-07,145.73,19,Male,TX,South,USA,Houston,0
9551,167,2023-08-03,403.99,34,Female,ON,Ontario,Canada,Toronto,0
9552,533,2022-10-04,61.44,26,Female,NY,Northeast,USA,New York,0
9553,415,2022-04-12,275.84,18,Other,CA,West,USA,Los Angeles,0
9554,633,2023-11-23,178.05,40,Male,MH,Maharashtra,India,Mumbai,0
9555,619,2024-05-17,136.33,21,Male,CA,West,USA,Los Angeles,0
9556,586,2023-02-24,346.74,66,Female,NY,Northeast,USA,New York,0
9557,16,2023-01-26,219.72,58,Male,NY,Northeast,USA,New York,0
9558,634,2024-01-21,102.33,37,Female,BY,Bavaria,Germany,Munich,0
9559,146,2023-11-03,325.67,62,Female,TX,South,USA,Houston,0
9560,942,2023-09-07,273.84,39,Male,CA,West,USA,Los Angeles,0
9561,37,2022-10-10,30.7,62,Female,WA,West,USA,Seattle,0
9562,484,2024-10-15,461.63,59,Female,NY,Northeast,USA,New York,0
9563,395,2024-06-23,552.73,55,Female,NY,Northeast,USA,New York,0
9564,862,2024-12-28,199.03,66,Male,CA,West,USA,Los Angeles,0
9565,10,2023-11-28,523.4,22,Male,IL,Midwest,USA,Chicago,0
9566,632,2023-05-14,527.83,35,Female,WA,West,USA,Seattle,0
9567,824,2022-10-28,237.54,51,Female,CA,West,USA,Los Angeles,0
9568,783,2024-11-27,516.47,24,Male,NY,Northeast,USA,New York,0
9569,293,2022-07-05,393.32,67,Male,CA,West,USA,Los Angeles,0
9570,328,2024-02-19,469.17,19,Male,TX,South,USA,Houston,0
9571,213,2024-05-13,78.43,59,Female,MH,Maharashtra,India,Mumbai,0
9572,330,2022-12-24,392.36,46,Male,TX,South,USA,Houston,1
9573,426,2023-10-25,133.46,28,Male,CA,West,USA,Los Angeles,1
9574,936,2022-10-06,376.27,66,Other,NSW,NSW,Australia,Sydney,0
9575,892,2023-12-17,133.13,54,Female,WA,West,USA,Seattle,0
9576,833,2024-03-26,441.42,41,Female,ON,Ontario,Canada,Toronto,1
9577,404,2023-12-19,474.82,68,Female,CA,West,USA,Los Angeles,0
9578,507,2024-07-24,286.56,45,Female,TX,South,USA,Houston,0
9579,506,2022-10-21,222.28,41,Male,ENG,England,UK,London,0
9580,461,2023-05-22,86.27,55,Female,FL,Southeast,USA,Miami,0
9581,198,2024-05-24,140.71,24,Female,WA,West,USA,Seattle,1
9582,252,2024-05-27,555.73,43,Male,CA,West,USA,Los Angeles,0
9583,581,2023-05-06,390.18,22,Male,NY,Northeast,USA,New York,0
9584,208,2024-01-23,433.28,68,Female,TX,South,USA,Houston,0
9585,76,2024-05-11,457.93,42,Female,NY,Northeast,USA,New York,0
9586,226,2024-09-17,331.5,33,Male,CA,West,USA,Los Angeles,0
9587,911,2024-12-19,253.28,58,Female,IL,Midwest,USA,Chicago,1
9588,942,2022-01-19,180.56,39,Male,CA,West,USA,Los Angeles,0
9589,56,2022-01-06,23.36,20,Male,WA,West,USA,Seattle,0
9590,267,2024-08-23,455.57,41,Male,MH,Maharashtra,India,Mumbai,0
9591,804,2023-09-21,459.82,65,Male,TX,South,USA,Houston,0
9592,447,2023-08-21,188.73,34,Female,CA,West,USA,Los Angeles,1
9593,213,2023-12-18,278.1,59,Female,MH,Maharashtra,India,Mumbai,0
9594,682,2023-04-17,310.82,25,Male,NSW,NSW,Australia,Sydney,0
9595,654,2023-07-08,352.09,59,Male,WA,West,USA,Seattle,0
9596,646,2023-12-17,348.15,35,Male,BY,Bavaria,Germany,Munich,0
9597,386,2023-08-08,112.78,24,Male,NY,Northeast,USA,New York,0
9598,771,2022-08-25,346.47,51,Other,FL,Southeast,USA,Miami,0
9599,242,2024-12-02,424.19,48,Male,NY,Northeast,USA,New York,0
9600,380,2024-05-01,20.68,31,Female,FL,Southeast,USA,Miami,0
9601,901,2022-03-21,312.76,18,Male,FL,Southeast,USA,Miami,0
9602,333,2023-02-21,227.04,34,Male,TX,South,USA,Houston,0
9603,122,2023-11-16,470.34,52,Female,TX,South,USA,Houston,0
9604,503,2024-11-16,529.12,68,Male,NSW,NSW,Australia,Sydney,0
9605,676,2024-04-01,331.56,55,Female,FL,Southeast,USA,Miami,1
9606,635,2024-07-24,230.51,27,Other,TX,South,USA,Houston,0
9607,258,2024-08-24,526.01,23,Female,MH,Maharashtra,India,Mumbai,1
9608,995,2022-03-06,142.2,45,Male,ENG,England,UK,London,0
9609,740,2023-11-01,266.43,64,Male,TX,South,USA,Houston,0
9610,588,2022-06-15,183.03,23,Female,NY,Northeast,USA,New York,0
9611,741,2023-11-08,90.4,60,Female,NY,Northeast,USA,New York,0
9612,768,2023-10-04,475.1,42,Other,TX,South,USA,Houston,0
9613,576,2024-05-04,148.67,37,Male,TX,South,USA,Houston,0
9614,925,2022-10-19,399.72,30,Male,BY,Bavaria,Germany,Munich,0
9615,287,2024-10-11,424.55,26,Female,NY,Northeast,USA,New York,0
9616,4,2023-05-22,356.96,40,Female,TX,South,USA,Houston,0
9617,587,2023-04-09,67.21,53,Female,NY,Northeast,USA,New York,1
9618,255,2024-11-18,231.07,52,Female,NY,Northeast,USA,New York,1
9619,824,2022-09-08,464.16,51,Female,CA,West,USA,Los Angeles,0
9620,4,2023-10-16,200.66,40,Female,TX,South,USA,Houston,0
9621,786,2023-05-20,21.15,48,Female,CA,West,USA,Los Angeles,0
9622,904,2024-10-10,409.39,63,Male,ENG,England,UK,London,0
9623,928,2022-10-25,346.92,33,Male,IL,Midwest,USA,Chicago,0
9624,388,2024-05-18,329.59,61,Male,CA,West,USA,Los Angeles,0
9625,818,2024-04-06,210.34,23,Male,WA,West,USA,Seattle,1
9626,581,2024-06-26,188.36,22,Male,NY,Northeast,USA,New York,0
9627,23,2023-10-14,129.82,27,Male,ENG,England,UK,London,0
9628,484,2024-03-21,335.95,59,Female,NY,Northeast,USA,New York,0
9629,717,2022-11-10,498.11,44,Male,CA,West,USA,Los Angeles,0
9630,754,2024-04-01,441.14,66,Female,FL,Southeast,USA,Miami,0
9631,379,2023-11-16,350.72,37,Female,TX,South,USA,Houston,0
9632,369,2022-03-15,289.06,19,Male,TX,South,USA,Houston,0
9633,647,2023-10-21,376.95,41,Female,CA,West,USA,Los Angeles,0
9634,13,2024-08-21,286.65,56,Male,FL,Southeast,USA,Miami,0
9635,851,2024-09-20,476.27,68,Female,CA,West,USA,Los Angeles,0
9636,359,2023-12-15,312.83,22,Male,NY,Northeast,USA,New York,0
9637,585,2023-01-01,139.13,39,Other,IL,Midwest,USA,Chicago,0
9638,471,2024-03-17,320.34,56,Male,NY,Northeast,USA,New York,0
9639,400,2024-02-27,145.88,34,Female,CA,West,USA,Los Angeles,0
9640,406,2024-07-26,305.17,44,Female,TX,South,USA,Houston,0
9641,778,2023-11-03,428.51,24,Male,CA,West,USA,Los Angeles,0
9642,274,2024-01-25,410.48,67,Female,ENG,England,UK,London,0
9643,951,2024-10-05,159.57,22,Female,IL,Midwest,USA,Chicago,0
9644,97,2022-06-03,367.35,30,Female,CA,West,USA,Los Angeles,0
9645,420,2023-12-01,74.9,44,Female,NSW,NSW,Australia,Sydney,0
9646,29,2022-06-15,326.22,46,Female,CA,West,USA,Los Angeles,0
9647,395,2023-12-05,174.14,55,Female,NY,Northeast,USA,New York,0
9648,912,2024-08-18,349.89,27,Other,MH,Maharashtra,India,Mumbai,0
9649,561,2022-12-14,432.56,45,Other,NSW,NSW,Australia,Sydney,0
9650,66,2023-09-24,80.08,34,Female,TX,South,USA,Houston,0
9651,682,2022-05-06,351.27,25,Male,NSW,NSW,Australia,Sydney,0
9652,398,2024-11-08,386.21,28,Male,NY,Northeast,USA,New York,0
9653,123,2024-07-15,426.6,52,Other,ON,Ontario,Canada,Toronto,0
9654,79,2023-05-04,514.05,47,Female,MH,Maharashtra,India,Mumbai,0
9655,440,2024-07-13,276.25,38,Male,CA,West,USA,Los Angeles,0
9656,112,2022-11-17,76.79,58,Female,WA,West,USA,Seattle,0
9657,651,2024-10-18,393.14,43,Male,IL,Midwest,USA,Chicago,0
9658,648,2024-03-14,310.46,45,Female,MH,Maharashtra,India,Mumbai,0
9659,881,2022-11-03,407.83,22,Male,ON,Ontario,Canada,Toronto,0
9660,924,2024-06-08,446.39,25,Male,CA,West,USA,Los Angeles,0
9661,933,2022-02-02,369.23,31,Male,FL,Southeast,USA,Miami,0
9662,349,2024-03-27,229.1,27,Male,TX,South,USA,Houston,0
9663,255,2022-01-17,243.09,52,Female,NY,Northeast,USA,New York,1
9664,746,2024-09-09,513.93,36,Male,CA,West,USA,Los Angeles,0
9665,425,2022-04-09,223.63,39,Male,NY,Northeast,USA,New York,0
9666,781,2022-02-02,297.43,63,Male,TX,South,USA,Houston,0
9667,828,2023-06-14,365.62,64,Female,CA,West,USA,Los Angeles,0
9668,641,2024-11-02,74.72,52,Male,ENG,England,UK,London,0
9669,472,2023-08-20,410.23,59,Male,NSW,NSW,Australia,Sydney,0
9670,869,2024-07-06,19.4,41,Male,NY,Northeast,USA,New York,0
9671,509,2023-10-03,520.69,31,Female,CA,West,USA,Los Angeles,0
9672,187,2024-02-04,323.14,26,Male,TX,South,USA,Houston,0
9673,111,2023-11-01,97.89,32,Female,NY,Northeast,USA,New York,1
9674,76,2023-03-12,417.91,42,Female,NY,Northeast,USA,New York,0
9675,106,2024-01-02,474.67,58,Female,NY,Northeast,USA,New York,0
9676,457,2023-05-03,116.96,25,Female,FL,Southeast,USA,Miami,0
9677,590,2023-01-07,32.03,61,Female,TX,South,USA,Houston,0
9678,535,2024-03-16,299.04,48,Male,CA,West,USA,Los Angeles,0
9679,366,2023-10-07,343.31,44,Female,ENG,England,UK,London,0
9680,373,2023-06-12,98.0,39,Other,MH,Maharashtra,India,Mumbai,0
9681,524,2023-01-13,302.3,60,Female,NY,Northeast,USA,New York,0
9682,922,2024-09-17,300.08,47,Female,CA,West,USA,Los Angeles,0
9683,726,2024-09-02,485.14,24,Female,NY,Northeast,USA,New York,1
9684,124,2024-12-28,458.93,42,Female,CA,West,USA,Los Angeles,0
9685,276,2024-03-03,83.62,43,Female,TX,South,USA,Houston,0
9686,933,2023-11-28,377.83,31,Male,FL,Southeast,USA,Miami,0
9687,864,2022-09-08,256.4,58,Male,ENG,England,UK,London,0
9688,423,2022-08-12,238.47,57,Female,TX,South,USA,Houston,0
9689,257,2022-04-02,89.54,53,Male,CA,West,USA,Los Angeles,0
9690,834,2022-07-11,376.35,25,Other,CA,West,USA,Los Angeles,0
9691,831,2024-03-26,487.76,30,Female,FL,Southeast,USA,Miami,0
9692,378,2022-10-20,110.7,56,Male,NY,Northeast,USA,New York,0
9693,92,2022-09-18,24.41,59,Male,CA,West,USA,Los Angeles,0
9694,509,2023-03-11,326.99,31,Female,CA,West,USA,Los Angeles,0
9695,619,2023-04-26,520.28,21,Male,CA,West,USA,Los Angeles,0
9696,689,2022-12-22,342.62,41,Male,NY,Northeast,USA,New York,0
9697,907,2022-07-08,133.83,39,Other,FL,Southeast,USA,Miami,0
9698,474,2023-08-17,463.9,42,Female,NY,Northeast,USA,New York,0
9699,911,2023-12-12,290.07,58,Female,IL,Midwest,USA,Chicago,1
9700,875,2024-03-06,290.96,54,Other,NY,Northeast,USA,New York,0
9701,45,2024-08-19,42.63,21,Male,TX,South,USA,Houston,0
9702,538,2024-10-12,44.5,24,Male,CA,West,USA,Los Angeles,0
9703,148,2024-05-03,329.12,30,Female,WA,West,USA,Seattle,0
9704,19,2024-05-25,453.91,61,Male,CA,West,USA,Los Angeles,0
9705,40,2023-12-17,401.8,50,Female,TX,South,USA,Houston,0
9706,799,2024-02-16,527.49,34,Female,CA,West,USA,Los Angeles,0
9707,865,2023-03-28,271.73,61,Female,IL,Midwest,USA,Chicago,0
9708,495,2023-06-20,333.0,33,Female,TX,South,USA,Houston,0
9709,984,2023-11-28,336.36,51,Male,NY,Northeast,USA,New York,0
9710,674,2022-07-20,196.3,22,Female,CA,West,USA,Los Angeles,1
9711,47,2024-04-05,12.76,41,Male,NY,Northeast,USA,New York,0
9712,324,2022-06-14,421.06,65,Female,FL,Southeast,USA,Miami,0
9713,662,2024-06-15,48.02,56,Female,NY,Northeast,USA,New York,1
9714,699,2024-10-09,537.64,20,Male,NY,Northeast,USA,New York,0
9715,714,2023-11-09,448.9,57,Male,TX,South,USA,Houston,0
9716,723,2022-05-17,60.85,61,Female,TX,South,USA,Houston,0
9717,622,2023-09-12,73.98,42,Male,CA,West,USA,Los Angeles,0
9718,999,2023-09-04,393.46,68,Male,ON,Ontario,Canada,Toronto,0
9719,598,2024-10-17,309.56,58,Female,TX,South,USA,Houston,0
9720,365,2024-08-17,367.32,24,Male,FL,Southeast,USA,Miami,0
9721,189,2024-01-23,170.33,30,Female,FL,Southeast,USA,Miami,0
9722,220,2023-09-03,469.59,64,Other,ON,Ontario,Canada,Toronto,0
9723,434,2024-08-13,309.18,24,Female,ON,Ontario,Canada,Toronto,0
9724,482,2024-08-26,321.53,61,Female,NY,Northeast,USA,New York,0
9725,99,2022-04-08,495.39,51,Other,ON,Ontario,Canada,Toronto,0
9726,692,2022-02-21,388.06,59,Male,FL,Southeast,USA,Miami,1
9727,396,2022-03-10,347.52,63,Female,CA,West,USA,Los Angeles,0
9728,482,2023-04-06,460.74,61,Female,NY,Northeast,USA,New York,0
9729,688,2024-03-20,555.03,48,Other,FL,Southeast,USA,Miami,1
9730,862,2024-04-22,457.12,66,Male,CA,West,USA,Los Angeles,0
9731,566,2023-01-26,429.44,30,Other,BY,Bavaria,Germany,Munich,0
9732,964,2024-04-21,116.21,29,Male,FL,Southeast,USA,Miami,0
9733,709,2022-12-09,437.94,42,Male,CA,West,USA,Los Angeles,0
9734,980,2022-07-21,441.79,47,Female,NSW,NSW,Australia,Sydney,0
9735,415,2024-05-01,338.86,18,Other,CA,West,USA,Los Angeles,0
9736,126,2024-10-10,368.26,47,Male,IL,Midwest,USA,Chicago,0
9737,244,2024-07-06,353.53,51,Male,NSW,NSW,Australia,Sydney,0
9738,244,2023-01-15,293.65,51,Male,NSW,NSW,Australia,Sydney,0
9739,336,2024-08-20,111.84,60,Female,CA,West,USA,Los Angeles,0
9740,295,2024-05-17,372.15,46,Male,BY,Bavaria,Germany,Munich,1
9741,501,2024-08-06,219.42,23,Male,ON,Ontario,Canada,Toronto,0
9742,929,2022-03-11,272.89,39,Female,FL,Southeast,USA,Miami,0
9743,112,2023-07-03,478.64,58,Female,WA,West,USA,Seattle,0
9744,782,2024-03-16,71.12,51,Male,CA,West,USA,Los Angeles,0
9745,568,2024-05-21,535.55,30,Female,MH,Maharashtra,India,Mumbai,0
9746,122,2023-09-07,305.72,52,Female,TX,South,USA,Houston,0
9747,800,2023-04-15,503.94,41,Male,IL,Midwest,USA,Chicago,1
9748,439,2024-06-25,121.32,22,Female,NY,Northeast,USA,New York,0
9749,666,2023-02-04,38.8,54,Female,NY,Northeast,USA,New York,0
9750,930,2023-09-27,333.15,48,Male,WA,West,USA,Seattle,0
9751,150,2022-07-10,268.16,21,Male,ON,Ontario,Canada,Toronto,0
9752,207,2022-11-10,370.09,57,Female,CA,West,USA,Los Angeles,0
9753,184,2024-07-20,341.28,54,Female,NY,Northeast,USA,New York,0
9754,554,2022-12-10,262.0,34,Male,ON,Ontario,Canada,Toronto,1
9755,979,2022-04-12,452.25,36,Female,NY,Northeast,USA,New York,0
9756,690,2024-10-07,188.69,58,Female,BY,Bavaria,Germany,Munich,0
9757,586,2024-06-04,160.22,66,Female,NY,Northeast,USA,New York,0
9758,65,2022-06-25,403.96,39,Female,WA,West,USA,Seattle,0
9759,335,2023-10-03,193.24,41,Female,CA,West,USA,Los Angeles,1
9760,432,2024-12-05,320.22,56,Male,FL,Southeast,USA,Miami,0
9761,490,2023-10-24,329.54,49,Female,CA,West,USA,Los Angeles,0
9762,919,2023-05-23,163.55,31,Female,CA,West,USA,Los Angeles,0
9763,352,2023-07-07,195.38,20,Male,BY,Bavaria,Germany,Munich,1
9764,12,2022-04-24,29.94,68,Female,CA,West,USA,Los Angeles,0
9765,423,2024-08-21,164.61,57,Female,TX,South,USA,Houston,0
9766,634,2022-06-09,169.79,37,Female,BY,Bavaria,Germany,Munich,0
9767,383,2023-04-03,19.33,67,Female,TX,South,USA,Houston,0
9768,875,2022-01-22,413.35,54,Other,NY,Northeast,USA,New York,0
9769,800,2022-12-20,443.82,41,Male,IL,Midwest,USA,Chicago,1
9770,430,2022-02-13,96.87,55,Female,TX,South,USA,Houston,0
9771,909,2024-05-08,343.47,37,Female,NY,Northeast,USA,New York,0
9772,259,2022-03-10,226.56,27,Male,BY,Bavaria,Germany,Munich,0
9773,927,2023-07-08,76.99,46,Male,CA,West,USA,Los Angeles,0
9774,727,2022-03-26,22.23,55,Female,IL,Midwest,USA,Chicago,0
9775,161,2024-10-06,375.36,69,Male,CA,West,USA,Los Angeles,0
9776,367,2023-04-13,51.99,42,Female,BY,Bavaria,Germany,Munich,0
9777,663,2024-03-18,500.19,19,Female,NY,Northeast,USA,New York,0
9778,335,2024-04-02,444.56,41,Female,CA,West,USA,Los Angeles,1
9779,806,2023-05-15,386.8,58,Female,NY,Northeast,USA,New York,0
9780,261,2024-09-18,473.71,59,Female,NY,Northeast,USA,New York,0
9781,916,2022-03-15,62.24,41,Female,CA,West,USA,Los Angeles,0
9782,961,2024-09-19,355.24,25,Female,ENG,England,UK,London,0
9783,102,2024-06-14,124.47,28,Female,CA,West,USA,Los Angeles,0
9784,746,2023-03-18,280.56,36,Male,CA,West,USA,Los Angeles,0
9785,668,2024-04-28,207.97,62,Female,TX,South,USA,Houston,0
9786,139,2022-07-11,69.97,36,Female,NY,Northeast,USA,New York,0
9787,657,2023-06-10,392.12,57,Male,CA,West,USA,Los Angeles,1
9788,298,2024-07-20,176.87,40,Male,NY,Northeast,USA,New York,0
9789,811,2024-11-03,78.65,20,Male,MH,Maharashtra,India,Mumbai,0
9790,897,2023-01-09,467.37,44,Female,NY,Northeast,USA,New York,0
9791,1,2024-06-05,85.09,22,Female,IL,Midwest,USA,Chicago,0
9792,830,2024-06-14,123.93,19,Male,TX,South,USA,Houston,0
9793,982,2022-04-04,21.62,54,Male,NY,Northeast,USA,New York,0
9794,353,2024-06-07,295.79,33,Female,TX,South,USA,Houston,0
9795,982,2024-08-12,464.13,54,Male,NY,Northeast,USA,New York,0
9796,710,2024-08-18,478.35,42,Male,CA,West,USA,Los Angeles,0
9797,568,2024-09-13,419.39,30,Female,MH,Maharashtra,India,Mumbai,0
9798,101,2022-02-23,240.96,61,Female,BY,Bavaria,Germany,Munich,0
9799,498,2022-07-23,445.83,37,Male,NY,Northeast,USA,New York,0
9800,149,2022-10-03,385.89,60,Female,BY,Bavaria,Germany,Munich,1
9801,289,2022-07-20,445.73,46,Female,ENG,England,UK,London,0
9802,901,2023-09-01,134.98,18,Male,FL,Southeast,USA,Miami,0
9803,112,2024-08-05,341.19,58,Female,WA,West,USA,Seattle,0
9804,544,2023-07-22,21.81,27,Female,BY,Bavaria,Germany,Munich,0
9805,980,2024-02-17,297.39,47,Female,NSW,NSW,Australia,Sydney,0
9806,137,2023-09-10,466.05,49,Female,TX,South,USA,Houston,0
9807,190,2023-07-05,394.16,33,Female,NY,Northeast,USA,New York,1
9808,491,2024-01-10,437.16,66,Female,CA,West,USA,Los Angeles,0
9809,498,2024-03-22,185.22,37,Male,NY,Northeast,USA,New York,0
9810,464,2023-01-16,217.4,39,Male,CA,West,USA,Los Angeles,0
9811,223,2024-08-04,552.46,54,Male,IL,Midwest,USA,Chicago,1
9812,997,2023-01-14,149.42,45,Female,FL,Southeast,USA,Miami,0
9813,108,2022-11-06,52.26,52,Male,NY,Northeast,USA,New York,0
9814,15,2023-12-04,212.65,55,Male,ENG,England,UK,London,0
9815,245,2024-12-03,432.26,50,Female,IL,Midwest,USA,Chicago,0
9816,740,2023-04-22,282.56,64,Male,TX,South,USA,Houston,0
9817,129,2024-07-05,35.19,47,Female,CA,West,USA,Los Angeles,0
9818,757,2023-11-05,355.86,56,Female,BY,Bavaria,Germany,Munich,0
9819,395,2023-09-25,392.67,55,Female,NY,Northeast,USA,New York,0
9820,776,2024-05-24,342.0,67,Male,CA,West,USA,Los Angeles,0
9821,216,2023-11-15,99.59,32,Male,WA,West,USA,Seattle,0
9822,778,2023-08-22,109.83,24,Male,CA,West,USA,Los Angeles,0
9823,2,2022-10-01,209.59,58,Female,NSW,NSW,Australia,Sydney,0
9824,710,2023-12-05,196.65,42,Male,CA,West,USA,Los Angeles,0
9825,24,2023-12-10,63.52,66,Female,WA,West,USA,Seattle,0
9826,424,2022-07-22,431.08,48,Female,NY,Northeast,USA,New York,0
9827,706,2024-03-03,518.63,47,Male,FL,Southeast,USA,Miami,1
9828,50,2022-08-19,80.47,58,Male,NY,Northeast,USA,New York,0
9829,924,2022-09-02,285.55,25,Male,CA,West,USA,Los Angeles,0
9830,968,2023-08-28,233.83,34,Male,FL,Southeast,USA,Miami,0
9831,691,2023-06-06,223.04,69,Male,CA,West,USA,Los Angeles,0
9832,243,2024-08-20,329.68,22,Female,CA,West,USA,Los Angeles,0
9833,712,2024-07-18,260.86,45,Female,TX,South,USA,Houston,0
9834,306,2023-12-11,245.11,25,Male,IL,Midwest,USA,Chicago,0
9835,663,2022-11-22,80.38,19,Female,NY,Northeast,USA,New York,0
9836,153,2023-06-18,379.71,65,Female,NY,Northeast,USA,New York,0
9837,616,2022-08-13,294.17,51,Male,BY,Bavaria,Germany,Munich,0
9838,332,2023-08-19,39.69,37,Female,NSW,NSW,Australia,Sydney,0
9839,587,2024-07-09,217.24,53,Female,NY,Northeast,USA,New York,1
9840,328,2024-01-21,130.72,19,Male,TX,South,USA,Houston,0
9841,273,2023-10-20,213.15,25,Female,FL,Southeast,USA,Miami,0
9842,360,2024-10-14,76.43,56,Female,NY,Northeast,USA,New York,0
9843,876,2022-07-19,309.17,44,Male,CA,West,USA,Los Angeles,0
9844,404,2024-12-24,330.34,68,Female,CA,West,USA,Los Angeles,0
9845,692,2024-12-18,336.51,59,Male,FL,Southeast,USA,Miami,1
9846,668,2023-11-09,200.76,62,Female,TX,South,USA,Houston,0
9847,602,2022-12-08,363.8,58,Male,CA,West,USA,Los Angeles,1
9848,971,2022-07-27,422.9,33,Female,TX,South,USA,Houston,0
9849,45,2024-12-23,239.69,21,Male,TX,South,USA,Houston,0
9850,523,2023-12-09,235.53,27,Other,CA,West,USA,Los Angeles,1
9851,976,2024-08-21,504.27,29,Female,CA,West,USA,Los Angeles,0
9852,995,2023-03-02,324.92,45,Male,ENG,England,UK,London,0
9853,444,2023-03-20,275.33,43,Male,CA,West,USA,Los Angeles,0
9854,56,2024-07-06,415.75,20,Male,WA,West,USA,Seattle,0
9855,358,2022-10-09,161.97,64,Female,NY,Northeast,USA,New York,0
9856,376,2023-07-26,27.61,22,Female,WA,West,USA,Seattle,0
9857,364,2024-11-04,396.41,64,Female,TX,South,USA,Houston,0
9858,31,2023-10-23,346.17,41,Female,NY,Northeast,USA,New York,0
9859,924,2024-03-12,246.38,25,Male,CA,West,USA,Los Angeles,0
9860,598,2024-02-13,36.36,58,Female,TX,South,USA,Houston,0
9861,382,2022-09-13,470.63,66,Female,FL,Southeast,USA,Miami,0
9862,980,2023-05-26,390.16,47,Female,NSW,NSW,Australia,Sydney,0
9863,850,2022-12-15,198.92,49,Male,CA,West,USA,Los Angeles,1
9864,213,2024-11-07,121.54,59,Female,MH,Maharashtra,India,Mumbai,0
9865,183,2024-07-01,315.97,43,Male,IL,Midwest,USA,Chicago,0
9866,718,2024-08-07,22.87,43,Female,BY,Bavaria,Germany,Munich,1
9867,877,2024-11-05,262.11,46,Female,ENG,England,UK,London,1
9868,764,2022-11-04,494.31,66,Female,CA,West,USA,Los Angeles,0
9869,825,2023-08-28,394.54,50,Male,NY,Northeast,USA,New York,0
9870,104,2023-12-13,522.17,18,Female,ON,Ontario,Canada,Toronto,0
9871,170,2024-07-28,228.53,19,Male,ENG,England,UK,London,0
9872,433,2022-01-15,52.69,60,Male,WA,West,USA,Seattle,0
9873,591,2022-08-07,482.9,59,Male,NY,Northeast,USA,New York,0
9874,140,2022-10-05,433.97,40,Female,IL,Midwest,USA,Chicago,0
9875,61,2022-12-22,285.64,65,Male,MH,Maharashtra,India,Mumbai,0
9876,353,2022-02-04,122.62,33,Female,TX,South,USA,Houston,0
9877,710,2022-06-02,371.99,42,Male,CA,West,USA,Los Angeles,0
9878,807,2024-08-11,21.75,46,Female,TX,South,USA,Houston,0
9879,818,2024-11-09,513.04,23,Male,WA,West,USA,Seattle,1
9880,291,2023-10-07,372.72,59,Male,WA,West,USA,Seattle,0
9881,292,2024-04-15,107.67,31,Male,NY,Northeast,USA,New York,0
9882,934,2023-11-17,96.06,51,Male,NY,Northeast,USA,New York,0
9883,157,2024-09-13,43.02,24,Female,NY,Northeast,USA,New York,0
9884,777,2023-12-15,410.79,40,Male,FL,Southeast,USA,Miami,1
9885,5,2023-11-19,77.01,40,Female,ON,Ontario,Canada,Toronto,0
9886,264,2023-02-05,280.72,66,Male,CA,West,USA,Los Angeles,1
9887,192,2022-12-11,185.51,50,Female,BY,Bavaria,Germany,Munich,0
9888,427,2024-07-01,312.53,62,Male,NY,Northeast,USA,New York,0
9889,110,2024-12-28,392.51,54,Male,TX,South,USA,Houston,1
9890,618,2024-03-19,126.43,31,Female,CA,West,USA,Los Angeles,0
9891,441,2023-10-23,114.74,68,Male,NY,Northeast,USA,New York,0
9892,607,2023-05-22,185.95,34,Male,IL,Midwest,USA,Chicago,0
9893,727,2024-01-01,524.43,55,Female,IL,Midwest,USA,Chicago,0
9894,564,2022-12-14,227.58,27,Female,CA,West,USA,Los Angeles,0
9895,523,2022-05-25,135.91,27,Other,CA,West,USA,Los Angeles,1
9896,377,2023-02-17,280.45,56,Male,NY,Northeast,USA,New York,0
9897,659,2022-11-17,98.38,21,Male,TX,South,USA,Houston,0
9898,945,2023-06-27,408.04,24,Male,TX,South,USA,Houston,0
9899,145,2022-08-21,166.44,69,Female,CA,West,USA,Los Angeles,0
9900,88,2024-12-22,550.47,34,Male,FL,Southeast,USA,Miami,0
9901,799,2024-07-23,356.89,34,Female,CA,West,USA,Los Angeles,0
9902,634,2024-01-10,346.83,37,Female,BY,Bavaria,Germany,Munich,0
9903,580,2024-09-28,170.64,23,Male,CA,West,USA,Los Angeles,0
9904,36,2023-10-24,103.26,21,Male,TX,South,USA,Houston,0
9905,437,2024-03-01,53.88,47,Female,TX,South,USA,Houston,1
9906,556,2024-08-16,480.79,44,Female,TX,South,USA,Houston,0
9907,753,2023-06-07,519.42,22,Male,NY,Northeast,USA,New York,0
9908,185,2022-01-15,115.48,43,Female,CA,West,USA,Los Angeles,0
9909,600,2024-05-23,556.39,51,Male,NY,Northeast,USA,New York,0
9910,85,2024-12-20,349.21,50,Female,FL,Southeast,USA,Miami,0
9911,810,2024-05-23,442.94,69,Female,ENG,England,UK,London,0
9912,53,2024-04-13,553.61,36,Male,NY,Northeast,USA,New York,0
9913,569,2024-12-03,546.43,51,Male,NY,Northeast,USA,New York,0
9914,956,2024-06-25,322.94,49,Male,TX,South,USA,Houston,0
9915,351,2024-12-03,300.46,45,Male,NY,Northeast,USA,New York,0
9916,129,2024-11-05,382.05,47,Female,CA,West,USA,Los Angeles,0
9917,650,2024-07-21,131.81,62,Female,CA,West,USA,Los Angeles,0
9918,360,2022-06-12,200.51,56,Female,NY,Northeast,USA,New York,0
9919,666,2024-03-14,465.38,54,Female,NY,Northeast,USA,New York,0
9920,471,2022-03-02,63.8,56,Male,NY,Northeast,USA,New York,0
9921,350,2023-04-05,249.03,26,Other,WA,West,USA,Seattle,0
9922,25,2023-07-20,174.57,58,Male,IL,Midwest,USA,Chicago,0
9923,370,2023-06-16,313.15,58,Male,ON,Ontario,Canada,Toronto,0
9924,925,2022-11-08,102.8,30,Male,BY,Bavaria,Germany,Munich,0
9925,990,2023-05-12,492.63,58,Female,FL,Southeast,USA,Miami,0
9926,16,2022-06-12,397.93,58,Male,NY,Northeast,USA,New York,0
9927,197,2024-02-26,55.8,35,Female,CA,West,USA,Los Angeles,0
9928,912,2024-04-25,190.03,27,Other,MH,Maharashtra,India,Mumbai,0
9929,831,2024-10-14,34.9,30,Female,FL,Southeast,USA,Miami,0
9930,32,2023-09-06,74.59,29,Female,CA,West,USA,Los Angeles,0
9931,426,2023-06-16,230.64,28,Male,CA,West,USA,Los Angeles,1
9932,411,2024-08-01,192.01,27,Female,CA,West,USA,Los Angeles,0
9933,985,2022-07-19,265.1,48,Female,ON,Ontario,Canada,Toronto,0
9934,783,2024-12-17,170.84,24,Male,NY,Northeast,USA,New York,0
9935,772,2024-06-26,193.5,69,Male,FL,Southeast,USA,Miami,0
9936,25,2023-10-13,508.28,58,Male,IL,Midwest,USA,Chicago,0
9937,693,2022-04-16,438.7,66,Female,IL,Midwest,USA,Chicago,0
9938,810,2022-06-02,16.55,69,Female,ENG,England,UK,London,0
9939,414,2023-07-24,323.42,24,Other,TX,South,USA,Houston,0
9940,471,2023-02-09,84.44,56,Male,NY,Northeast,USA,New York,0
9941,254,2024-08-22,444.44,35,Female,ON,Ontario,Canada,Toronto,0
9942,472,2024-08-07,469.97,59,Male,NSW,NSW,Australia,Sydney,0
9943,340,2023-03-10,353.6,67,Female,IL,Midwest,USA,Chicago,0
9944,187,2022-12-08,339.85,26,Male,TX,South,USA,Houston,0
9945,993,2023-02-26,452.84,28,Female,CA,West,USA,Los Angeles,0
9946,234,2022-12-23,59.9,57,Male,NY,Northeast,USA,New York,0
9947,188,2024-07-20,399.57,37,Other,TX,South,USA,Houston,0
9948,799,2024-04-09,77.02,34,Female,CA,West,USA,Los Angeles,0
9949,158,2024-02-21,34.42,46,Male,ON,Ontario,Canada,Toronto,0
9950,11,2023-09-14,342.29,45,Male,CA,West,USA,Los Angeles,0
9951,587,2023-10-21,151.92,53,Female,NY,Northeast,USA,New York,1
9952,319,2024-09-08,36.38,66,Female,TX,South,USA,Houston,0
9953,695,2024-06-16,45.84,22,Female,FL,Southeast,USA,Miami,1
9954,321,2024-03-27,548.86,34,Male,BY,Bavaria,Germany,Munich,0
9955,94,2023-10-03,126.48,38,Female,TX,South,USA,Houston,0
9956,271,2024-11-22,235.02,33,Male,FL,Southeast,USA,Miami,0
9957,400,2022-06-20,140.6,34,Female,CA,West,USA,Los Angeles,0
9958,311,2023-11-12,496.41,52,Male,NY,Northeast,USA,New York,0
9959,597,2024-09-26,51.71,48,Male,CA,West,USA,Los Angeles,0
9960,123,2022-07-21,276.17,52,Other,ON,Ontario,Canada,Toronto,0
9961,651,2024-08-15,273.41,43,Male,IL,Midwest,USA,Chicago,0
9962,167,2023-02-09,370.08,34,Female,ON,Ontario,Canada,Toronto,0
9963,602,2022-02-20,450.18,58,Male,CA,West,USA,Los Angeles,1
9964,558,2022-10-03,10.19,63,Male,TX,South,USA,Houston,0
9965,163,2024-12-08,20.29,39,Male,WA,West,USA,Seattle,0
9966,562,2024-07-13,218.25,20,Female,NY,Northeast,USA,New York,0
9967,969,2023-01-07,219.2,65,Female,FL,Southeast,USA,Miami,0
9968,930,2022-01-16,446.33,48,Male,WA,West,USA,Seattle,0
9969,756,2023-07-25,155.44,40,Female,TX,South,USA,Houston,0
9970,533,2022-09-10,425.68,26,Female,NY,Northeast,USA,New York,0
9971,772,2024-03-12,60.19,69,Male,FL,Southeast,USA,Miami,0
9972,438,2022-01-12,47.93,66,Male,FL,Southeast,USA,Miami,0
9973,310,2022-10-21,375.11,23,Other,CA,West,USA,Los Angeles,1
9974,96,2022-03-21,383.7,32,Male,IL,Midwest,USA,Chicago,0
9975,485,2024-06-07,63.05,42,Male,FL,Southeast,USA,Miami,0
9976,737,2024-10-26,556.19,55,Male,CA,West,USA,Los Angeles,1
9977,860,2024-02-19,55.36,59,Male,CA,West,USA,Los Angeles,0
9978,447,2024-06-26,496.44,34,Female,CA,West,USA,Los Angeles,1
9979,692,2024-02-25,117.62,59,Male,FL,Southeast,USA,Miami,1
9980,760,2023-05-17,22.02,55,Other,TX,South,USA,Houston,0
9981,241,2024-12-20,480.31,25,Male,NY,Northeast,USA,New York,0
9982,194,2024-09-18,112.36,36,Male,IL,Midwest,USA,Chicago,0
9983,563,2022-01-18,269.41,43,Male,TX,South,USA,Houston,0
9984,616,2024-02-15,464.95,51,Male,BY,Bavaria,Germany,Munich,0
9985,47,2024-05-07,96.11,41,Male,NY,Northeast,USA,New York,0
9986,725,2024-12-11,417.89,58,Male,ENG,England,UK,London,0
9987,482,2022-10-20,270.46,61,Female,NY,Northeast,USA,New York,0
9988,362,2023-08-21,143.5,64,Female,MH,Maharashtra,India,Mumbai,1
9989,467,2024-03-14,34.01,26,Other,IL,Midwest,USA,Chicago,0
9990,480,2022-12-04,138.84,23,Male,CA,West,USA,Los Angeles,0
9991,721,2022-11-04,218.13,25,Male,NY,Northeast,USA,New York,0
9992,65,2023-04-26,201.7,39,Female,WA,West,USA,Seattle,0
9993,847,2023-06-04,382.96,26,Male,ENG,England,UK,London,0
9994,271,2024-06-08,236.11,33,Male,FL,Southeast,USA,Miami,0
9995,861,2024-08-02,219.93,68,Female,ON,Ontario,Canada,Toronto,0
9996,165,2024-06-07,456.96,39,Male,BY,Bavaria,Germany,Munich,0
9997,360,2023-04-24,251.56,56,Female,NY,Northeast,USA,New York,0
9998,375,2023-09-08,522.46,64,Female,BY,Bavaria,Germany,Munich,0
9999,177,2022-09-24,291.49,55,Female,IL,Midwest,USA,Chicago,1
10000,90,2022-06-23,469.23,61,Male,CA,West,USA,Los Angeles,0
10001,2,2024-07-20,495.35,58,Female,NSW,NSW,Australia,Sydney,0
10002,829,2022-01-08,212.88,62,Male,FL,Southeast,USA,Miami,1
10003,117,2023-07-28,328.82,19,Female,CA,West,USA,Los Angeles,0
10004,734,2024-11-18,88.47,58,Female,NSW,NSW,Australia,Sydney,0
10005,18,2024-08-22,300.43,24,Female,NSW,NSW,Australia,Sydney,1
10006,866,2022-12-10,217.75,54,Female,IL,Midwest,USA,Chicago,1
10007,250,2024-10-19,276.68,20,Female,TX,South,USA,Houston,0
10008,948,2023-10-19,106.31,24,Female,TX,South,USA,Houston,1
10009,473,2024-07-17,486.58,40,Male,IL,Midwest,USA,Chicago,0
10010,565,2024-03-17,55.09,64,Male,TX,South,USA,Houston,0
10011,478,2022-12-20,392.79,18,Male,NSW,NSW,Australia,Sydney,0
10012,746,2022-09-28,472.62,36,Male,CA,West,USA,Los Angeles,0
10013,217,2023-12-25,65.83,22,Female,NY,Northeast,USA,New York,1
10014,491,2024-08-09,249.21,66,Female,CA,West,USA,Los Angeles,0
10015,248,2023-07-25,314.42,39,Male,TX,South,USA,Houston,0
10016,786,2024-02-10,555.24,48,Female,CA,West,USA,Los Angeles,0
10017,858,2023-06-07,460.08,20,Female,TX,South,USA,Houston,0
10018,537,2023-08-06,225.75,41,Male,NSW,NSW,Australia,Sydney,0
10019,624,2022-12-20,484.28,39,Male,CA,West,USA,Los Angeles,0
10020,737,2022-11-13,172.32,55,Male,CA,West,USA,Los Angeles,1
10021,407,2023-07-24,187.19,40,Female,TX,South,USA,Houston,0
10022,276,2023-06-24,273.55,43,Female,TX,South,USA,Houston,0
10023,948,2024-01-16,439.03,24,Female,TX,South,USA,Houston,1
10024,687,2023-05-06,110.41,39,Male,ON,Ontario,Canada,Toronto,0
10025,25,2024-12-04,418.67,58,Male,IL,Midwest,USA,Chicago,0
10026,579,2022-10-27,11.32,64,Female,NY,Northeast,USA,New York,0
10027,449,2024-07-09,155.25,45,Female,CA,West,USA,Los Angeles,0
10028,250,2022-11-01,487.49,20,Female,TX,South,USA,Houston,0
10029,790,2024-01-12,371.47,18,Female,NY,Northeast,USA,New York,0
10030,686,2022-12-23,236.65,59,Female,CA,West,USA,Los Angeles,0
10031,464,2022-09-03,368.56,39,Male,CA,West,USA,Los Angeles,0
10032,371,2023-01-20,236.67,35,Female,NY,Northeast,USA,New York,1
10033,224,2023-09-12,66.01,28,Other,FL,Southeast,USA,Miami,0
10034,630,2023-02-26,269.04,37,Other,CA,West,USA,Los Angeles,1
10035,856,2023-09-13,506.84,62,Male,WA,West,USA,Seattle,0
10036,659,2024-05-15,160.8,21,Male,TX,South,USA,Houston,0
10037,12,2023-04-13,38.06,68,Female,CA,West,USA,Los Angeles,0
10038,672,2023-08-20,395.66,49,Female,NY,Northeast,USA,New York,0
10039,438,2024-06-02,260.58,66,Male,FL,Southeast,USA,Miami,0
10040,684,2024-01-02,194.89,67,Male,CA,West,USA,Los Angeles,1
10041,380,2023-11-17,263.83,31,Female,FL,Southeast,USA,Miami,0
10042,418,2023-04-12,493.64,24,Male,IL,Midwest,USA,Chicago,0
10043,451,2022-08-05,132.62,67,Female,NSW,NSW,Australia,Sydney,0
10044,625,2023-08-22,114.75,49,Male,NY,Northeast,USA,New York,0
10045,842,2023-01-21,287.91,52,Female,CA,West,USA,Los Angeles,0
10046,907,2024-12-04,265.46,39,Other,FL,Southeast,USA,Miami,0
10047,177,2024-06-06,93.41,55,Female,IL,Midwest,USA,Chicago,1
10048,69,2022-03-22,294.52,21,Male,TX,South,USA,Houston,0
10049,834,2022-06-14,291.5,25,Other,CA,West,USA,Los Angeles,0
10050,784,2023-08-09,325.06,24,Female,IL,Midwest,USA,Chicago,0
10051,279,2023-01-15,225.4,21,Female,NY,Northeast,USA,New York,0
10052,129,2023-05-10,161.25,47,Female,CA,West,USA,Los Angeles,0
10053,126,2024-07-03,191.39,47,Male,IL,Midwest,USA,Chicago,0
10054,466,2023-09-19,443.97,68,Female,CA,West,USA,Los Angeles,1
10055,283,2024-05-20,354.25,52,Female,NY,Northeast,USA,New York,0
10056,165,2023-06-03,217.33,39,Male,BY,Bavaria,Germany,Munich,0
10057,812,2022-04-07,310.5,63,Female,CA,West,USA,Los Angeles,0
10058,783,2023-05-18,192.19,24,Male,NY,Northeast,USA,New York,0
10059,530,2024-09-22,484.62,65,Male,FL,Southeast,USA,Miami,0
10060,38,2023-05-26,388.53,61,Male,IL,Midwest,USA,Chicago,0
10061,140,2023-04-17,63.03,40,Female,IL,Midwest,USA,Chicago,0
10062,702,2023-05-03,39.77,50,Female,BY,Bavaria,Germany,Munich,0
10063,376,2024-08-10,29.54,22,Female,WA,West,USA,Seattle,0
10064,402,2024-08-08,26.31,58,Male,CA,West,USA,Los Angeles,0
10065,815,2023-06-28,268.7,58,Male,NY,Northeast,USA,New York,0
10066,266,2022-09-01,98.61,48,Male,CA,West,USA,Los Angeles,0
10067,979,2023-09-11,360.95,36,Female,NY,Northeast,USA,New York,0
10068,961,2023-01-15,261.35,25,Female,ENG,England,UK,London,0
10069,597,2024-05-09,62.5,48,Male,CA,West,USA,Los Angeles,0
10070,293,2023-04-21,13.63,67,Male,CA,West,USA,Los Angeles,0
10071,989,2024-11-04,31.35,30,Female,CA,West,USA,Los Angeles,0
10072,212,2024-04-26,303.9,55,Female,NY,Northeast,USA,New York,0
10073,866,2024-05-12,333.13,54,Female,IL,Midwest,USA,Chicago,1
10074,432,2023-07-11,193.96,56,Male,FL,Southeast,USA,Miami,0
10075,860,2024-08-26,54.5,59,Male,CA,West,USA,Los Angeles,0
10076,303,2023-11-05,496.08,18,Female,CA,West,USA,Los Angeles,0
10077,716,2023-06-14,221.33,59,Female,CA,West,USA,Los Angeles,1
10078,728,2024-04-01,246.8,22,Female,CA,West,USA,Los Angeles,1
10079,373,2023-08-15,208.73,39,Other,MH,Maharashtra,India,Mumbai,0
10080,31,2023-10-10,41.49,41,Female,NY,Northeast,USA,New York,0
10081,299,2022-12-21,358.12,32,Female,FL,Southeast,USA,Miami,0
10082,693,2022-08-15,335.76,66,Female,IL,Midwest,USA,Chicago,0
10083,792,2024-07-18,101.46,41,Female,IL,Midwest,USA,Chicago,0
10084,423,2024-02-26,158.6,57,Female,TX,South,USA,Houston,0
10085,893,2024-12-27,311.35,45,Male,NY,Northeast,USA,New York,1
10086,784,2023-09-07,206.29,24,Female,IL,Midwest,USA,Chicago,0
10087,102,2022-03-15,498.99,28,Female,CA,West,USA,Los Angeles,0
10088,334,2023-07-22,268.47,61,Female,CA,West,USA,Los Angeles,0
10089,524,2023-08-04,468.83,60,Female,NY,Northeast,USA,New York,0
10090,19,2024-04-14,123.49,61,Male,CA,West,USA,Los Angeles,0
10091,275,2024-10-16,316.45,39,Male,FL,Southeast,USA,Miami,0
10092,764,2024-09-25,187.8,66,Female,CA,West,USA,Los Angeles,0
10093,855,2024-04-03,524.05,32,Female,TX,South,USA,Houston,0
10094,133,2023-12-25,296.88,22,Male,FL,Southeast,USA,Miami,1
10095,597,2024-12-07,370.09,48,Male,CA,West,USA,Los Angeles,0
10096,478,2024-04-25,52.92,18,Male,NSW,NSW,Australia,Sydney,0
10097,854,2024-06-19,278.84,30,Male,TX,South,USA,Houston,0
10098,833,2023-11-12,311.58,41,Female,ON,Ontario,Canada,Toronto,1
10099,953,2024-06-04,170.57,49,Female,FL,Southeast,USA,Miami,0
10100,925,2023-12-10,392.76,30,Male,BY,Bavaria,Germany,Munich,0
10101,739,2024-03-21,267.26,56,Male,NY,Northeast,USA,New York,0
10102,247,2024-10-06,319.25,57,Male,IL,Midwest,USA,Chicago,0
10103,250,2024-08-19,209.28,20,Female,TX,South,USA,Houston,0
10104,839,2022-05-07,341.49,18,Female,FL,Southeast,USA,Miami,0
10105,700,2022-10-03,60.55,22,Female,IL,Midwest,USA,Chicago,0
10106,777,2024-01-18,289.02,40,Male,FL,Southeast,USA,Miami,1
10107,282,2024-04-23,502.73,43,Female,WA,West,USA,Seattle,1
10108,924,2024-04-27,140.27,25,Male,CA,West,USA,Los Angeles,0
10109,171,2023-02-15,461.67,23,Male,NY,Northeast,USA,New York,1
10110,816,2024-01-17,496.92,61,Female,NY,Northeast,USA,New York,1
10111,336,2024-05-20,137.66,60,Female,CA,West,USA,Los Angeles,0
10112,90,2022-04-12,49.56,61,Male,CA,West,USA,Los Angeles,0
10113,822,2022-02-02,384.57,52,Female,CA,West,USA,Los Angeles,0
10114,945,2024-03-07,537.27,24,Male,TX,South,USA,Houston,0
10115,971,2022-11-11,135.3,33,Female,TX,South,USA,Houston,0
10116,25,2024-02-19,512.26,58,Male,IL,Midwest,USA,Chicago,0
10117,454,2023-10-09,118.72,19,Male,MH,Maharashtra,India,Mumbai,0
10118,344,2023-01-06,197.22,44,Male,NSW,NSW,Australia,Sydney,0
10119,336,2023-01-26,470.74,60,Female,CA,West,USA,Los Angeles,0
10120,390,2024-06-03,178.07,25,Female,TX,South,USA,Houston,0
10121,19,2024-06-23,425.93,61,Male,CA,West,USA,Los Angeles,0
10122,486,2024-08-03,91.86,30,Female,BY,Bavaria,Germany,Munich,0
10123,75,2024-09-09,219.07,53,Female,CA,West,USA,Los Angeles,0
10124,236,2024-05-24,527.48,55,Female,IL,Midwest,USA,Chicago,0
10125,720,2024-03-24,135.38,49,Male,NY,Northeast,USA,New York,0
10126,124,2024-11-11,396.29,42,Female,CA,West,USA,Los Angeles,0
10127,675,2023-03-01,488.22,50,Female,NY,Northeast,USA,New York,0
10128,838,2023-11-27,418.31,28,Female,NY,Northeast,USA,New York,0
10129,978,2023-08-25,502.99,47,Other,CA,West,USA,Los Angeles,0
10130,642,2024-05-14,529.13,65,Female,TX,South,USA,Houston,0
10131,882,2023-05-01,69.62,62,Male,NY,Northeast,USA,New York,1
10132,475,2024-06-20,341.39,50,Male,CA,West,USA,Los Angeles,1
10133,904,2024-08-22,245.48,63,Male,ENG,England,UK,London,0
10134,775,2023-12-24,365.21,62,Male,ENG,England,UK,London,0
10135,918,2022-05-21,373.85,58,Female,TX,South,USA,Houston,0
10136,916,2024-12-25,145.79,41,Female,CA,West,USA,Los Angeles,0
10137,690,2022-03-15,401.94,58,Female,BY,Bavaria,Germany,Munich,0
10138,224,2024-02-05,235.77,28,Other,FL,Southeast,USA,Miami,0
10139,48,2023-07-20,351.71,64,Male,WA,West,USA,Seattle,0
10140,323,2023-12-07,232.75,49,Male,TX,South,USA,Houston,0
10141,297,2024-07-18,201.15,62,Male,FL,Southeast,USA,Miami,1
10142,935,2023-11-05,371.01,41,Male,IL,Midwest,USA,Chicago,0
10143,38,2023-07-02,292.07,61,Male,IL,Midwest,USA,Chicago,0
10144,545,2023-11-13,453.61,61,Male,MH,Maharashtra,India,Mumbai,0
10145,988,2023-11-17,418.85,34,Female,ON,Ontario,Canada,Toronto,0
10146,282,2024-09-05,487.74,43,Female,WA,West,USA,Seattle,1
10147,580,2022-08-22,385.23,23,Male,CA,West,USA,Los Angeles,0
10148,159,2023-07-19,486.81,44,Female,NY,Northeast,USA,New York,0
10149,421,2022-12-23,86.77,66,Male,TX,South,USA,Houston,1
10150,989,2023-08-11,343.27,30,Female,CA,West,USA,Los Angeles,0
10151,672,2022-05-19,50.38,49,Female,NY,Northeast,USA,New York,0
10152,536,2024-11-27,285.41,25,Female,WA,West,USA,Seattle,0
10153,970,2022-09-06,432.06,19,Male,NY,Northeast,USA,New York,0
10154,863,2024-08-23,409.41,24,Female,TX,South,USA,Houston,0
10155,278,2023-09-18,313.37,58,Male,TX,South,USA,Houston,0
10156,636,2023-05-21,371.06,53,Male,TX,South,USA,Houston,1
10157,650,2022-06-18,94.91,62,Female,CA,West,USA,Los Angeles,0
10158,444,2024-03-20,522.02,43,Male,CA,West,USA,Los Angeles,0
10159,183,2024-11-22,127.8,43,Male,IL,Midwest,USA,Chicago,0
10160,859,2022-09-02,91.82,52,Female,MH,Maharashtra,India,Mumbai,0
10161,162,2024-11-01,88.03,52,Female,FL,Southeast,USA,Miami,1
10162,357,2023-05-03,496.87,25,Female,NY,Northeast,USA,New York,0
10163,249,2023-12-27,249.97,58,Female,TX,South,USA,Houston,1
10164,769,2024-05-13,303.75,25,Female,IL,Midwest,USA,Chicago,0
10165,99,2022-05-28,195.72,51,Other,ON,Ontario,Canada,Toronto,0
10166,454,2023-12-26,24.77,19,Male,MH,Maharashtra,India,Mumbai,0
10167,844,2022-09-10,42.66,19,Female,NY,Northeast,USA,New York,1
10168,898,2024-12-03,19.85,20,Female,CA,West,USA,Los Angeles,0
10169,208,2023-08-24,290.55,68,Female,TX,South,USA,Houston,0
10170,504,2024-04-12,117.38,63,Male,IL,Midwest,USA,Chicago,0
10171,489,2023-06-09,219.46,57,Male,MH,Maharashtra,India,Mumbai,0
10172,326,2024-11-23,263.83,29,Male,CA,West,USA,Los Angeles,1
10173,803,2022-07-14,270.96,44,Female,TX,South,USA,Houston,1
10174,726,2024-09-09,501.17,24,Female,NY,Northeast,USA,New York,1
10175,83,2023-03-12,33.06,26,Male,TX,South,USA,Houston,0
10176,861,2022-06-27,252.17,68,Female,ON,Ontario,Canada,Toronto,0
10177,367,2022-11-09,74.61,42,Female,BY,Bavaria,Germany,Munich,0
10178,852,2024-12-27,519.67,59,Female,ENG,England,UK,London,1
10179,766,2022-05-17,459.55,58,Female,CA,West,USA,Los Angeles,0
10180,479,2024-03-02,88.0,52,Female,IL,Midwest,USA,Chicago,0
10181,675,2024-01-04,75.61,50,Female,NY,Northeast,USA,New York,0
10182,441,2023-02-18,67.67,68,Male,NY,Northeast,USA,New York,0
10183,779,2022-11-04,58.06,32,Female,ENG,England,UK,London,0
10184,150,2022-07-05,87.47,21,Male,ON,Ontario,Canada,Toronto,0
10185,605,2022-05-13,86.29,60,Male,FL,Southeast,USA,Miami,1
10186,40,2023-10-13,95.52,50,Female,TX,South,USA,Houston,0
10187,722,2024-10-27,92.74,66,Male,TX,South,USA,Houston,0
10188,932,2023-05-26,206.89,54,Female,IL,Midwest,USA,Chicago,1
10189,761,2022-12-27,134.41,27,Male,IL,Midwest,USA,Chicago,0
10190,726,2024-07-03,240.09,24,Female,NY,Northeast,USA,New York,1
10191,819,2023-04-23,474.81,52,Female,TX,South,USA,Houston,1
10192,577,2024-12-27,204.36,66,Female,MH,Maharashtra,India,Mumbai,0
10193,615,2024-03-18,168.42,53,Other,CA,West,USA,Los Angeles,0
10194,584,2023-12-28,485.52,20,Female,CA,West,USA,Los Angeles,0
10195,473,2023-08-23,177.64,40,Male,IL,Midwest,USA,Chicago,0
10196,24,2024-12-19,78.16,66,Female,WA,West,USA,Seattle,0
10197,82,2024-03-12,350.9,40,Female,NY,Northeast,USA,New York,1
10198,454,2024-06-10,165.85,19,Male,MH,Maharashtra,India,Mumbai,0
10199,273,2024-11-12,296.55,25,Female,FL,Southeast,USA,Miami,0
10200,922,2023-11-08,409.49,47,Female,CA,West,USA,Los Angeles,0
10201,986,2023-11-17,304.36,51,Male,NY,Northeast,USA,New York,0
10202,463,2024-04-13,455.05,56,Male,FL,Southeast,USA,Miami,0
10203,697,2024-08-09,200.37,55,Male,CA,West,USA,Los Angeles,0
10204,581,2024-06-06,103.77,22,Male,NY,Northeast,USA,New York,0
10205,250,2023-05-15,215.59,20,Female,TX,South,USA,Houston,0
10206,378,2024-07-01,237.27,56,Male,NY,Northeast,USA,New York,0
10207,385,2023-10-11,382.47,19,Male,NY,Northeast,USA,New York,0
10208,106,2022-07-02,346.55,58,Female,NY,Northeast,USA,New York,0
10209,19,2023-04-10,171.29,61,Male,CA,West,USA,Los Angeles,0
10210,324,2023-11-19,493.29,65,Female,FL,Southeast,USA,Miami,0
10211,903,2024-12-18,162.44,29,Other,WA,West,USA,Seattle,0
10212,86,2022-05-01,498.27,54,Female,BY,Bavaria,Germany,Munich,0
10213,521,2024-11-20,29.15,36,Female,IL,Midwest,USA,Chicago,1
10214,579,2023-11-09,360.54,64,Female,NY,Northeast,USA,New York,0
10215,666,2022-04-14,313.9,54,Female,NY,Northeast,USA,New York,0
10216,982,2023-09-19,314.41,54,Male,NY,Northeast,USA,New York,0
10217,391,2023-12-02,415.28,56,Male,NY,Northeast,USA,New York,0
10218,363,2024-10-05,335.47,29,Female,MH,Maharashtra,India,Mumbai,0
10219,510,2023-01-05,327.39,30,Female,IL,Midwest,USA,Chicago,0
10220,859,2022-08-10,439.91,52,Female,MH,Maharashtra,India,Mumbai,0
10221,587,2023-10-01,107.59,53,Female,NY,Northeast,USA,New York,1
10222,43,2022-08-01,270.27,54,Female,NY,Northeast,USA,New York,0
10223,449,2022-01-15,358.93,45,Female,CA,West,USA,Los Angeles,0
10224,506,2024-02-04,180.16,41,Male,ENG,England,UK,London,0
10225,881,2022-11-13,117.55,22,Male,ON,Ontario,Canada,Toronto,0
10226,655,2022-07-07,73.16,46,Female,FL,Southeast,USA,Miami,0
10227,680,2024-12-28,155.36,66,Male,NSW,NSW,Australia,Sydney,0
10228,320,2024-06-04,376.74,57,Male,FL,Southeast,USA,Miami,0
10229,727,2023-11-14,330.01,55,Female,IL,Midwest,USA,Chicago,0
10230,99,2024-01-14,105.46,51,Other,ON,Ontario,Canada,Toronto,0
10231,196,2024-11-21,280.75,22,Female,TX,South,USA,Houston,0
10232,218,2022-11-04,114.75,23,Male,FL,Southeast,USA,Miami,1
10233,469,2023-05-28,496.74,27,Female,TX,South,USA,Houston,0
10234,71,2024-05-09,408.6,59,Male,TX,South,USA,Houston,0
10235,519,2024-12-01,106.32,42,Male,FL,Southeast,USA,Miami,0
10236,889,2024-10-21,170.19,18,Female,IL,Midwest,USA,Chicago,0
10237,398,2023-08-16,453.69,28,Male,NY,Northeast,USA,New York,0
10238,5,2024-06-19,316.95,40,Female,ON,Ontario,Canada,Toronto,0
10239,275,2023-12-26,195.48,39,Male,FL,Southeast,USA,Miami,0
10240,70,2024-10-11,339.61,42,Female,TX,South,USA,Houston,1
10241,637,2024-06-26,224.95,30,Female,NY,Northeast,USA,New York,1
10242,796,2022-07-27,456.6,33,Male,CA,West,USA,Los Angeles,0
10243,289,2022-02-16,438.03,46,Female,ENG,England,UK,London,0
10244,300,2024-11-23,99.22,19,Female,FL,Southeast,USA,Miami,0
10245,322,2024-11-01,382.98,23,Female,TX,South,USA,Houston,0
10246,365,2022-05-18,420.42,24,Male,FL,Southeast,USA,Miami,0
10247,697,2024-05-03,127.13,55,Male,CA,West,USA,Los Angeles,0
10248,307,2023-04-13,463.26,33,Female,CA,West,USA,Los Angeles,0
10249,383,2023-03-21,228.52,67,Female,TX,South,USA,Houston,0
10250,891,2023-12-02,170.43,23,Female,FL,Southeast,USA,Miami,0
10251,763,2024-10-12,551.25,67,Male,TX,South,USA,Houston,0
10252,929,2022-06-12,347.12,39,Female,FL,Southeast,USA,Miami,0
10253,358,2024-02-07,170.63,64,Female,NY,Northeast,USA,New York,0
10254,929,2022-03-16,269.55,39,Female,FL,Southeast,USA,Miami,0
10255,299,2024-09-23,364.33,32,Female,FL,Southeast,USA,Miami,0
10256,308,2024-03-28,401.91,46,Male,TX,South,USA,Houston,0
10257,953,2023-05-26,119.36,49,Female,FL,Southeast,USA,Miami,0
10258,201,2023-12-27,330.86,37,Male,BY,Bavaria,Germany,Munich,0
10259,819,2023-08-06,450.67,52,Female,TX,South,USA,Houston,1
10260,828,2023-11-04,428.02,64,Female,CA,West,USA,Los Angeles,0
10261,927,2024-02-06,172.7,46,Male,CA,West,USA,Los Angeles,0
10262,849,2023-05-28,514.52,60,Male,CA,West,USA,Los Angeles,0
10263,824,2023-12-07,17.14,51,Female,CA,West,USA,Los Angeles,0
10264,355,2024-11-22,438.72,68,Male,ON,Ontario,Canada,Toronto,0
10265,557,2023-10-12,175.31,56,Female,MH,Maharashtra,India,Mumbai,0
10266,579,2022-08-20,471.19,64,Female,NY,Northeast,USA,New York,0
10267,293,2022-04-22,431.92,67,Male,CA,West,USA,Los Angeles,0
10268,391,2023-08-26,468.27,56,Male,NY,Northeast,USA,New York,0
10269,851,2024-01-03,149.42,68,Female,CA,West,USA,Los Angeles,0
10270,15,2022-03-10,400.24,55,Male,ENG,England,UK,London,0
10271,78,2023-07-04,183.38,29,Female,ON,Ontario,Canada,Toronto,0
10272,411,2023-01-12,242.88,27,Female,CA,West,USA,Los Angeles,0
10273,772,2024-04-11,507.5,69,Male,FL,Southeast,USA,Miami,0
10274,895,2022-03-25,363.02,56,Female,FL,Southeast,USA,Miami,0
10275,684,2023-05-20,343.31,67,Male,CA,West,USA,Los Angeles,1
10276,858,2022-11-03,73.2,20,Female,TX,South,USA,Houston,0
10277,149,2023-12-13,290.18,60,Female,BY,Bavaria,Germany,Munich,1
10278,104,2022-03-20,70.52,18,Female,ON,Ontario,Canada,Toronto,0
10279,504,2023-04-21,49.57,63,Male,IL,Midwest,USA,Chicago,0
10280,307,2024-11-23,530.68,33,Female,CA,West,USA,Los Angeles,0
10281,880,2022-03-07,300.28,50,Male,IL,Midwest,USA,Chicago,0
10282,74,2024-10-25,14.57,24,Female,ON,Ontario,Canada,Toronto,0
10283,366,2024-02-26,268.6,44,Female,ENG,England,UK,London,0
10284,299,2023-09-07,159.53,32,Female,FL,Southeast,USA,Miami,0
10285,594,2024-04-19,95.67,68,Male,CA,West,USA,Los Angeles,0
10286,298,2023-10-20,436.05,40,Male,NY,Northeast,USA,New York,0
10287,941,2024-07-25,95.5,53,Male,MH,Maharashtra,India,Mumbai,1
10288,54,2024-03-03,102.49,42,Female,NY,Northeast,USA,New York,0
10289,73,2024-06-07,138.85,42,Female,FL,Southeast,USA,Miami,1
10290,896,2023-07-25,380.64,49,Male,MH,Maharashtra,India,Mumbai,0
10291,527,2024-12-02,115.87,66,Female,ON,Ontario,Canada,Toronto,0
10292,840,2022-07-14,167.47,65,Male,CA,West,USA,Los Angeles,0
10293,460,2023-03-09,479.28,23,Female,FL,Southeast,USA,Miami,0
10294,929,2022-08-18,286.92,39,Female,FL,Southeast,USA,Miami,0
10295,475,2022-04-14,94.77,50,Male,CA,West,USA,Los Angeles,1
10296,745,2024-11-24,483.11,59,Male,NY,Northeast,USA,New York,0
10297,996,2024-11-03,292.27,50,Female,TX,South,USA,Houston,0
10298,761,2022-02-15,418.77,27,Male,IL,Midwest,USA,Chicago,0
10299,261,2023-08-15,51.5,59,Female,NY,Northeast,USA,New York,0
10300,788,2024-09-15,100.01,53,Male,WA,West,USA,Seattle,0
10301,385,2024-04-03,61.59,19,Male,NY,Northeast,USA,New York,0
10302,676,2024-08-14,275.3,55,Female,FL,Southeast,USA,Miami,1
10303,656,2022-07-25,199.82,45,Male,ENG,England,UK,London,0
10304,176,2022-07-17,213.84,42,Male,BY,Bavaria,Germany,Munich,1
10305,288,2024-08-04,212.36,47,Male,IL,Midwest,USA,Chicago,0
10306,178,2022-08-21,217.83,26,Female,TX,South,USA,Houston,0
10307,69,2024-09-27,220.42,21,Male,TX,South,USA,Houston,0
10308,501,2024-07-23,98.82,23,Male,ON,Ontario,Canada,Toronto,0
10309,201,2024-10-03,323.51,37,Male,BY,Bavaria,Germany,Munich,0
10310,691,2023-07-01,462.05,69,Male,CA,West,USA,Los Angeles,0
10311,237,2024-09-05,556.75,52,Male,ENG,England,UK,London,0
10312,30,2024-04-10,75.58,41,Male,NY,Northeast,USA,New York,0
10313,148,2022-08-26,211.5,30,Female,WA,West,USA,Seattle,0
10314,547,2023-07-13,135.82,40,Male,TX,South,USA,Houston,0
10315,127,2022-05-28,287.78,22,Female,NY,Northeast,USA,New York,0
10316,888,2023-01-03,197.77,28,Male,CA,West,USA,Los Angeles,0
10317,748,2024-07-22,492.91,34,Male,FL,Southeast,USA,Miami,0
10318,127,2024-01-22,524.44,22,Female,NY,Northeast,USA,New York,0
10319,859,2023-06-27,179.45,52,Female,MH,Maharashtra,India,Mumbai,0
10320,313,2023-06-15,195.72,24,Other,IL,Midwest,USA,Chicago,0
10321,897,2022-09-17,272.13,44,Female,NY,Northeast,USA,New York,0
10322,987,2023-12-01,340.69,50,Other,WA,West,USA,Seattle,0
10323,251,2022-11-25,378.7,27,Male,FL,Southeast,USA,Miami,0
10324,329,2024-12-18,66.12,25,Female,BY,Bavaria,Germany,Munich,0
10325,143,2024-12-20,39.24,32,Male,TX,South,USA,Houston,0
10326,29,2024-02-10,383.41,46,Female,CA,West,USA,Los Angeles,0
10327,515,2024-04-03,273.9,67,Male,TX,South,USA,Houston,0
10328,684,2022-05-21,339.65,67,Male,CA,West,USA,Los Angeles,1
10329,553,2024-02-21,176.72,61,Male,TX,South,USA,Houston,0
10330,983,2022-11-06,94.36,46,Female,CA,West,USA,Los Angeles,0
10331,115,2023-12-24,68.38,44,Male,ON,Ontario,Canada,Toronto,1
10332,231,2023-08-01,419.02,42,Male,NSW,NSW,Australia,Sydney,0
10333,891,2022-11-19,207.48,23,Female,FL,Southeast,USA,Miami,0
10334,217,2022-10-03,50.61,22,Female,NY,Northeast,USA,New York,1
10335,363,2023-06-22,138.77,29,Female,MH,Maharashtra,India,Mumbai,0
10336,432,2022-03-13,432.14,56,Male,FL,Southeast,USA,Miami,0
10337,213,2024-12-10,275.47,59,Female,MH,Maharashtra,India,Mumbai,0
10338,536,2023-09-21,453.83,25,Female,WA,West,USA,Seattle,0
10339,794,2023-05-23,501.61,60,Male,NY,Northeast,USA,New York,0
10340,815,2024-02-17,47.95,58,Male,NY,Northeast,USA,New York,0
10341,460,2023-11-21,500.51,23,Female,FL,Southeast,USA,Miami,0
10342,994,2023-11-01,203.33,40,Female,BY,Bavaria,Germany,Munich,0
10343,314,2024-08-24,394.41,32,Female,NY,Northeast,USA,New York,0
10344,814,2022-12-17,207.53,32,Male,CA,West,USA,Los Angeles,0
10345,878,2022-06-05,311.16,56,Female,FL,Southeast,USA,Miami,0
10346,291,2023-12-14,358.48,59,Male,WA,West,USA,Seattle,0
10347,54,2023-09-18,79.67,42,Female,NY,Northeast,USA,New York,0
10348,787,2024-10-23,247.8,19,Male,ENG,England,UK,London,0
10349,89,2022-12-15,111.23,57,Male,NY,Northeast,USA,New York,0
10350,631,2024-11-08,76.68,56,Other,CA,West,USA,Los Angeles,0
10351,493,2024-05-08,336.06,57,Female,NY,Northeast,USA,New York,1
10352,491,2024-11-21,384.53,66,Female,CA,West,USA,Los Angeles,0
10353,738,2022-07-25,136.21,35,Male,NY,Northeast,USA,New York,0
10354,635,2023-01-18,14.4,27,Other,TX,South,USA,Houston,0
10355,605,2024-09-23,543.95,60,Male,FL,Southeast,USA,Miami,1
10356,440,2024-07-18,271.8,38,Male,CA,West,USA,Los Angeles,0
10357,697,2022-07-14,329.39,55,Male,CA,West,USA,Los Angeles,0
10358,633,2022-06-12,46.86,40,Male,MH,Maharashtra,India,Mumbai,0
10359,579,2024-01-14,351.58,64,Female,NY,Northeast,USA,New York,0
10360,737,2024-03-01,429.72,55,Male,CA,West,USA,Los Angeles,1
10361,121,2023-10-17,35.21,40,Female,CA,West,USA,Los Angeles,0
10362,14,2024-04-06,298.54,57,Male,IL,Midwest,USA,Chicago,1
10363,36,2023-08-26,84.36,21,Male,TX,South,USA,Houston,0
10364,617,2022-08-24,81.99,30,Male,NY,Northeast,USA,New York,0
10365,753,2024-04-14,348.6,22,Male,NY,Northeast,USA,New York,0
10366,154,2024-04-18,351.05,33,Male,CA,West,USA,Los Angeles,0
10367,59,2023-06-02,298.23,56,Female,FL,Southeast,USA,Miami,0
10368,337,2024-11-17,291.18,68,Female,CA,West,USA,Los Angeles,0
10369,790,2022-12-24,240.29,18,Female,NY,Northeast,USA,New York,0
10370,444,2022-06-15,245.8,43,Male,CA,West,USA,Los Angeles,0
10371,667,2024-01-25,194.75,44,Female,ENG,England,UK,London,1
10372,973,2022-08-03,136.09,42,Male,IL,Midwest,USA,Chicago,0
10373,517,2022-06-28,140.17,63,Female,NY,Northeast,USA,New York,0
10374,326,2024-07-10,509.57,29,Male,CA,West,USA,Los Angeles,1
10375,33,2023-06-01,149.13,22,Male,FL,Southeast,USA,Miami,0
10376,820,2023-09-18,205.12,69,Female,BY,Bavaria,Germany,Munich,0
10377,750,2024-05-18,287.84,26,Female,NY,Northeast,USA,New York,0
10378,338,2022-11-04,373.92,34,Other,TX,South,USA,Houston,0
10379,628,2024-06-10,437.67,37,Female,NY,Northeast,USA,New York,0
10380,230,2023-05-26,385.44,27,Female,NY,Northeast,USA,New York,0
10381,669,2022-12-06,158.49,65,Female,NY,Northeast,USA,New York,0
10382,435,2024-05-03,100.71,40,Female,IL,Midwest,USA,Chicago,0
10383,203,2023-02-24,434.96,43,Male,NY,Northeast,USA,New York,0
10384,90,2024-03-20,491.12,61,Male,CA,West,USA,Los Angeles,0
10385,21,2024-10-14,512.21,44,Female,NY,Northeast,USA,New York,0
10386,820,2024-08-09,482.26,69,Female,BY,Bavaria,Germany,Munich,0
10387,71,2023-07-25,198.3,59,Male,TX,South,USA,Houston,0
10388,499,2023-02-25,90.33,66,Other,ON,Ontario,Canada,Toronto,0
10389,123,2024-03-01,379.13,52,Other,ON,Ontario,Canada,Toronto,0
10390,688,2023-06-24,347.91,48,Other,FL,Southeast,USA,Miami,1
10391,390,2024-06-14,147.25,25,Female,TX,South,USA,Houston,0
10392,798,2024-06-10,351.58,41,Male,CA,West,USA,Los Angeles,0
10393,91,2023-07-10,529.09,40,Female,CA,West,USA,Los Angeles,0
10394,409,2022-10-13,92.58,66,Male,ON,Ontario,Canada,Toronto,1
10395,404,2024-09-17,218.96,68,Female,CA,West,USA,Los Angeles,0
10396,451,2024-08-27,225.81,67,Female,NSW,NSW,Australia,Sydney,0
10397,288,2023-08-01,121.51,47,Male,IL,Midwest,USA,Chicago,0
10398,254,2024-03-18,443.69,35,Female,ON,Ontario,Canada,Toronto,0
10399,953,2024-08-02,399.37,49,Female,FL,Southeast,USA,Miami,0
10400,715,2023-03-01,123.29,65,Male,BY,Bavaria,Germany,Munich,1
10401,457,2023-10-09,456.14,25,Female,FL,Southeast,USA,Miami,0
10402,833,2024-07-22,244.88,41,Female,ON,Ontario,Canada,Toronto,1
10403,71,2024-08-10,313.54,59,Male,TX,South,USA,Houston,0
10404,575,2024-11-11,387.07,18,Female,NY,Northeast,USA,New York,0
10405,681,2022-06-26,438.34,55,Female,WA,West,USA,Seattle,0
10406,39,2024-02-08,135.69,32,Male,ON,Ontario,Canada,Toronto,0
10407,708,2024-11-22,336.28,47,Female,TX,South,USA,Houston,0
10408,712,2024-05-24,379.76,45,Female,TX,South,USA,Houston,0
10409,528,2023-06-19,470.99,25,Male,NY,Northeast,USA,New York,0
10410,667,2022-05-28,388.42,44,Female,ENG,England,UK,London,1
10411,946,2023-06-28,485.56,24,Female,FL,Southeast,USA,Miami,0
10412,343,2023-07-02,49.68,50,Female,CA,West,USA,Los Angeles,0
10413,219,2023-11-05,231.58,41,Female,IL,Midwest,USA,Chicago,0
10414,410,2024-10-11,179.31,18,Male,ENG,England,UK,London,1
10415,951,2022-07-19,253.62,22,Female,IL,Midwest,USA,Chicago,0
10416,496,2024-10-08,456.17,39,Male,WA,West,USA,Seattle,0
10417,929,2023-11-18,266.44,39,Female,FL,Southeast,USA,Miami,0
10418,791,2024-01-26,30.49,22,Female,MH,Maharashtra,India,Mumbai,1
10419,117,2023-08-01,359.02,19,Female,CA,West,USA,Los Angeles,0
10420,681,2024-01-25,16.85,55,Female,WA,West,USA,Seattle,0
10421,879,2023-05-14,61.37,46,Female,CA,West,USA,Los Angeles,0
10422,518,2024-10-26,410.58,21,Female,CA,West,USA,Los Angeles,0
10423,305,2022-10-20,417.19,46,Male,IL,Midwest,USA,Chicago,0
10424,806,2022-11-02,165.88,58,Female,NY,Northeast,USA,New York,0
10425,58,2024-07-26,323.47,26,Female,TX,South,USA,Houston,1
10426,860,2022-02-02,278.12,59,Male,CA,West,USA,Los Angeles,0
10427,81,2024-02-08,41.71,66,Female,ENG,England,UK,London,0
10428,52,2022-04-16,276.98,28,Male,TX,South,USA,Houston,0
10429,517,2022-06-26,15.38,63,Female,NY,Northeast,USA,New York,0
10430,70,2024-07-05,461.2,42,Female,TX,South,USA,Houston,1
10431,721,2023-09-16,399.18,25,Male,NY,Northeast,USA,New York,0
10432,476,2024-03-04,166.9,58,Female,CA,West,USA,Los Angeles,0
10433,740,2023-03-10,146.85,64,Male,TX,South,USA,Houston,0
10434,782,2024-03-08,115.54,51,Male,CA,West,USA,Los Angeles,0
10435,790,2024-10-12,534.08,18,Female,NY,Northeast,USA,New York,0
10436,110,2023-05-20,449.9,54,Male,TX,South,USA,Houston,1
10437,849,2023-03-21,445.72,60,Male,CA,West,USA,Los Angeles,0
10438,864,2023-06-19,252.75,58,Male,ENG,England,UK,London,0
10439,508,2024-04-01,456.56,30,Male,CA,West,USA,Los Angeles,0
10440,138,2023-06-22,317.86,19,Female,BY,Bavaria,Germany,Munich,0
10441,733,2024-11-19,175.54,65,Male,CA,West,USA,Los Angeles,0
10442,696,2023-05-02,234.17,31,Male,ON,Ontario,Canada,Toronto,0
10443,134,2024-03-27,235.71,47,Male,IL,Midwest,USA,Chicago,0
10444,804,2024-04-22,204.28,65,Male,TX,South,USA,Houston,0
10445,682,2023-01-20,136.45,25,Male,NSW,NSW,Australia,Sydney,0
10446,46,2023-12-14,217.45,68,Male,NY,Northeast,USA,New York,0
10447,611,2023-09-23,321.87,61,Male,TX,South,USA,Houston,0
10448,849,2023-07-09,112.5,60,Male,CA,West,USA,Los Angeles,0
10449,955,2023-08-21,84.27,58,Male,FL,Southeast,USA,Miami,0
10450,842,2024-04-18,390.0,52,Female,CA,West,USA,Los Angeles,0
10451,860,2023-06-18,283.98,59,Male,CA,West,USA,Los Angeles,0
10452,146,2022-05-23,182.56,62,Female,TX,South,USA,Houston,0
10453,25,2023-11-05,482.16,58,Male,IL,Midwest,USA,Chicago,0
10454,210,2023-10-03,250.21,58,Female,NY,Northeast,USA,New York,0
10455,882,2024-04-16,193.26,62,Male,NY,Northeast,USA,New York,1
10456,861,2023-10-23,122.92,68,Female,ON,Ontario,Canada,Toronto,0
10457,83,2023-02-08,178.46,26,Male,TX,South,USA,Houston,0
10458,966,2023-03-16,152.78,48,Female,IL,Midwest,USA,Chicago,0
10459,215,2024-02-27,486.9,56,Female,NY,Northeast,USA,New York,1
10460,485,2024-04-18,500.72,42,Male,FL,Southeast,USA,Miami,0
10461,610,2022-04-03,212.16,62,Male,CA,West,USA,Los Angeles,0
10462,126,2024-12-25,154.41,47,Male,IL,Midwest,USA,Chicago,0
10463,381,2024-05-28,82.73,18,Male,TX,South,USA,Houston,0
10464,280,2024-05-20,404.21,22,Female,TX,South,USA,Houston,0
10465,359,2023-02-18,467.2,22,Male,NY,Northeast,USA,New York,0
10466,339,2024-01-17,236.82,28,Male,WA,West,USA,Seattle,0
10467,452,2024-04-18,491.34,66,Male,CA,West,USA,Los Angeles,0
10468,632,2022-02-10,131.28,35,Female,WA,West,USA,Seattle,0
10469,118,2022-05-19,308.27,25,Male,FL,Southeast,USA,Miami,0
10470,722,2023-03-15,52.72,66,Male,TX,South,USA,Houston,0
10471,118,2022-03-23,285.93,25,Male,FL,Southeast,USA,Miami,0
10472,607,2023-09-24,342.33,34,Male,IL,Midwest,USA,Chicago,0
10473,198,2024-12-20,364.84,24,Female,WA,West,USA,Seattle,1
10474,891,2024-01-28,438.6,23,Female,FL,Southeast,USA,Miami,0
10475,323,2022-09-13,56.43,49,Male,TX,South,USA,Houston,0
10476,11,2022-09-22,146.49,45,Male,CA,West,USA,Los Angeles,0
10477,101,2024-08-10,391.55,61,Female,BY,Bavaria,Germany,Munich,0
10478,390,2023-09-23,318.12,25,Female,TX,South,USA,Houston,0
10479,960,2022-07-08,475.23,39,Male,TX,South,USA,Houston,0
10480,292,2024-12-20,441.56,31,Male,NY,Northeast,USA,New York,0
10481,499,2022-03-01,240.78,66,Other,ON,Ontario,Canada,Toronto,0
10482,752,2022-07-22,271.54,25,Male,WA,West,USA,Seattle,0
10483,232,2024-09-09,373.24,62,Male,CA,West,USA,Los Angeles,0
10484,681,2024-12-07,16.81,55,Female,WA,West,USA,Seattle,0
10485,415,2023-07-10,199.77,18,Other,CA,West,USA,Los Angeles,0
10486,891,2024-12-12,78.1,23,Female,FL,Southeast,USA,Miami,0
10487,682,2024-09-04,142.6,25,Male,NSW,NSW,Australia,Sydney,0
10488,314,2022-09-16,416.46,32,Female,NY,Northeast,USA,New York,0
10489,453,2024-11-04,312.2,43,Male,WA,West,USA,Seattle,0
10490,856,2022-10-16,431.63,62,Male,WA,West,USA,Seattle,0
10491,372,2023-07-11,472.25,52,Male,TX,South,USA,Houston,0
10492,539,2023-10-17,429.21,46,Male,FL,Southeast,USA,Miami,0
10493,856,2023-01-05,406.42,62,Male,WA,West,USA,Seattle,0
10494,154,2022-12-28,91.39,33,Male,CA,West,USA,Los Angeles,0
10495,842,2024-11-01,158.99,52,Female,CA,West,USA,Los Angeles,0
10496,830,2023-09-24,376.3,19,Male,TX,South,USA,Houston,0
10497,542,2024-01-10,176.42,20,Female,WA,West,USA,Seattle,0
10498,234,2023-05-24,205.45,57,Male,NY,Northeast,USA,New York,0
10499,142,2024-04-17,525.07,29,Female,CA,West,USA,Los Angeles,0
10500,761,2023-04-24,377.23,27,Male,IL,Midwest,USA,Chicago,0
10501,376,2023-09-16,65.99,22,Female,WA,West,USA,Seattle,0
10502,537,2024-11-23,407.0,41,Male,NSW,NSW,Australia,Sydney,0
10503,90,2024-09-19,446.83,61,Male,CA,West,USA,Los Angeles,0
10504,515,2023-06-20,484.97,67,Male,TX,South,USA,Houston,0
10505,69,2023-12-17,366.45,21,Male,TX,South,USA,Houston,0
10506,535,2024-11-08,63.72,48,Male,CA,West,USA,Los Angeles,0
10507,842,2024-09-24,431.18,52,Female,CA,West,USA,Los Angeles,0
10508,976,2023-06-24,351.48,29,Female,CA,West,USA,Los Angeles,0
10509,846,2024-09-21,261.53,18,Female,CA,West,USA,Los Angeles,0
10510,585,2023-06-08,405.62,39,Other,IL,Midwest,USA,Chicago,0
10511,743,2023-03-12,283.35,50,Male,NY,Northeast,USA,New York,0
10512,45,2024-08-21,522.84,21,Male,TX,South,USA,Houston,0
10513,684,2024-09-06,522.46,67,Male,CA,West,USA,Los Angeles,1
10514,956,2023-05-04,127.7,49,Male,TX,South,USA,Houston,0
10515,152,2022-12-12,225.89,32,Female,NY,Northeast,USA,New York,0
10516,282,2022-11-16,107.27,43,Female,WA,West,USA,Seattle,1
10517,994,2024-08-26,192.7,40,Female,BY,Bavaria,Germany,Munich,0
10518,471,2023-01-09,126.47,56,Male,NY,Northeast,USA,New York,0
10519,724,2023-01-07,276.49,24,Female,CA,West,USA,Los Angeles,0
10520,824,2022-09-20,10.32,51,Female,CA,West,USA,Los Angeles,0
10521,957,2024-11-25,445.52,38,Male,FL,Southeast,USA,Miami,0
10522,85,2023-07-24,93.15,50,Female,FL,Southeast,USA,Miami,0
10523,359,2024-01-18,161.64,22,Male,NY,Northeast,USA,New York,0
10524,233,2022-03-01,95.71,19,Male,IL,Midwest,USA,Chicago,0
10525,814,2022-04-19,183.44,32,Male,CA,West,USA,Los Angeles,0
10526,877,2022-08-04,47.75,46,Female,ENG,England,UK,London,1
10527,869,2023-07-23,456.72,41,Male,NY,Northeast,USA,New York,0
10528,118,2023-02-26,226.12,25,Male,FL,Southeast,USA,Miami,0
10529,671,2023-07-18,490.64,67,Male,TX,South,USA,Houston,0
10530,517,2023-11-07,34.99,63,Female,NY,Northeast,USA,New York,0
10531,726,2022-06-09,94.57,24,Female,NY,Northeast,USA,New York,1
10532,186,2023-03-21,444.73,41,Male,NY,Northeast,USA,New York,0
10533,130,2022-08-22,237.27,51,Female,TX,South,USA,Houston,1
10534,355,2022-12-23,39.13,68,Male,ON,Ontario,Canada,Toronto,0
10535,354,2022-02-03,32.87,40,Female,WA,West,USA,Seattle,1
10536,791,2024-03-21,502.3,22,Female,MH,Maharashtra,India,Mumbai,1
10537,191,2024-08-27,154.82,53,Male,WA,West,USA,Seattle,0
10538,960,2024-05-01,236.69,39,Male,TX,South,USA,Houston,0
10539,18,2022-12-13,449.53,24,Female,NSW,NSW,Australia,Sydney,1
10540,574,2024-10-21,377.6,20,Female,ENG,England,UK,London,0
10541,531,2024-03-15,434.02,49,Female,CA,West,USA,Los Angeles,0
10542,362,2023-11-27,255.5,64,Female,MH,Maharashtra,India,Mumbai,1
10543,112,2022-09-19,350.67,58,Female,WA,West,USA,Seattle,0
10544,81,2024-07-11,331.87,66,Female,ENG,England,UK,London,0
10545,277,2024-04-18,104.65,42,Female,IL,Midwest,USA,Chicago,0
10546,402,2024-09-20,325.49,58,Male,CA,West,USA,Los Angeles,0
10547,191,2024-12-22,519.16,53,Male,WA,West,USA,Seattle,0
10548,814,2024-01-08,200.66,32,Male,CA,West,USA,Los Angeles,0
10549,974,2024-06-26,282.24,42,Female,TX,South,USA,Houston,0
10550,757,2022-12-28,213.88,56,Female,BY,Bavaria,Germany,Munich,0
10551,828,2022-06-07,347.43,64,Female,CA,West,USA,Los Angeles,0
10552,357,2024-01-06,355.31,25,Female,NY,Northeast,USA,New York,0
10553,862,2022-02-11,243.76,66,Male,CA,West,USA,Los Angeles,0
10554,170,2023-09-09,35.16,19,Male,ENG,England,UK,London,0
10555,602,2023-09-06,148.0,58,Male,CA,West,USA,Los Angeles,1
10556,544,2023-02-05,173.97,27,Female,BY,Bavaria,Germany,Munich,0
10557,479,2022-04-20,368.92,52,Female,IL,Midwest,USA,Chicago,0
10558,833,2023-08-27,216.43,41,Female,ON,Ontario,Canada,Toronto,1
10559,338,2023-09-03,207.09,34,Other,TX,South,USA,Houston,0
10560,563,2023-03-16,242.18,43,Male,TX,South,USA,Houston,0
10561,463,2023-07-08,234.97,56,Male,FL,Southeast,USA,Miami,0
10562,542,2024-08-07,405.06,20,Female,WA,West,USA,Seattle,0
10563,344,2024-01-17,379.07,44,Male,NSW,NSW,Australia,Sydney,0
10564,707,2024-04-04,429.86,18,Female,IL,Midwest,USA,Chicago,0
10565,592,2023-12-03,118.33,64,Female,ENG,England,UK,London,0
10566,130,2022-11-25,373.31,51,Female,TX,South,USA,Houston,1
10567,443,2024-05-13,173.75,24,Male,TX,South,USA,Houston,0
10568,619,2024-11-02,11.23,21,Male,CA,West,USA,Los Angeles,0
10569,97,2022-09-25,323.4,30,Female,CA,West,USA,Los Angeles,0
10570,79,2024-12-19,17.67,47,Female,MH,Maharashtra,India,Mumbai,0
10571,544,2024-12-21,64.98,27,Female,BY,Bavaria,Germany,Munich,0
10572,160,2022-08-18,30.15,58,Male,CA,West,USA,Los Angeles,0
10573,571,2023-07-14,325.55,67,Female,ENG,England,UK,London,0
10574,52,2023-03-22,118.58,28,Male,TX,South,USA,Houston,0
10575,855,2022-07-10,406.49,32,Female,TX,South,USA,Houston,0
10576,615,2024-06-20,206.74,53,Other,CA,West,USA,Los Angeles,0
10577,634,2023-09-25,184.69,37,Female,BY,Bavaria,Germany,Munich,0
10578,965,2024-02-24,293.72,67,Female,NY,Northeast,USA,New York,0
10579,625,2024-11-16,436.54,49,Male,NY,Northeast,USA,New York,0
10580,149,2024-12-02,393.38,60,Female,BY,Bavaria,Germany,Munich,1
10581,900,2023-03-01,117.88,50,Male,FL,Southeast,USA,Miami,0
10582,471,2023-09-13,407.17,56,Male,NY,Northeast,USA,New York,0
10583,671,2023-11-19,273.84,67,Male,TX,South,USA,Houston,0
10584,894,2024-08-03,553.09,68,Male,CA,West,USA,Los Angeles,0
10585,474,2023-12-12,279.03,42,Female,NY,Northeast,USA,New York,0
10586,851,2024-07-12,168.26,68,Female,CA,West,USA,Los Angeles,0
10587,953,2023-04-13,405.94,49,Female,FL,Southeast,USA,Miami,0
10588,424,2022-07-16,24.35,48,Female,NY,Northeast,USA,New York,0
10589,26,2024-07-08,408.88,51,Male,CA,West,USA,Los Angeles,0
10590,745,2024-04-17,309.3,59,Male,NY,Northeast,USA,New York,0
10591,803,2023-10-13,101.83,44,Female,TX,South,USA,Houston,1
10592,44,2024-08-26,24.43,36,Other,CA,West,USA,Los Angeles,0
10593,954,2023-06-10,34.79,40,Female,WA,West,USA,Seattle,0
10594,757,2024-06-26,56.08,56,Female,BY,Bavaria,Germany,Munich,0
10595,194,2023-06-27,263.92,36,Male,IL,Midwest,USA,Chicago,0
10596,726,2023-06-09,378.12,24,Female,NY,Northeast,USA,New York,1
10597,688,2022-07-12,75.56,48,Other,FL,Southeast,USA,Miami,1
10598,583,2022-05-20,87.9,23,Female,IL,Midwest,USA,Chicago,0
10599,570,2024-11-13,457.94,47,Male,TX,South,USA,Houston,1
10600,115,2023-12-20,128.98,44,Male,ON,Ontario,Canada,Toronto,1
10601,939,2022-07-08,415.67,42,Female,TX,South,USA,Houston,0
10602,297,2022-10-27,56.57,62,Male,FL,Southeast,USA,Miami,1
10603,289,2023-12-20,445.3,46,Female,ENG,England,UK,London,0
10604,172,2024-03-03,413.24,22,Female,FL,Southeast,USA,Miami,0
10605,201,2023-03-07,87.3,37,Male,BY,Bavaria,Germany,Munich,0
10606,59,2024-02-18,196.66,56,Female,FL,Southeast,USA,Miami,0
10607,829,2024-06-09,194.01,62,Male,FL,Southeast,USA,Miami,1
10608,900,2023-05-12,80.12,50,Male,FL,Southeast,USA,Miami,0
10609,54,2024-08-19,218.16,42,Female,NY,Northeast,USA,New York,0
10610,182,2022-07-10,342.14,25,Male,ON,Ontario,Canada,Toronto,0
10611,444,2023-03-26,390.05,43,Male,CA,West,USA,Los Angeles,0
10612,207,2022-06-18,109.42,57,Female,CA,West,USA,Los Angeles,0
10613,200,2022-01-12,363.67,68,Male,IL,Midwest,USA,Chicago,0
10614,701,2022-07-08,140.66,45,Female,CA,West,USA,Los Angeles,0
10615,880,2022-04-09,30.83,50,Male,IL,Midwest,USA,Chicago,0
10616,323,2024-02-02,118.02,49,Male,TX,South,USA,Houston,0
10617,520,2023-01-03,188.36,48,Male,NY,Northeast,USA,New York,0
10618,405,2024-10-22,30.91,43,Other,FL,Southeast,USA,Miami,0
10619,375,2023-04-22,60.1,64,Female,BY,Bavaria,Germany,Munich,0
10620,57,2024-09-03,206.71,46,Male,BY,Bavaria,Germany,Munich,0
10621,708,2022-11-16,463.05,47,Female,TX,South,USA,Houston,0
10622,927,2023-07-10,340.84,46,Male,CA,West,USA,Los Angeles,0
10623,760,2023-02-20,495.92,55,Other,TX,South,USA,Houston,0
10624,997,2024-08-17,31.64,45,Female,FL,Southeast,USA,Miami,0
10625,821,2024-02-23,487.61,19,Female,CA,West,USA,Los Angeles,0
10626,369,2022-11-18,76.49,19,Male,TX,South,USA,Houston,0
10627,822,2024-10-06,141.24,52,Female,CA,West,USA,Los Angeles,0
10628,216,2024-06-19,66.25,32,Male,WA,West,USA,Seattle,0
10629,400,2023-04-24,224.18,34,Female,CA,West,USA,Los Angeles,0
10630,706,2022-09-28,109.2,47,Male,FL,Southeast,USA,Miami,1
10631,289,2024-08-20,416.96,46,Female,ENG,England,UK,London,0
10632,758,2024-03-12,425.5,37,Female,WA,West,USA,Seattle,0
10633,186,2023-10-15,161.48,41,Male,NY,Northeast,USA,New York,0
10634,154,2023-05-04,426.01,33,Male,CA,West,USA,Los Angeles,0
10635,754,2022-11-18,90.19,66,Female,FL,Southeast,USA,Miami,0
10636,487,2024-11-04,33.29,35,Male,NY,Northeast,USA,New York,0
10637,934,2022-04-08,90.87,51,Male,NY,Northeast,USA,New York,0
10638,196,2022-04-15,130.43,22,Female,TX,South,USA,Houston,0
10639,715,2023-06-14,36.74,65,Male,BY,Bavaria,Germany,Munich,1
10640,234,2024-11-11,71.45,57,Male,NY,Northeast,USA,New York,0
10641,473,2024-02-19,177.32,40,Male,IL,Midwest,USA,Chicago,0
10642,494,2022-05-26,427.7,49,Male,CA,West,USA,Los Angeles,1
10643,849,2022-09-26,429.18,60,Male,CA,West,USA,Los Angeles,0
10644,400,2024-01-15,556.47,34,Female,CA,West,USA,Los Angeles,0
10645,364,2023-01-16,61.51,64,Female,TX,South,USA,Houston,0
10646,476,2022-10-13,10.9,58,Female,CA,West,USA,Los Angeles,0
10647,978,2024-07-26,321.61,47,Other,CA,West,USA,Los Angeles,0
10648,385,2022-08-25,305.59,19,Male,NY,Northeast,USA,New York,0
10649,550,2023-04-02,133.27,53,Male,NY,Northeast,USA,New York,0
10650,74,2023-07-23,424.58,24,Female,ON,Ontario,Canada,Toronto,0
10651,604,2024-08-01,535.83,24,Female,BY,Bavaria,Germany,Munich,0
10652,77,2024-06-20,193.23,35,Female,WA,West,USA,Seattle,1
10653,15,2023-12-10,501.87,55,Male,ENG,England,UK,London,0
10654,262,2024-01-15,68.43,26,Male,CA,West,USA,Los Angeles,0
10655,191,2024-06-22,272.23,53,Male,WA,West,USA,Seattle,0
10656,523,2024-11-07,119.41,27,Other,CA,West,USA,Los Angeles,1
10657,209,2023-03-04,314.15,31,Male,ENG,England,UK,London,0
10658,213,2023-12-16,47.54,59,Female,MH,Maharashtra,India,Mumbai,0
10659,889,2024-06-24,287.99,18,Female,IL,Midwest,USA,Chicago,0
10660,626,2022-03-04,94.85,30,Female,NY,Northeast,USA,New York,0
10661,11,2022-02-11,214.55,45,Male,CA,West,USA,Los Angeles,0
10662,762,2022-05-16,347.15,46,Male,MH,Maharashtra,India,Mumbai,0
10663,724,2024-12-07,194.38,24,Female,CA,West,USA,Los Angeles,0
10664,893,2022-12-24,274.82,45,Male,NY,Northeast,USA,New York,1
10665,540,2023-08-17,515.19,19,Male,WA,West,USA,Seattle,0
10666,944,2024-02-15,491.57,42,Male,TX,South,USA,Houston,0
10667,941,2022-07-04,498.51,53,Male,MH,Maharashtra,India,Mumbai,1
10668,365,2023-06-02,102.56,24,Male,FL,Southeast,USA,Miami,0
10669,80,2023-04-05,267.25,52,Male,ENG,England,UK,London,0
10670,944,2022-02-01,394.28,42,Male,TX,South,USA,Houston,0
10671,655,2024-06-15,521.04,46,Female,FL,Southeast,USA,Miami,0
10672,876,2022-06-25,128.04,44,Male,CA,West,USA,Los Angeles,0
10673,75,2024-09-22,553.28,53,Female,CA,West,USA,Los Angeles,0
10674,316,2023-06-07,239.84,52,Female,TX,South,USA,Houston,0
10675,1,2022-01-06,388.33,22,Female,IL,Midwest,USA,Chicago,0
10676,370,2022-01-15,264.01,58,Male,ON,Ontario,Canada,Toronto,0
10677,753,2023-09-22,165.17,22,Male,NY,Northeast,USA,New York,0
10678,168,2023-09-22,67.16,26,Other,NY,Northeast,USA,New York,0
10679,375,2023-03-15,94.67,64,Female,BY,Bavaria,Germany,Munich,0
10680,870,2024-11-08,366.49,20,Male,TX,South,USA,Houston,0
10681,305,2023-09-14,298.28,46,Male,IL,Midwest,USA,Chicago,0
10682,530,2024-03-21,248.7,65,Male,FL,Southeast,USA,Miami,0
10683,436,2022-05-25,316.79,24,Male,CA,West,USA,Los Angeles,0
10684,206,2022-12-03,258.62,31,Female,MH,Maharashtra,India,Mumbai,0
10685,930,2024-06-22,88.76,48,Male,WA,West,USA,Seattle,0
10686,810,2023-04-21,146.45,69,Female,ENG,England,UK,London,0
10687,391,2022-07-06,221.58,56,Male,NY,Northeast,USA,New York,0
10688,851,2022-03-02,204.94,68,Female,CA,West,USA,Los Angeles,0
10689,498,2022-10-09,452.24,37,Male,NY,Northeast,USA,New York,0
10690,640,2024-10-08,528.12,67,Female,ON,Ontario,Canada,Toronto,0
10691,294,2023-11-04,287.99,35,Male,IL,Midwest,USA,Chicago,0
10692,395,2024-08-08,156.99,55,Female,NY,Northeast,USA,New York,0
10693,927,2022-09-06,401.45,46,Male,CA,West,USA,Los Angeles,0
10694,221,2023-05-25,105.05,24,Female,CA,West,USA,Los Angeles,0
10695,414,2023-11-03,266.23,24,Other,TX,South,USA,Houston,0
10696,767,2023-03-15,527.01,49,Male,WA,West,USA,Seattle,0
10697,330,2024-04-10,491.27,46,Male,TX,South,USA,Houston,1
10698,771,2024-12-24,521.36,51,Other,FL,Southeast,USA,Miami,0
10699,393,2022-12-14,57.96,37,Male,FL,Southeast,USA,Miami,0
10700,511,2023-07-17,250.64,69,Female,CA,West,USA,Los Angeles,1
10701,992,2024-07-12,433.28,46,Female,TX,South,USA,Houston,0
10702,743,2022-02-23,86.45,50,Male,NY,Northeast,USA,New York,0
10703,919,2023-09-19,410.0,31,Female,CA,West,USA,Los Angeles,0
10704,200,2023-01-16,188.12,68,Male,IL,Midwest,USA,Chicago,0
10705,835,2023-05-12,471.42,62,Other,TX,South,USA,Houston,0
10706,530,2023-06-13,227.5,65,Male,FL,Southeast,USA,Miami,0
10707,767,2023-11-08,140.59,49,Male,WA,West,USA,Seattle,0
10708,326,2024-12-19,514.38,29,Male,CA,West,USA,Los Angeles,1
10709,732,2023-12-09,380.82,39,Female,IL,Midwest,USA,Chicago,0
10710,992,2024-11-09,265.28,46,Female,TX,South,USA,Houston,0
10711,498,2024-05-14,538.61,37,Male,NY,Northeast,USA,New York,0
10712,425,2023-01-26,323.48,39,Male,NY,Northeast,USA,New York,0
10713,528,2023-06-13,315.51,25,Male,NY,Northeast,USA,New York,0
10714,206,2023-05-26,198.22,31,Female,MH,Maharashtra,India,Mumbai,0
10715,562,2024-09-15,469.29,20,Female,NY,Northeast,USA,New York,0
10716,197,2022-06-03,296.79,35,Female,CA,West,USA,Los Angeles,0
10717,692,2024-11-17,352.36,59,Male,FL,Southeast,USA,Miami,1
10718,996,2024-06-26,524.99,50,Female,TX,South,USA,Houston,0
10719,763,2024-06-25,159.34,67,Male,TX,South,USA,Houston,0
10720,1000,2023-10-06,421.4,44,Female,TX,South,USA,Houston,1
10721,440,2023-08-08,431.71,38,Male,CA,West,USA,Los Angeles,0
10722,800,2024-04-20,45.99,41,Male,IL,Midwest,USA,Chicago,1
10723,562,2024-09-13,407.62,20,Female,NY,Northeast,USA,New York,0
10724,481,2022-08-24,416.89,32,Other,ENG,England,UK,London,0
10725,633,2024-02-15,305.56,40,Male,MH,Maharashtra,India,Mumbai,0
10726,666,2023-07-07,68.35,54,Female,NY,Northeast,USA,New York,0
10727,50,2024-12-10,54.52,58,Male,NY,Northeast,USA,New York,0
10728,702,2023-04-04,22.83,50,Female,BY,Bavaria,Germany,Munich,0
10729,527,2022-06-09,189.39,66,Female,ON,Ontario,Canada,Toronto,0
10730,131,2024-04-22,352.12,47,Female,TX,South,USA,Houston,1
10731,180,2023-07-07,306.72,44,Male,TX,South,USA,Houston,0
10732,144,2023-12-13,275.38,39,Male,CA,West,USA,Los Angeles,1
10733,823,2024-05-06,240.19,25,Male,TX,South,USA,Houston,0
10734,395,2024-11-14,384.86,55,Female,NY,Northeast,USA,New York,0
10735,432,2024-11-28,495.92,56,Male,FL,Southeast,USA,Miami,0
10736,375,2022-04-22,414.98,64,Female,BY,Bavaria,Germany,Munich,0
10737,727,2022-10-22,360.37,55,Female,IL,Midwest,USA,Chicago,0
10738,469,2024-12-08,171.63,27,Female,TX,South,USA,Houston,0
10739,991,2023-12-09,499.07,35,Male,NSW,NSW,Australia,Sydney,0
10740,303,2022-08-03,432.0,18,Female,CA,West,USA,Los Angeles,0
10741,952,2022-03-26,474.41,33,Female,IL,Midwest,USA,Chicago,0
10742,618,2023-02-27,332.14,31,Female,CA,West,USA,Los Angeles,0
10743,640,2024-04-10,193.94,67,Female,ON,Ontario,Canada,Toronto,0
10744,755,2022-08-20,231.56,46,Male,NSW,NSW,Australia,Sydney,0
10745,876,2023-06-06,180.63,44,Male,CA,West,USA,Los Angeles,0
10746,872,2024-09-19,203.79,28,Female,NY,Northeast,USA,New York,0
10747,894,2024-10-03,244.76,68,Male,CA,West,USA,Los Angeles,0
10748,410,2022-03-10,468.15,18,Male,ENG,England,UK,London,1
10749,780,2024-12-12,284.21,62,Female,FL,Southeast,USA,Miami,0
10750,293,2022-01-28,208.14,67,Male,CA,West,USA,Los Angeles,0
10751,491,2024-04-14,362.09,66,Female,CA,West,USA,Los Angeles,0
10752,151,2022-11-07,150.31,62,Male,NY,Northeast,USA,New York,0
10753,432,2023-03-02,15.17,56,Male,FL,Southeast,USA,Miami,0
10754,561,2023-04-05,389.71,45,Other,NSW,NSW,Australia,Sydney,0
10755,835,2024-12-07,193.65,62,Other,TX,South,USA,Houston,0
10756,39,2022-12-09,126.37,32,Male,ON,Ontario,Canada,Toronto,0
10757,599,2023-11-04,288.49,50,Female,CA,West,USA,Los Angeles,1
10758,858,2024-03-21,99.61,20,Female,TX,South,USA,Houston,0
10759,777,2022-04-11,146.21,40,Male,FL,Southeast,USA,Miami,1
10760,477,2024-04-07,292.35,62,Female,TX,South,USA,Houston,0
10761,410,2023-03-15,516.7,18,Male,ENG,England,UK,London,1
10762,610,2022-12-09,129.52,62,Male,CA,West,USA,Los Angeles,0
10763,704,2022-03-20,238.85,26,Female,CA,West,USA,Los Angeles,0
10764,401,2023-10-15,284.85,69,Female,FL,Southeast,USA,Miami,0
10765,546,2022-01-27,359.33,20,Male,CA,West,USA,Los Angeles,0
10766,4,2023-08-19,281.73,40,Female,TX,South,USA,Houston,0
10767,318,2024-02-11,413.69,55,Female,TX,South,USA,Houston,1
10768,789,2023-01-05,459.47,46,Female,CA,West,USA,Los Angeles,0
10769,415,2023-04-03,157.48,18,Other,CA,West,USA,Los Angeles,0
10770,474,2024-12-19,469.81,42,Female,NY,Northeast,USA,New York,0
10771,939,2023-09-01,147.06,42,Female,TX,South,USA,Houston,0
10772,407,2024-09-11,455.37,40,Female,TX,South,USA,Houston,0
10773,437,2024-05-01,360.6,47,Female,TX,South,USA,Houston,1
10774,759,2022-10-10,288.58,24,Female,CA,West,USA,Los Angeles,1
10775,846,2024-09-25,265.81,18,Female,CA,West,USA,Los Angeles,0
10776,348,2024-07-03,310.53,66,Female,FL,Southeast,USA,Miami,0
10777,176,2023-09-28,132.44,42,Male,BY,Bavaria,Germany,Munich,1
10778,648,2024-11-28,284.54,45,Female,MH,Maharashtra,India,Mumbai,0
10779,103,2023-12-25,326.66,59,Female,IL,Midwest,USA,Chicago,0
10780,726,2023-12-20,208.79,24,Female,NY,Northeast,USA,New York,1
10781,483,2023-07-05,208.93,31,Female,ENG,England,UK,London,0
10782,983,2022-01-03,180.24,46,Female,CA,West,USA,Los Angeles,0
10783,301,2024-04-26,460.06,36,Female,FL,Southeast,USA,Miami,0
10784,769,2023-03-11,210.28,25,Female,IL,Midwest,USA,Chicago,0
10785,4,2024-05-13,329.68,40,Female,TX,South,USA,Houston,0
10786,24,2024-05-03,544.75,66,Female,WA,West,USA,Seattle,0
10787,449,2024-09-02,27.72,45,Female,CA,West,USA,Los Angeles,0
10788,625,2024-07-16,131.88,49,Male,NY,Northeast,USA,New York,0
10789,167,2024-09-12,518.96,34,Female,ON,Ontario,Canada,Toronto,0
10790,617,2024-12-20,404.53,30,Male,NY,Northeast,USA,New York,0
10791,665,2024-01-24,217.8,49,Male,ENG,England,UK,London,0
10792,124,2023-01-02,57.23,42,Female,CA,West,USA,Los Angeles,0
10793,863,2024-09-28,293.25,24,Female,TX,South,USA,Houston,0
10794,751,2022-08-26,394.1,67,Male,TX,South,USA,Houston,0
10795,334,2022-07-17,217.22,61,Female,CA,West,USA,Los Angeles,0
10796,375,2023-11-11,448.96,64,Female,BY,Bavaria,Germany,Munich,0
10797,272,2023-03-05,161.48,19,Female,WA,West,USA,Seattle,1
10798,624,2022-08-07,252.63,39,Male,CA,West,USA,Los Angeles,0
10799,685,2023-12-20,57.44,26,Male,TX,South,USA,Houston,0
10800,269,2024-06-04,299.63,49,Male,CA,West,USA,Los Angeles,0
10801,547,2024-08-28,483.75,40,Male,TX,South,USA,Houston,0
10802,178,2024-01-05,94.73,26,Female,TX,South,USA,Houston,0
10803,412,2024-05-22,345.73,29,Female,CA,West,USA,Los Angeles,0
10804,396,2024-01-24,183.67,63,Female,CA,West,USA,Los Angeles,0
10805,379,2024-08-09,205.15,37,Female,TX,South,USA,Houston,0
10806,207,2022-08-14,14.21,57,Female,CA,West,USA,Los Angeles,0
10807,24,2024-12-17,303.71,66,Female,WA,West,USA,Seattle,0
10808,987,2022-09-23,492.81,50,Other,WA,West,USA,Seattle,0
10809,404,2022-01-02,81.96,68,Female,CA,West,USA,Los Angeles,0
10810,727,2023-11-07,132.27,55,Female,IL,Midwest,USA,Chicago,0
10811,862,2024-05-05,135.39,66,Male,CA,West,USA,Los Angeles,0
10812,38,2024-10-09,319.7,61,Male,IL,Midwest,USA,Chicago,0
10813,399,2022-04-19,103.05,32,Male,CA,West,USA,Los Angeles,0
10814,385,2024-10-12,533.47,19,Male,NY,Northeast,USA,New York,0
10815,635,2022-12-14,351.2,27,Other,TX,South,USA,Houston,0
10816,913,2023-02-13,335.38,37,Female,TX,South,USA,Houston,0
10817,677,2023-08-01,12.66,48,Female,TX,South,USA,Houston,0
10818,596,2023-08-03,255.02,59,Male,NY,Northeast,USA,New York,0
10819,228,2024-05-07,455.42,48,Male,ENG,England,UK,London,0
10820,485,2022-05-02,258.43,42,Male,FL,Southeast,USA,Miami,0
10821,742,2022-09-24,371.76,57,Male,CA,West,USA,Los Angeles,0
10822,537,2022-05-28,344.21,41,Male,NSW,NSW,Australia,Sydney,0
10823,609,2024-01-14,521.29,68,Other,NY,Northeast,USA,New York,0
10824,304,2024-10-19,212.41,64,Female,IL,Midwest,USA,Chicago,0
10825,468,2024-08-02,464.16,48,Male,ON,Ontario,Canada,Toronto,0
10826,389,2024-04-02,154.12,64,Male,ENG,England,UK,London,0
10827,495,2024-12-17,317.17,33,Female,TX,South,USA,Houston,0
10828,198,2023-12-22,331.56,24,Female,WA,West,USA,Seattle,1
10829,648,2022-12-27,226.93,45,Female,MH,Maharashtra,India,Mumbai,0
10830,711,2023-07-11,63.77,53,Female,MH,Maharashtra,India,Mumbai,0
10831,760,2023-04-12,236.12,55,Other,TX,South,USA,Houston,0
10832,237,2023-03-23,112.91,52,Male,ENG,England,UK,London,0
10833,420,2023-12-04,263.71,44,Female,NSW,NSW,Australia,Sydney,0
10834,425,2023-11-27,21.31,39,Male,NY,Northeast,USA,New York,0
10835,881,2023-10-09,261.69,22,Male,ON,Ontario,Canada,Toronto,0
10836,927,2023-07-01,206.58,46,Male,CA,West,USA,Los Angeles,0
10837,479,2022-06-23,16.62,52,Female,IL,Midwest,USA,Chicago,0
10838,406,2024-09-28,352.97,44,Female,TX,South,USA,Houston,0
10839,22,2024-01-14,182.98,37,Male,TX,South,USA,Houston,0
10840,338,2022-07-05,295.36,34,Other,TX,South,USA,Houston,0
10841,71,2022-09-05,444.1,59,Male,TX,South,USA,Houston,0
10842,423,2022-10-09,433.56,57,Female,TX,South,USA,Houston,0
10843,387,2022-07-15,256.75,21,Male,CA,West,USA,Los Angeles,0
10844,250,2022-10-18,240.92,20,Female,TX,South,USA,Houston,0
10845,977,2022-02-20,271.32,22,Male,CA,West,USA,Los Angeles,0
10846,733,2024-04-21,225.41,65,Male,CA,West,USA,Los Angeles,0
10847,643,2024-03-07,173.15,62,Female,WA,West,USA,Seattle,0
10848,679,2024-05-05,97.71,45,Male,NY,Northeast,USA,New York,0
10849,346,2024-05-27,513.4,31,Female,FL,Southeast,USA,Miami,0
10850,253,2024-06-04,45.03,27,Male,ENG,England,UK,London,0
10851,851,2024-07-15,200.6,68,Female,CA,West,USA,Los Angeles,0
10852,421,2024-06-09,102.54,66,Male,TX,South,USA,Houston,1
10853,714,2024-07-21,44.42,57,Male,TX,South,USA,Houston,0
10854,532,2024-10-10,106.01,26,Female,TX,South,USA,Houston,0
10855,21,2024-03-03,261.43,44,Female,NY,Northeast,USA,New York,0
10856,868,2023-05-09,300.92,61,Male,TX,South,USA,Houston,0
10857,20,2022-01-03,448.24,41,Female,CA,West,USA,Los Angeles,0
10858,336,2022-01-05,345.08,60,Female,CA,West,USA,Los Angeles,0
10859,753,2023-08-14,427.14,22,Male,NY,Northeast,USA,New York,0
10860,579,2022-11-28,281.12,64,Female,NY,Northeast,USA,New York,0
10861,825,2022-05-06,108.62,50,Male,NY,Northeast,USA,New York,0
10862,940,2022-06-23,426.43,44,Other,WA,West,USA,Seattle,0
10863,711,2023-03-15,257.06,53,Female,MH,Maharashtra,India,Mumbai,0
10864,262,2024-03-28,434.46,26,Male,CA,West,USA,Los Angeles,0
10865,4,2023-11-15,13.9,40,Female,TX,South,USA,Houston,0
10866,729,2023-08-03,242.06,43,Female,CA,West,USA,Los Angeles,0
10867,319,2023-09-12,186.61,66,Female,TX,South,USA,Houston,0
10868,656,2023-11-03,164.97,45,Male,ENG,England,UK,London,0
10869,511,2024-08-07,381.56,69,Female,CA,West,USA,Los Angeles,1
10870,150,2024-03-16,463.71,21,Male,ON,Ontario,Canada,Toronto,0
10871,365,2022-10-26,433.34,24,Male,FL,Southeast,USA,Miami,0
10872,985,2023-10-18,426.5,48,Female,ON,Ontario,Canada,Toronto,0
10873,322,2022-06-11,407.71,23,Female,TX,South,USA,Houston,0
10874,783,2024-08-18,469.49,24,Male,NY,Northeast,USA,New York,0
10875,698,2024-07-07,391.83,48,Female,TX,South,USA,Houston,1
10876,429,2024-05-03,428.24,19,Female,CA,West,USA,Los Angeles,1
10877,760,2022-09-21,118.37,55,Other,TX,South,USA,Houston,0
10878,560,2024-04-24,536.54,62,Female,CA,West,USA,Los Angeles,0
10879,623,2024-05-18,287.33,26,Female,NY,Northeast,USA,New York,0
10880,361,2024-06-14,155.4,61,Female,FL,Southeast,USA,Miami,0
10881,942,2023-08-13,246.69,39,Male,CA,West,USA,Los Angeles,0
10882,262,2023-11-11,438.2,26,Male,CA,West,USA,Los Angeles,0
10883,537,2022-08-28,349.32,41,Male,NSW,NSW,Australia,Sydney,0
10884,897,2022-10-15,84.78,44,Female,NY,Northeast,USA,New York,0
10885,711,2024-05-25,251.93,53,Female,MH,Maharashtra,India,Mumbai,0
10886,586,2023-08-02,402.82,66,Female,NY,Northeast,USA,New York,0
10887,81,2023-02-10,371.05,66,Female,ENG,England,UK,London,0
10888,370,2024-07-07,115.24,58,Male,ON,Ontario,Canada,Toronto,0
10889,449,2023-09-04,396.45,45,Female,CA,West,USA,Los Angeles,0
10890,852,2024-03-28,381.55,59,Female,ENG,England,UK,London,1
10891,855,2024-12-02,145.31,32,Female,TX,South,USA,Houston,0
10892,443,2024-06-16,180.0,24,Male,TX,South,USA,Houston,0
10893,356,2024-09-07,241.37,69,Female,MH,Maharashtra,India,Mumbai,0
10894,185,2022-07-03,340.13,43,Female,CA,West,USA,Los Angeles,0
10895,479,2022-10-28,476.21,52,Female,IL,Midwest,USA,Chicago,0
10896,153,2024-08-09,557.11,65,Female,NY,Northeast,USA,New York,0
10897,167,2022-02-10,347.73,34,Female,ON,Ontario,Canada,Toronto,0
10898,941,2023-12-06,224.82,53,Male,MH,Maharashtra,India,Mumbai,1
10899,539,2024-09-20,48.77,46,Male,FL,Southeast,USA,Miami,0
10900,383,2022-07-26,300.56,67,Female,TX,South,USA,Houston,0
10901,422,2022-09-10,246.05,54,Female,NY,Northeast,USA,New York,0
10902,396,2023-04-23,358.97,63,Female,CA,West,USA,Los Angeles,0
10903,841,2023-10-12,511.55,33,Male,CA,West,USA,Los Angeles,1
10904,538,2024-06-16,102.74,24,Male,CA,West,USA,Los Angeles,0
10905,645,2022-11-23,191.6,58,Male,NY,Northeast,USA,New York,0
10906,577,2023-04-27,309.85,66,Female,MH,Maharashtra,India,Mumbai,0
10907,564,2022-10-18,181.85,27,Female,CA,West,USA,Los Angeles,0
10908,433,2024-12-11,107.82,60,Male,WA,West,USA,Seattle,0
10909,769,2022-12-14,303.29,25,Female,IL,Midwest,USA,Chicago,0
10910,936,2022-10-25,29.3,66,Other,NSW,NSW,Australia,Sydney,0
10911,345,2024-09-10,218.12,65,Male,CA,West,USA,Los Angeles,0
10912,332,2023-07-14,515.82,37,Female,NSW,NSW,Australia,Sydney,0
10913,762,2024-02-22,273.64,46,Male,MH,Maharashtra,India,Mumbai,0
10914,114,2023-08-24,63.37,41,Other,NY,Northeast,USA,New York,0
10915,455,2023-08-13,443.93,49,Female,BY,Bavaria,Germany,Munich,0
10916,996,2023-01-26,103.59,50,Female,TX,South,USA,Houston,0
10917,698,2024-09-25,148.86,48,Female,TX,South,USA,Houston,1
10918,220,2023-03-13,510.49,64,Other,ON,Ontario,Canada,Toronto,0
10919,410,2023-08-08,413.19,18,Male,ENG,England,UK,London,1
10920,945,2023-07-05,177.8,24,Male,TX,South,USA,Houston,0
10921,528,2023-11-04,346.79,25,Male,NY,Northeast,USA,New York,0
10922,846,2024-04-06,278.89,18,Female,CA,West,USA,Los Angeles,0
10923,813,2024-03-02,501.0,53,Female,NY,Northeast,USA,New York,0
10924,778,2023-08-09,301.62,24,Male,CA,West,USA,Los Angeles,0
10925,648,2023-07-28,353.83,45,Female,MH,Maharashtra,India,Mumbai,0
10926,133,2023-03-07,88.06,22,Male,FL,Southeast,USA,Miami,1
10927,294,2024-08-11,148.33,35,Male,IL,Midwest,USA,Chicago,0
10928,35,2023-12-11,24.39,64,Male,CA,West,USA,Los Angeles,0
10929,436,2022-10-15,298.24,24,Male,CA,West,USA,Los Angeles,0
10930,171,2024-03-15,319.91,23,Male,NY,Northeast,USA,New York,1
10931,603,2024-04-17,180.13,56,Female,ON,Ontario,Canada,Toronto,0
10932,402,2023-08-03,131.17,58,Male,CA,West,USA,Los Angeles,0
10933,941,2023-09-09,245.91,53,Male,MH,Maharashtra,India,Mumbai,1
10934,793,2024-12-26,68.16,55,Female,FL,Southeast,USA,Miami,0
10935,226,2024-02-28,479.3,33,Male,CA,West,USA,Los Angeles,0
10936,393,2023-08-01,442.68,37,Male,FL,Southeast,USA,Miami,0
10937,417,2023-12-18,320.24,68,Male,IL,Midwest,USA,Chicago,0
10938,32,2023-02-04,478.88,29,Female,CA,West,USA,Los Angeles,0
10939,727,2023-12-15,329.24,55,Female,IL,Midwest,USA,Chicago,0
10940,72,2022-07-01,250.55,27,Female,FL,Southeast,USA,Miami,0
10941,820,2024-10-22,340.47,69,Female,BY,Bavaria,Germany,Munich,0
10942,461,2022-06-28,51.86,55,Female,FL,Southeast,USA,Miami,0
10943,455,2023-11-04,123.56,49,Female,BY,Bavaria,Germany,Munich,0
10944,29,2024-12-12,317.61,46,Female,CA,West,USA,Los Angeles,0
10945,628,2023-03-06,68.9,37,Female,NY,Northeast,USA,New York,0
10946,756,2023-10-06,431.1,40,Female,TX,South,USA,Houston,0
10947,413,2024-01-23,104.62,32,Female,BY,Bavaria,Germany,Munich,0
10948,246,2022-04-04,215.04,22,Female,FL,Southeast,USA,Miami,0
10949,999,2024-08-04,277.13,68,Male,ON,Ontario,Canada,Toronto,0
10950,488,2022-08-11,87.39,45,Male,IL,Midwest,USA,Chicago,1
10951,661,2023-06-09,136.38,27,Male,TX,South,USA,Houston,0
10952,793,2024-04-28,277.03,55,Female,FL,Southeast,USA,Miami,0
10953,590,2023-03-12,66.07,61,Female,TX,South,USA,Houston,0
10954,553,2023-04-16,107.81,61,Male,TX,South,USA,Houston,0
10955,685,2022-02-03,21.36,26,Male,TX,South,USA,Houston,0
10956,883,2024-04-10,289.14,41,Female,CA,West,USA,Los Angeles,0
10957,685,2022-11-06,412.92,26,Male,TX,South,USA,Houston,0
10958,848,2024-05-11,456.17,20,Male,ON,Ontario,Canada,Toronto,0
10959,281,2024-12-09,205.97,32,Male,CA,West,USA,Los Angeles,1
10960,174,2023-04-04,367.66,55,Female,CA,West,USA,Los Angeles,0
10961,101,2022-07-16,495.06,61,Female,BY,Bavaria,Germany,Munich,0
10962,23,2023-03-15,230.52,27,Male,ENG,England,UK,London,0
10963,446,2023-01-15,485.24,52,Male,BY,Bavaria,Germany,Munich,0
10964,865,2023-08-12,414.98,61,Female,IL,Midwest,USA,Chicago,0
10965,66,2024-05-15,108.25,34,Female,TX,South,USA,Houston,0
10966,656,2022-05-21,227.67,45,Male,ENG,England,UK,London,0
10967,801,2022-06-08,466.09,18,Male,NSW,NSW,Australia,Sydney,0
10968,919,2024-10-06,103.15,31,Female,CA,West,USA,Los Angeles,0
10969,811,2022-06-19,38.24,20,Male,MH,Maharashtra,India,Mumbai,0
10970,84,2023-02-04,149.42,61,Male,NY,Northeast,USA,New York,1
10971,152,2024-04-10,13.86,32,Female,NY,Northeast,USA,New York,0
10972,987,2024-08-17,80.95,50,Other,WA,West,USA,Seattle,0
10973,94,2022-12-17,218.87,38,Female,TX,South,USA,Houston,0
10974,985,2022-03-21,384.57,48,Female,ON,Ontario,Canada,Toronto,0
10975,944,2023-05-14,121.61,42,Male,TX,South,USA,Houston,0
10976,269,2024-07-14,477.49,49,Male,CA,West,USA,Los Angeles,0
10977,807,2023-12-02,523.71,46,Female,TX,South,USA,Houston,0
10978,59,2024-02-23,265.94,56,Female,FL,Southeast,USA,Miami,0
10979,128,2024-10-07,555.68,57,Male,CA,West,USA,Los Angeles,0
10980,373,2024-10-24,328.3,39,Other,MH,Maharashtra,India,Mumbai,0
10981,228,2023-05-19,41.88,48,Male,ENG,England,UK,London,0
10982,435,2022-10-26,64.18,40,Female,IL,Midwest,USA,Chicago,0
10983,271,2023-08-25,277.02,33,Male,FL,Southeast,USA,Miami,0
10984,269,2022-03-11,461.69,49,Male,CA,West,USA,Los Angeles,0
10985,356,2023-05-12,61.75,69,Female,MH,Maharashtra,India,Mumbai,0
10986,55,2024-05-26,324.96,43,Male,NY,Northeast,USA,New York,0
10987,693,2023-05-25,431.83,66,Female,IL,Midwest,USA,Chicago,0
10988,867,2022-10-20,491.72,60,Male,NY,Northeast,USA,New York,1
10989,401,2023-09-26,482.22,69,Female,FL,Southeast,USA,Miami,0
10990,212,2024-11-18,69.4,55,Female,NY,Northeast,USA,New York,0
10991,903,2022-07-01,47.63,29,Other,WA,West,USA,Seattle,0
10992,874,2024-05-16,123.85,24,Female,NY,Northeast,USA,New York,0
10993,462,2024-01-11,164.8,25,Male,TX,South,USA,Houston,1
10994,259,2023-10-01,460.3,27,Male,BY,Bavaria,Germany,Munich,0
10995,749,2024-02-16,365.29,34,Female,NY,Northeast,USA,New York,0
10996,850,2023-05-16,499.99,49,Male,CA,West,USA,Los Angeles,1
10997,33,2023-09-21,228.15,22,Male,FL,Southeast,USA,Miami,0
10998,283,2023-10-22,223.62,52,Female,NY,Northeast,USA,New York,0
10999,863,2022-01-10,147.01,24,Female,TX,South,USA,Houston,0
11000,101,2024-08-28,251.31,61,Female,BY,Bavaria,Germany,Munich,0
11001,248,2024-03-13,445.26,39,Male,TX,South,USA,Houston,0
11002,823,2023-10-13,372.47,25,Male,TX,South,USA,Houston,0
11003,815,2023-10-06,420.79,58,Male,NY,Northeast,USA,New York,0
11004,278,2022-10-28,417.04,58,Male,TX,South,USA,Houston,0
11005,869,2022-01-12,12.1,41,Male,NY,Northeast,USA,New York,0
11006,309,2024-08-05,141.42,34,Female,TX,South,USA,Houston,0
11007,208,2022-04-24,330.58,68,Female,TX,South,USA,Houston,0
11008,408,2024-07-27,256.08,25,Male,CA,West,USA,Los Angeles,0
11009,596,2023-12-06,71.6,59,Male,NY,Northeast,USA,New York,0
11010,606,2024-02-17,46.76,45,Female,IL,Midwest,USA,Chicago,0
11011,261,2023-08-26,500.58,59,Female,NY,Northeast,USA,New York,0
11012,637,2023-03-19,451.28,30,Female,NY,Northeast,USA,New York,1
11013,18,2024-07-13,186.29,24,Female,NSW,NSW,Australia,Sydney,1
11014,76,2023-07-17,342.65,42,Female,NY,Northeast,USA,New York,0
11015,250,2022-07-03,81.91,20,Female,TX,South,USA,Houston,0
11016,954,2024-09-28,85.27,40,Female,WA,West,USA,Seattle,0
11017,704,2023-12-15,183.89,26,Female,CA,West,USA,Los Angeles,0
11018,53,2022-11-02,147.81,36,Male,NY,Northeast,USA,New York,0
11019,70,2023-12-10,519.29,42,Female,TX,South,USA,Houston,1
11020,836,2024-03-12,24.57,58,Female,IL,Midwest,USA,Chicago,0
11021,506,2024-12-28,311.55,41,Male,ENG,England,UK,London,0
11022,716,2024-05-25,479.94,59,Female,CA,West,USA,Los Angeles,1
11023,311,2023-01-09,24.06,52,Male,NY,Northeast,USA,New York,0
11024,290,2022-06-05,281.33,42,Female,CA,West,USA,Los Angeles,0
11025,159,2023-04-02,207.97,44,Female,NY,Northeast,USA,New York,0
11026,598,2022-10-16,115.79,58,Female,TX,South,USA,Houston,0
11027,574,2024-02-13,140.37,20,Female,ENG,England,UK,London,0
11028,550,2022-08-15,409.08,53,Male,NY,Northeast,USA,New York,0
11029,934,2024-05-08,266.09,51,Male,NY,Northeast,USA,New York,0
11030,667,2024-03-23,36.38,44,Female,ENG,England,UK,London,1
11031,933,2024-11-15,235.56,31,Male,FL,Southeast,USA,Miami,0
11032,738,2022-07-26,410.19,35,Male,NY,Northeast,USA,New York,0
11033,132,2022-05-07,347.69,46,Female,ENG,England,UK,London,0
11034,515,2024-10-08,535.28,67,Male,TX,South,USA,Houston,0
11035,972,2024-11-17,435.47,39,Male,ENG,England,UK,London,0
11036,717,2023-06-20,99.39,44,Male,CA,West,USA,Los Angeles,0
11037,117,2024-03-09,47.87,19,Female,CA,West,USA,Los Angeles,0
11038,199,2024-12-16,265.05,35,Female,NSW,NSW,Australia,Sydney,0
11039,78,2023-05-15,241.63,29,Female,ON,Ontario,Canada,Toronto,0
11040,693,2024-03-19,311.78,66,Female,IL,Midwest,USA,Chicago,0
11041,438,2022-02-18,339.11,66,Male,FL,Southeast,USA,Miami,0
11042,428,2024-02-06,150.77,59,Female,IL,Midwest,USA,Chicago,1
11043,977,2022-12-04,494.28,22,Male,CA,West,USA,Los Angeles,0
11044,942,2023-12-08,267.58,39,Male,CA,West,USA,Los Angeles,0
11045,95,2022-07-04,360.33,64,Male,ON,Ontario,Canada,Toronto,0
11046,856,2024-09-16,235.33,62,Male,WA,West,USA,Seattle,0
11047,936,2024-11-15,386.81,66,Other,NSW,NSW,Australia,Sydney,0
11048,2,2023-08-01,521.38,58,Female,NSW,NSW,Australia,Sydney,0
11049,914,2023-09-24,90.37,68,Female,TX,South,USA,Houston,0
11050,761,2023-12-21,237.02,27,Male,IL,Midwest,USA,Chicago,0
11051,283,2022-03-14,351.54,52,Female,NY,Northeast,USA,New York,0
11052,603,2024-03-05,481.44,56,Female,ON,Ontario,Canada,Toronto,0
11053,42,2022-10-05,322.22,57,Female,NY,Northeast,USA,New York,0
11054,715,2024-09-27,138.13,65,Male,BY,Bavaria,Germany,Munich,1
11055,345,2024-03-07,365.26,65,Male,CA,West,USA,Los Angeles,0
11056,259,2022-05-25,315.14,27,Male,BY,Bavaria,Germany,Munich,0
11057,794,2023-09-19,33.27,60,Male,NY,Northeast,USA,New York,0
11058,799,2024-07-18,344.26,34,Female,CA,West,USA,Los Angeles,0
11059,356,2024-11-24,303.48,69,Female,MH,Maharashtra,India,Mumbai,0
11060,141,2024-11-25,170.06,69,Female,WA,West,USA,Seattle,0
11061,741,2022-07-08,127.07,60,Female,NY,Northeast,USA,New York,0
11062,899,2022-09-28,386.26,21,Female,CA,West,USA,Los Angeles,0
11063,877,2024-09-04,46.83,46,Female,ENG,England,UK,London,1
11064,435,2023-02-22,158.37,40,Female,IL,Midwest,USA,Chicago,0
11065,519,2024-06-11,395.95,42,Male,FL,Southeast,USA,Miami,0
11066,107,2024-06-18,126.01,58,Female,NSW,NSW,Australia,Sydney,0
11067,327,2023-12-24,71.68,30,Female,TX,South,USA,Houston,0
11068,701,2022-11-13,491.62,45,Female,CA,West,USA,Los Angeles,0
11069,766,2023-01-03,304.39,58,Female,CA,West,USA,Los Angeles,0
11070,387,2024-11-23,158.7,21,Male,CA,West,USA,Los Angeles,0
11071,922,2023-08-04,90.57,47,Female,CA,West,USA,Los Angeles,0
11072,255,2022-01-20,13.48,52,Female,NY,Northeast,USA,New York,1
11073,702,2024-06-13,422.66,50,Female,BY,Bavaria,Germany,Munich,0
11074,670,2024-11-14,207.39,24,Male,TX,South,USA,Houston,0
11075,595,2023-05-08,111.66,34,Female,BY,Bavaria,Germany,Munich,0
11076,334,2024-09-15,507.06,61,Female,CA,West,USA,Los Angeles,0
11077,711,2023-08-06,372.27,53,Female,MH,Maharashtra,India,Mumbai,0
11078,217,2024-08-07,455.95,22,Female,NY,Northeast,USA,New York,1
11079,830,2024-07-14,371.07,19,Male,TX,South,USA,Houston,0
11080,603,2023-07-23,486.74,56,Female,ON,Ontario,Canada,Toronto,0
11081,411,2023-12-15,189.51,27,Female,CA,West,USA,Los Angeles,0
11082,351,2023-06-25,91.84,45,Male,NY,Northeast,USA,New York,0
11083,126,2024-03-08,14.86,47,Male,IL,Midwest,USA,Chicago,0
11084,53,2024-06-01,29.76,36,Male,NY,Northeast,USA,New York,0
11085,314,2023-10-09,454.09,32,Female,NY,Northeast,USA,New York,0
11086,227,2024-07-04,348.63,60,Male,NY,Northeast,USA,New York,0
11087,688,2023-10-15,34.26,48,Other,FL,Southeast,USA,Miami,1
11088,451,2024-04-28,69.77,67,Female,NSW,NSW,Australia,Sydney,0
11089,154,2024-08-14,393.45,33,Male,CA,West,USA,Los Angeles,0
11090,575,2023-11-05,210.51,18,Female,NY,Northeast,USA,New York,0
11091,636,2022-07-17,389.46,53,Male,TX,South,USA,Houston,1
11092,487,2024-09-21,525.18,35,Male,NY,Northeast,USA,New York,0
11093,654,2024-09-25,426.09,59,Male,WA,West,USA,Seattle,0
11094,919,2022-10-14,98.97,31,Female,CA,West,USA,Los Angeles,0
11095,598,2024-05-12,367.74,58,Female,TX,South,USA,Houston,0
11096,342,2023-08-15,319.82,33,Female,FL,Southeast,USA,Miami,0
11097,627,2023-06-06,451.01,35,Female,NY,Northeast,USA,New York,0
11098,868,2024-06-04,121.12,61,Male,TX,South,USA,Houston,0
11099,642,2023-07-22,384.01,65,Female,TX,South,USA,Houston,0
11100,479,2024-06-04,340.36,52,Female,IL,Midwest,USA,Chicago,0
11101,116,2024-01-20,273.29,47,Female,CA,West,USA,Los Angeles,1
11102,682,2022-10-17,152.63,25,Male,NSW,NSW,Australia,Sydney,0
11103,784,2023-08-14,24.12,24,Female,IL,Midwest,USA,Chicago,0
11104,541,2022-03-11,404.74,54,Male,NY,Northeast,USA,New York,0
11105,632,2022-04-28,62.64,35,Female,WA,West,USA,Seattle,0
11106,109,2024-08-23,218.3,42,Female,TX,South,USA,Houston,0
11107,967,2022-07-05,253.12,49,Male,ON,Ontario,Canada,Toronto,0
11108,423,2024-10-28,192.15,57,Female,TX,South,USA,Houston,0
11109,883,2023-07-04,354.68,41,Female,CA,West,USA,Los Angeles,0
11110,676,2023-11-23,181.22,55,Female,FL,Southeast,USA,Miami,1
11111,721,2024-02-12,294.55,25,Male,NY,Northeast,USA,New York,0
11112,277,2023-08-12,60.04,42,Female,IL,Midwest,USA,Chicago,0
11113,263,2024-06-15,249.65,33,Male,CA,West,USA,Los Angeles,0
11114,331,2024-05-14,331.15,46,Female,TX,South,USA,Houston,0
11115,270,2024-12-04,484.17,48,Female,ON,Ontario,Canada,Toronto,0
11116,702,2022-11-05,98.98,50,Female,BY,Bavaria,Germany,Munich,0
11117,154,2022-03-21,175.93,33,Male,CA,West,USA,Los Angeles,0
11118,734,2024-01-20,153.5,58,Female,NSW,NSW,Australia,Sydney,0
11119,148,2022-11-12,84.81,30,Female,WA,West,USA,Seattle,0
11120,537,2024-03-13,222.83,41,Male,NSW,NSW,Australia,Sydney,0
11121,293,2024-12-11,509.7,67,Male,CA,West,USA,Los Angeles,0
11122,737,2023-04-25,204.3,55,Male,CA,West,USA,Los Angeles,1
11123,287,2024-06-02,160.56,26,Female,NY,Northeast,USA,New York,0
11124,842,2024-01-19,536.97,52,Female,CA,West,USA,Los Angeles,0
11125,875,2022-07-09,360.58,54,Other,NY,Northeast,USA,New York,0
11126,509,2024-03-05,214.08,31,Female,CA,West,USA,Los Angeles,0
11127,24,2024-06-05,422.43,66,Female,WA,West,USA,Seattle,0
11128,696,2023-12-12,342.26,31,Male,ON,Ontario,Canada,Toronto,0
11129,684,2024-04-05,480.34,67,Male,CA,West,USA,Los Angeles,1
11130,13,2023-09-19,68.26,56,Male,FL,Southeast,USA,Miami,0
11131,564,2022-03-10,274.53,27,Female,CA,West,USA,Los Angeles,0
11132,30,2024-08-25,396.53,41,Male,NY,Northeast,USA,New York,0
11133,248,2024-05-05,558.72,39,Male,TX,South,USA,Houston,0
11134,603,2022-09-10,304.85,56,Female,ON,Ontario,Canada,Toronto,0
11135,464,2024-10-11,88.41,39,Male,CA,West,USA,Los Angeles,0
11136,636,2022-11-19,486.05,53,Male,TX,South,USA,Houston,1
11137,416,2022-12-09,234.8,53,Other,CA,West,USA,Los Angeles,1
11138,294,2023-04-05,264.17,35,Male,IL,Midwest,USA,Chicago,0
11139,70,2024-02-12,150.13,42,Female,TX,South,USA,Houston,1
11140,618,2022-01-26,408.68,31,Female,CA,West,USA,Los Angeles,0
11141,542,2022-10-23,269.36,20,Female,WA,West,USA,Seattle,0
11142,102,2024-03-17,545.68,28,Female,CA,West,USA,Los Angeles,0
11143,116,2023-11-28,280.18,47,Female,CA,West,USA,Los Angeles,1
11144,770,2022-12-22,98.47,37,Female,ENG,England,UK,London,0
11145,827,2022-03-22,387.45,53,Male,CA,West,USA,Los Angeles,0
11146,354,2024-04-12,92.26,40,Female,WA,West,USA,Seattle,1
11147,980,2024-07-14,166.7,47,Female,NSW,NSW,Australia,Sydney,0
11148,572,2024-06-27,526.79,39,Female,TX,South,USA,Houston,0
11149,548,2022-06-26,488.42,48,Female,TX,South,USA,Houston,0
11150,980,2023-04-21,414.0,47,Female,NSW,NSW,Australia,Sydney,0
11151,615,2024-11-03,124.75,53,Other,CA,West,USA,Los Angeles,0
11152,517,2023-09-05,395.95,63,Female,NY,Northeast,USA,New York,0
11153,124,2022-03-13,301.09,42,Female,CA,West,USA,Los Angeles,0
11154,527,2023-01-16,242.64,66,Female,ON,Ontario,Canada,Toronto,0
11155,328,2023-10-18,242.32,19,Male,TX,South,USA,Houston,0
11156,104,2022-01-08,231.99,18,Female,ON,Ontario,Canada,Toronto,0
11157,534,2024-11-22,188.11,32,Female,TX,South,USA,Houston,0
11158,45,2023-07-24,290.05,21,Male,TX,South,USA,Houston,0
11159,928,2024-12-06,31.25,33,Male,IL,Midwest,USA,Chicago,0
11160,923,2022-10-22,425.76,41,Female,WA,West,USA,Seattle,0
11161,724,2024-11-05,503.5,24,Female,CA,West,USA,Los Angeles,0
11162,867,2023-10-14,213.59,60,Male,NY,Northeast,USA,New York,1
11163,827,2024-08-25,531.77,53,Male,CA,West,USA,Los Angeles,0
11164,811,2023-03-09,413.73,20,Male,MH,Maharashtra,India,Mumbai,0
11165,126,2024-10-20,476.52,47,Male,IL,Midwest,USA,Chicago,0
11166,995,2023-08-24,473.53,45,Male,ENG,England,UK,London,0
11167,236,2024-07-14,197.97,55,Female,IL,Midwest,USA,Chicago,0
11168,97,2024-08-24,457.22,30,Female,CA,West,USA,Los Angeles,0
11169,879,2024-04-18,90.85,46,Female,CA,West,USA,Los Angeles,0
11170,766,2024-06-15,547.4,58,Female,CA,West,USA,Los Angeles,0
11171,600,2024-02-04,337.89,51,Male,NY,Northeast,USA,New York,0
11172,112,2024-06-21,392.15,58,Female,WA,West,USA,Seattle,0
11173,319,2022-07-09,160.14,66,Female,TX,South,USA,Houston,0
11174,635,2022-11-08,25.61,27,Other,TX,South,USA,Houston,0
11175,704,2023-07-26,95.31,26,Female,CA,West,USA,Los Angeles,0
11176,718,2024-12-10,89.17,43,Female,BY,Bavaria,Germany,Munich,1
11177,250,2023-12-11,240.4,20,Female,TX,South,USA,Houston,0
11178,694,2023-01-27,162.54,67,Other,CA,West,USA,Los Angeles,0
11179,111,2023-08-09,501.11,32,Female,NY,Northeast,USA,New York,1
11180,265,2022-05-21,422.35,69,Female,CA,West,USA,Los Angeles,0
11181,18,2022-11-15,274.53,24,Female,NSW,NSW,Australia,Sydney,1
11182,884,2022-07-03,427.67,26,Other,CA,West,USA,Los Angeles,0
11183,368,2022-02-17,296.69,34,Female,CA,West,USA,Los Angeles,0
11184,567,2024-04-13,516.11,29,Male,TX,South,USA,Houston,0
11185,11,2023-09-21,397.63,45,Male,CA,West,USA,Los Angeles,0
11186,914,2022-02-12,370.24,68,Female,TX,South,USA,Houston,0
11187,400,2023-06-07,153.38,34,Female,CA,West,USA,Los Angeles,0
11188,445,2023-11-07,423.25,44,Male,ON,Ontario,Canada,Toronto,0
11189,359,2023-01-15,411.77,22,Male,NY,Northeast,USA,New York,0
11190,343,2023-09-28,52.64,50,Female,CA,West,USA,Los Angeles,0
11191,307,2022-09-13,38.37,33,Female,CA,West,USA,Los Angeles,0
11192,899,2024-05-04,494.83,21,Female,CA,West,USA,Los Angeles,0
11193,80,2022-02-24,489.64,52,Male,ENG,England,UK,London,0
11194,816,2022-02-09,306.27,61,Female,NY,Northeast,USA,New York,1
11195,256,2022-12-12,93.69,25,Male,FL,Southeast,USA,Miami,0
11196,87,2023-09-24,229.37,23,Male,NY,Northeast,USA,New York,0
11197,873,2022-06-04,20.31,23,Male,NY,Northeast,USA,New York,0
11198,439,2023-11-04,437.41,22,Female,NY,Northeast,USA,New York,0
11199,905,2023-02-06,64.18,41,Male,ON,Ontario,Canada,Toronto,0
11200,76,2022-02-11,174.22,42,Female,NY,Northeast,USA,New York,0
11201,73,2024-03-25,320.01,42,Female,FL,Southeast,USA,Miami,1
11202,871,2023-10-18,373.17,41,Male,TX,South,USA,Houston,0
11203,254,2022-06-22,454.47,35,Female,ON,Ontario,Canada,Toronto,0
11204,479,2023-09-10,229.69,52,Female,IL,Midwest,USA,Chicago,0
11205,165,2022-04-12,103.6,39,Male,BY,Bavaria,Germany,Munich,0
11206,262,2024-10-12,70.96,26,Male,CA,West,USA,Los Angeles,0
11207,578,2022-11-04,332.69,45,Female,CA,West,USA,Los Angeles,0
11208,71,2023-06-16,77.5,59,Male,TX,South,USA,Houston,0
11209,771,2024-03-10,372.44,51,Other,FL,Southeast,USA,Miami,0
11210,294,2022-09-27,233.56,35,Male,IL,Midwest,USA,Chicago,0
11211,910,2022-04-20,214.1,22,Female,BY,Bavaria,Germany,Munich,1
11212,365,2024-03-25,154.39,24,Male,FL,Southeast,USA,Miami,0
11213,722,2024-08-06,506.09,66,Male,TX,South,USA,Houston,0
11214,971,2023-07-04,382.59,33,Female,TX,South,USA,Houston,0
11215,655,2024-10-13,299.14,46,Female,FL,Southeast,USA,Miami,0
11216,991,2022-05-16,217.65,35,Male,NSW,NSW,Australia,Sydney,0
11217,716,2024-04-16,209.01,59,Female,CA,West,USA,Los Angeles,1
11218,463,2023-09-19,217.93,56,Male,FL,Southeast,USA,Miami,0
11219,984,2024-09-24,479.68,51,Male,NY,Northeast,USA,New York,0
11220,914,2022-06-10,216.49,68,Female,TX,South,USA,Houston,0
11221,933,2023-06-09,12.89,31,Male,FL,Southeast,USA,Miami,0
11222,799,2023-02-08,490.13,34,Female,CA,West,USA,Los Angeles,0
11223,98,2024-07-11,336.56,53,Female,CA,West,USA,Los Angeles,0
11224,770,2024-12-17,102.12,37,Female,ENG,England,UK,London,0
11225,228,2024-02-23,80.67,48,Male,ENG,England,UK,London,0
11226,269,2024-08-12,217.87,49,Male,CA,West,USA,Los Angeles,0
11227,780,2023-01-12,328.59,62,Female,FL,Southeast,USA,Miami,0
11228,743,2024-05-26,526.62,50,Male,NY,Northeast,USA,New York,0
11229,75,2022-10-10,36.68,53,Female,CA,West,USA,Los Angeles,0
11230,992,2024-08-05,204.8,46,Female,TX,South,USA,Houston,0
11231,689,2024-02-10,152.34,41,Male,NY,Northeast,USA,New York,0
11232,840,2023-07-02,229.37,65,Male,CA,West,USA,Los Angeles,0
11233,904,2023-02-11,422.01,63,Male,ENG,England,UK,London,0
11234,543,2024-06-26,98.21,28,Female,FL,Southeast,USA,Miami,0
11235,333,2024-10-23,524.31,34,Male,TX,South,USA,Houston,0
11236,1,2024-04-26,151.93,22,Female,IL,Midwest,USA,Chicago,0
11237,721,2023-07-09,401.56,25,Male,NY,Northeast,USA,New York,0
11238,377,2023-07-12,342.74,56,Male,NY,Northeast,USA,New York,0
11239,420,2024-11-24,311.82,44,Female,NSW,NSW,Australia,Sydney,0
11240,655,2024-02-22,474.32,46,Female,FL,Southeast,USA,Miami,0
11241,416,2023-08-06,325.96,53,Other,CA,West,USA,Los Angeles,1
11242,139,2024-01-24,440.62,36,Female,NY,Northeast,USA,New York,0
11243,871,2024-02-03,334.53,41,Male,TX,South,USA,Houston,0
11244,406,2024-04-08,406.59,44,Female,TX,South,USA,Houston,0
11245,720,2023-10-15,35.27,49,Male,NY,Northeast,USA,New York,0
11246,711,2024-01-19,365.24,53,Female,MH,Maharashtra,India,Mumbai,0
11247,250,2024-12-23,499.08,20,Female,TX,South,USA,Houston,0
11248,892,2023-06-21,348.39,54,Female,WA,West,USA,Seattle,0
11249,989,2022-11-08,410.88,30,Female,CA,West,USA,Los Angeles,0
11250,702,2024-04-11,555.05,50,Female,BY,Bavaria,Germany,Munich,0
11251,851,2024-05-21,96.95,68,Female,CA,West,USA,Los Angeles,0
11252,611,2023-10-27,368.52,61,Male,TX,South,USA,Houston,0
11253,309,2024-06-25,503.61,34,Female,TX,South,USA,Houston,0
11254,226,2022-07-28,24.09,33,Male,CA,West,USA,Los Angeles,0
11255,943,2023-11-19,100.8,65,Male,CA,West,USA,Los Angeles,1
11256,671,2024-09-14,148.21,67,Male,TX,South,USA,Houston,0
11257,486,2024-11-22,494.3,30,Female,BY,Bavaria,Germany,Munich,0
11258,839,2023-02-03,518.17,18,Female,FL,Southeast,USA,Miami,0
11259,562,2022-08-27,457.62,20,Female,NY,Northeast,USA,New York,0
11260,438,2023-08-26,256.8,66,Male,FL,Southeast,USA,Miami,0
11261,60,2023-08-15,357.38,53,Female,ENG,England,UK,London,1
11262,890,2023-08-15,64.59,32,Male,CA,West,USA,Los Angeles,0
11263,72,2023-10-15,519.13,27,Female,FL,Southeast,USA,Miami,0
11264,339,2023-11-04,500.94,28,Male,WA,West,USA,Seattle,0
11265,603,2024-04-06,338.46,56,Female,ON,Ontario,Canada,Toronto,0
11266,633,2024-02-21,89.75,40,Male,MH,Maharashtra,India,Mumbai,0
11267,650,2024-02-01,531.16,62,Female,CA,West,USA,Los Angeles,0
11268,842,2023-03-20,475.87,52,Female,CA,West,USA,Los Angeles,0
11269,512,2023-09-09,525.16,56,Female,NY,Northeast,USA,New York,0
11270,888,2023-06-04,274.38,28,Male,CA,West,USA,Los Angeles,0
11271,583,2024-05-17,202.28,23,Female,IL,Midwest,USA,Chicago,0
11272,469,2023-12-08,206.5,27,Female,TX,South,USA,Houston,0
11273,386,2024-12-13,284.01,24,Male,NY,Northeast,USA,New York,0
11274,461,2023-07-25,484.44,55,Female,FL,Southeast,USA,Miami,0
11275,475,2024-07-20,81.82,50,Male,CA,West,USA,Los Angeles,1
11276,946,2023-04-28,347.44,24,Female,FL,Southeast,USA,Miami,0
11277,167,2023-07-12,485.94,34,Female,ON,Ontario,Canada,Toronto,0
11278,467,2024-06-12,161.45,26,Other,IL,Midwest,USA,Chicago,0
11279,125,2022-01-20,267.36,62,Other,NY,Northeast,USA,New York,0
11280,4,2024-10-04,447.2,40,Female,TX,South,USA,Houston,0
11281,455,2023-06-24,277.96,49,Female,BY,Bavaria,Germany,Munich,0
11282,485,2024-04-10,300.68,42,Male,FL,Southeast,USA,Miami,0
11283,294,2024-09-14,431.92,35,Male,IL,Midwest,USA,Chicago,0
11284,605,2022-06-15,90.71,60,Male,FL,Southeast,USA,Miami,1
11285,17,2024-05-02,403.55,44,Male,CA,West,USA,Los Angeles,0
11286,744,2024-04-09,512.72,32,Male,NY,Northeast,USA,New York,0
11287,417,2023-01-04,63.53,68,Male,IL,Midwest,USA,Chicago,0
11288,80,2023-07-18,41.87,52,Male,ENG,England,UK,London,0
11289,930,2022-06-20,52.87,48,Male,WA,West,USA,Seattle,0
11290,576,2024-01-01,414.79,37,Male,TX,South,USA,Houston,0
11291,473,2023-11-01,213.8,40,Male,IL,Midwest,USA,Chicago,0
11292,612,2024-11-23,266.11,42,Male,TX,South,USA,Houston,0
11293,552,2023-07-10,388.91,38,Male,CA,West,USA,Los Angeles,0
11294,680,2024-11-24,298.27,66,Male,NSW,NSW,Australia,Sydney,0
11295,727,2023-07-19,322.31,55,Female,IL,Midwest,USA,Chicago,0
11296,273,2024-03-22,478.03,25,Female,FL,Southeast,USA,Miami,0
11297,646,2022-07-11,231.12,35,Male,BY,Bavaria,Germany,Munich,0
11298,767,2023-05-09,464.98,49,Male,WA,West,USA,Seattle,0
11299,139,2022-07-21,266.37,36,Female,NY,Northeast,USA,New York,0
11300,790,2024-12-18,231.74,18,Female,NY,Northeast,USA,New York,0
11301,348,2023-05-16,146.19,66,Female,FL,Southeast,USA,Miami,0
11302,138,2024-04-11,411.99,19,Female,BY,Bavaria,Germany,Munich,0
11303,711,2022-02-18,314.75,53,Female,MH,Maharashtra,India,Mumbai,0
11304,773,2023-11-11,430.37,18,Male,WA,West,USA,Seattle,0
11305,555,2024-01-25,311.23,69,Male,NY,Northeast,USA,New York,1
11306,617,2022-12-20,434.75,30,Male,NY,Northeast,USA,New York,0
11307,454,2022-01-12,150.85,19,Male,MH,Maharashtra,India,Mumbai,0
11308,437,2023-10-24,390.02,47,Female,TX,South,USA,Houston,1
11309,327,2024-05-02,227.06,30,Female,TX,South,USA,Houston,0
11310,780,2024-04-24,73.72,62,Female,FL,Southeast,USA,Miami,0
11311,490,2022-03-12,268.87,49,Female,CA,West,USA,Los Angeles,0
11312,128,2024-02-07,138.16,57,Male,CA,West,USA,Los Angeles,0
11313,242,2024-01-24,45.08,48,Male,NY,Northeast,USA,New York,0
11314,358,2024-03-19,210.53,64,Female,NY,Northeast,USA,New York,0
11315,746,2023-08-03,518.33,36,Male,CA,West,USA,Los Angeles,0
11316,893,2024-08-08,501.88,45,Male,NY,Northeast,USA,New York,1
11317,167,2023-04-13,519.51,34,Female,ON,Ontario,Canada,Toronto,0
11318,144,2024-09-18,26.88,39,Male,CA,West,USA,Los Angeles,1
11319,521,2023-10-23,89.99,36,Female,IL,Midwest,USA,Chicago,1
11320,928,2024-12-11,140.22,33,Male,IL,Midwest,USA,Chicago,0
11321,289,2024-06-23,415.53,46,Female,ENG,England,UK,London,0
11322,630,2024-06-23,547.99,37,Other,CA,West,USA,Los Angeles,1
11323,723,2023-12-11,221.67,61,Female,TX,South,USA,Houston,0
11324,7,2024-12-27,331.47,22,Male,IL,Midwest,USA,Chicago,0
11325,365,2022-12-27,53.34,24,Male,FL,Southeast,USA,Miami,0
11326,156,2024-08-09,356.51,52,Male,TX,South,USA,Houston,1
11327,989,2023-08-16,478.06,30,Female,CA,West,USA,Los Angeles,0
11328,53,2024-12-25,372.99,36,Male,NY,Northeast,USA,New York,0
11329,132,2023-07-16,349.94,46,Female,ENG,England,UK,London,0
11330,773,2022-04-21,248.86,18,Male,WA,West,USA,Seattle,0
11331,159,2022-12-23,230.49,44,Female,NY,Northeast,USA,New York,0
11332,255,2022-11-16,191.21,52,Female,NY,Northeast,USA,New York,1
11333,555,2023-01-11,436.61,69,Male,NY,Northeast,USA,New York,1
11334,570,2024-02-15,365.02,47,Male,TX,South,USA,Houston,1
11335,998,2024-11-24,175.63,36,Female,CA,West,USA,Los Angeles,1
11336,851,2024-05-09,295.41,68,Female,CA,West,USA,Los Angeles,0
11337,838,2024-09-24,74.7,28,Female,NY,Northeast,USA,New York,0
11338,903,2023-02-06,34.37,29,Other,WA,West,USA,Seattle,0
11339,558,2023-03-13,81.38,63,Male,TX,South,USA,Houston,0
11340,841,2023-10-03,461.21,33,Male,CA,West,USA,Los Angeles,1
11341,708,2022-12-24,136.04,47,Female,TX,South,USA,Houston,0
11342,503,2024-07-20,539.75,68,Male,NSW,NSW,Australia,Sydney,0
11343,938,2024-01-04,196.85,25,Female,IL,Midwest,USA,Chicago,0
11344,143,2024-04-07,236.05,32,Male,TX,South,USA,Houston,0
11345,384,2024-04-15,456.85,30,Female,IL,Midwest,USA,Chicago,0
11346,348,2022-12-14,119.73,66,Female,FL,Southeast,USA,Miami,0
11347,543,2024-06-04,510.28,28,Female,FL,Southeast,USA,Miami,0
11348,335,2022-12-25,330.18,41,Female,CA,West,USA,Los Angeles,1
11349,425,2024-11-13,45.29,39,Male,NY,Northeast,USA,New York,0
11350,991,2023-07-19,507.47,35,Male,NSW,NSW,Australia,Sydney,0
11351,752,2023-01-22,159.92,25,Male,WA,West,USA,Seattle,0
11352,807,2023-12-05,131.08,46,Female,TX,South,USA,Houston,0
11353,352,2023-01-10,477.14,20,Male,BY,Bavaria,Germany,Munich,1
11354,323,2023-11-21,179.61,49,Male,TX,South,USA,Houston,0
11355,515,2022-06-22,364.11,67,Male,TX,South,USA,Houston,0
11356,413,2024-05-07,29.95,32,Female,BY,Bavaria,Germany,Munich,0
11357,652,2024-06-09,516.67,51,Female,CA,West,USA,Los Angeles,0
11358,272,2023-05-22,223.15,19,Female,WA,West,USA,Seattle,1
11359,142,2023-09-10,103.37,29,Female,CA,West,USA,Los Angeles,0
11360,404,2024-08-03,549.71,68,Female,CA,West,USA,Los Angeles,0
11361,821,2023-04-14,395.88,19,Female,CA,West,USA,Los Angeles,0
11362,81,2024-07-04,446.65,66,Female,ENG,England,UK,London,0
11363,84,2023-06-17,270.73,61,Male,NY,Northeast,USA,New York,1
11364,836,2023-12-27,368.2,58,Female,IL,Midwest,USA,Chicago,0
11365,381,2022-11-03,152.53,18,Male,TX,South,USA,Houston,0
11366,533,2022-08-08,263.87,26,Female,NY,Northeast,USA,New York,0
11367,766,2024-12-16,220.08,58,Female,CA,West,USA,Los Angeles,0
11368,606,2024-06-05,244.51,45,Female,IL,Midwest,USA,Chicago,0
11369,972,2022-02-15,12.1,39,Male,ENG,England,UK,London,0
11370,197,2024-01-07,456.19,35,Female,CA,West,USA,Los Angeles,0
11371,827,2023-11-18,123.8,53,Male,CA,West,USA,Los Angeles,0
11372,452,2023-06-11,256.57,66,Male,CA,West,USA,Los Angeles,0
11373,127,2024-11-26,372.83,22,Female,NY,Northeast,USA,New York,0
11374,463,2024-07-24,30.1,56,Male,FL,Southeast,USA,Miami,0
11375,502,2023-01-28,188.46,51,Female,TX,South,USA,Houston,0
11376,97,2023-07-05,147.63,30,Female,CA,West,USA,Los Angeles,0
11377,484,2022-08-27,75.1,59,Female,NY,Northeast,USA,New York,0
11378,31,2023-07-01,433.09,41,Female,NY,Northeast,USA,New York,0
11379,666,2024-11-07,308.45,54,Female,NY,Northeast,USA,New York,0
11380,618,2023-09-25,247.58,31,Female,CA,West,USA,Los Angeles,0
11381,123,2024-05-25,83.91,52,Other,ON,Ontario,Canada,Toronto,0
11382,572,2022-10-09,261.91,39,Female,TX,South,USA,Houston,0
11383,267,2023-05-24,149.48,41,Male,MH,Maharashtra,India,Mumbai,0
11384,646,2023-11-03,76.35,35,Male,BY,Bavaria,Germany,Munich,0
11385,237,2023-04-10,284.23,52,Male,ENG,England,UK,London,0
11386,897,2024-09-01,385.36,44,Female,NY,Northeast,USA,New York,0
11387,512,2024-06-15,42.36,56,Female,NY,Northeast,USA,New York,0
11388,999,2024-02-26,42.05,68,Male,ON,Ontario,Canada,Toronto,0
11389,80,2024-08-18,416.53,52,Male,ENG,England,UK,London,0
11390,840,2022-06-15,111.31,65,Male,CA,West,USA,Los Angeles,0
11391,57,2024-09-06,95.52,46,Male,BY,Bavaria,Germany,Munich,0
11392,24,2024-07-18,539.22,66,Female,WA,West,USA,Seattle,0
11393,169,2024-01-10,109.98,35,Male,CA,West,USA,Los Angeles,0
11394,307,2023-03-18,366.18,33,Female,CA,West,USA,Los Angeles,0
11395,898,2022-09-04,409.34,20,Female,CA,West,USA,Los Angeles,0
11396,778,2024-07-15,191.65,24,Male,CA,West,USA,Los Angeles,0
11397,76,2023-07-14,251.12,42,Female,NY,Northeast,USA,New York,0
11398,902,2023-01-22,298.43,20,Male,WA,West,USA,Seattle,0
11399,237,2023-05-26,114.78,52,Male,ENG,England,UK,London,0
11400,912,2023-09-26,164.34,27,Other,MH,Maharashtra,India,Mumbai,0
11401,203,2023-11-10,510.83,43,Male,NY,Northeast,USA,New York,0
11402,672,2024-08-18,161.33,49,Female,NY,Northeast,USA,New York,0
11403,627,2024-08-19,457.0,35,Female,NY,Northeast,USA,New York,0
11404,847,2023-07-24,288.55,26,Male,ENG,England,UK,London,0
11405,621,2022-09-23,326.41,40,Female,NY,Northeast,USA,New York,0
11406,161,2024-11-01,262.14,69,Male,CA,West,USA,Los Angeles,0
11407,997,2023-04-23,316.16,45,Female,FL,Southeast,USA,Miami,0
11408,393,2023-10-14,291.13,37,Male,FL,Southeast,USA,Miami,0
11409,944,2023-04-27,260.9,42,Male,TX,South,USA,Houston,0
11410,84,2023-01-17,427.6,61,Male,NY,Northeast,USA,New York,1
11411,906,2024-02-11,494.26,54,Male,NY,Northeast,USA,New York,0
11412,291,2022-01-06,135.22,59,Male,WA,West,USA,Seattle,0
11413,966,2024-04-27,85.76,48,Female,IL,Midwest,USA,Chicago,0
11414,777,2022-02-05,407.5,40,Male,FL,Southeast,USA,Miami,1
11415,975,2024-02-03,127.49,25,Female,NY,Northeast,USA,New York,0
11416,187,2024-03-04,486.59,26,Male,TX,South,USA,Houston,0
11417,738,2022-01-16,60.27,35,Male,NY,Northeast,USA,New York,0
11418,743,2023-05-08,57.87,50,Male,NY,Northeast,USA,New York,0
11419,901,2023-11-17,104.95,18,Male,FL,Southeast,USA,Miami,0
11420,769,2024-08-24,17.7,25,Female,IL,Midwest,USA,Chicago,0
11421,91,2024-01-09,421.5,40,Female,CA,West,USA,Los Angeles,0
11422,880,2023-06-01,216.88,50,Male,IL,Midwest,USA,Chicago,0
11423,272,2023-06-11,501.59,19,Female,WA,West,USA,Seattle,1
11424,968,2024-03-17,211.69,34,Male,FL,Southeast,USA,Miami,0
11425,772,2024-06-21,397.01,69,Male,FL,Southeast,USA,Miami,0
11426,748,2023-05-02,365.42,34,Male,FL,Southeast,USA,Miami,0
11427,642,2023-07-25,179.25,65,Female,TX,South,USA,Houston,0
11428,676,2023-09-17,474.24,55,Female,FL,Southeast,USA,Miami,1
11429,566,2024-07-14,229.55,30,Other,BY,Bavaria,Germany,Munich,0
11430,784,2024-02-08,313.8,24,Female,IL,Midwest,USA,Chicago,0
11431,922,2024-01-27,229.73,47,Female,CA,West,USA,Los Angeles,0
11432,190,2023-11-05,236.72,33,Female,NY,Northeast,USA,New York,1
11433,834,2024-09-13,41.21,25,Other,CA,West,USA,Los Angeles,0
11434,739,2023-09-14,171.72,56,Male,NY,Northeast,USA,New York,0
11435,584,2024-12-16,531.65,20,Female,CA,West,USA,Los Angeles,0
11436,910,2023-08-07,442.45,22,Female,BY,Bavaria,Germany,Munich,1
11437,937,2024-02-27,494.24,26,Male,FL,Southeast,USA,Miami,0
11438,454,2023-10-11,380.85,19,Male,MH,Maharashtra,India,Mumbai,0
11439,69,2024-03-20,369.7,21,Male,TX,South,USA,Houston,0
11440,23,2024-09-18,504.35,27,Male,ENG,England,UK,London,0
11441,615,2024-06-06,306.38,53,Other,CA,West,USA,Los Angeles,0
11442,337,2023-01-27,486.35,68,Female,CA,West,USA,Los Angeles,0
11443,225,2024-01-13,239.06,55,Male,TX,South,USA,Houston,0
11444,97,2022-06-18,302.83,30,Female,CA,West,USA,Los Angeles,0
11445,267,2022-08-19,241.12,41,Male,MH,Maharashtra,India,Mumbai,0
11446,627,2024-03-15,21.65,35,Female,NY,Northeast,USA,New York,0
11447,795,2024-02-18,120.39,40,Male,NY,Northeast,USA,New York,0
11448,835,2022-06-16,464.65,62,Other,TX,South,USA,Houston,0
11449,661,2024-11-21,339.44,27,Male,TX,South,USA,Houston,0
11450,92,2023-10-14,34.79,59,Male,CA,West,USA,Los Angeles,0
11451,702,2024-09-23,542.01,50,Female,BY,Bavaria,Germany,Munich,0
11452,428,2024-06-16,520.49,59,Female,IL,Midwest,USA,Chicago,1
11453,130,2024-06-28,401.94,51,Female,TX,South,USA,Houston,1
11454,673,2024-04-16,166.59,51,Male,TX,South,USA,Houston,0
11455,957,2024-03-17,173.08,38,Male,FL,Southeast,USA,Miami,0
11456,908,2024-01-14,486.05,27,Male,NY,Northeast,USA,New York,0
11457,782,2022-11-12,39.69,51,Male,CA,West,USA,Los Angeles,0
11458,221,2023-07-23,133.89,24,Female,CA,West,USA,Los Angeles,0
11459,497,2024-01-18,102.52,24,Female,NY,Northeast,USA,New York,0
11460,529,2022-07-11,361.0,65,Female,TX,South,USA,Houston,0
11461,413,2024-04-23,220.71,32,Female,BY,Bavaria,Germany,Munich,0
11462,18,2022-06-04,458.81,24,Female,NSW,NSW,Australia,Sydney,1
11463,571,2024-09-02,451.84,67,Female,ENG,England,UK,London,0
11464,391,2023-11-19,522.03,56,Male,NY,Northeast,USA,New York,0
11465,345,2024-09-13,175.29,65,Male,CA,West,USA,Los Angeles,0
11466,346,2024-12-23,271.84,31,Female,FL,Southeast,USA,Miami,0
11467,744,2023-04-19,353.31,32,Male,NY,Northeast,USA,New York,0
11468,178,2024-09-22,546.14,26,Female,TX,South,USA,Houston,0
11469,549,2022-11-08,178.88,44,Female,CA,West,USA,Los Angeles,1
11470,144,2024-05-08,190.57,39,Male,CA,West,USA,Los Angeles,1
11471,936,2024-11-08,355.17,66,Other,NSW,NSW,Australia,Sydney,0
11472,370,2023-12-19,356.15,58,Male,ON,Ontario,Canada,Toronto,0
11473,912,2022-09-19,102.58,27,Other,MH,Maharashtra,India,Mumbai,0
11474,62,2023-03-28,246.65,56,Male,FL,Southeast,USA,Miami,0
11475,728,2022-04-07,194.91,22,Female,CA,West,USA,Los Angeles,1
11476,907,2024-09-03,242.32,39,Other,FL,Southeast,USA,Miami,0
11477,154,2023-11-27,83.56,33,Male,CA,West,USA,Los Angeles,0
11478,954,2024-01-15,366.9,40,Female,WA,West,USA,Seattle,0
11479,945,2024-05-11,114.11,24,Male,TX,South,USA,Houston,0
11480,864,2024-04-09,25.15,58,Male,ENG,England,UK,London,0
11481,723,2024-06-25,283.4,61,Female,TX,South,USA,Houston,0
11482,4,2023-10-23,30.65,40,Female,TX,South,USA,Houston,0
11483,116,2024-07-05,376.75,47,Female,CA,West,USA,Los Angeles,1
11484,345,2024-07-10,337.38,65,Male,CA,West,USA,Los Angeles,0
11485,781,2024-08-25,322.22,63,Male,TX,South,USA,Houston,0
11486,437,2023-07-21,60.05,47,Female,TX,South,USA,Houston,1
11487,47,2022-09-23,70.69,41,Male,NY,Northeast,USA,New York,0
11488,330,2024-02-05,376.36,46,Male,TX,South,USA,Houston,1
11489,838,2024-01-17,28.88,28,Female,NY,Northeast,USA,New York,0
11490,801,2022-11-02,66.79,18,Male,NSW,NSW,Australia,Sydney,0
11491,823,2024-07-13,430.36,25,Male,TX,South,USA,Houston,0
11492,676,2022-05-03,91.81,55,Female,FL,Southeast,USA,Miami,1
11493,182,2023-07-08,268.09,25,Male,ON,Ontario,Canada,Toronto,0
11494,196,2023-09-08,61.76,22,Female,TX,South,USA,Houston,0
11495,990,2023-02-06,132.7,58,Female,FL,Southeast,USA,Miami,0
11496,87,2023-07-24,467.34,23,Male,NY,Northeast,USA,New York,0
11497,783,2023-02-11,401.81,24,Male,NY,Northeast,USA,New York,0
11498,600,2023-11-05,108.52,51,Male,NY,Northeast,USA,New York,0
11499,44,2023-08-28,122.04,36,Other,CA,West,USA,Los Angeles,0
11500,844,2023-11-01,256.68,19,Female,NY,Northeast,USA,New York,1
11501,905,2024-10-05,358.2,41,Male,ON,Ontario,Canada,Toronto,0
11502,635,2024-11-24,330.78,27,Other,TX,South,USA,Houston,0
11503,989,2024-05-13,167.42,30,Female,CA,West,USA,Los Angeles,0
11504,246,2023-03-11,502.34,22,Female,FL,Southeast,USA,Miami,0
11505,955,2022-11-09,419.22,58,Male,FL,Southeast,USA,Miami,0
11506,558,2024-11-17,368.81,63,Male,TX,South,USA,Houston,0
11507,664,2024-11-11,509.49,28,Male,TX,South,USA,Houston,0
11508,531,2024-12-03,172.55,49,Female,CA,West,USA,Los Angeles,0
11509,890,2024-08-27,175.71,32,Male,CA,West,USA,Los Angeles,0
11510,787,2024-07-26,180.79,19,Male,ENG,England,UK,London,0
11511,811,2024-11-05,99.23,20,Male,MH,Maharashtra,India,Mumbai,0
11512,426,2023-02-15,83.28,28,Male,CA,West,USA,Los Angeles,1
11513,936,2024-10-13,510.2,66,Other,NSW,NSW,Australia,Sydney,0
11514,722,2024-11-03,481.93,66,Male,TX,South,USA,Houston,0
11515,348,2024-08-12,312.44,66,Female,FL,Southeast,USA,Miami,0
11516,260,2023-06-18,353.72,48,Female,BY,Bavaria,Germany,Munich,0
11517,800,2023-09-03,134.48,41,Male,IL,Midwest,USA,Chicago,1
11518,24,2023-12-11,22.48,66,Female,WA,West,USA,Seattle,0
11519,893,2023-03-08,239.96,45,Male,NY,Northeast,USA,New York,1
11520,770,2024-05-10,378.64,37,Female,ENG,England,UK,London,0
11521,572,2024-09-18,384.31,39,Female,TX,South,USA,Houston,0
11522,987,2023-11-12,324.46,50,Other,WA,West,USA,Seattle,0
11523,268,2024-09-22,519.04,36,Male,CA,West,USA,Los Angeles,0
11524,987,2023-08-15,119.32,50,Other,WA,West,USA,Seattle,0
11525,134,2023-02-20,147.53,47,Male,IL,Midwest,USA,Chicago,0
11526,752,2023-06-18,51.96,25,Male,WA,West,USA,Seattle,0
11527,201,2023-11-23,496.98,37,Male,BY,Bavaria,Germany,Munich,0
11528,668,2024-05-05,260.72,62,Female,TX,South,USA,Houston,0
11529,352,2024-06-28,231.64,20,Male,BY,Bavaria,Germany,Munich,1
11530,375,2024-05-22,552.12,64,Female,BY,Bavaria,Germany,Munich,0
11531,260,2023-05-06,232.77,48,Female,BY,Bavaria,Germany,Munich,0
11532,925,2024-06-01,194.96,30,Male,BY,Bavaria,Germany,Munich,0
11533,563,2023-10-01,118.99,43,Male,TX,South,USA,Houston,0
11534,481,2023-07-20,239.08,32,Other,ENG,England,UK,London,0
11535,270,2024-08-12,387.49,48,Female,ON,Ontario,Canada,Toronto,0
11536,728,2024-06-06,512.86,22,Female,CA,West,USA,Los Angeles,1
11537,247,2024-11-09,116.16,57,Male,IL,Midwest,USA,Chicago,0
11538,567,2023-03-13,370.2,29,Male,TX,South,USA,Houston,0
11539,365,2024-02-02,14.84,24,Male,FL,Southeast,USA,Miami,0
11540,897,2023-06-16,426.58,44,Female,NY,Northeast,USA,New York,0
11541,307,2023-12-02,156.11,33,Female,CA,West,USA,Los Angeles,0
11542,690,2024-09-19,32.72,58,Female,BY,Bavaria,Germany,Munich,0
11543,182,2024-08-02,227.56,25,Male,ON,Ontario,Canada,Toronto,0
11544,307,2024-06-23,501.01,33,Female,CA,West,USA,Los Angeles,0
11545,519,2024-05-08,138.98,42,Male,FL,Southeast,USA,Miami,0
11546,916,2023-12-15,159.82,41,Female,CA,West,USA,Los Angeles,0
11547,407,2024-06-11,103.27,40,Female,TX,South,USA,Houston,0
11548,177,2024-10-25,549.91,55,Female,IL,Midwest,USA,Chicago,1
11549,892,2023-11-23,235.34,54,Female,WA,West,USA,Seattle,0
11550,213,2022-09-27,474.43,59,Female,MH,Maharashtra,India,Mumbai,0
11551,222,2023-04-21,58.32,41,Male,NY,Northeast,USA,New York,0
11552,360,2024-05-28,257.4,56,Female,NY,Northeast,USA,New York,0
11553,818,2024-01-07,271.5,23,Male,WA,West,USA,Seattle,1
11554,368,2024-12-09,151.65,34,Female,CA,West,USA,Los Angeles,0
11555,958,2023-11-23,268.91,51,Male,CA,West,USA,Los Angeles,0
11556,824,2022-06-01,181.77,51,Female,CA,West,USA,Los Angeles,0
11557,832,2023-11-06,138.67,30,Female,NY,Northeast,USA,New York,0
11558,438,2023-03-21,200.34,66,Male,FL,Southeast,USA,Miami,0
11559,832,2022-01-12,321.24,30,Female,NY,Northeast,USA,New York,0
11560,874,2022-03-08,239.4,24,Female,NY,Northeast,USA,New York,0
11561,399,2022-11-09,210.54,32,Male,CA,West,USA,Los Angeles,0
11562,332,2022-03-22,428.25,37,Female,NSW,NSW,Australia,Sydney,0
11563,108,2024-01-14,365.13,52,Male,NY,Northeast,USA,New York,0
11564,387,2023-03-01,341.44,21,Male,CA,West,USA,Los Angeles,0
11565,478,2023-06-15,126.07,18,Male,NSW,NSW,Australia,Sydney,0
11566,763,2024-07-22,422.83,67,Male,TX,South,USA,Houston,0
11567,556,2024-04-05,31.44,44,Female,TX,South,USA,Houston,0
11568,248,2024-11-02,128.42,39,Male,TX,South,USA,Houston,0
11569,298,2024-12-18,237.75,40,Male,NY,Northeast,USA,New York,0
11570,124,2024-05-25,499.18,42,Female,CA,West,USA,Los Angeles,0
11571,219,2024-12-02,26.59,41,Female,IL,Midwest,USA,Chicago,0
11572,139,2024-11-19,255.34,36,Female,NY,Northeast,USA,New York,0
11573,773,2023-11-22,72.83,18,Male,WA,West,USA,Seattle,0
11574,233,2024-01-05,137.45,19,Male,IL,Midwest,USA,Chicago,0
11575,52,2023-11-08,221.14,28,Male,TX,South,USA,Houston,0
11576,601,2023-08-15,61.75,50,Male,IL,Midwest,USA,Chicago,0
11577,555,2023-01-18,441.44,69,Male,NY,Northeast,USA,New York,1
11578,41,2023-10-15,53.67,26,Other,ON,Ontario,Canada,Toronto,0
11579,690,2023-04-06,314.63,58,Female,BY,Bavaria,Germany,Munich,0
11580,664,2024-11-25,100.8,28,Male,TX,South,USA,Houston,0
11581,963,2023-08-12,65.93,61,Male,CA,West,USA,Los Angeles,0
11582,766,2022-07-15,236.73,58,Female,CA,West,USA,Los Angeles,0
11583,800,2023-01-16,190.01,41,Male,IL,Midwest,USA,Chicago,1
11584,748,2023-11-16,34.08,34,Male,FL,Southeast,USA,Miami,0
11585,650,2024-03-09,46.82,62,Female,CA,West,USA,Los Angeles,0
11586,633,2023-11-09,166.0,40,Male,MH,Maharashtra,India,Mumbai,0
11587,624,2022-09-04,393.59,39,Male,CA,West,USA,Los Angeles,0
11588,440,2022-01-21,427.18,38,Male,CA,West,USA,Los Angeles,0
11589,95,2023-08-09,45.07,64,Male,ON,Ontario,Canada,Toronto,0
11590,983,2022-12-02,94.15,46,Female,CA,West,USA,Los Angeles,0
11591,976,2023-12-02,186.72,29,Female,CA,West,USA,Los Angeles,0
11592,91,2024-03-28,367.96,40,Female,CA,West,USA,Los Angeles,0
11593,783,2024-03-12,167.7,24,Male,NY,Northeast,USA,New York,0
11594,758,2024-03-17,132.96,37,Female,WA,West,USA,Seattle,0
11595,249,2022-10-15,298.25,58,Female,TX,South,USA,Houston,1
11596,382,2023-03-24,364.54,66,Female,FL,Southeast,USA,Miami,0
11597,770,2024-01-25,278.74,37,Female,ENG,England,UK,London,0
11598,826,2023-06-22,357.8,22,Female,MH,Maharashtra,India,Mumbai,0
11599,400,2024-12-28,13.45,34,Female,CA,West,USA,Los Angeles,0
11600,630,2023-05-07,180.89,37,Other,CA,West,USA,Los Angeles,1
11601,457,2022-10-13,308.65,25,Female,FL,Southeast,USA,Miami,0
11602,139,2023-03-09,348.7,36,Female,NY,Northeast,USA,New York,0
11603,162,2024-08-24,117.91,52,Female,FL,Southeast,USA,Miami,1
11604,840,2024-08-08,193.43,65,Male,CA,West,USA,Los Angeles,0
11605,18,2024-12-23,135.43,24,Female,NSW,NSW,Australia,Sydney,1
11606,77,2023-10-07,477.29,35,Female,WA,West,USA,Seattle,1
11607,296,2024-02-20,173.67,45,Male,NY,Northeast,USA,New York,0
11608,811,2022-06-01,442.18,20,Male,MH,Maharashtra,India,Mumbai,0
11609,705,2023-01-23,469.56,24,Male,NY,Northeast,USA,New York,0
11610,568,2024-04-24,299.71,30,Female,MH,Maharashtra,India,Mumbai,0
11611,624,2024-12-16,489.11,39,Male,CA,West,USA,Los Angeles,0
11612,151,2023-07-16,50.42,62,Male,NY,Northeast,USA,New York,0
11613,160,2023-11-13,76.13,58,Male,CA,West,USA,Los Angeles,0
11614,595,2022-01-17,209.29,34,Female,BY,Bavaria,Germany,Munich,0
11615,357,2023-11-16,369.92,25,Female,NY,Northeast,USA,New York,0
11616,555,2022-11-14,485.57,69,Male,NY,Northeast,USA,New York,1
11617,643,2024-09-15,267.41,62,Female,WA,West,USA,Seattle,0
11618,317,2022-02-04,13.62,55,Female,WA,West,USA,Seattle,0
11619,853,2024-11-14,110.81,68,Male,NY,Northeast,USA,New York,1
11620,813,2023-12-13,238.1,53,Female,NY,Northeast,USA,New York,0
11621,108,2023-03-26,368.98,52,Male,NY,Northeast,USA,New York,0
11622,127,2023-12-09,315.24,22,Female,NY,Northeast,USA,New York,0
11623,210,2023-11-28,465.65,58,Female,NY,Northeast,USA,New York,0
11624,140,2023-03-25,148.54,40,Female,IL,Midwest,USA,Chicago,0
11625,550,2024-06-22,307.55,53,Male,NY,Northeast,USA,New York,0
11626,243,2024-05-20,90.37,22,Female,CA,West,USA,Los Angeles,0
11627,650,2023-07-09,345.74,62,Female,CA,West,USA,Los Angeles,0
11628,866,2024-11-05,429.58,54,Female,IL,Midwest,USA,Chicago,1
11629,140,2024-11-23,292.96,40,Female,IL,Midwest,USA,Chicago,0
11630,167,2023-03-20,243.35,34,Female,ON,Ontario,Canada,Toronto,0
11631,178,2024-08-24,113.2,26,Female,TX,South,USA,Houston,0
11632,807,2024-07-16,523.82,46,Female,TX,South,USA,Houston,0
11633,978,2024-07-26,343.87,47,Other,CA,West,USA,Los Angeles,0
11634,774,2024-10-03,458.56,55,Female,ON,Ontario,Canada,Toronto,0
11635,686,2024-09-04,24.51,59,Female,CA,West,USA,Los Angeles,0
11636,610,2023-04-02,141.13,62,Male,CA,West,USA,Los Angeles,0
11637,203,2024-05-10,275.94,43,Male,NY,Northeast,USA,New York,0
11638,470,2024-11-05,305.48,66,Male,TX,South,USA,Houston,1
11639,911,2023-05-02,220.94,58,Female,IL,Midwest,USA,Chicago,1
11640,357,2024-06-23,196.3,25,Female,NY,Northeast,USA,New York,0
11641,29,2023-12-05,244.52,46,Female,CA,West,USA,Los Angeles,0
11642,216,2022-11-24,189.33,32,Male,WA,West,USA,Seattle,0
11643,506,2024-09-18,33.18,41,Male,ENG,England,UK,London,0
11644,696,2024-05-18,391.38,31,Male,ON,Ontario,Canada,Toronto,0
11645,433,2024-08-04,434.49,60,Male,WA,West,USA,Seattle,0
11646,462,2024-09-01,182.01,25,Male,TX,South,USA,Houston,1
11647,695,2023-06-04,512.3,22,Female,FL,Southeast,USA,Miami,1
11648,274,2024-01-09,552.82,67,Female,ENG,England,UK,London,0
11649,797,2024-06-27,323.23,68,Male,IL,Midwest,USA,Chicago,0
11650,325,2024-07-12,447.0,68,Female,IL,Midwest,USA,Chicago,0
11651,111,2023-12-07,293.95,32,Female,NY,Northeast,USA,New York,1
11652,140,2023-10-08,146.22,40,Female,IL,Midwest,USA,Chicago,0
11653,364,2024-02-10,49.63,64,Female,TX,South,USA,Houston,0
11654,45,2022-05-17,178.77,21,Male,TX,South,USA,Houston,0
11655,190,2023-07-23,106.88,33,Female,NY,Northeast,USA,New York,1
11656,439,2024-07-02,517.35,22,Female,NY,Northeast,USA,New York,0
11657,942,2024-01-22,544.22,39,Male,CA,West,USA,Los Angeles,0
11658,977,2024-12-01,303.01,22,Male,CA,West,USA,Los Angeles,0
11659,765,2024-12-10,320.28,36,Female,FL,Southeast,USA,Miami,0
11660,944,2024-12-17,521.85,42,Male,TX,South,USA,Houston,0
11661,615,2023-06-03,398.83,53,Other,CA,West,USA,Los Angeles,0
11662,136,2024-11-08,100.1,33,Male,TX,South,USA,Houston,0
11663,661,2024-09-18,533.63,27,Male,TX,South,USA,Houston,0
11664,552,2024-07-20,324.76,38,Male,CA,West,USA,Los Angeles,0
11665,852,2022-02-03,20.12,59,Female,ENG,England,UK,London,1
11666,349,2023-03-22,112.52,27,Male,TX,South,USA,Houston,0
11667,821,2023-04-12,424.47,19,Female,CA,West,USA,Los Angeles,0
11668,650,2024-12-18,81.32,62,Female,CA,West,USA,Los Angeles,0
11669,739,2023-09-06,452.76,56,Male,NY,Northeast,USA,New York,0
11670,28,2024-12-28,442.74,60,Other,TX,South,USA,Houston,0
11671,966,2024-08-22,30.55,48,Female,IL,Midwest,USA,Chicago,0
11672,544,2023-02-19,182.55,27,Female,BY,Bavaria,Germany,Munich,0
11673,650,2024-07-06,289.37,62,Female,CA,West,USA,Los Angeles,0
11674,462,2023-02-22,50.09,25,Male,TX,South,USA,Houston,1
11675,136,2022-12-11,294.01,33,Male,TX,South,USA,Houston,0
11676,562,2023-04-18,519.75,20,Female,NY,Northeast,USA,New York,0
11677,692,2023-03-19,322.31,59,Male,FL,Southeast,USA,Miami,1
11678,153,2024-07-23,282.15,65,Female,NY,Northeast,USA,New York,0
11679,370,2023-11-24,460.84,58,Male,ON,Ontario,Canada,Toronto,0
11680,619,2022-07-11,482.35,21,Male,CA,West,USA,Los Angeles,0
11681,289,2023-01-03,478.68,46,Female,ENG,England,UK,London,0
11682,297,2024-10-13,31.48,62,Male,FL,Southeast,USA,Miami,1
11683,113,2024-01-12,65.88,46,Other,WA,West,USA,Seattle,0
11684,509,2023-08-10,330.27,31,Female,CA,West,USA,Los Angeles,0
11685,121,2024-08-14,135.61,40,Female,CA,West,USA,Los Angeles,0
11686,869,2022-03-17,265.31,41,Male,NY,Northeast,USA,New York,0
11687,173,2023-06-18,446.12,58,Other,WA,West,USA,Seattle,0
11688,94,2023-01-11,498.03,38,Female,TX,South,USA,Houston,0
11689,927,2024-04-18,194.28,46,Male,CA,West,USA,Los Angeles,0
11690,398,2024-08-28,476.97,28,Male,NY,Northeast,USA,New York,0
11691,198,2022-04-19,256.96,24,Female,WA,West,USA,Seattle,1
11692,549,2024-01-17,372.64,44,Female,CA,West,USA,Los Angeles,1
11693,103,2024-09-08,80.04,59,Female,IL,Midwest,USA,Chicago,0
11694,413,2024-10-10,45.97,32,Female,BY,Bavaria,Germany,Munich,0
11695,659,2024-11-02,439.49,21,Male,TX,South,USA,Houston,0
11696,480,2024-11-15,339.63,23,Male,CA,West,USA,Los Angeles,0
11697,926,2022-07-03,413.7,67,Male,IL,Midwest,USA,Chicago,0
11698,721,2023-06-22,70.74,25,Male,NY,Northeast,USA,New York,0
11699,649,2024-08-27,105.53,67,Female,WA,West,USA,Seattle,0
11700,670,2024-10-23,45.77,24,Male,TX,South,USA,Houston,0
11701,687,2023-07-05,348.28,39,Male,ON,Ontario,Canada,Toronto,0
11702,478,2024-12-18,349.03,18,Male,NSW,NSW,Australia,Sydney,0
11703,106,2024-09-13,244.74,58,Female,NY,Northeast,USA,New York,0
11704,258,2024-05-01,85.44,23,Female,MH,Maharashtra,India,Mumbai,1
11705,313,2024-10-21,24.29,24,Other,IL,Midwest,USA,Chicago,0
11706,259,2022-03-25,136.9,27,Male,BY,Bavaria,Germany,Munich,0
11707,281,2024-12-13,12.74,32,Male,CA,West,USA,Los Angeles,1
11708,765,2024-05-26,531.88,36,Female,FL,Southeast,USA,Miami,0
11709,945,2022-09-02,93.4,24,Male,TX,South,USA,Houston,0
11710,451,2022-08-25,140.09,67,Female,NSW,NSW,Australia,Sydney,0
11711,486,2024-02-20,449.46,30,Female,BY,Bavaria,Germany,Munich,0
11712,330,2023-10-19,527.38,46,Male,TX,South,USA,Houston,1
11713,631,2022-05-15,314.07,56,Other,CA,West,USA,Los Angeles,0
11714,686,2023-06-01,142.17,59,Female,CA,West,USA,Los Angeles,0
11715,57,2023-02-13,245.84,46,Male,BY,Bavaria,Germany,Munich,0
11716,503,2023-11-27,41.58,68,Male,NSW,NSW,Australia,Sydney,0
11717,427,2024-11-13,71.03,62,Male,NY,Northeast,USA,New York,0
11718,442,2024-02-02,400.62,33,Female,TX,South,USA,Houston,0
11719,508,2024-11-14,466.42,30,Male,CA,West,USA,Los Angeles,0
11720,139,2022-12-05,142.37,36,Female,NY,Northeast,USA,New York,0
11721,800,2023-02-12,394.12,41,Male,IL,Midwest,USA,Chicago,1
11722,901,2023-12-18,343.21,18,Male,FL,Southeast,USA,Miami,0
11723,109,2024-01-02,290.91,42,Female,TX,South,USA,Houston,0
11724,831,2024-11-13,169.95,30,Female,FL,Southeast,USA,Miami,0
11725,562,2023-08-15,522.32,20,Female,NY,Northeast,USA,New York,0
11726,838,2024-12-22,147.28,28,Female,NY,Northeast,USA,New York,0
11727,184,2022-05-02,112.25,54,Female,NY,Northeast,USA,New York,0
11728,188,2023-05-18,67.7,37,Other,TX,South,USA,Houston,0
11729,6,2024-11-18,372.86,62,Female,TX,South,USA,Houston,0
11730,505,2023-10-01,478.69,32,Female,CA,West,USA,Los Angeles,0
11731,414,2024-08-04,84.83,24,Other,TX,South,USA,Houston,0
11732,948,2022-09-18,61.17,24,Female,TX,South,USA,Houston,1
11733,558,2024-09-25,507.55,63,Male,TX,South,USA,Houston,0
11734,928,2022-01-25,333.67,33,Male,IL,Midwest,USA,Chicago,0
11735,263,2022-02-22,484.82,33,Male,CA,West,USA,Los Angeles,0
11736,39,2023-03-24,379.53,32,Male,ON,Ontario,Canada,Toronto,0
11737,831,2024-03-17,434.71,30,Female,FL,Southeast,USA,Miami,0
11738,7,2024-11-05,264.59,22,Male,IL,Midwest,USA,Chicago,0
11739,850,2024-06-15,141.99,49,Male,CA,West,USA,Los Angeles,1
11740,512,2022-07-10,288.88,56,Female,NY,Northeast,USA,New York,0
11741,581,2022-02-08,185.52,22,Male,NY,Northeast,USA,New York,0
11742,213,2022-11-04,240.17,59,Female,MH,Maharashtra,India,Mumbai,0
11743,269,2024-01-01,294.21,49,Male,CA,West,USA,Los Angeles,0
11744,211,2023-02-22,24.4,31,Other,WA,West,USA,Seattle,0
11745,740,2023-11-05,326.68,64,Male,TX,South,USA,Houston,0
11746,465,2024-02-18,207.96,18,Other,IL,Midwest,USA,Chicago,0
11747,102,2024-10-09,456.88,28,Female,CA,West,USA,Los Angeles,0
11748,48,2023-05-14,39.84,64,Male,WA,West,USA,Seattle,0
11749,719,2022-10-12,282.53,30,Female,NSW,NSW,Australia,Sydney,0
11750,670,2023-01-09,197.59,24,Male,TX,South,USA,Houston,0
11751,316,2024-05-14,62.4,52,Female,TX,South,USA,Houston,0
11752,351,2023-07-23,225.47,45,Male,NY,Northeast,USA,New York,0
11753,801,2024-08-15,235.81,18,Male,NSW,NSW,Australia,Sydney,0
11754,73,2022-11-23,379.12,42,Female,FL,Southeast,USA,Miami,1
11755,964,2024-04-26,94.63,29,Male,FL,Southeast,USA,Miami,0
11756,850,2024-09-14,466.91,49,Male,CA,West,USA,Los Angeles,1
11757,134,2022-03-23,33.47,47,Male,IL,Midwest,USA,Chicago,0
11758,525,2023-11-04,278.46,34,Female,TX,South,USA,Houston,0
11759,566,2023-12-16,347.69,30,Other,BY,Bavaria,Germany,Munich,0
11760,916,2024-01-14,19.07,41,Female,CA,West,USA,Los Angeles,0
11761,598,2023-02-01,46.51,58,Female,TX,South,USA,Houston,0
11762,5,2024-10-26,161.3,40,Female,ON,Ontario,Canada,Toronto,0
11763,285,2022-11-21,196.91,40,Other,NY,Northeast,USA,New York,0
11764,585,2022-09-17,179.79,39,Other,IL,Midwest,USA,Chicago,0
11765,375,2024-07-20,544.26,64,Female,BY,Bavaria,Germany,Munich,0
11766,470,2024-10-22,102.82,66,Male,TX,South,USA,Houston,1
11767,942,2024-05-22,500.04,39,Male,CA,West,USA,Los Angeles,0
11768,938,2024-12-09,529.58,25,Female,IL,Midwest,USA,Chicago,0
11769,269,2024-11-12,107.56,49,Male,CA,West,USA,Los Angeles,0
11770,177,2023-11-10,404.61,55,Female,IL,Midwest,USA,Chicago,1
11771,956,2024-11-26,559.01,49,Male,TX,South,USA,Houston,0
11772,546,2024-12-04,147.22,20,Male,CA,West,USA,Los Angeles,0
11773,592,2024-01-26,287.1,64,Female,ENG,England,UK,London,0
11774,173,2024-12-10,427.65,58,Other,WA,West,USA,Seattle,0
11775,644,2023-04-22,392.24,43,Female,ON,Ontario,Canada,Toronto,1
11776,860,2024-05-05,468.44,59,Male,CA,West,USA,Los Angeles,0
11777,136,2024-06-24,202.31,33,Male,TX,South,USA,Houston,0
11778,335,2022-04-16,69.12,41,Female,CA,West,USA,Los Angeles,1
11779,411,2024-06-28,382.42,27,Female,CA,West,USA,Los Angeles,0
11780,451,2023-07-12,186.97,67,Female,NSW,NSW,Australia,Sydney,0
11781,225,2023-03-28,346.17,55,Male,TX,South,USA,Houston,0
11782,688,2022-05-24,241.98,48,Other,FL,Southeast,USA,Miami,1
11783,221,2024-05-01,262.88,24,Female,CA,West,USA,Los Angeles,0
11784,271,2024-09-11,494.97,33,Male,FL,Southeast,USA,Miami,0
11785,552,2023-08-12,343.25,38,Male,CA,West,USA,Los Angeles,0
11786,121,2022-10-06,316.01,40,Female,CA,West,USA,Los Angeles,0
11787,845,2023-10-25,514.86,18,Other,IL,Midwest,USA,Chicago,0
11788,447,2022-09-03,142.17,34,Female,CA,West,USA,Los Angeles,1
11789,965,2023-04-08,368.21,67,Female,NY,Northeast,USA,New York,0
11790,369,2023-07-08,195.26,19,Male,TX,South,USA,Houston,0
11791,16,2024-07-12,339.89,58,Male,NY,Northeast,USA,New York,0
11792,355,2023-02-20,435.01,68,Male,ON,Ontario,Canada,Toronto,0
11793,626,2024-11-01,517.62,30,Female,NY,Northeast,USA,New York,0
11794,8,2024-02-18,245.59,54,Female,TX,South,USA,Houston,0
11795,482,2023-12-12,442.79,61,Female,NY,Northeast,USA,New York,0
11796,780,2024-01-18,195.08,62,Female,FL,Southeast,USA,Miami,0
11797,892,2022-10-02,333.9,54,Female,WA,West,USA,Seattle,0
11798,740,2023-05-25,466.44,64,Male,TX,South,USA,Houston,0
11799,248,2022-12-17,345.86,39,Male,TX,South,USA,Houston,0
11800,705,2023-11-08,377.16,24,Male,NY,Northeast,USA,New York,0
11801,784,2024-01-23,470.89,24,Female,IL,Midwest,USA,Chicago,0
11802,412,2024-01-14,149.74,29,Female,CA,West,USA,Los Angeles,0
11803,656,2024-08-11,421.1,45,Male,ENG,England,UK,London,0
11804,496,2023-03-05,341.79,39,Male,WA,West,USA,Seattle,0
11805,411,2024-01-14,310.78,27,Female,CA,West,USA,Los Angeles,0
11806,664,2023-12-07,517.06,28,Male,TX,South,USA,Houston,0
11807,973,2023-09-21,224.86,42,Male,IL,Midwest,USA,Chicago,0
11808,956,2024-01-11,140.09,49,Male,TX,South,USA,Houston,0
11809,19,2023-07-04,446.51,61,Male,CA,West,USA,Los Angeles,0
11810,283,2023-03-20,106.75,52,Female,NY,Northeast,USA,New York,0
11811,831,2022-11-24,375.18,30,Female,FL,Southeast,USA,Miami,0
11812,748,2022-01-24,464.83,34,Male,FL,Southeast,USA,Miami,0
11813,735,2024-06-14,462.08,28,Male,IL,Midwest,USA,Chicago,0
11814,615,2023-04-09,339.46,53,Other,CA,West,USA,Los Angeles,0
11815,429,2024-12-07,517.83,19,Female,CA,West,USA,Los Angeles,1
11816,635,2022-02-12,249.57,27,Other,TX,South,USA,Houston,0
11817,828,2024-10-03,52.73,64,Female,CA,West,USA,Los Angeles,0
11818,94,2024-07-25,414.53,38,Female,TX,South,USA,Houston,0
11819,12,2024-11-07,404.6,68,Female,CA,West,USA,Los Angeles,0
11820,764,2023-04-22,460.08,66,Female,CA,West,USA,Los Angeles,0
11821,63,2024-11-11,234.07,37,Female,ENG,England,UK,London,0
11822,411,2024-12-20,90.8,27,Female,CA,West,USA,Los Angeles,0
11823,124,2024-04-26,67.55,42,Female,CA,West,USA,Los Angeles,0
11824,330,2023-04-12,190.0,46,Male,TX,South,USA,Houston,1
11825,186,2023-12-28,422.47,41,Male,NY,Northeast,USA,New York,0
11826,433,2024-06-10,297.33,60,Male,WA,West,USA,Seattle,0
11827,14,2023-11-08,99.12,57,Male,IL,Midwest,USA,Chicago,1
11828,872,2022-11-21,128.49,28,Female,NY,Northeast,USA,New York,0
11829,706,2024-05-04,202.41,47,Male,FL,Southeast,USA,Miami,1
11830,654,2022-03-03,245.34,59,Male,WA,West,USA,Seattle,0
11831,778,2022-06-11,421.33,24,Male,CA,West,USA,Los Angeles,0
11832,10,2024-08-16,555.79,22,Male,IL,Midwest,USA,Chicago,0
11833,543,2022-07-14,303.64,28,Female,FL,Southeast,USA,Miami,0
11834,235,2022-10-02,200.7,43,Male,ENG,England,UK,London,0
11835,862,2022-08-16,99.86,66,Male,CA,West,USA,Los Angeles,0
11836,695,2022-11-18,260.4,22,Female,FL,Southeast,USA,Miami,1
11837,79,2023-02-08,329.06,47,Female,MH,Maharashtra,India,Mumbai,0
11838,876,2024-06-16,190.63,44,Male,CA,West,USA,Los Angeles,0
11839,600,2023-01-10,178.85,51,Male,NY,Northeast,USA,New York,0
11840,539,2023-02-02,440.92,46,Male,FL,Southeast,USA,Miami,0
11841,130,2024-05-21,373.39,51,Female,TX,South,USA,Houston,1
11842,593,2023-12-12,244.47,30,Male,FL,Southeast,USA,Miami,0
11843,378,2023-06-28,300.28,56,Male,NY,Northeast,USA,New York,0
11844,282,2023-04-06,272.77,43,Female,WA,West,USA,Seattle,1
11845,215,2023-09-01,101.17,56,Female,NY,Northeast,USA,New York,1
11846,141,2023-09-23,462.65,69,Female,WA,West,USA,Seattle,0
11847,834,2022-07-25,54.59,25,Other,CA,West,USA,Los Angeles,0
11848,438,2024-05-26,128.11,66,Male,FL,Southeast,USA,Miami,0
11849,267,2024-05-28,319.47,41,Male,MH,Maharashtra,India,Mumbai,0
11850,539,2024-03-09,264.27,46,Male,FL,Southeast,USA,Miami,0
11851,334,2022-05-20,301.72,61,Female,CA,West,USA,Los Angeles,0
11852,565,2024-03-01,515.93,64,Male,TX,South,USA,Houston,0
11853,34,2024-09-12,168.16,46,Female,IL,Midwest,USA,Chicago,0
11854,191,2022-11-26,83.85,53,Male,WA,West,USA,Seattle,0
11855,656,2024-04-18,77.76,45,Male,ENG,England,UK,London,0
11856,78,2024-04-24,43.61,29,Female,ON,Ontario,Canada,Toronto,0
11857,977,2022-12-27,397.47,22,Male,CA,West,USA,Los Angeles,0
11858,336,2024-08-23,262.26,60,Female,CA,West,USA,Los Angeles,0
11859,574,2022-10-20,135.34,20,Female,ENG,England,UK,London,0
11860,803,2023-11-10,360.71,44,Female,TX,South,USA,Houston,1
11861,485,2022-09-15,390.91,42,Male,FL,Southeast,USA,Miami,0
11862,273,2022-10-03,469.19,25,Female,FL,Southeast,USA,Miami,0
11863,861,2024-06-17,230.41,68,Female,ON,Ontario,Canada,Toronto,0
11864,684,2024-12-28,389.55,67,Male,CA,West,USA,Los Angeles,1
11865,716,2023-09-05,151.16,59,Female,CA,West,USA,Los Angeles,1
11866,260,2024-02-14,486.18,48,Female,BY,Bavaria,Germany,Munich,0
11867,86,2024-08-26,509.89,54,Female,BY,Bavaria,Germany,Munich,0
11868,235,2024-02-10,357.08,43,Male,ENG,England,UK,London,0
11869,735,2024-07-17,372.83,28,Male,IL,Midwest,USA,Chicago,0
11870,212,2024-02-22,373.2,55,Female,NY,Northeast,USA,New York,0
11871,782,2024-08-23,335.85,51,Male,CA,West,USA,Los Angeles,0
11872,429,2023-07-19,238.5,19,Female,CA,West,USA,Los Angeles,1
11873,306,2024-08-02,417.49,25,Male,IL,Midwest,USA,Chicago,0
11874,269,2022-09-02,488.55,49,Male,CA,West,USA,Los Angeles,0
11875,68,2022-04-22,375.44,37,Male,CA,West,USA,Los Angeles,0
11876,363,2023-05-27,171.39,29,Female,MH,Maharashtra,India,Mumbai,0
11877,937,2023-07-08,270.53,26,Male,FL,Southeast,USA,Miami,0
11878,577,2024-08-16,338.87,66,Female,MH,Maharashtra,India,Mumbai,0
11879,781,2024-12-02,56.32,63,Male,TX,South,USA,Houston,0
11880,832,2023-05-06,266.14,30,Female,NY,Northeast,USA,New York,0
11881,702,2023-08-14,63.82,50,Female,BY,Bavaria,Germany,Munich,0
11882,767,2023-12-01,275.76,49,Male,WA,West,USA,Seattle,0
11883,433,2024-10-17,58.94,60,Male,WA,West,USA,Seattle,0
11884,438,2022-05-16,187.07,66,Male,FL,Southeast,USA,Miami,0
11885,420,2022-06-03,477.7,44,Female,NSW,NSW,Australia,Sydney,0
11886,303,2024-11-17,15.3,18,Female,CA,West,USA,Los Angeles,0
11887,46,2023-06-13,153.06,68,Male,NY,Northeast,USA,New York,0
11888,657,2023-04-03,203.68,57,Male,CA,West,USA,Los Angeles,1
11889,649,2023-07-07,317.06,67,Female,WA,West,USA,Seattle,0
11890,434,2022-03-16,483.07,24,Female,ON,Ontario,Canada,Toronto,0
11891,665,2024-08-23,362.29,49,Male,ENG,England,UK,London,0
11892,758,2023-12-13,474.83,37,Female,WA,West,USA,Seattle,0
11893,908,2023-12-18,95.06,27,Male,NY,Northeast,USA,New York,0
11894,860,2024-08-13,169.58,59,Male,CA,West,USA,Los Angeles,0
11895,343,2024-11-25,498.02,50,Female,CA,West,USA,Los Angeles,0
11896,287,2022-11-28,12.54,26,Female,NY,Northeast,USA,New York,0
11897,476,2024-12-12,260.23,58,Female,CA,West,USA,Los Angeles,0
11898,385,2022-11-09,231.91,19,Male,NY,Northeast,USA,New York,0
11899,674,2022-12-17,473.66,22,Female,CA,West,USA,Los Angeles,1
11900,29,2024-04-25,257.73,46,Female,CA,West,USA,Los Angeles,0
11901,269,2022-03-17,454.1,49,Male,CA,West,USA,Los Angeles,0
11902,430,2023-01-10,314.62,55,Female,TX,South,USA,Houston,0
11903,97,2024-09-22,175.83,30,Female,CA,West,USA,Los Angeles,0
11904,439,2024-12-06,92.57,22,Female,NY,Northeast,USA,New York,0
11905,156,2024-12-08,280.22,52,Male,TX,South,USA,Houston,1
11906,917,2024-11-05,20.88,46,Female,NY,Northeast,USA,New York,0
11907,102,2023-11-26,184.71,28,Female,CA,West,USA,Los Angeles,0
11908,407,2024-07-27,298.26,40,Female,TX,South,USA,Houston,0
11909,260,2023-07-27,300.57,48,Female,BY,Bavaria,Germany,Munich,0
11910,426,2024-09-01,254.83,28,Male,CA,West,USA,Los Angeles,1
11911,731,2023-01-26,511.29,55,Male,NY,Northeast,USA,New York,0
11912,330,2022-10-07,82.64,46,Male,TX,South,USA,Houston,1
11913,728,2022-09-27,498.77,22,Female,CA,West,USA,Los Angeles,1
11914,104,2024-03-10,390.63,18,Female,ON,Ontario,Canada,Toronto,0
11915,983,2022-09-09,414.25,46,Female,CA,West,USA,Los Angeles,0
11916,604,2024-08-19,359.32,24,Female,BY,Bavaria,Germany,Munich,0
11917,915,2024-10-23,129.15,48,Male,TX,South,USA,Houston,0
11918,212,2024-11-11,423.16,55,Female,NY,Northeast,USA,New York,0
11919,692,2023-04-24,451.15,59,Male,FL,Southeast,USA,Miami,1
11920,521,2022-11-01,378.45,36,Female,IL,Midwest,USA,Chicago,1
11921,282,2024-03-26,490.82,43,Female,WA,West,USA,Seattle,1
11922,769,2023-06-15,43.6,25,Female,IL,Midwest,USA,Chicago,0
11923,498,2023-07-16,510.24,37,Male,NY,Northeast,USA,New York,0
11924,734,2024-11-25,526.63,58,Female,NSW,NSW,Australia,Sydney,0
11925,20,2022-12-02,449.53,41,Female,CA,West,USA,Los Angeles,0
11926,110,2023-01-25,341.67,54,Male,TX,South,USA,Houston,1
11927,796,2022-10-06,424.88,33,Male,CA,West,USA,Los Angeles,0
11928,421,2022-11-28,306.4,66,Male,TX,South,USA,Houston,1
11929,197,2023-12-21,266.25,35,Female,CA,West,USA,Los Angeles,0
11930,800,2024-04-10,522.14,41,Male,IL,Midwest,USA,Chicago,1
11931,154,2023-03-02,118.4,33,Male,CA,West,USA,Los Angeles,0
11932,7,2024-07-04,478.55,22,Male,IL,Midwest,USA,Chicago,0
11933,553,2024-12-04,252.97,61,Male,TX,South,USA,Houston,0
11934,148,2024-05-02,171.42,30,Female,WA,West,USA,Seattle,0
11935,708,2022-07-18,258.04,47,Female,TX,South,USA,Houston,0
11936,418,2024-12-25,360.95,24,Male,IL,Midwest,USA,Chicago,0
11937,910,2022-07-23,99.54,22,Female,BY,Bavaria,Germany,Munich,1
11938,507,2024-08-21,423.43,45,Female,TX,South,USA,Houston,0
11939,200,2023-12-28,215.57,68,Male,IL,Midwest,USA,Chicago,0
11940,523,2024-06-18,397.4,27,Other,CA,West,USA,Los Angeles,1
11941,649,2022-04-03,87.0,67,Female,WA,West,USA,Seattle,0
11942,892,2024-04-14,41.92,54,Female,WA,West,USA,Seattle,0
11943,127,2022-08-22,89.16,22,Female,NY,Northeast,USA,New York,0
11944,750,2022-03-13,98.46,26,Female,NY,Northeast,USA,New York,0
11945,602,2024-03-09,429.13,58,Male,CA,West,USA,Los Angeles,1
11946,952,2023-04-14,266.44,33,Female,IL,Midwest,USA,Chicago,0
11947,584,2024-08-22,430.5,20,Female,CA,West,USA,Los Angeles,0
11948,966,2024-11-11,421.14,48,Female,IL,Midwest,USA,Chicago,0
11949,564,2024-07-10,145.8,27,Female,CA,West,USA,Los Angeles,0
11950,51,2024-10-14,511.11,57,Female,CA,West,USA,Los Angeles,1
11951,118,2024-12-12,433.26,25,Male,FL,Southeast,USA,Miami,0
11952,101,2024-10-06,58.05,61,Female,BY,Bavaria,Germany,Munich,0
11953,532,2022-09-08,290.45,26,Female,TX,South,USA,Houston,0
11954,806,2024-01-04,237.7,58,Female,NY,Northeast,USA,New York,0
11955,568,2024-06-22,263.36,30,Female,MH,Maharashtra,India,Mumbai,0
11956,935,2022-04-06,189.89,41,Male,IL,Midwest,USA,Chicago,0
11957,502,2023-07-28,268.37,51,Female,TX,South,USA,Houston,0
11958,683,2023-12-28,195.3,67,Male,ON,Ontario,Canada,Toronto,0
11959,201,2024-05-19,265.21,37,Male,BY,Bavaria,Germany,Munich,0
11960,10,2023-03-28,293.53,22,Male,IL,Midwest,USA,Chicago,0
11961,718,2024-11-25,412.15,43,Female,BY,Bavaria,Germany,Munich,1
11962,96,2024-12-22,94.34,32,Male,IL,Midwest,USA,Chicago,0
11963,959,2024-10-10,84.47,68,Female,NY,Northeast,USA,New York,0
11964,967,2023-03-24,269.19,49,Male,ON,Ontario,Canada,Toronto,0
11965,216,2024-08-10,271.87,32,Male,WA,West,USA,Seattle,0
11966,90,2024-06-03,320.65,61,Male,CA,West,USA,Los Angeles,0
11967,890,2022-09-16,310.56,32,Male,CA,West,USA,Los Angeles,0
11968,901,2022-09-04,144.32,18,Male,FL,Southeast,USA,Miami,0
11969,539,2023-11-03,347.03,46,Male,FL,Southeast,USA,Miami,0
11970,375,2024-04-03,283.22,64,Female,BY,Bavaria,Germany,Munich,0
11971,452,2023-12-26,268.17,66,Male,CA,West,USA,Los Angeles,0
11972,931,2022-04-02,301.01,45,Female,ON,Ontario,Canada,Toronto,0
11973,552,2022-02-12,309.94,38,Male,CA,West,USA,Los Angeles,0
11974,198,2022-11-21,312.28,24,Female,WA,West,USA,Seattle,1
11975,686,2023-07-23,442.02,59,Female,CA,West,USA,Los Angeles,0
11976,973,2024-07-02,285.33,42,Male,IL,Midwest,USA,Chicago,0
11977,58,2023-05-26,499.37,26,Female,TX,South,USA,Houston,1
11978,521,2024-01-27,530.59,36,Female,IL,Midwest,USA,Chicago,1
11979,537,2022-03-28,174.33,41,Male,NSW,NSW,Australia,Sydney,0
11980,768,2023-10-19,468.32,42,Other,TX,South,USA,Houston,0
11981,558,2024-04-15,242.21,63,Male,TX,South,USA,Houston,0
11982,211,2024-12-05,545.9,31,Other,WA,West,USA,Seattle,0
11983,610,2024-10-04,520.16,62,Male,CA,West,USA,Los Angeles,0
11984,134,2023-11-23,238.88,47,Male,IL,Midwest,USA,Chicago,0
11985,531,2023-11-24,192.1,49,Female,CA,West,USA,Los Angeles,0
11986,234,2024-10-24,387.69,57,Male,NY,Northeast,USA,New York,0
11987,999,2022-07-18,190.1,68,Male,ON,Ontario,Canada,Toronto,0
11988,748,2024-12-16,373.61,34,Male,FL,Southeast,USA,Miami,0
11989,747,2023-06-06,229.44,45,Female,NY,Northeast,USA,New York,0
11990,1,2022-02-03,255.92,22,Female,IL,Midwest,USA,Chicago,0
11991,429,2024-08-06,219.04,19,Female,CA,West,USA,Los Angeles,1
11992,690,2024-02-12,448.43,58,Female,BY,Bavaria,Germany,Munich,0
11993,488,2024-09-09,341.23,45,Male,IL,Midwest,USA,Chicago,1
11994,103,2024-12-16,386.17,59,Female,IL,Midwest,USA,Chicago,0
11995,526,2023-09-22,436.99,34,Male,NY,Northeast,USA,New York,0
11996,663,2024-04-21,448.17,19,Female,NY,Northeast,USA,New York,0
11997,724,2024-03-24,290.83,24,Female,CA,West,USA,Los Angeles,0
11998,303,2023-05-09,142.64,18,Female,CA,West,USA,Los Angeles,0
11999,581,2023-03-27,199.35,22,Male,NY,Northeast,USA,New York,0
12000,901,2024-08-25,314.16,18,Male,FL,Southeast,USA,Miami,0
12001,955,2022-10-10,126.99,58,Male,FL,Southeast,USA,Miami,0
12002,315,2024-09-08,439.72,30,Male,ON,Ontario,Canada,Toronto,1
12003,682,2023-08-25,129.73,25,Male,NSW,NSW,Australia,Sydney,0
12004,911,2024-06-28,195.16,58,Female,IL,Midwest,USA,Chicago,1
12005,77,2024-03-14,358.45,35,Female,WA,West,USA,Seattle,1
12006,568,2024-09-04,394.1,30,Female,MH,Maharashtra,India,Mumbai,0
12007,756,2024-06-17,227.78,40,Female,TX,South,USA,Houston,0
12008,218,2022-05-24,380.29,23,Male,FL,Southeast,USA,Miami,1
12009,297,2024-09-14,506.2,62,Male,FL,Southeast,USA,Miami,1
12010,852,2024-06-04,101.42,59,Female,ENG,England,UK,London,1
12011,170,2024-03-21,513.85,19,Male,ENG,England,UK,London,0
12012,301,2024-07-22,306.5,36,Female,FL,Southeast,USA,Miami,0
12013,834,2024-05-25,257.52,25,Other,CA,West,USA,Los Angeles,0
12014,612,2024-10-25,447.95,42,Male,TX,South,USA,Houston,0
12015,645,2023-01-14,417.85,58,Male,NY,Northeast,USA,New York,0
12016,545,2024-11-09,385.77,61,Male,MH,Maharashtra,India,Mumbai,0
12017,381,2024-07-05,235.39,18,Male,TX,South,USA,Houston,0
12018,787,2022-01-03,140.96,19,Male,ENG,England,UK,London,0
12019,291,2022-02-24,186.58,59,Male,WA,West,USA,Seattle,0
12020,256,2024-12-28,325.82,25,Male,FL,Southeast,USA,Miami,0
12021,456,2023-07-19,303.53,46,Female,MH,Maharashtra,India,Mumbai,0
12022,126,2023-10-28,490.5,47,Male,IL,Midwest,USA,Chicago,0
12023,630,2022-11-09,233.77,37,Other,CA,West,USA,Los Angeles,1
12024,913,2024-05-22,377.05,37,Female,TX,South,USA,Houston,0
12025,717,2024-08-12,373.43,44,Male,CA,West,USA,Los Angeles,0
12026,313,2024-09-11,412.75,24,Other,IL,Midwest,USA,Chicago,0
12027,99,2024-11-18,555.31,51,Other,ON,Ontario,Canada,Toronto,0
12028,622,2024-06-04,451.35,42,Male,CA,West,USA,Los Angeles,0
12029,530,2022-12-12,29.43,65,Male,FL,Southeast,USA,Miami,0
12030,871,2022-08-12,407.69,41,Male,TX,South,USA,Houston,0
12031,486,2022-11-13,499.95,30,Female,BY,Bavaria,Germany,Munich,0
12032,81,2022-02-21,28.58,66,Female,ENG,England,UK,London,0
12033,902,2024-07-08,338.94,20,Male,WA,West,USA,Seattle,0
12034,292,2023-03-05,321.93,31,Male,NY,Northeast,USA,New York,0
12035,771,2024-12-18,299.27,51,Other,FL,Southeast,USA,Miami,0
12036,84,2024-04-01,491.57,61,Male,NY,Northeast,USA,New York,1
12037,965,2023-10-28,433.56,67,Female,NY,Northeast,USA,New York,0
12038,922,2024-01-26,105.62,47,Female,CA,West,USA,Los Angeles,0
12039,69,2024-03-11,67.73,21,Male,TX,South,USA,Houston,0
12040,941,2024-05-20,102.62,53,Male,MH,Maharashtra,India,Mumbai,1
12041,795,2024-10-15,497.83,40,Male,NY,Northeast,USA,New York,0
12042,906,2024-04-20,65.21,54,Male,NY,Northeast,USA,New York,0
12043,232,2024-11-07,365.82,62,Male,CA,West,USA,Los Angeles,0
12044,365,2024-10-27,386.18,24,Male,FL,Southeast,USA,Miami,0
12045,504,2022-12-25,116.88,63,Male,IL,Midwest,USA,Chicago,0
12046,480,2023-09-15,129.95,23,Male,CA,West,USA,Los Angeles,0
12047,725,2023-09-25,444.67,58,Male,ENG,England,UK,London,0
12048,914,2022-08-09,215.84,68,Female,TX,South,USA,Houston,0
12049,873,2022-02-22,254.74,23,Male,NY,Northeast,USA,New York,0
12050,886,2022-07-26,204.61,56,Male,WA,West,USA,Seattle,1
12051,327,2023-11-20,105.75,30,Female,TX,South,USA,Houston,0
12052,12,2022-01-28,225.25,68,Female,CA,West,USA,Los Angeles,0
12053,177,2023-02-06,150.48,55,Female,IL,Midwest,USA,Chicago,1
12054,180,2024-08-01,175.93,44,Male,TX,South,USA,Houston,0
12055,778,2024-11-15,121.9,24,Male,CA,West,USA,Los Angeles,0
12056,409,2024-05-10,355.04,66,Male,ON,Ontario,Canada,Toronto,1
12057,376,2022-11-18,150.56,22,Female,WA,West,USA,Seattle,0
12058,751,2024-05-11,102.11,67,Male,TX,South,USA,Houston,0
12059,72,2022-07-25,406.13,27,Female,FL,Southeast,USA,Miami,0
12060,384,2023-12-04,309.7,30,Female,IL,Midwest,USA,Chicago,0
12061,401,2023-06-27,456.71,69,Female,FL,Southeast,USA,Miami,0
12062,207,2024-08-07,440.05,57,Female,CA,West,USA,Los Angeles,0
12063,324,2024-12-10,215.25,65,Female,FL,Southeast,USA,Miami,0
12064,829,2024-04-01,319.44,62,Male,FL,Southeast,USA,Miami,1
12065,687,2024-02-20,552.86,39,Male,ON,Ontario,Canada,Toronto,0
12066,341,2023-12-20,196.56,51,Male,CA,West,USA,Los Angeles,1
12067,873,2024-08-27,142.64,23,Male,NY,Northeast,USA,New York,0
12068,114,2022-12-03,89.95,41,Other,NY,Northeast,USA,New York,0
12069,881,2023-11-14,498.8,22,Male,ON,Ontario,Canada,Toronto,0
12070,634,2024-08-25,148.17,37,Female,BY,Bavaria,Germany,Munich,0
12071,211,2024-07-01,520.28,31,Other,WA,West,USA,Seattle,0
12072,865,2023-07-17,318.0,61,Female,IL,Midwest,USA,Chicago,0
12073,141,2023-03-07,317.09,69,Female,WA,West,USA,Seattle,0
12074,577,2022-07-10,206.11,66,Female,MH,Maharashtra,India,Mumbai,0
12075,591,2023-11-22,216.26,59,Male,NY,Northeast,USA,New York,0
12076,997,2022-12-23,167.17,45,Female,FL,Southeast,USA,Miami,0
12077,220,2024-12-01,411.51,64,Other,ON,Ontario,Canada,Toronto,0
12078,875,2022-12-19,371.99,54,Other,NY,Northeast,USA,New York,0
12079,142,2022-01-12,270.3,29,Female,CA,West,USA,Los Angeles,0
12080,245,2023-07-22,243.78,50,Female,IL,Midwest,USA,Chicago,0
12081,38,2024-03-24,360.03,61,Male,IL,Midwest,USA,Chicago,0
12082,330,2023-08-25,265.84,46,Male,TX,South,USA,Houston,1
12083,728,2023-12-03,438.67,22,Female,CA,West,USA,Los Angeles,1
12084,196,2024-11-23,46.95,22,Female,TX,South,USA,Houston,0
12085,73,2024-11-28,506.55,42,Female,FL,Southeast,USA,Miami,1
12086,558,2023-06-22,283.02,63,Male,TX,South,USA,Houston,0
12087,6,2024-07-11,290.66,62,Female,TX,South,USA,Houston,0
12088,653,2023-04-21,213.67,28,Male,WA,West,USA,Seattle,0
12089,751,2024-08-02,303.32,67,Male,TX,South,USA,Houston,0
12090,750,2023-05-11,125.04,26,Female,NY,Northeast,USA,New York,0
12091,92,2024-11-24,284.13,59,Male,CA,West,USA,Los Angeles,0
12092,530,2024-07-19,229.75,65,Male,FL,Southeast,USA,Miami,0
12093,322,2024-09-08,172.54,23,Female,TX,South,USA,Houston,0
12094,123,2024-11-16,127.65,52,Other,ON,Ontario,Canada,Toronto,0
12095,162,2022-05-01,431.5,52,Female,FL,Southeast,USA,Miami,1
12096,251,2024-08-27,477.78,27,Male,FL,Southeast,USA,Miami,0
12097,754,2022-11-16,247.71,66,Female,FL,Southeast,USA,Miami,0
12098,469,2023-12-15,130.82,27,Female,TX,South,USA,Houston,0
12099,89,2023-03-10,244.53,57,Male,NY,Northeast,USA,New York,0
12100,270,2024-09-07,519.19,48,Female,ON,Ontario,Canada,Toronto,0
12101,178,2024-06-10,438.93,26,Female,TX,South,USA,Houston,0
12102,51,2024-05-13,454.39,57,Female,CA,West,USA,Los Angeles,1
12103,876,2023-03-12,375.6,44,Male,CA,West,USA,Los Angeles,0
12104,890,2024-08-12,408.54,32,Male,CA,West,USA,Los Angeles,0
12105,58,2024-05-15,93.32,26,Female,TX,South,USA,Houston,1
12106,522,2024-09-14,201.55,25,Female,CA,West,USA,Los Angeles,0
12107,861,2022-04-09,417.66,68,Female,ON,Ontario,Canada,Toronto,0
12108,596,2023-01-17,102.68,59,Male,NY,Northeast,USA,New York,0
12109,342,2024-10-07,52.45,33,Female,FL,Southeast,USA,Miami,0
12110,103,2024-03-27,475.71,59,Female,IL,Midwest,USA,Chicago,0
12111,94,2022-04-19,392.57,38,Female,TX,South,USA,Houston,0
12112,911,2023-04-08,92.73,58,Female,IL,Midwest,USA,Chicago,1
12113,641,2023-05-20,284.91,52,Male,ENG,England,UK,London,0
12114,863,2023-07-28,32.26,24,Female,TX,South,USA,Houston,0
12115,976,2024-11-22,92.71,29,Female,CA,West,USA,Los Angeles,0
12116,391,2022-09-22,136.06,56,Male,NY,Northeast,USA,New York,0
12117,704,2023-03-07,376.26,26,Female,CA,West,USA,Los Angeles,0
12118,199,2024-03-06,178.55,35,Female,NSW,NSW,Australia,Sydney,0
12119,675,2023-11-16,431.56,50,Female,NY,Northeast,USA,New York,0
12120,795,2022-04-08,21.54,40,Male,NY,Northeast,USA,New York,0
12121,536,2024-04-04,13.57,25,Female,WA,West,USA,Seattle,0
12122,575,2023-01-26,166.31,18,Female,NY,Northeast,USA,New York,0
12123,453,2024-10-10,412.34,43,Male,WA,West,USA,Seattle,0
12124,832,2024-10-23,533.41,30,Female,NY,Northeast,USA,New York,0
12125,508,2024-05-21,184.31,30,Male,CA,West,USA,Los Angeles,0
12126,482,2022-01-05,282.89,61,Female,NY,Northeast,USA,New York,0
12127,381,2024-10-06,33.89,18,Male,TX,South,USA,Houston,0
12128,892,2023-02-17,11.26,54,Female,WA,West,USA,Seattle,0
12129,90,2024-07-18,19.85,61,Male,CA,West,USA,Los Angeles,0
12130,717,2023-11-08,61.15,44,Male,CA,West,USA,Los Angeles,0
12131,426,2022-04-05,438.43,28,Male,CA,West,USA,Los Angeles,1
12132,353,2022-06-18,324.28,33,Female,TX,South,USA,Houston,0
12133,438,2024-09-07,504.19,66,Male,FL,Southeast,USA,Miami,0
12134,755,2024-09-05,469.39,46,Male,NSW,NSW,Australia,Sydney,0
12135,353,2022-07-11,384.9,33,Female,TX,South,USA,Houston,0
12136,322,2024-06-10,205.31,23,Female,TX,South,USA,Houston,0
12137,993,2024-06-12,84.75,28,Female,CA,West,USA,Los Angeles,0
12138,430,2023-07-11,64.29,55,Female,TX,South,USA,Houston,0
12139,803,2023-05-16,23.59,44,Female,TX,South,USA,Houston,1
12140,400,2024-04-16,108.76,34,Female,CA,West,USA,Los Angeles,0
12141,977,2024-05-02,21.7,22,Male,CA,West,USA,Los Angeles,0
12142,419,2024-07-07,388.67,33,Male,FL,Southeast,USA,Miami,0
12143,364,2024-06-15,224.6,64,Female,TX,South,USA,Houston,0
12144,726,2024-08-21,301.05,24,Female,NY,Northeast,USA,New York,1
12145,816,2022-09-01,244.63,61,Female,NY,Northeast,USA,New York,1
12146,246,2024-12-23,166.75,22,Female,FL,Southeast,USA,Miami,0
12147,939,2023-08-03,70.09,42,Female,TX,South,USA,Houston,0
12148,324,2024-10-18,308.81,65,Female,FL,Southeast,USA,Miami,0
12149,896,2024-02-07,485.22,49,Male,MH,Maharashtra,India,Mumbai,0
12150,513,2024-10-26,422.64,61,Female,CA,West,USA,Los Angeles,0
12151,573,2024-07-20,522.39,32,Male,NY,Northeast,USA,New York,0
12152,277,2022-11-23,184.43,42,Female,IL,Midwest,USA,Chicago,0
12153,164,2023-12-23,449.86,39,Male,CA,West,USA,Los Angeles,1
12154,133,2024-04-02,407.74,22,Male,FL,Southeast,USA,Miami,1
12155,114,2022-12-24,472.07,41,Other,NY,Northeast,USA,New York,0
12156,704,2022-09-03,151.0,26,Female,CA,West,USA,Los Angeles,0
12157,614,2024-10-16,452.23,38,Female,FL,Southeast,USA,Miami,0
12158,598,2023-07-19,274.54,58,Female,TX,South,USA,Houston,0
12159,926,2023-05-26,237.44,67,Male,IL,Midwest,USA,Chicago,0
12160,947,2023-11-21,252.51,68,Female,CA,West,USA,Los Angeles,0
12161,487,2024-01-20,248.6,35,Male,NY,Northeast,USA,New York,0
12162,743,2023-08-28,466.15,50,Male,NY,Northeast,USA,New York,0
12163,80,2024-02-01,529.49,52,Male,ENG,England,UK,London,0
12164,573,2023-04-01,354.96,32,Male,NY,Northeast,USA,New York,0
12165,432,2022-10-06,104.46,56,Male,FL,Southeast,USA,Miami,0
12166,267,2023-10-07,229.01,41,Male,MH,Maharashtra,India,Mumbai,0
12167,379,2022-11-14,184.24,37,Female,TX,South,USA,Houston,0
12168,200,2024-10-24,379.44,68,Male,IL,Midwest,USA,Chicago,0
12169,513,2022-09-11,44.47,61,Female,CA,West,USA,Los Angeles,0
12170,524,2022-12-25,330.52,60,Female,NY,Northeast,USA,New York,0
12171,120,2023-07-18,253.06,23,Male,CA,West,USA,Los Angeles,1
12172,461,2022-09-14,137.91,55,Female,FL,Southeast,USA,Miami,0
12173,318,2023-11-23,43.59,55,Female,TX,South,USA,Houston,1
12174,406,2023-10-14,38.12,44,Female,TX,South,USA,Houston,0
12175,896,2024-10-02,500.83,49,Male,MH,Maharashtra,India,Mumbai,0
12176,442,2022-07-24,292.6,33,Female,TX,South,USA,Houston,0
12177,655,2024-07-04,313.91,46,Female,FL,Southeast,USA,Miami,0
12178,213,2024-09-13,20.8,59,Female,MH,Maharashtra,India,Mumbai,0
12179,962,2022-09-05,387.79,39,Female,IL,Midwest,USA,Chicago,0
12180,421,2024-08-23,126.79,66,Male,TX,South,USA,Houston,1
12181,314,2024-03-18,221.61,32,Female,NY,Northeast,USA,New York,0
12182,40,2024-04-27,366.06,50,Female,TX,South,USA,Houston,0
12183,848,2024-07-25,85.03,20,Male,ON,Ontario,Canada,Toronto,0
12184,561,2024-03-08,448.43,45,Other,NSW,NSW,Australia,Sydney,0
12185,145,2023-06-08,444.45,69,Female,CA,West,USA,Los Angeles,0
12186,557,2024-03-08,296.3,56,Female,MH,Maharashtra,India,Mumbai,0
12187,268,2022-03-05,189.05,36,Male,CA,West,USA,Los Angeles,0
12188,667,2024-11-27,149.44,44,Female,ENG,England,UK,London,1
12189,178,2024-08-03,408.51,26,Female,TX,South,USA,Houston,0
12190,714,2024-10-12,198.1,57,Male,TX,South,USA,Houston,0
12191,179,2024-01-08,455.47,64,Male,ENG,England,UK,London,0
12192,674,2022-05-01,368.9,22,Female,CA,West,USA,Los Angeles,1
12193,291,2024-01-24,204.89,59,Male,WA,West,USA,Seattle,0
12194,804,2022-01-15,122.15,65,Male,TX,South,USA,Houston,0
12195,532,2024-01-25,207.53,26,Female,TX,South,USA,Houston,0
12196,134,2024-07-18,199.05,47,Male,IL,Midwest,USA,Chicago,0
12197,869,2022-02-14,478.76,41,Male,NY,Northeast,USA,New York,0
12198,887,2024-11-07,355.47,20,Female,MH,Maharashtra,India,Mumbai,1
12199,324,2023-07-17,352.13,65,Female,FL,Southeast,USA,Miami,0
12200,389,2023-04-21,157.88,64,Male,ENG,England,UK,London,0
12201,11,2024-11-01,211.12,45,Male,CA,West,USA,Los Angeles,0
12202,667,2024-07-07,267.03,44,Female,ENG,England,UK,London,1
12203,451,2024-05-11,547.22,67,Female,NSW,NSW,Australia,Sydney,0
12204,121,2022-08-04,337.11,40,Female,CA,West,USA,Los Angeles,0
12205,652,2022-09-03,85.49,51,Female,CA,West,USA,Los Angeles,0
12206,225,2022-08-07,495.56,55,Male,TX,South,USA,Houston,0
12207,235,2023-12-10,150.47,43,Male,ENG,England,UK,London,0
12208,931,2023-05-15,333.53,45,Female,ON,Ontario,Canada,Toronto,0
12209,748,2023-06-23,465.16,34,Male,FL,Southeast,USA,Miami,0
12210,138,2024-11-24,349.13,19,Female,BY,Bavaria,Germany,Munich,0
12211,571,2022-09-11,463.7,67,Female,ENG,England,UK,London,0
12212,466,2024-12-15,476.63,68,Female,CA,West,USA,Los Angeles,1
12213,145,2024-10-01,30.41,69,Female,CA,West,USA,Los Angeles,0
12214,95,2022-07-24,346.54,64,Male,ON,Ontario,Canada,Toronto,0
12215,868,2024-09-07,406.8,61,Male,TX,South,USA,Houston,0
12216,94,2022-06-02,192.18,38,Female,TX,South,USA,Houston,0
12217,600,2023-02-17,483.01,51,Male,NY,Northeast,USA,New York,0
12218,994,2024-06-11,450.75,40,Female,BY,Bavaria,Germany,Munich,0
12219,387,2022-04-12,189.87,21,Male,CA,West,USA,Los Angeles,0
12220,639,2023-09-13,126.47,59,Male,WA,West,USA,Seattle,0
12221,444,2024-09-18,127.86,43,Male,CA,West,USA,Los Angeles,0
12222,637,2022-12-23,118.06,30,Female,NY,Northeast,USA,New York,1
12223,278,2024-02-17,334.57,58,Male,TX,South,USA,Houston,0
12224,271,2024-07-18,363.95,33,Male,FL,Southeast,USA,Miami,0
12225,564,2022-06-23,82.95,27,Female,CA,West,USA,Los Angeles,0
12226,153,2024-07-22,312.23,65,Female,NY,Northeast,USA,New York,0
12227,564,2023-02-05,140.6,27,Female,CA,West,USA,Los Angeles,0
12228,614,2022-07-10,456.1,38,Female,FL,Southeast,USA,Miami,0
12229,982,2024-09-14,481.14,54,Male,NY,Northeast,USA,New York,0
12230,250,2023-05-27,70.66,20,Female,TX,South,USA,Houston,0
12231,108,2024-09-17,149.65,52,Male,NY,Northeast,USA,New York,0
12232,272,2022-04-23,472.81,19,Female,WA,West,USA,Seattle,1
12233,802,2022-06-23,156.5,33,Female,WA,West,USA,Seattle,0
12234,421,2024-12-26,458.93,66,Male,TX,South,USA,Houston,1
12235,166,2024-01-15,38.89,60,Female,ENG,England,UK,London,0
12236,226,2023-04-08,212.02,33,Male,CA,West,USA,Los Angeles,0
12237,802,2024-12-12,348.6,33,Female,WA,West,USA,Seattle,0
12238,940,2023-03-01,218.12,44,Other,WA,West,USA,Seattle,0
12239,151,2023-06-20,421.26,62,Male,NY,Northeast,USA,New York,0
12240,579,2024-07-18,548.98,64,Female,NY,Northeast,USA,New York,0
12241,983,2024-09-05,293.03,46,Female,CA,West,USA,Los Angeles,0
12242,69,2023-08-14,251.41,21,Male,TX,South,USA,Houston,0
12243,161,2024-08-21,397.84,69,Male,CA,West,USA,Los Angeles,0
12244,483,2023-12-22,402.07,31,Female,ENG,England,UK,London,0
12245,70,2024-06-22,44.02,42,Female,TX,South,USA,Houston,1
12246,562,2024-07-03,251.35,20,Female,NY,Northeast,USA,New York,0
12247,689,2023-12-11,270.17,41,Male,NY,Northeast,USA,New York,0
12248,359,2023-02-17,170.27,22,Male,NY,Northeast,USA,New York,0
12249,918,2024-12-03,427.79,58,Female,TX,South,USA,Houston,0
12250,874,2024-12-06,497.97,24,Female,NY,Northeast,USA,New York,0
12251,722,2022-12-27,424.21,66,Male,TX,South,USA,Houston,0
12252,521,2023-01-15,339.79,36,Female,IL,Midwest,USA,Chicago,1
12253,104,2023-08-17,423.11,18,Female,ON,Ontario,Canada,Toronto,0
12254,239,2024-11-05,138.87,34,Male,TX,South,USA,Houston,0
12255,970,2024-05-18,25.29,19,Male,NY,Northeast,USA,New York,0
12256,542,2024-08-26,292.98,20,Female,WA,West,USA,Seattle,0
12257,433,2023-04-27,223.55,60,Male,WA,West,USA,Seattle,0
12258,723,2024-02-06,495.08,61,Female,TX,South,USA,Houston,0
12259,240,2022-11-07,396.66,50,Male,WA,West,USA,Seattle,0
12260,309,2023-12-17,208.93,34,Female,TX,South,USA,Houston,0
12261,387,2023-01-25,19.65,21,Male,CA,West,USA,Los Angeles,0
12262,873,2023-02-01,153.37,23,Male,NY,Northeast,USA,New York,0
12263,468,2023-08-07,197.81,48,Male,ON,Ontario,Canada,Toronto,0
12264,57,2022-02-05,341.16,46,Male,BY,Bavaria,Germany,Munich,0
12265,470,2022-09-23,452.61,66,Male,TX,South,USA,Houston,1
12266,298,2024-10-14,132.46,40,Male,NY,Northeast,USA,New York,0
12267,473,2022-06-21,395.1,40,Male,IL,Midwest,USA,Chicago,0
12268,928,2023-10-02,389.02,33,Male,IL,Midwest,USA,Chicago,0
12269,323,2022-02-04,183.05,49,Male,TX,South,USA,Houston,0
12270,268,2023-05-16,19.0,36,Male,CA,West,USA,Los Angeles,0
12271,476,2023-11-12,27.59,58,Female,CA,West,USA,Los Angeles,0
12272,76,2024-02-06,351.04,42,Female,NY,Northeast,USA,New York,0
12273,209,2023-05-08,450.6,31,Male,ENG,England,UK,London,0
12274,46,2023-08-21,338.84,68,Male,NY,Northeast,USA,New York,0
12275,905,2024-04-01,435.79,41,Male,ON,Ontario,Canada,Toronto,0
12276,754,2022-07-25,256.4,66,Female,FL,Southeast,USA,Miami,0
12277,161,2024-11-05,155.46,69,Male,CA,West,USA,Los Angeles,0
12278,337,2023-04-22,31.25,68,Female,CA,West,USA,Los Angeles,0
12279,111,2024-06-18,459.76,32,Female,NY,Northeast,USA,New York,1
12280,765,2022-01-02,242.37,36,Female,FL,Southeast,USA,Miami,0
12281,132,2023-09-22,465.84,46,Female,ENG,England,UK,London,0
12282,652,2024-05-14,214.36,51,Female,CA,West,USA,Los Angeles,0
12283,575,2024-11-09,162.66,18,Female,NY,Northeast,USA,New York,0
12284,751,2024-02-04,377.28,67,Male,TX,South,USA,Houston,0
12285,853,2022-10-04,306.13,68,Male,NY,Northeast,USA,New York,1
12286,918,2023-11-12,376.38,58,Female,TX,South,USA,Houston,0
12287,331,2024-10-09,61.18,46,Female,TX,South,USA,Houston,0
12288,815,2024-10-24,56.94,58,Male,NY,Northeast,USA,New York,0
12289,175,2023-04-16,307.14,54,Female,WA,West,USA,Seattle,0
12290,152,2023-06-02,295.37,32,Female,NY,Northeast,USA,New York,0
12291,884,2024-06-25,62.2,26,Other,CA,West,USA,Los Angeles,0
12292,908,2024-04-08,247.29,27,Male,NY,Northeast,USA,New York,0
12293,674,2024-07-17,358.92,22,Female,CA,West,USA,Los Angeles,1
12294,336,2024-09-24,308.66,60,Female,CA,West,USA,Los Angeles,0
12295,416,2023-07-19,107.47,53,Other,CA,West,USA,Los Angeles,1
12296,805,2024-12-12,520.38,56,Female,TX,South,USA,Houston,0
12297,230,2023-09-01,28.45,27,Female,NY,Northeast,USA,New York,0
12298,522,2022-06-07,143.56,25,Female,CA,West,USA,Los Angeles,0
12299,393,2024-06-16,48.27,37,Male,FL,Southeast,USA,Miami,0
12300,176,2024-08-27,166.71,42,Male,BY,Bavaria,Germany,Munich,1
12301,576,2022-06-02,345.8,37,Male,TX,South,USA,Houston,0
12302,690,2024-04-05,24.27,58,Female,BY,Bavaria,Germany,Munich,0
12303,233,2023-07-11,30.73,19,Male,IL,Midwest,USA,Chicago,0
12304,669,2022-09-23,110.87,65,Female,NY,Northeast,USA,New York,0
12305,918,2024-05-27,26.39,58,Female,TX,South,USA,Houston,0
12306,908,2024-04-05,225.26,27,Male,NY,Northeast,USA,New York,0
12307,913,2023-04-17,130.14,37,Female,TX,South,USA,Houston,0
12308,411,2022-05-27,167.85,27,Female,CA,West,USA,Los Angeles,0
12309,684,2024-04-28,470.66,67,Male,CA,West,USA,Los Angeles,1
12310,735,2022-10-23,221.78,28,Male,IL,Midwest,USA,Chicago,0
12311,974,2024-09-22,19.46,42,Female,TX,South,USA,Houston,0
12312,518,2023-05-08,294.62,21,Female,CA,West,USA,Los Angeles,0
12313,844,2024-12-09,71.23,19,Female,NY,Northeast,USA,New York,1
12314,551,2022-09-28,39.08,59,Female,MH,Maharashtra,India,Mumbai,0
12315,822,2022-03-18,170.38,52,Female,CA,West,USA,Los Angeles,0
12316,344,2023-11-04,151.93,44,Male,NSW,NSW,Australia,Sydney,0
12317,74,2024-10-02,72.5,24,Female,ON,Ontario,Canada,Toronto,0
12318,362,2024-07-25,174.98,64,Female,MH,Maharashtra,India,Mumbai,1
12319,336,2023-04-04,262.02,60,Female,CA,West,USA,Los Angeles,0
12320,803,2023-11-20,141.04,44,Female,TX,South,USA,Houston,1
12321,692,2022-02-10,25.83,59,Male,FL,Southeast,USA,Miami,1
12322,635,2024-06-05,501.06,27,Other,TX,South,USA,Houston,0
12323,190,2023-11-04,348.94,33,Female,NY,Northeast,USA,New York,1
12324,687,2024-11-16,399.01,39,Male,ON,Ontario,Canada,Toronto,0
12325,683,2023-08-23,222.56,67,Male,ON,Ontario,Canada,Toronto,0
12326,932,2024-01-01,325.85,54,Female,IL,Midwest,USA,Chicago,1
12327,267,2024-05-20,397.0,41,Male,MH,Maharashtra,India,Mumbai,0
12328,690,2022-11-17,184.78,58,Female,BY,Bavaria,Germany,Munich,0
12329,77,2023-10-23,442.37,35,Female,WA,West,USA,Seattle,1
12330,735,2024-11-17,435.07,28,Male,IL,Midwest,USA,Chicago,0
12331,814,2023-01-04,159.71,32,Male,CA,West,USA,Los Angeles,0
12332,773,2023-12-12,183.45,18,Male,WA,West,USA,Seattle,0
12333,452,2024-04-28,112.14,66,Male,CA,West,USA,Los Angeles,0
12334,430,2022-05-24,256.28,55,Female,TX,South,USA,Houston,0
12335,35,2024-11-10,456.45,64,Male,CA,West,USA,Los Angeles,0
12336,461,2023-06-27,303.55,55,Female,FL,Southeast,USA,Miami,0
12337,720,2024-09-01,205.85,49,Male,NY,Northeast,USA,New York,0
12338,979,2023-08-15,223.68,36,Female,NY,Northeast,USA,New York,0
12339,108,2023-11-22,370.33,52,Male,NY,Northeast,USA,New York,0
12340,560,2022-03-19,261.99,62,Female,CA,West,USA,Los Angeles,0
12341,247,2022-02-06,280.83,57,Male,IL,Midwest,USA,Chicago,0
12342,376,2023-09-05,327.27,22,Female,WA,West,USA,Seattle,0
12343,785,2023-11-21,394.2,42,Female,CA,West,USA,Los Angeles,1
12344,59,2024-12-28,354.56,56,Female,FL,Southeast,USA,Miami,0
12345,56,2022-06-22,345.32,20,Male,WA,West,USA,Seattle,0
12346,216,2022-10-25,336.4,32,Male,WA,West,USA,Seattle,0
12347,254,2022-06-26,463.97,35,Female,ON,Ontario,Canada,Toronto,0
12348,779,2023-05-27,393.11,32,Female,ENG,England,UK,London,0
12349,273,2023-01-23,294.48,25,Female,FL,Southeast,USA,Miami,0
12350,927,2022-04-22,450.0,46,Male,CA,West,USA,Los Angeles,0
12351,977,2024-03-23,505.34,22,Male,CA,West,USA,Los Angeles,0
12352,785,2024-04-10,204.11,42,Female,CA,West,USA,Los Angeles,1
12353,478,2024-05-16,453.15,18,Male,NSW,NSW,Australia,Sydney,0
12354,796,2023-11-07,520.89,33,Male,CA,West,USA,Los Angeles,0
12355,163,2024-03-15,124.72,39,Male,WA,West,USA,Seattle,0
12356,877,2024-11-15,229.05,46,Female,ENG,England,UK,London,1
12357,335,2024-11-02,239.2,41,Female,CA,West,USA,Los Angeles,1
12358,445,2022-07-03,309.18,44,Male,ON,Ontario,Canada,Toronto,0
12359,899,2023-10-27,510.61,21,Female,CA,West,USA,Los Angeles,0
12360,140,2023-05-16,169.33,40,Female,IL,Midwest,USA,Chicago,0
12361,101,2023-01-01,402.09,61,Female,BY,Bavaria,Germany,Munich,0
12362,620,2024-09-11,438.47,25,Female,NY,Northeast,USA,New York,0
12363,983,2023-08-25,372.19,46,Female,CA,West,USA,Los Angeles,0
12364,910,2022-07-21,298.25,22,Female,BY,Bavaria,Germany,Munich,1
12365,988,2022-12-24,290.14,34,Female,ON,Ontario,Canada,Toronto,0
12366,446,2022-10-18,148.21,52,Male,BY,Bavaria,Germany,Munich,0
12367,616,2023-06-20,81.89,51,Male,BY,Bavaria,Germany,Munich,0
12368,817,2022-01-07,173.69,20,Female,CA,West,USA,Los Angeles,1
12369,184,2023-11-24,129.85,54,Female,NY,Northeast,USA,New York,0
12370,876,2023-12-21,349.57,44,Male,CA,West,USA,Los Angeles,0
12371,843,2023-09-07,453.72,65,Female,IL,Midwest,USA,Chicago,0
12372,80,2024-10-09,98.29,52,Male,ENG,England,UK,London,0
12373,481,2024-07-22,373.12,32,Other,ENG,England,UK,London,0
12374,428,2024-04-07,78.08,59,Female,IL,Midwest,USA,Chicago,1
12375,800,2023-12-19,208.02,41,Male,IL,Midwest,USA,Chicago,1
12376,454,2024-09-12,106.24,19,Male,MH,Maharashtra,India,Mumbai,0
12377,932,2024-08-09,175.59,54,Female,IL,Midwest,USA,Chicago,1
12378,433,2023-09-05,456.54,60,Male,WA,West,USA,Seattle,0
12379,483,2022-07-21,215.67,31,Female,ENG,England,UK,London,0
12380,264,2024-01-10,70.8,66,Male,CA,West,USA,Los Angeles,1
12381,846,2022-09-16,107.49,18,Female,CA,West,USA,Los Angeles,0
12382,489,2024-01-08,474.19,57,Male,MH,Maharashtra,India,Mumbai,0
12383,493,2022-04-05,210.98,57,Female,NY,Northeast,USA,New York,1
12384,724,2022-03-01,468.63,24,Female,CA,West,USA,Los Angeles,0
12385,766,2024-05-27,319.2,58,Female,CA,West,USA,Los Angeles,0
12386,680,2024-12-09,289.49,66,Male,NSW,NSW,Australia,Sydney,0
12387,163,2023-02-17,247.54,39,Male,WA,West,USA,Seattle,0
12388,930,2024-05-14,435.67,48,Male,WA,West,USA,Seattle,0
12389,826,2024-10-11,469.83,22,Female,MH,Maharashtra,India,Mumbai,0
12390,736,2023-11-24,76.59,52,Male,ENG,England,UK,London,0
12391,554,2024-10-26,235.34,34,Male,ON,Ontario,Canada,Toronto,1
12392,755,2023-12-06,157.47,46,Male,NSW,NSW,Australia,Sydney,0
12393,708,2022-09-01,450.7,47,Female,TX,South,USA,Houston,0
12394,290,2024-10-10,414.41,42,Female,CA,West,USA,Los Angeles,0
12395,470,2023-06-03,162.43,66,Male,TX,South,USA,Houston,1
12396,32,2024-05-01,235.32,29,Female,CA,West,USA,Los Angeles,0
12397,4,2022-07-23,215.41,40,Female,TX,South,USA,Houston,0
12398,514,2022-10-03,466.59,60,Other,TX,South,USA,Houston,0
12399,753,2022-09-02,242.1,22,Male,NY,Northeast,USA,New York,0
12400,779,2024-10-10,21.31,32,Female,ENG,England,UK,London,0
12401,823,2024-08-16,411.87,25,Male,TX,South,USA,Houston,0
12402,399,2023-10-14,60.74,32,Male,CA,West,USA,Los Angeles,0
12403,542,2022-03-21,319.06,20,Female,WA,West,USA,Seattle,0
12404,815,2023-05-21,277.31,58,Male,NY,Northeast,USA,New York,0
12405,34,2023-08-01,406.75,46,Female,IL,Midwest,USA,Chicago,0
12406,621,2024-01-22,313.12,40,Female,NY,Northeast,USA,New York,0
12407,392,2024-12-02,107.37,27,Other,WA,West,USA,Seattle,0
12408,333,2022-04-26,448.04,34,Male,TX,South,USA,Houston,0
12409,571,2023-02-09,479.79,67,Female,ENG,England,UK,London,0
12410,343,2024-09-26,242.07,50,Female,CA,West,USA,Los Angeles,0
12411,592,2023-03-28,327.13,64,Female,ENG,England,UK,London,0
12412,683,2023-08-03,297.53,67,Male,ON,Ontario,Canada,Toronto,0
12413,511,2024-04-11,304.39,69,Female,CA,West,USA,Los Angeles,1
12414,577,2023-03-04,57.45,66,Female,MH,Maharashtra,India,Mumbai,0
12415,396,2022-10-28,252.05,63,Female,CA,West,USA,Los Angeles,0
12416,67,2022-06-14,120.32,65,Female,CA,West,USA,Los Angeles,0
12417,339,2024-08-24,449.06,28,Male,WA,West,USA,Seattle,0
12418,553,2023-04-17,451.47,61,Male,TX,South,USA,Houston,0
12419,363,2024-08-24,21.45,29,Female,MH,Maharashtra,India,Mumbai,0
12420,44,2023-06-17,393.26,36,Other,CA,West,USA,Los Angeles,0
12421,511,2023-01-02,70.25,69,Female,CA,West,USA,Los Angeles,1
12422,548,2024-10-14,16.61,48,Female,TX,South,USA,Houston,0
12423,877,2023-08-19,17.71,46,Female,ENG,England,UK,London,1
12424,928,2023-12-28,252.64,33,Male,IL,Midwest,USA,Chicago,0
12425,581,2022-11-24,408.92,22,Male,NY,Northeast,USA,New York,0
12426,92,2024-08-15,182.1,59,Male,CA,West,USA,Los Angeles,0
12427,790,2023-01-23,490.85,18,Female,NY,Northeast,USA,New York,0
12428,484,2024-10-27,242.32,59,Female,NY,Northeast,USA,New York,0
12429,597,2023-08-25,108.59,48,Male,CA,West,USA,Los Angeles,0
12430,775,2023-11-28,249.05,62,Male,ENG,England,UK,London,0
12431,637,2023-08-11,336.24,30,Female,NY,Northeast,USA,New York,1
12432,429,2022-01-13,257.8,19,Female,CA,West,USA,Los Angeles,1
12433,846,2024-11-01,253.04,18,Female,CA,West,USA,Los Angeles,0
12434,360,2022-11-04,102.34,56,Female,NY,Northeast,USA,New York,0
12435,649,2024-02-23,395.0,67,Female,WA,West,USA,Seattle,0
12436,578,2022-09-10,181.69,45,Female,CA,West,USA,Los Angeles,0
12437,819,2023-07-13,514.72,52,Female,TX,South,USA,Houston,1
12438,855,2022-08-11,206.31,32,Female,TX,South,USA,Houston,0
12439,234,2024-11-26,132.79,57,Male,NY,Northeast,USA,New York,0
12440,867,2022-04-25,431.23,60,Male,NY,Northeast,USA,New York,1
12441,589,2023-01-21,118.99,61,Female,IL,Midwest,USA,Chicago,0
12442,271,2024-03-27,103.46,33,Male,FL,Southeast,USA,Miami,0
12443,615,2024-12-16,405.52,53,Other,CA,West,USA,Los Angeles,0
12444,968,2022-04-05,156.09,34,Male,FL,Southeast,USA,Miami,0
12445,617,2024-09-18,240.24,30,Male,NY,Northeast,USA,New York,0
12446,163,2023-10-01,244.88,39,Male,WA,West,USA,Seattle,0
12447,496,2022-11-12,393.94,39,Male,WA,West,USA,Seattle,0
12448,213,2023-01-24,308.89,59,Female,MH,Maharashtra,India,Mumbai,0
12449,262,2024-01-06,418.07,26,Male,CA,West,USA,Los Angeles,0
12450,701,2023-12-16,523.5,45,Female,CA,West,USA,Los Angeles,0
12451,115,2024-07-22,401.38,44,Male,ON,Ontario,Canada,Toronto,1
12452,867,2024-01-22,164.23,60,Male,NY,Northeast,USA,New York,1
12453,905,2023-01-17,408.95,41,Male,ON,Ontario,Canada,Toronto,0
12454,186,2023-11-10,452.05,41,Male,NY,Northeast,USA,New York,0
12455,313,2024-12-07,247.62,24,Other,IL,Midwest,USA,Chicago,0
12456,326,2023-07-05,353.16,29,Male,CA,West,USA,Los Angeles,1
12457,51,2022-06-21,250.29,57,Female,CA,West,USA,Los Angeles,1
12458,78,2023-09-08,76.85,29,Female,ON,Ontario,Canada,Toronto,0
12459,744,2024-01-19,411.17,32,Male,NY,Northeast,USA,New York,0
12460,461,2023-12-02,241.03,55,Female,FL,Southeast,USA,Miami,0
12461,230,2023-04-09,190.53,27,Female,NY,Northeast,USA,New York,0
12462,517,2022-03-11,239.19,63,Female,NY,Northeast,USA,New York,0
12463,246,2022-05-22,295.2,22,Female,FL,Southeast,USA,Miami,0
12464,591,2024-01-03,426.57,59,Male,NY,Northeast,USA,New York,0
12465,178,2023-06-14,482.57,26,Female,TX,South,USA,Houston,0
12466,188,2024-10-13,386.72,37,Other,TX,South,USA,Houston,0
12467,837,2024-07-10,556.87,60,Male,ENG,England,UK,London,0
12468,277,2023-09-23,92.4,42,Female,IL,Midwest,USA,Chicago,0
12469,289,2024-04-28,95.9,46,Female,ENG,England,UK,London,0
12470,756,2024-06-02,444.99,40,Female,TX,South,USA,Houston,0
12471,406,2024-07-27,358.87,44,Female,TX,South,USA,Houston,0
12472,110,2024-08-26,484.33,54,Male,TX,South,USA,Houston,1
12473,770,2023-03-24,363.24,37,Female,ENG,England,UK,London,0
12474,5,2024-11-04,18.11,40,Female,ON,Ontario,Canada,Toronto,0
12475,446,2022-02-11,339.62,52,Male,BY,Bavaria,Germany,Munich,0
12476,390,2024-02-19,127.36,25,Female,TX,South,USA,Houston,0
12477,663,2023-04-06,242.74,19,Female,NY,Northeast,USA,New York,0
12478,580,2023-09-07,369.77,23,Male,CA,West,USA,Los Angeles,0
12479,582,2024-02-16,371.37,61,Female,CA,West,USA,Los Angeles,0
12480,892,2024-01-24,221.14,54,Female,WA,West,USA,Seattle,0
12481,596,2022-07-05,359.4,59,Male,NY,Northeast,USA,New York,0
12482,40,2024-05-01,529.35,50,Female,TX,South,USA,Houston,0
12483,60,2024-03-28,137.85,53,Female,ENG,England,UK,London,1
12484,335,2024-09-12,76.75,41,Female,CA,West,USA,Los Angeles,1
12485,14,2024-09-03,85.3,57,Male,IL,Midwest,USA,Chicago,1
12486,857,2024-02-27,262.34,30,Female,TX,South,USA,Houston,0
12487,767,2024-04-08,174.87,49,Male,WA,West,USA,Seattle,0
12488,713,2023-05-04,253.41,55,Female,ENG,England,UK,London,0
12489,686,2023-12-19,54.41,59,Female,CA,West,USA,Los Angeles,0
12490,634,2024-10-22,146.72,37,Female,BY,Bavaria,Germany,Munich,0
12491,347,2024-05-04,201.72,69,Male,NY,Northeast,USA,New York,0
12492,10,2022-12-21,467.58,22,Male,IL,Midwest,USA,Chicago,0
12493,123,2022-07-11,155.55,52,Other,ON,Ontario,Canada,Toronto,0
12494,465,2023-06-09,35.64,18,Other,IL,Midwest,USA,Chicago,0
12495,253,2024-12-19,181.89,27,Male,ENG,England,UK,London,0
12496,979,2024-10-02,525.36,36,Female,NY,Northeast,USA,New York,0
12497,822,2024-08-05,245.67,52,Female,CA,West,USA,Los Angeles,0
12498,671,2022-08-24,411.1,67,Male,TX,South,USA,Houston,0
12499,409,2023-12-28,149.42,66,Male,ON,Ontario,Canada,Toronto,1
12500,816,2024-03-26,85.72,61,Female,NY,Northeast,USA,New York,1
12501,407,2023-05-22,268.56,40,Female,TX,South,USA,Houston,0
12502,514,2022-06-04,353.86,60,Other,TX,South,USA,Houston,0
12503,714,2023-12-09,449.6,57,Male,TX,South,USA,Houston,0
12504,362,2024-02-24,143.48,64,Female,MH,Maharashtra,India,Mumbai,1
12505,509,2023-02-20,523.07,31,Female,CA,West,USA,Los Angeles,0
12506,321,2022-06-24,249.73,34,Male,BY,Bavaria,Germany,Munich,0
12507,168,2023-03-12,271.49,26,Other,NY,Northeast,USA,New York,0
12508,797,2024-09-17,482.37,68,Male,IL,Midwest,USA,Chicago,0
12509,980,2023-05-21,222.15,47,Female,NSW,NSW,Australia,Sydney,0
12510,462,2023-11-22,403.98,25,Male,TX,South,USA,Houston,1
12511,44,2022-10-21,288.15,36,Other,CA,West,USA,Los Angeles,0
12512,323,2023-07-02,80.93,49,Male,TX,South,USA,Houston,0
12513,887,2024-11-06,29.27,20,Female,MH,Maharashtra,India,Mumbai,1
12514,656,2024-02-14,523.89,45,Male,ENG,England,UK,London,0
12515,264,2023-08-20,460.66,66,Male,CA,West,USA,Los Angeles,1
12516,999,2024-08-28,550.97,68,Male,ON,Ontario,Canada,Toronto,0
12517,129,2023-04-09,360.77,47,Female,CA,West,USA,Los Angeles,0
12518,431,2024-01-22,365.58,22,Male,FL,Southeast,USA,Miami,0
12519,500,2022-07-19,112.18,40,Male,TX,South,USA,Houston,0
12520,165,2023-07-08,344.21,39,Male,BY,Bavaria,Germany,Munich,0
12521,188,2024-09-05,279.24,37,Other,TX,South,USA,Houston,0
12522,643,2024-04-18,218.28,62,Female,WA,West,USA,Seattle,0
12523,49,2024-03-10,385.73,53,Female,NY,Northeast,USA,New York,1
12524,401,2024-12-06,57.84,69,Female,FL,Southeast,USA,Miami,0
12525,703,2024-02-07,287.73,26,Female,ENG,England,UK,London,0
12526,590,2024-12-07,427.25,61,Female,TX,South,USA,Houston,0
12527,385,2023-10-03,441.69,19,Male,NY,Northeast,USA,New York,0
12528,998,2023-08-06,265.11,36,Female,CA,West,USA,Los Angeles,1
12529,489,2024-05-28,204.7,57,Male,MH,Maharashtra,India,Mumbai,0
12530,459,2024-11-06,325.32,61,Female,ON,Ontario,Canada,Toronto,0
12531,645,2024-12-12,81.58,58,Male,NY,Northeast,USA,New York,0
12532,303,2023-10-14,58.11,18,Female,CA,West,USA,Los Angeles,0
12533,385,2022-09-20,411.38,19,Male,NY,Northeast,USA,New York,0
12534,981,2022-07-09,71.99,48,Male,TX,South,USA,Houston,0
12535,222,2024-02-24,240.2,41,Male,NY,Northeast,USA,New York,0
12536,668,2022-12-22,211.76,62,Female,TX,South,USA,Houston,0
12537,785,2024-01-15,550.71,42,Female,CA,West,USA,Los Angeles,1
12538,306,2022-07-26,355.54,25,Male,IL,Midwest,USA,Chicago,0
12539,315,2023-06-10,408.74,30,Male,ON,Ontario,Canada,Toronto,1
12540,318,2024-10-14,378.85,55,Female,TX,South,USA,Houston,1
12541,437,2023-10-17,152.14,47,Female,TX,South,USA,Houston,1
12542,605,2024-08-06,209.39,60,Male,FL,Southeast,USA,Miami,1
12543,754,2022-02-03,99.79,66,Female,FL,Southeast,USA,Miami,0
12544,364,2023-04-28,292.19,64,Female,TX,South,USA,Houston,0
12545,496,2024-02-02,53.96,39,Male,WA,West,USA,Seattle,0
12546,773,2024-12-02,507.24,18,Male,WA,West,USA,Seattle,0
12547,11,2022-02-03,106.26,45,Male,CA,West,USA,Los Angeles,0
12548,194,2023-12-16,121.49,36,Male,IL,Midwest,USA,Chicago,0
12549,113,2024-02-08,277.14,46,Other,WA,West,USA,Seattle,0
12550,191,2024-11-07,186.69,53,Male,WA,West,USA,Seattle,0
12551,859,2024-08-25,102.6,52,Female,MH,Maharashtra,India,Mumbai,0
12552,233,2024-11-27,552.13,19,Male,IL,Midwest,USA,Chicago,0
12553,962,2023-09-25,155.85,39,Female,IL,Midwest,USA,Chicago,0
12554,874,2023-10-10,394.71,24,Female,NY,Northeast,USA,New York,0
12555,376,2024-10-03,409.67,22,Female,WA,West,USA,Seattle,0
12556,92,2024-04-27,145.42,59,Male,CA,West,USA,Los Angeles,0
12557,235,2024-12-16,163.6,43,Male,ENG,England,UK,London,0
12558,602,2024-09-28,304.63,58,Male,CA,West,USA,Los Angeles,1
12559,463,2024-03-05,483.73,56,Male,FL,Southeast,USA,Miami,0
12560,864,2022-05-27,372.37,58,Male,ENG,England,UK,London,0
12561,356,2023-07-09,168.01,69,Female,MH,Maharashtra,India,Mumbai,0
12562,177,2024-11-23,34.9,55,Female,IL,Midwest,USA,Chicago,1
12563,673,2023-11-04,326.09,51,Male,TX,South,USA,Houston,0
12564,919,2022-05-21,243.11,31,Female,CA,West,USA,Los Angeles,0
12565,558,2023-09-14,189.22,63,Male,TX,South,USA,Houston,0
12566,712,2024-01-27,365.84,45,Female,TX,South,USA,Houston,0
12567,584,2024-05-05,533.49,20,Female,CA,West,USA,Los Angeles,0
12568,230,2024-11-07,507.04,27,Female,NY,Northeast,USA,New York,0
12569,551,2022-03-18,336.18,59,Female,MH,Maharashtra,India,Mumbai,0
12570,981,2023-05-23,508.85,48,Male,TX,South,USA,Houston,0
12571,997,2022-01-25,203.86,45,Female,FL,Southeast,USA,Miami,0
12572,833,2024-01-04,66.66,41,Female,ON,Ontario,Canada,Toronto,1
12573,513,2022-03-01,231.61,61,Female,CA,West,USA,Los Angeles,0
12574,57,2024-02-11,373.62,46,Male,BY,Bavaria,Germany,Munich,0
12575,436,2024-07-03,451.02,24,Male,CA,West,USA,Los Angeles,0
12576,826,2024-12-12,525.97,22,Female,MH,Maharashtra,India,Mumbai,0
12577,941,2023-02-14,279.21,53,Male,MH,Maharashtra,India,Mumbai,1
12578,577,2024-11-28,215.94,66,Female,MH,Maharashtra,India,Mumbai,0
12579,29,2024-09-01,165.78,46,Female,CA,West,USA,Los Angeles,0
12580,890,2022-03-09,307.36,32,Male,CA,West,USA,Los Angeles,0
12581,838,2023-05-10,370.42,28,Female,NY,Northeast,USA,New York,0
12582,590,2023-03-16,339.07,61,Female,TX,South,USA,Houston,0
12583,410,2023-10-09,111.95,18,Male,ENG,England,UK,London,1
12584,796,2024-10-18,256.08,33,Male,CA,West,USA,Los Angeles,0
12585,301,2023-05-24,49.18,36,Female,FL,Southeast,USA,Miami,0
12586,833,2024-01-19,296.79,41,Female,ON,Ontario,Canada,Toronto,1
12587,333,2022-03-19,114.96,34,Male,TX,South,USA,Houston,0
12588,797,2024-08-04,499.18,68,Male,IL,Midwest,USA,Chicago,0
12589,682,2022-02-25,406.03,25,Male,NSW,NSW,Australia,Sydney,0
12590,59,2023-07-16,390.52,56,Female,FL,Southeast,USA,Miami,0
12591,37,2023-08-05,68.99,62,Female,WA,West,USA,Seattle,0
12592,666,2024-09-18,256.4,54,Female,NY,Northeast,USA,New York,0
12593,452,2022-02-14,98.3,66,Male,CA,West,USA,Los Angeles,0
12594,897,2024-07-26,35.22,44,Female,NY,Northeast,USA,New York,0
12595,780,2024-07-19,232.08,62,Female,FL,Southeast,USA,Miami,0
12596,937,2024-11-27,183.38,26,Male,FL,Southeast,USA,Miami,0
12597,197,2024-07-28,515.12,35,Female,CA,West,USA,Los Angeles,0
12598,768,2024-06-07,519.43,42,Other,TX,South,USA,Houston,0
12599,441,2024-02-09,524.23,68,Male,NY,Northeast,USA,New York,0
12600,311,2022-09-06,17.02,52,Male,NY,Northeast,USA,New York,0
12601,376,2024-08-07,295.97,22,Female,WA,West,USA,Seattle,0
12602,859,2023-10-20,20.07,52,Female,MH,Maharashtra,India,Mumbai,0
12603,534,2024-09-27,342.93,32,Female,TX,South,USA,Houston,0
12604,26,2022-11-14,259.13,51,Male,CA,West,USA,Los Angeles,0
12605,479,2023-11-23,234.14,52,Female,IL,Midwest,USA,Chicago,0
12606,771,2024-05-21,40.08,51,Other,FL,Southeast,USA,Miami,0
12607,751,2023-03-08,65.07,67,Male,TX,South,USA,Houston,0
12608,486,2023-12-24,173.19,30,Female,BY,Bavaria,Germany,Munich,0
12609,795,2023-10-14,136.3,40,Male,NY,Northeast,USA,New York,0
12610,880,2024-12-01,109.34,50,Male,IL,Midwest,USA,Chicago,0
12611,56,2022-07-21,427.13,20,Male,WA,West,USA,Seattle,0
12612,502,2023-12-25,25.4,51,Female,TX,South,USA,Houston,0
12613,878,2024-02-07,130.77,56,Female,FL,Southeast,USA,Miami,0
12614,423,2024-08-08,514.47,57,Female,TX,South,USA,Houston,0
12615,998,2022-07-21,437.14,36,Female,CA,West,USA,Los Angeles,1
12616,845,2023-01-28,195.11,18,Other,IL,Midwest,USA,Chicago,0
12617,192,2022-03-08,404.16,50,Female,BY,Bavaria,Germany,Munich,0
12618,330,2024-03-13,94.75,46,Male,TX,South,USA,Houston,1
12619,392,2023-01-20,343.24,27,Other,WA,West,USA,Seattle,0
12620,488,2023-12-24,469.33,45,Male,IL,Midwest,USA,Chicago,1
12621,692,2023-12-01,255.74,59,Male,FL,Southeast,USA,Miami,1
12622,844,2024-11-06,102.78,19,Female,NY,Northeast,USA,New York,1
12623,560,2022-12-26,293.61,62,Female,CA,West,USA,Los Angeles,0
12624,13,2024-11-15,421.8,56,Male,FL,Southeast,USA,Miami,0
12625,855,2023-12-22,460.2,32,Female,TX,South,USA,Houston,0
12626,350,2023-03-02,207.52,26,Other,WA,West,USA,Seattle,0
12627,351,2024-04-03,167.1,45,Male,NY,Northeast,USA,New York,0
12628,833,2022-11-21,345.93,41,Female,ON,Ontario,Canada,Toronto,1
12629,815,2022-07-11,132.43,58,Male,NY,Northeast,USA,New York,0
12630,880,2023-10-27,136.7,50,Male,IL,Midwest,USA,Chicago,0
12631,915,2024-08-13,111.28,48,Male,TX,South,USA,Houston,0
12632,161,2022-05-24,190.07,69,Male,CA,West,USA,Los Angeles,0
12633,179,2024-04-16,252.26,64,Male,ENG,England,UK,London,0
12634,445,2023-10-20,387.09,44,Male,ON,Ontario,Canada,Toronto,0
12635,984,2023-07-19,66.56,51,Male,NY,Northeast,USA,New York,0
12636,344,2023-05-04,231.84,44,Male,NSW,NSW,Australia,Sydney,0
12637,342,2022-08-23,332.34,33,Female,FL,Southeast,USA,Miami,0
12638,976,2023-06-28,293.65,29,Female,CA,West,USA,Los Angeles,0
12639,970,2024-07-11,443.63,19,Male,NY,Northeast,USA,New York,0
12640,565,2023-09-10,474.07,64,Male,TX,South,USA,Houston,0
12641,600,2023-07-17,121.1,51,Male,NY,Northeast,USA,New York,0
12642,400,2024-12-18,509.86,34,Female,CA,West,USA,Los Angeles,0
12643,822,2022-07-11,443.83,52,Female,CA,West,USA,Los Angeles,0
12644,873,2023-12-08,199.58,23,Male,NY,Northeast,USA,New York,0
12645,264,2023-11-28,433.04,66,Male,CA,West,USA,Los Angeles,1
12646,709,2022-11-24,262.46,42,Male,CA,West,USA,Los Angeles,0
12647,522,2024-10-17,456.19,25,Female,CA,West,USA,Los Angeles,0
12648,713,2024-08-11,421.71,55,Female,ENG,England,UK,London,0
12649,426,2023-07-10,510.47,28,Male,CA,West,USA,Los Angeles,1
12650,612,2024-08-11,132.54,42,Male,TX,South,USA,Houston,0
12651,638,2022-03-17,370.67,33,Male,WA,West,USA,Seattle,0
12652,417,2024-04-01,18.83,68,Male,IL,Midwest,USA,Chicago,0
12653,214,2024-01-19,517.05,41,Female,ENG,England,UK,London,0
12654,99,2022-10-17,107.47,51,Other,ON,Ontario,Canada,Toronto,0
12655,973,2024-02-05,216.14,42,Male,IL,Midwest,USA,Chicago,0
12656,635,2024-08-08,473.88,27,Other,TX,South,USA,Houston,0
12657,448,2023-03-08,258.69,67,Female,BY,Bavaria,Germany,Munich,0
12658,415,2023-01-26,355.37,18,Other,CA,West,USA,Los Angeles,0
12659,410,2024-07-27,209.56,18,Male,ENG,England,UK,London,1
12660,453,2022-11-22,282.15,43,Male,WA,West,USA,Seattle,0
12661,447,2022-05-20,424.27,34,Female,CA,West,USA,Los Angeles,1
12662,924,2023-12-27,474.18,25,Male,CA,West,USA,Los Angeles,0
12663,454,2024-01-21,261.62,19,Male,MH,Maharashtra,India,Mumbai,0
12664,722,2023-07-11,384.64,66,Male,TX,South,USA,Houston,0
12665,490,2023-03-11,253.27,49,Female,CA,West,USA,Los Angeles,0
12666,782,2022-05-19,470.43,51,Male,CA,West,USA,Los Angeles,0
12667,12,2022-01-12,366.5,68,Female,CA,West,USA,Los Angeles,0
12668,761,2024-01-13,247.89,27,Male,IL,Midwest,USA,Chicago,0
12669,220,2022-10-28,254.08,64,Other,ON,Ontario,Canada,Toronto,0
12670,433,2024-09-26,111.7,60,Male,WA,West,USA,Seattle,0
12671,631,2023-03-17,499.36,56,Other,CA,West,USA,Los Angeles,0
12672,559,2024-12-10,151.17,59,Female,CA,West,USA,Los Angeles,0
12673,53,2023-09-13,104.79,36,Male,NY,Northeast,USA,New York,0
12674,544,2024-05-10,259.32,27,Female,BY,Bavaria,Germany,Munich,0
12675,131,2022-06-12,365.82,47,Female,TX,South,USA,Houston,1
12676,241,2024-05-11,385.87,25,Male,NY,Northeast,USA,New York,0
12677,464,2023-11-13,142.83,39,Male,CA,West,USA,Los Angeles,0
12678,633,2022-07-14,139.83,40,Male,MH,Maharashtra,India,Mumbai,0
12679,524,2023-03-18,132.99,60,Female,NY,Northeast,USA,New York,0
12680,375,2022-03-25,305.58,64,Female,BY,Bavaria,Germany,Munich,0
12681,90,2023-05-15,507.72,61,Male,CA,West,USA,Los Angeles,0
12682,55,2024-06-06,499.31,43,Male,NY,Northeast,USA,New York,0
12683,447,2024-08-06,288.07,34,Female,CA,West,USA,Los Angeles,1
12684,971,2024-12-19,218.56,33,Female,TX,South,USA,Houston,0
12685,818,2024-04-28,228.38,23,Male,WA,West,USA,Seattle,1
12686,417,2023-05-09,429.35,68,Male,IL,Midwest,USA,Chicago,0
12687,210,2022-01-03,328.79,58,Female,NY,Northeast,USA,New York,0
12688,350,2024-06-03,33.85,26,Other,WA,West,USA,Seattle,0
12689,490,2022-09-08,47.07,49,Female,CA,West,USA,Los Angeles,0
12690,628,2022-12-27,245.86,37,Female,NY,Northeast,USA,New York,0
12691,554,2022-10-22,270.84,34,Male,ON,Ontario,Canada,Toronto,1
12692,454,2023-02-23,509.54,19,Male,MH,Maharashtra,India,Mumbai,0
12693,634,2023-11-10,83.87,37,Female,BY,Bavaria,Germany,Munich,0
12694,978,2023-11-27,430.11,47,Other,CA,West,USA,Los Angeles,0
12695,416,2024-03-12,502.65,53,Other,CA,West,USA,Los Angeles,1
12696,51,2024-12-12,218.44,57,Female,CA,West,USA,Los Angeles,1
12697,851,2024-10-27,100.0,68,Female,CA,West,USA,Los Angeles,0
12698,817,2022-10-22,130.69,20,Female,CA,West,USA,Los Angeles,1
12699,589,2022-07-09,334.76,61,Female,IL,Midwest,USA,Chicago,0
12700,22,2024-03-19,49.5,37,Male,TX,South,USA,Houston,0
12701,891,2022-11-10,443.94,23,Female,FL,Southeast,USA,Miami,0
12702,183,2023-07-18,403.58,43,Male,IL,Midwest,USA,Chicago,0
12703,966,2024-12-04,447.19,48,Female,IL,Midwest,USA,Chicago,0
12704,175,2024-03-02,417.49,54,Female,WA,West,USA,Seattle,0
12705,4,2022-05-27,73.06,40,Female,TX,South,USA,Houston,0
12706,341,2024-10-03,412.31,51,Male,CA,West,USA,Los Angeles,1
12707,493,2024-08-12,340.04,57,Female,NY,Northeast,USA,New York,1
12708,876,2024-06-06,39.17,44,Male,CA,West,USA,Los Angeles,0
12709,43,2023-09-01,158.44,54,Female,NY,Northeast,USA,New York,0
12710,244,2024-10-21,243.4,51,Male,NSW,NSW,Australia,Sydney,0
12711,658,2024-08-08,309.15,50,Male,NY,Northeast,USA,New York,0
12712,516,2023-05-23,104.37,23,Male,TX,South,USA,Houston,0
12713,853,2024-08-16,300.54,68,Male,NY,Northeast,USA,New York,1
12714,479,2024-08-19,536.73,52,Female,IL,Midwest,USA,Chicago,0
12715,624,2023-11-19,194.79,39,Male,CA,West,USA,Los Angeles,0
12716,237,2023-09-06,89.28,52,Male,ENG,England,UK,London,0
12717,394,2023-07-13,254.05,49,Male,CA,West,USA,Los Angeles,0
12718,464,2024-01-22,258.48,39,Male,CA,West,USA,Los Angeles,0
12719,603,2022-03-07,459.42,56,Female,ON,Ontario,Canada,Toronto,0
12720,844,2023-05-04,250.75,19,Female,NY,Northeast,USA,New York,1
12721,332,2022-08-12,129.23,37,Female,NSW,NSW,Australia,Sydney,0
12722,699,2024-10-26,134.4,20,Male,NY,Northeast,USA,New York,0
12723,206,2024-12-10,30.16,31,Female,MH,Maharashtra,India,Mumbai,0
12724,392,2023-08-11,395.68,27,Other,WA,West,USA,Seattle,0
12725,83,2023-10-04,149.7,26,Male,TX,South,USA,Houston,0
12726,270,2023-08-21,419.86,48,Female,ON,Ontario,Canada,Toronto,0
12727,794,2023-06-10,296.44,60,Male,NY,Northeast,USA,New York,0
12728,516,2024-08-05,401.75,23,Male,TX,South,USA,Houston,0
12729,907,2022-06-03,109.56,39,Other,FL,Southeast,USA,Miami,0
12730,225,2024-07-09,96.26,55,Male,TX,South,USA,Houston,0
12731,431,2024-12-06,240.68,22,Male,FL,Southeast,USA,Miami,0
12732,156,2024-08-14,207.0,52,Male,TX,South,USA,Houston,1
12733,289,2023-02-12,273.49,46,Female,ENG,England,UK,London,0
12734,44,2023-07-14,399.27,36,Other,CA,West,USA,Los Angeles,0
12735,213,2022-12-11,455.34,59,Female,MH,Maharashtra,India,Mumbai,0
12736,11,2024-02-03,337.36,45,Male,CA,West,USA,Los Angeles,0
12737,672,2024-12-22,135.15,49,Female,NY,Northeast,USA,New York,0
12738,973,2024-12-16,173.32,42,Male,IL,Midwest,USA,Chicago,0
12739,46,2024-08-06,508.22,68,Male,NY,Northeast,USA,New York,0
12740,362,2023-05-03,119.49,64,Female,MH,Maharashtra,India,Mumbai,1
12741,889,2024-01-27,63.3,18,Female,IL,Midwest,USA,Chicago,0
12742,38,2024-01-26,516.73,61,Male,IL,Midwest,USA,Chicago,0
12743,713,2022-06-06,23.07,55,Female,ENG,England,UK,London,0
12744,582,2024-10-12,422.2,61,Female,CA,West,USA,Los Angeles,0
12745,829,2024-12-17,91.11,62,Male,FL,Southeast,USA,Miami,1
12746,471,2024-03-13,376.9,56,Male,NY,Northeast,USA,New York,0
12747,82,2024-07-24,113.52,40,Female,NY,Northeast,USA,New York,1
12748,575,2023-07-17,476.58,18,Female,NY,Northeast,USA,New York,0
12749,969,2024-06-08,38.57,65,Female,FL,Southeast,USA,Miami,0
12750,542,2022-07-22,159.2,20,Female,WA,West,USA,Seattle,0
12751,51,2024-12-25,440.93,57,Female,CA,West,USA,Los Angeles,1
12752,101,2022-06-02,287.99,61,Female,BY,Bavaria,Germany,Munich,0
12753,490,2024-03-24,242.72,49,Female,CA,West,USA,Los Angeles,0
12754,749,2023-09-20,236.82,34,Female,NY,Northeast,USA,New York,0
12755,211,2022-01-26,256.14,31,Other,WA,West,USA,Seattle,0
12756,377,2022-12-26,497.49,56,Male,NY,Northeast,USA,New York,0
12757,967,2024-12-02,380.9,49,Male,ON,Ontario,Canada,Toronto,0
12758,997,2022-02-13,248.66,45,Female,FL,Southeast,USA,Miami,0
12759,892,2022-08-03,167.71,54,Female,WA,West,USA,Seattle,0
12760,591,2022-11-01,256.86,59,Male,NY,Northeast,USA,New York,0
12761,894,2023-07-26,489.81,68,Male,CA,West,USA,Los Angeles,0
12762,491,2024-07-07,131.37,66,Female,CA,West,USA,Los Angeles,0
12763,992,2023-12-02,190.04,46,Female,TX,South,USA,Houston,0
12764,362,2023-04-27,44.36,64,Female,MH,Maharashtra,India,Mumbai,1
12765,916,2022-07-12,318.32,41,Female,CA,West,USA,Los Angeles,0
12766,539,2022-02-04,385.84,46,Male,FL,Southeast,USA,Miami,0
12767,932,2023-05-08,338.87,54,Female,IL,Midwest,USA,Chicago,1
12768,474,2022-11-01,407.8,42,Female,NY,Northeast,USA,New York,0
12769,887,2022-10-19,387.67,20,Female,MH,Maharashtra,India,Mumbai,1
12770,526,2022-08-27,486.51,34,Male,NY,Northeast,USA,New York,0
12771,817,2023-02-11,245.6,20,Female,CA,West,USA,Los Angeles,1
12772,971,2024-11-25,57.34,33,Female,TX,South,USA,Houston,0
12773,80,2022-05-10,272.34,52,Male,ENG,England,UK,London,0
12774,406,2024-07-13,434.33,44,Female,TX,South,USA,Houston,0
12775,5,2024-04-06,234.54,40,Female,ON,Ontario,Canada,Toronto,0
12776,281,2024-07-01,257.74,32,Male,CA,West,USA,Los Angeles,1
12777,50,2022-08-05,371.31,58,Male,NY,Northeast,USA,New York,0
12778,426,2024-05-17,20.44,28,Male,CA,West,USA,Los Angeles,1
12779,344,2024-07-03,371.92,44,Male,NSW,NSW,Australia,Sydney,0
12780,53,2024-06-23,399.32,36,Male,NY,Northeast,USA,New York,0
12781,382,2024-09-26,543.9,66,Female,FL,Southeast,USA,Miami,0
12782,457,2022-08-09,367.67,25,Female,FL,Southeast,USA,Miami,0
12783,23,2024-11-08,83.03,27,Male,ENG,England,UK,London,0
12784,921,2024-01-05,284.67,63,Female,CA,West,USA,Los Angeles,0
12785,312,2022-01-12,208.91,52,Male,TX,South,USA,Houston,0
12786,202,2022-03-26,206.46,65,Male,MH,Maharashtra,India,Mumbai,1
12787,55,2024-02-11,442.06,43,Male,NY,Northeast,USA,New York,0
12788,90,2022-07-22,294.74,61,Male,CA,West,USA,Los Angeles,0
12789,691,2024-03-10,412.3,69,Male,CA,West,USA,Los Angeles,0
12790,16,2023-01-13,397.97,58,Male,NY,Northeast,USA,New York,0
12791,94,2024-04-14,388.96,38,Female,TX,South,USA,Houston,0
12792,645,2022-07-26,381.31,58,Male,NY,Northeast,USA,New York,0
12793,345,2024-10-14,131.15,65,Male,CA,West,USA,Los Angeles,0
12794,766,2023-06-18,61.87,58,Female,CA,West,USA,Los Angeles,0
12795,700,2024-12-24,99.7,22,Female,IL,Midwest,USA,Chicago,0
12796,672,2022-03-27,406.29,49,Female,NY,Northeast,USA,New York,0
12797,68,2022-07-26,478.47,37,Male,CA,West,USA,Los Angeles,0
12798,641,2022-04-03,469.05,52,Male,ENG,England,UK,London,0
12799,901,2022-11-04,16.29,18,Male,FL,Southeast,USA,Miami,0
12800,817,2024-03-13,557.3,20,Female,CA,West,USA,Los Angeles,1
12801,938,2022-12-10,444.4,25,Female,IL,Midwest,USA,Chicago,0
12802,854,2022-10-20,107.44,30,Male,TX,South,USA,Houston,0
12803,919,2024-08-13,317.1,31,Female,CA,West,USA,Los Angeles,0
12804,337,2023-07-12,522.01,68,Female,CA,West,USA,Los Angeles,0
12805,256,2022-05-03,240.79,25,Male,FL,Southeast,USA,Miami,0
12806,580,2024-01-10,534.45,23,Male,CA,West,USA,Los Angeles,0
12807,190,2023-12-16,293.06,33,Female,NY,Northeast,USA,New York,1
12808,659,2024-10-20,200.19,21,Male,TX,South,USA,Houston,0
12809,991,2024-02-05,99.3,35,Male,NSW,NSW,Australia,Sydney,0
12810,342,2023-02-17,64.66,33,Female,FL,Southeast,USA,Miami,0
12811,344,2024-05-17,399.03,44,Male,NSW,NSW,Australia,Sydney,0
12812,637,2024-10-08,190.97,30,Female,NY,Northeast,USA,New York,1
12813,610,2023-07-25,222.38,62,Male,CA,West,USA,Los Angeles,0
12814,660,2024-09-13,525.54,32,Female,CA,West,USA,Los Angeles,1
12815,403,2023-01-08,114.4,34,Male,ON,Ontario,Canada,Toronto,0
12816,1,2023-12-20,204.48,22,Female,IL,Midwest,USA,Chicago,0
12817,239,2024-03-06,510.37,34,Male,TX,South,USA,Houston,0
12818,85,2022-05-18,470.89,50,Female,FL,Southeast,USA,Miami,0
12819,166,2023-12-20,427.55,60,Female,ENG,England,UK,London,0
12820,735,2022-10-13,197.74,28,Male,IL,Midwest,USA,Chicago,0
12821,105,2024-07-06,80.05,59,Other,NY,Northeast,USA,New York,1
12822,76,2024-11-08,444.43,42,Female,NY,Northeast,USA,New York,0
12823,202,2023-01-07,446.4,65,Male,MH,Maharashtra,India,Mumbai,1
12824,508,2022-02-04,360.27,30,Male,CA,West,USA,Los Angeles,0
12825,34,2024-03-28,196.36,46,Female,IL,Midwest,USA,Chicago,0
12826,45,2023-04-24,349.47,21,Male,TX,South,USA,Houston,0
12827,899,2023-09-15,375.36,21,Female,CA,West,USA,Los Angeles,0
12828,829,2022-07-23,444.84,62,Male,FL,Southeast,USA,Miami,1
12829,219,2024-06-19,87.57,41,Female,IL,Midwest,USA,Chicago,0
12830,555,2023-10-18,147.63,69,Male,NY,Northeast,USA,New York,1
12831,765,2024-05-21,232.75,36,Female,FL,Southeast,USA,Miami,0
12832,204,2024-02-16,456.63,54,Female,FL,Southeast,USA,Miami,0
12833,542,2022-06-16,447.91,20,Female,WA,West,USA,Seattle,0
12834,863,2023-10-04,155.21,24,Female,TX,South,USA,Houston,0
12835,56,2022-07-18,257.03,20,Male,WA,West,USA,Seattle,0
12836,120,2022-12-13,307.78,23,Male,CA,West,USA,Los Angeles,1
12837,840,2024-11-07,102.01,65,Male,CA,West,USA,Los Angeles,0
12838,908,2022-10-14,398.26,27,Male,NY,Northeast,USA,New York,0
12839,669,2024-10-24,269.63,65,Female,NY,Northeast,USA,New York,0
12840,973,2024-08-13,502.2,42,Male,IL,Midwest,USA,Chicago,0
12841,744,2022-12-14,278.69,32,Male,NY,Northeast,USA,New York,0
12842,658,2024-08-07,468.38,50,Male,NY,Northeast,USA,New York,0
12843,24,2023-06-23,36.1,66,Female,WA,West,USA,Seattle,0
12844,839,2022-03-04,225.04,18,Female,FL,Southeast,USA,Miami,0
12845,321,2023-11-24,228.3,34,Male,BY,Bavaria,Germany,Munich,0
12846,824,2024-06-27,117.63,51,Female,CA,West,USA,Los Angeles,0
12847,4,2023-10-05,302.31,40,Female,TX,South,USA,Houston,0
12848,454,2023-12-16,400.41,19,Male,MH,Maharashtra,India,Mumbai,0
12849,622,2023-06-17,266.83,42,Male,CA,West,USA,Los Angeles,0
12850,123,2023-05-25,442.72,52,Other,ON,Ontario,Canada,Toronto,0
12851,369,2022-03-10,153.56,19,Male,TX,South,USA,Houston,0
12852,84,2024-07-19,174.94,61,Male,NY,Northeast,USA,New York,1
12853,468,2024-09-03,102.76,48,Male,ON,Ontario,Canada,Toronto,0
12854,104,2024-05-23,441.53,18,Female,ON,Ontario,Canada,Toronto,0
12855,245,2022-07-22,82.52,50,Female,IL,Midwest,USA,Chicago,0
12856,514,2023-07-07,88.39,60,Other,TX,South,USA,Houston,0
12857,453,2022-04-04,13.44,43,Male,WA,West,USA,Seattle,0
12858,36,2023-01-03,212.27,21,Male,TX,South,USA,Houston,0
12859,811,2024-04-24,250.97,20,Male,MH,Maharashtra,India,Mumbai,0
12860,481,2023-11-18,244.91,32,Other,ENG,England,UK,London,0
12861,298,2024-04-11,431.67,40,Male,NY,Northeast,USA,New York,0
12862,287,2023-01-16,225.99,26,Female,NY,Northeast,USA,New York,0
12863,101,2024-06-16,13.54,61,Female,BY,Bavaria,Germany,Munich,0
12864,872,2024-09-03,345.66,28,Female,NY,Northeast,USA,New York,0
12865,761,2024-10-13,105.17,27,Male,IL,Midwest,USA,Chicago,0
12866,91,2024-06-18,24.94,40,Female,CA,West,USA,Los Angeles,0
12867,880,2024-08-18,437.82,50,Male,IL,Midwest,USA,Chicago,0
12868,681,2024-10-06,146.11,55,Female,WA,West,USA,Seattle,0
12869,689,2023-11-26,402.9,41,Male,NY,Northeast,USA,New York,0
12870,82,2023-09-04,343.91,40,Female,NY,Northeast,USA,New York,1
12871,283,2024-09-25,495.96,52,Female,NY,Northeast,USA,New York,0
12872,528,2022-02-28,185.5,25,Male,NY,Northeast,USA,New York,0
12873,674,2024-06-22,367.96,22,Female,CA,West,USA,Los Angeles,1
12874,335,2023-11-16,305.74,41,Female,CA,West,USA,Los Angeles,1
12875,802,2024-03-06,440.79,33,Female,WA,West,USA,Seattle,0
12876,550,2023-05-10,181.66,53,Male,NY,Northeast,USA,New York,0
12877,841,2024-09-16,340.2,33,Male,CA,West,USA,Los Angeles,1
12878,74,2022-12-03,275.03,24,Female,ON,Ontario,Canada,Toronto,0
12879,289,2023-01-20,33.24,46,Female,ENG,England,UK,London,0
12880,501,2024-11-26,29.86,23,Male,ON,Ontario,Canada,Toronto,0
12881,786,2023-04-21,479.62,48,Female,CA,West,USA,Los Angeles,0
12882,509,2023-11-27,343.41,31,Female,CA,West,USA,Los Angeles,0
12883,291,2024-11-14,347.68,59,Male,WA,West,USA,Seattle,0
12884,844,2024-10-08,419.01,19,Female,NY,Northeast,USA,New York,1
12885,36,2022-12-01,17.67,21,Male,TX,South,USA,Houston,0
12886,57,2024-12-13,138.56,46,Male,BY,Bavaria,Germany,Munich,0
12887,357,2022-12-04,328.56,25,Female,NY,Northeast,USA,New York,0
12888,124,2022-07-19,362.01,42,Female,CA,West,USA,Los Angeles,0
12889,309,2024-07-23,356.73,34,Female,TX,South,USA,Houston,0
12890,981,2022-02-04,211.4,48,Male,TX,South,USA,Houston,0
12891,424,2023-04-15,316.46,48,Female,NY,Northeast,USA,New York,0
12892,488,2023-09-16,374.12,45,Male,IL,Midwest,USA,Chicago,1
12893,399,2024-02-09,234.23,32,Male,CA,West,USA,Los Angeles,0
12894,711,2023-12-07,303.54,53,Female,MH,Maharashtra,India,Mumbai,0
12895,387,2022-04-20,48.7,21,Male,CA,West,USA,Los Angeles,0
12896,292,2024-02-07,104.25,31,Male,NY,Northeast,USA,New York,0
12897,16,2024-04-01,435.19,58,Male,NY,Northeast,USA,New York,0
12898,631,2023-01-17,207.97,56,Other,CA,West,USA,Los Angeles,0
12899,797,2024-03-02,438.19,68,Male,IL,Midwest,USA,Chicago,0
12900,424,2023-08-09,360.82,48,Female,NY,Northeast,USA,New York,0
12901,315,2023-05-03,198.94,30,Male,ON,Ontario,Canada,Toronto,1
12902,832,2023-11-16,410.98,30,Female,NY,Northeast,USA,New York,0
12903,950,2022-06-07,71.92,32,Male,FL,Southeast,USA,Miami,0
12904,435,2024-10-08,99.33,40,Female,IL,Midwest,USA,Chicago,0
12905,205,2023-09-12,223.11,41,Male,TX,South,USA,Houston,0
12906,677,2024-03-14,371.1,48,Female,TX,South,USA,Houston,0
12907,623,2023-01-21,165.26,26,Female,NY,Northeast,USA,New York,0
12908,333,2022-11-27,168.38,34,Male,TX,South,USA,Houston,0
12909,810,2023-09-17,458.18,69,Female,ENG,England,UK,London,0
12910,205,2022-03-14,450.94,41,Male,TX,South,USA,Houston,0
12911,48,2024-09-17,512.0,64,Male,WA,West,USA,Seattle,0
12912,218,2024-05-15,23.26,23,Male,FL,Southeast,USA,Miami,1
12913,744,2024-01-01,449.37,32,Male,NY,Northeast,USA,New York,0
12914,566,2024-04-14,429.28,30,Other,BY,Bavaria,Germany,Munich,0
12915,687,2023-10-21,144.68,39,Male,ON,Ontario,Canada,Toronto,0
12916,491,2022-06-24,121.05,66,Female,CA,West,USA,Los Angeles,0
12917,116,2023-08-03,28.7,47,Female,CA,West,USA,Los Angeles,1
12918,703,2024-03-20,462.35,26,Female,ENG,England,UK,London,0
12919,668,2023-02-04,326.15,62,Female,TX,South,USA,Houston,0
12920,849,2022-04-01,17.76,60,Male,CA,West,USA,Los Angeles,0
12921,126,2024-07-02,134.82,47,Male,IL,Midwest,USA,Chicago,0
12922,37,2022-11-04,417.08,62,Female,WA,West,USA,Seattle,0
12923,303,2023-10-03,323.34,18,Female,CA,West,USA,Los Angeles,0
12924,800,2022-03-17,429.33,41,Male,IL,Midwest,USA,Chicago,1
12925,103,2023-02-26,86.8,59,Female,IL,Midwest,USA,Chicago,0
12926,861,2023-04-22,505.38,68,Female,ON,Ontario,Canada,Toronto,0
12927,947,2024-11-21,125.04,68,Female,CA,West,USA,Los Angeles,0
12928,711,2024-07-04,177.77,53,Female,MH,Maharashtra,India,Mumbai,0
12929,960,2022-11-27,463.78,39,Male,TX,South,USA,Houston,0
12930,680,2024-06-15,182.92,66,Male,NSW,NSW,Australia,Sydney,0
12931,88,2024-08-01,337.84,34,Male,FL,Southeast,USA,Miami,0
12932,939,2024-08-18,200.04,42,Female,TX,South,USA,Houston,0
12933,796,2024-08-20,417.14,33,Male,CA,West,USA,Los Angeles,0
12934,890,2024-07-12,182.09,32,Male,CA,West,USA,Los Angeles,0
12935,120,2022-04-21,226.23,23,Male,CA,West,USA,Los Angeles,1
12936,368,2023-06-20,54.11,34,Female,CA,West,USA,Los Angeles,0
12937,200,2023-12-17,488.94,68,Male,IL,Midwest,USA,Chicago,0
12938,644,2023-04-10,481.19,43,Female,ON,Ontario,Canada,Toronto,1
12939,614,2024-10-28,452.54,38,Female,FL,Southeast,USA,Miami,0
12940,536,2024-12-18,490.35,25,Female,WA,West,USA,Seattle,0
12941,167,2023-08-13,323.66,34,Female,ON,Ontario,Canada,Toronto,0
12942,107,2024-07-22,58.1,58,Female,NSW,NSW,Australia,Sydney,0
12943,983,2024-02-07,49.94,46,Female,CA,West,USA,Los Angeles,0
12944,231,2023-10-27,418.89,42,Male,NSW,NSW,Australia,Sydney,0
12945,959,2024-12-21,294.98,68,Female,NY,Northeast,USA,New York,0
12946,505,2023-12-18,154.48,32,Female,CA,West,USA,Los Angeles,0
12947,20,2023-03-08,30.06,41,Female,CA,West,USA,Los Angeles,0
12948,453,2023-12-10,521.71,43,Male,WA,West,USA,Seattle,0
12949,878,2024-06-27,64.27,56,Female,FL,Southeast,USA,Miami,0
12950,574,2023-08-21,199.8,20,Female,ENG,England,UK,London,0
12951,946,2023-04-04,363.9,24,Female,FL,Southeast,USA,Miami,0
12952,798,2024-04-23,353.16,41,Male,CA,West,USA,Los Angeles,0
12953,888,2024-08-04,80.56,28,Male,CA,West,USA,Los Angeles,0
12954,804,2022-07-12,314.02,65,Male,TX,South,USA,Houston,0
12955,692,2022-12-12,174.84,59,Male,FL,Southeast,USA,Miami,1
12956,272,2024-04-11,104.83,19,Female,WA,West,USA,Seattle,1
12957,624,2024-11-14,349.85,39,Male,CA,West,USA,Los Angeles,0
12958,266,2023-07-05,478.29,48,Male,CA,West,USA,Los Angeles,0
12959,640,2023-02-19,400.94,67,Female,ON,Ontario,Canada,Toronto,0
12960,616,2023-04-19,94.99,51,Male,BY,Bavaria,Germany,Munich,0
12961,797,2024-10-24,106.76,68,Male,IL,Midwest,USA,Chicago,0
12962,379,2023-11-13,254.37,37,Female,TX,South,USA,Houston,0
12963,296,2024-01-15,22.8,45,Male,NY,Northeast,USA,New York,0
12964,960,2022-06-04,20.17,39,Male,TX,South,USA,Houston,0
12965,332,2024-07-10,149.45,37,Female,NSW,NSW,Australia,Sydney,0
12966,635,2022-08-16,62.28,27,Other,TX,South,USA,Houston,0
12967,886,2024-09-12,311.24,56,Male,WA,West,USA,Seattle,1
12968,258,2022-11-28,31.29,23,Female,MH,Maharashtra,India,Mumbai,1
12969,383,2022-04-08,129.33,67,Female,TX,South,USA,Houston,0
12970,106,2022-02-02,38.52,58,Female,NY,Northeast,USA,New York,0
12971,177,2022-03-25,269.93,55,Female,IL,Midwest,USA,Chicago,1
12972,724,2023-12-15,193.75,24,Female,CA,West,USA,Los Angeles,0
12973,117,2024-08-02,56.77,19,Female,CA,West,USA,Los Angeles,0
12974,321,2024-04-27,205.68,34,Male,BY,Bavaria,Germany,Munich,0
12975,139,2023-10-06,10.94,36,Female,NY,Northeast,USA,New York,0
12976,192,2023-08-27,439.34,50,Female,BY,Bavaria,Germany,Munich,0
12977,801,2023-06-10,199.52,18,Male,NSW,NSW,Australia,Sydney,0
12978,253,2024-01-10,376.64,27,Male,ENG,England,UK,London,0
12979,498,2022-10-06,357.29,37,Male,NY,Northeast,USA,New York,0
12980,695,2023-10-05,298.82,22,Female,FL,Southeast,USA,Miami,1
12981,928,2022-04-23,298.53,33,Male,IL,Midwest,USA,Chicago,0
12982,659,2022-04-12,220.02,21,Male,TX,South,USA,Houston,0
12983,401,2024-04-16,234.81,69,Female,FL,Southeast,USA,Miami,0
12984,101,2022-09-09,159.92,61,Female,BY,Bavaria,Germany,Munich,0
12985,442,2022-05-12,44.91,33,Female,TX,South,USA,Houston,0
12986,665,2024-05-14,202.99,49,Male,ENG,England,UK,London,0
12987,14,2022-06-09,236.63,57,Male,IL,Midwest,USA,Chicago,1
12988,617,2024-12-17,84.59,30,Male,NY,Northeast,USA,New York,0
12989,12,2023-07-14,482.24,68,Female,CA,West,USA,Los Angeles,0
12990,801,2024-06-22,15.8,18,Male,NSW,NSW,Australia,Sydney,0
12991,961,2024-07-22,134.01,25,Female,ENG,England,UK,London,0
12992,88,2022-10-18,343.11,34,Male,FL,Southeast,USA,Miami,0
12993,935,2024-11-03,463.12,41,Male,IL,Midwest,USA,Chicago,0
12994,273,2023-12-25,256.66,25,Female,FL,Southeast,USA,Miami,0
12995,77,2023-07-20,316.32,35,Female,WA,West,USA,Seattle,1
12996,804,2024-07-21,161.02,65,Male,TX,South,USA,Houston,0
12997,318,2024-05-19,534.94,55,Female,TX,South,USA,Houston,1
12998,440,2023-10-15,345.18,38,Male,CA,West,USA,Los Angeles,0
12999,985,2023-09-16,78.88,48,Female,ON,Ontario,Canada,Toronto,0
13000,909,2022-05-04,370.85,37,Female,NY,Northeast,USA,New York,0
13001,537,2024-07-26,81.32,41,Male,NSW,NSW,Australia,Sydney,0
13002,693,2024-03-23,232.56,66,Female,IL,Midwest,USA,Chicago,0
13003,278,2023-09-26,265.74,58,Male,TX,South,USA,Houston,0
13004,55,2024-04-20,407.66,43,Male,NY,Northeast,USA,New York,0
13005,705,2022-05-08,498.2,24,Male,NY,Northeast,USA,New York,0
13006,452,2024-01-10,215.07,66,Male,CA,West,USA,Los Angeles,0
13007,927,2024-04-25,382.04,46,Male,CA,West,USA,Los Angeles,0
13008,297,2024-03-07,380.21,62,Male,FL,Southeast,USA,Miami,1
13009,221,2022-10-18,100.25,24,Female,CA,West,USA,Los Angeles,0
13010,761,2023-09-19,344.5,27,Male,IL,Midwest,USA,Chicago,0
13011,533,2022-07-06,440.91,26,Female,NY,Northeast,USA,New York,0
13012,150,2024-06-03,316.19,21,Male,ON,Ontario,Canada,Toronto,0
13013,642,2024-11-01,274.5,65,Female,TX,South,USA,Houston,0
13014,883,2023-11-23,346.94,41,Female,CA,West,USA,Los Angeles,0
13015,628,2022-08-09,405.36,37,Female,NY,Northeast,USA,New York,0
13016,730,2023-09-07,127.61,52,Male,IL,Midwest,USA,Chicago,1
13017,166,2024-11-26,100.71,60,Female,ENG,England,UK,London,0
13018,586,2024-10-17,368.6,66,Female,NY,Northeast,USA,New York,0
13019,693,2022-04-01,26.95,66,Female,IL,Midwest,USA,Chicago,0
13020,562,2024-07-09,464.11,20,Female,NY,Northeast,USA,New York,0
13021,940,2022-03-14,158.02,44,Other,WA,West,USA,Seattle,0
13022,952,2024-11-14,72.11,33,Female,IL,Midwest,USA,Chicago,0
13023,541,2023-09-22,407.77,54,Male,NY,Northeast,USA,New York,0
13024,864,2022-12-23,119.22,58,Male,ENG,England,UK,London,0
13025,77,2024-03-01,231.5,35,Female,WA,West,USA,Seattle,1
13026,922,2024-07-09,238.33,47,Female,CA,West,USA,Los Angeles,0
13027,150,2023-10-17,436.63,21,Male,ON,Ontario,Canada,Toronto,0
13028,823,2024-11-01,156.32,25,Male,TX,South,USA,Houston,0
13029,446,2023-11-16,339.48,52,Male,BY,Bavaria,Germany,Munich,0
13030,351,2023-03-03,529.3,45,Male,NY,Northeast,USA,New York,0
13031,843,2024-12-17,340.13,65,Female,IL,Midwest,USA,Chicago,0
13032,170,2024-12-03,88.57,19,Male,ENG,England,UK,London,0
13033,577,2022-12-21,148.8,66,Female,MH,Maharashtra,India,Mumbai,0
13034,299,2024-08-13,304.87,32,Female,FL,Southeast,USA,Miami,0
13035,265,2024-11-27,188.08,69,Female,CA,West,USA,Los Angeles,0
13036,962,2022-02-03,263.11,39,Female,IL,Midwest,USA,Chicago,0
13037,163,2023-04-25,292.75,39,Male,WA,West,USA,Seattle,0
13038,964,2022-02-12,370.41,29,Male,FL,Southeast,USA,Miami,0
13039,28,2024-07-14,353.07,60,Other,TX,South,USA,Houston,0
13040,204,2024-12-20,394.23,54,Female,FL,Southeast,USA,Miami,0
13041,375,2023-09-18,123.99,64,Female,BY,Bavaria,Germany,Munich,0
13042,227,2023-07-25,230.42,60,Male,NY,Northeast,USA,New York,0
13043,260,2022-10-24,414.31,48,Female,BY,Bavaria,Germany,Munich,0
13044,658,2023-08-07,401.3,50,Male,NY,Northeast,USA,New York,0
13045,61,2024-07-08,111.1,65,Male,MH,Maharashtra,India,Mumbai,0
13046,554,2022-08-25,41.34,34,Male,ON,Ontario,Canada,Toronto,1
13047,407,2023-07-23,349.86,40,Female,TX,South,USA,Houston,0
13048,565,2023-09-28,241.25,64,Male,TX,South,USA,Houston,0
13049,347,2024-11-26,236.47,69,Male,NY,Northeast,USA,New York,0
13050,908,2024-07-18,24.93,27,Male,NY,Northeast,USA,New York,0
13051,331,2024-06-27,220.65,46,Female,TX,South,USA,Houston,0
13052,558,2023-08-21,103.42,63,Male,TX,South,USA,Houston,0
13053,438,2024-12-25,30.05,66,Male,FL,Southeast,USA,Miami,0
13054,581,2024-06-14,230.11,22,Male,NY,Northeast,USA,New York,0
13055,397,2024-11-28,463.86,20,Male,IL,Midwest,USA,Chicago,0
13056,662,2024-08-03,500.38,56,Female,NY,Northeast,USA,New York,1
13057,205,2024-01-26,141.91,41,Male,TX,South,USA,Houston,0
13058,511,2023-07-27,153.42,69,Female,CA,West,USA,Los Angeles,1
13059,852,2022-04-23,58.3,59,Female,ENG,England,UK,London,1
13060,582,2024-03-27,510.22,61,Female,CA,West,USA,Los Angeles,0
13061,203,2022-04-12,41.95,43,Male,NY,Northeast,USA,New York,0
13062,747,2024-10-10,525.58,45,Female,NY,Northeast,USA,New York,0
13063,320,2024-08-04,363.23,57,Male,FL,Southeast,USA,Miami,0
13064,916,2024-07-06,442.83,41,Female,CA,West,USA,Los Angeles,0
13065,826,2023-07-25,124.86,22,Female,MH,Maharashtra,India,Mumbai,0
13066,933,2024-06-02,344.6,31,Male,FL,Southeast,USA,Miami,0
13067,836,2024-11-06,70.91,58,Female,IL,Midwest,USA,Chicago,0
13068,668,2023-12-14,352.71,62,Female,TX,South,USA,Houston,0
13069,662,2023-10-11,322.43,56,Female,NY,Northeast,USA,New York,1
13070,269,2022-05-26,413.71,49,Male,CA,West,USA,Los Angeles,0
13071,371,2023-12-01,345.57,35,Female,NY,Northeast,USA,New York,1
13072,868,2024-11-02,544.37,61,Male,TX,South,USA,Houston,0
13073,619,2023-02-08,265.28,21,Male,CA,West,USA,Los Angeles,0
13074,694,2024-05-18,314.09,67,Other,CA,West,USA,Los Angeles,0
13075,215,2023-05-10,50.0,56,Female,NY,Northeast,USA,New York,1
13076,368,2023-10-24,66.82,34,Female,CA,West,USA,Los Angeles,0
13077,251,2024-07-03,106.42,27,Male,FL,Southeast,USA,Miami,0
13078,628,2022-04-11,68.01,37,Female,NY,Northeast,USA,New York,0
13079,520,2024-04-19,86.55,48,Male,NY,Northeast,USA,New York,0
13080,423,2023-07-18,145.89,57,Female,TX,South,USA,Houston,0
13081,769,2022-09-15,146.44,25,Female,IL,Midwest,USA,Chicago,0
13082,834,2022-07-13,350.83,25,Other,CA,West,USA,Los Angeles,0
13083,930,2024-04-03,278.15,48,Male,WA,West,USA,Seattle,0
13084,337,2022-08-02,464.25,68,Female,CA,West,USA,Los Angeles,0
13085,483,2024-12-02,199.4,31,Female,ENG,England,UK,London,0
13086,440,2024-03-15,46.0,38,Male,CA,West,USA,Los Angeles,0
13087,934,2022-07-25,423.65,51,Male,NY,Northeast,USA,New York,0
13088,793,2023-06-03,448.28,55,Female,FL,Southeast,USA,Miami,0
13089,925,2022-04-02,188.01,30,Male,BY,Bavaria,Germany,Munich,0
13090,201,2024-11-20,49.84,37,Male,BY,Bavaria,Germany,Munich,0
13091,546,2023-12-15,468.13,20,Male,CA,West,USA,Los Angeles,0
13092,565,2022-05-09,467.43,64,Male,TX,South,USA,Houston,0
13093,428,2023-05-01,528.53,59,Female,IL,Midwest,USA,Chicago,1
13094,449,2023-02-23,213.71,45,Female,CA,West,USA,Los Angeles,0
13095,845,2024-08-19,80.97,18,Other,IL,Midwest,USA,Chicago,0
13096,368,2022-01-17,195.12,34,Female,CA,West,USA,Los Angeles,0
13097,445,2022-07-07,296.93,44,Male,ON,Ontario,Canada,Toronto,0
13098,110,2023-03-27,33.07,54,Male,TX,South,USA,Houston,1
13099,636,2024-09-02,161.69,53,Male,TX,South,USA,Houston,1
13100,12,2024-12-21,528.14,68,Female,CA,West,USA,Los Angeles,0
13101,748,2023-02-21,33.55,34,Male,FL,Southeast,USA,Miami,0
13102,614,2022-10-21,83.96,38,Female,FL,Southeast,USA,Miami,0
13103,960,2024-11-17,330.07,39,Male,TX,South,USA,Houston,0
13104,561,2022-03-09,479.29,45,Other,NSW,NSW,Australia,Sydney,0
13105,721,2023-12-13,499.0,25,Male,NY,Northeast,USA,New York,0
13106,937,2023-08-13,144.36,26,Male,FL,Southeast,USA,Miami,0
13107,229,2023-07-25,329.39,46,Female,CA,West,USA,Los Angeles,1
13108,302,2023-09-21,511.83,60,Male,FL,Southeast,USA,Miami,0
13109,521,2022-05-14,318.54,36,Female,IL,Midwest,USA,Chicago,1
13110,41,2023-01-21,125.68,26,Other,ON,Ontario,Canada,Toronto,0
13111,240,2022-06-28,349.88,50,Male,WA,West,USA,Seattle,0
13112,464,2023-10-20,276.14,39,Male,CA,West,USA,Los Angeles,0
13113,245,2023-12-10,267.07,50,Female,IL,Midwest,USA,Chicago,0
13114,42,2022-06-01,249.3,57,Female,NY,Northeast,USA,New York,0
13115,747,2024-04-25,72.96,45,Female,NY,Northeast,USA,New York,0
13116,259,2024-02-01,444.44,27,Male,BY,Bavaria,Germany,Munich,0
13117,18,2024-12-15,201.61,24,Female,NSW,NSW,Australia,Sydney,1
13118,669,2022-04-02,100.53,65,Female,NY,Northeast,USA,New York,0
13119,227,2022-12-25,226.02,60,Male,NY,Northeast,USA,New York,0
13120,458,2023-03-01,344.6,50,Female,CA,West,USA,Los Angeles,0
13121,761,2024-01-20,314.93,27,Male,IL,Midwest,USA,Chicago,0
13122,328,2023-04-22,436.04,19,Male,TX,South,USA,Houston,0
13123,586,2023-07-21,448.62,66,Female,NY,Northeast,USA,New York,0
13124,800,2024-05-16,351.78,41,Male,IL,Midwest,USA,Chicago,1
13125,736,2022-12-17,280.34,52,Male,ENG,England,UK,London,0
13126,337,2023-08-15,304.96,68,Female,CA,West,USA,Los Angeles,0
13127,398,2023-02-22,214.78,28,Male,NY,Northeast,USA,New York,0
13128,161,2024-08-03,268.74,69,Male,CA,West,USA,Los Angeles,0
13129,154,2024-06-25,300.26,33,Male,CA,West,USA,Los Angeles,0
13130,280,2023-09-22,426.57,22,Female,TX,South,USA,Houston,0
13131,943,2024-10-28,420.53,65,Male,CA,West,USA,Los Angeles,1
13132,953,2023-12-03,112.18,49,Female,FL,Southeast,USA,Miami,0
13133,852,2022-08-06,489.14,59,Female,ENG,England,UK,London,1
13134,251,2024-06-07,540.98,27,Male,FL,Southeast,USA,Miami,0
13135,592,2024-06-12,164.44,64,Female,ENG,England,UK,London,0
13136,363,2024-06-23,559.37,29,Female,MH,Maharashtra,India,Mumbai,0
13137,276,2024-07-23,299.38,43,Female,TX,South,USA,Houston,0
13138,175,2023-01-20,128.37,54,Female,WA,West,USA,Seattle,0
13139,959,2023-04-12,384.83,68,Female,NY,Northeast,USA,New York,0
13140,648,2023-12-03,35.51,45,Female,MH,Maharashtra,India,Mumbai,0
13141,702,2022-12-20,346.94,50,Female,BY,Bavaria,Germany,Munich,0
13142,277,2023-01-03,444.3,42,Female,IL,Midwest,USA,Chicago,0
13143,979,2023-12-06,192.67,36,Female,NY,Northeast,USA,New York,0
13144,210,2022-10-12,173.97,58,Female,NY,Northeast,USA,New York,0
13145,183,2024-01-22,160.71,43,Male,IL,Midwest,USA,Chicago,0
13146,588,2022-12-17,209.67,23,Female,NY,Northeast,USA,New York,0
13147,934,2023-12-03,308.44,51,Male,NY,Northeast,USA,New York,0
13148,765,2024-08-07,429.42,36,Female,FL,Southeast,USA,Miami,0
13149,951,2024-10-24,497.78,22,Female,IL,Midwest,USA,Chicago,0
13150,592,2022-05-17,278.79,64,Female,ENG,England,UK,London,0
13151,249,2024-08-19,271.87,58,Female,TX,South,USA,Houston,1
13152,499,2024-10-11,216.83,66,Other,ON,Ontario,Canada,Toronto,0
13153,500,2024-08-23,337.93,40,Male,TX,South,USA,Houston,0
13154,974,2023-05-17,85.84,42,Female,TX,South,USA,Houston,0
13155,295,2022-09-03,238.81,46,Male,BY,Bavaria,Germany,Munich,1
13156,286,2024-11-21,290.42,66,Male,ON,Ontario,Canada,Toronto,0
13157,413,2022-11-09,318.35,32,Female,BY,Bavaria,Germany,Munich,0
13158,473,2024-02-24,48.8,40,Male,IL,Midwest,USA,Chicago,0
13159,587,2024-06-18,247.01,53,Female,NY,Northeast,USA,New York,1
13160,192,2024-01-06,429.26,50,Female,BY,Bavaria,Germany,Munich,0
13161,810,2024-09-01,441.48,69,Female,ENG,England,UK,London,0
13162,503,2024-04-03,309.31,68,Male,NSW,NSW,Australia,Sydney,0
13163,468,2024-12-07,489.69,48,Male,ON,Ontario,Canada,Toronto,0
13164,486,2024-08-04,425.42,30,Female,BY,Bavaria,Germany,Munich,0
13165,920,2022-06-19,400.67,51,Other,BY,Bavaria,Germany,Munich,0
13166,772,2024-10-05,446.38,69,Male,FL,Southeast,USA,Miami,0
13167,566,2024-03-13,411.05,30,Other,BY,Bavaria,Germany,Munich,0
13168,458,2024-02-10,481.1,50,Female,CA,West,USA,Los Angeles,0
13169,229,2023-02-19,60.92,46,Female,CA,West,USA,Los Angeles,1
13170,144,2023-08-01,272.25,39,Male,CA,West,USA,Los Angeles,1
13171,944,2024-11-12,464.2,42,Male,TX,South,USA,Houston,0
13172,950,2022-04-24,63.56,32,Male,FL,Southeast,USA,Miami,0
13173,278,2024-10-07,96.37,58,Male,TX,South,USA,Houston,0
13174,268,2023-01-24,219.2,36,Male,CA,West,USA,Los Angeles,0
13175,856,2022-05-05,286.39,62,Male,WA,West,USA,Seattle,0
13176,245,2022-09-20,364.71,50,Female,IL,Midwest,USA,Chicago,0
13177,684,2024-11-08,318.98,67,Male,CA,West,USA,Los Angeles,1
13178,902,2022-12-10,116.15,20,Male,WA,West,USA,Seattle,0
13179,927,2024-09-15,476.53,46,Male,CA,West,USA,Los Angeles,0
13180,663,2024-07-20,156.62,19,Female,NY,Northeast,USA,New York,0
13181,116,2024-01-15,482.08,47,Female,CA,West,USA,Los Angeles,1
13182,886,2023-04-17,267.74,56,Male,WA,West,USA,Seattle,1
13183,200,2022-12-09,29.83,68,Male,IL,Midwest,USA,Chicago,0
13184,288,2024-08-19,274.38,47,Male,IL,Midwest,USA,Chicago,0
13185,178,2022-05-02,330.49,26,Female,TX,South,USA,Houston,0
13186,53,2023-04-03,467.65,36,Male,NY,Northeast,USA,New York,0
13187,194,2024-02-05,330.67,36,Male,IL,Midwest,USA,Chicago,0
13188,434,2023-10-25,525.55,24,Female,ON,Ontario,Canada,Toronto,0
13189,14,2023-06-18,208.36,57,Male,IL,Midwest,USA,Chicago,1
13190,246,2024-12-10,146.04,22,Female,FL,Southeast,USA,Miami,0
13191,151,2022-07-18,227.25,62,Male,NY,Northeast,USA,New York,0
13192,731,2022-11-08,332.63,55,Male,NY,Northeast,USA,New York,0
13193,684,2023-02-21,59.93,67,Male,CA,West,USA,Los Angeles,1
13194,216,2024-03-11,60.6,32,Male,WA,West,USA,Seattle,0
13195,866,2024-04-18,353.81,54,Female,IL,Midwest,USA,Chicago,1
13196,79,2024-03-07,221.84,47,Female,MH,Maharashtra,India,Mumbai,0
13197,159,2024-12-01,441.03,44,Female,NY,Northeast,USA,New York,0
13198,473,2022-11-28,139.21,40,Male,IL,Midwest,USA,Chicago,0
13199,909,2024-05-19,249.07,37,Female,NY,Northeast,USA,New York,0
13200,283,2022-07-19,262.36,52,Female,NY,Northeast,USA,New York,0
13201,964,2024-07-17,528.36,29,Male,FL,Southeast,USA,Miami,0
13202,255,2024-08-26,15.23,52,Female,NY,Northeast,USA,New York,1
13203,633,2023-02-01,123.31,40,Male,MH,Maharashtra,India,Mumbai,0
13204,315,2024-05-27,61.71,30,Male,ON,Ontario,Canada,Toronto,1
13205,598,2024-02-13,555.23,58,Female,TX,South,USA,Houston,0
13206,307,2022-12-17,74.78,33,Female,CA,West,USA,Los Angeles,0
13207,246,2024-06-27,462.97,22,Female,FL,Southeast,USA,Miami,0
13208,443,2024-10-23,296.61,24,Male,TX,South,USA,Houston,0
13209,331,2023-12-10,417.0,46,Female,TX,South,USA,Houston,0
13210,577,2022-05-26,157.84,66,Female,MH,Maharashtra,India,Mumbai,0
13211,491,2024-02-03,272.13,66,Female,CA,West,USA,Los Angeles,0
13212,539,2023-05-05,518.51,46,Male,FL,Southeast,USA,Miami,0
13213,149,2023-09-07,60.05,60,Female,BY,Bavaria,Germany,Munich,1
13214,596,2024-07-08,351.82,59,Male,NY,Northeast,USA,New York,0
13215,728,2024-02-19,537.13,22,Female,CA,West,USA,Los Angeles,1
13216,129,2023-02-12,76.39,47,Female,CA,West,USA,Los Angeles,0
13217,201,2022-09-24,421.62,37,Male,BY,Bavaria,Germany,Munich,0
13218,60,2024-10-18,162.73,53,Female,ENG,England,UK,London,1
13219,227,2023-02-17,114.82,60,Male,NY,Northeast,USA,New York,0
13220,932,2024-10-22,102.57,54,Female,IL,Midwest,USA,Chicago,1
13221,96,2024-05-12,414.91,32,Male,IL,Midwest,USA,Chicago,0
13222,223,2022-01-10,27.54,54,Male,IL,Midwest,USA,Chicago,1
13223,139,2024-05-04,241.98,36,Female,NY,Northeast,USA,New York,0
13224,831,2024-10-24,393.68,30,Female,FL,Southeast,USA,Miami,0
13225,581,2024-09-07,87.83,22,Male,NY,Northeast,USA,New York,0
13226,67,2023-07-19,126.99,65,Female,CA,West,USA,Los Angeles,0
13227,237,2023-04-23,89.8,52,Male,ENG,England,UK,London,0
13228,676,2024-06-11,25.53,55,Female,FL,Southeast,USA,Miami,1
13229,753,2024-06-05,261.73,22,Male,NY,Northeast,USA,New York,0
13230,604,2024-06-20,283.82,24,Female,BY,Bavaria,Germany,Munich,0
13231,566,2023-07-10,501.8,30,Other,BY,Bavaria,Germany,Munich,0
13232,463,2023-07-24,388.76,56,Male,FL,Southeast,USA,Miami,0
13233,838,2022-02-13,485.38,28,Female,NY,Northeast,USA,New York,0
13234,374,2024-05-10,426.59,37,Male,MH,Maharashtra,India,Mumbai,0
13235,966,2024-02-21,548.34,48,Female,IL,Midwest,USA,Chicago,0
13236,865,2024-08-11,147.41,61,Female,IL,Midwest,USA,Chicago,0
13237,929,2023-06-23,97.65,39,Female,FL,Southeast,USA,Miami,0
13238,704,2024-09-20,225.95,26,Female,CA,West,USA,Los Angeles,0
13239,345,2022-02-25,250.97,65,Male,CA,West,USA,Los Angeles,0
13240,647,2023-05-13,438.93,41,Female,CA,West,USA,Los Angeles,0
13241,461,2023-03-03,291.83,55,Female,FL,Southeast,USA,Miami,0
13242,928,2023-02-05,505.31,33,Male,IL,Midwest,USA,Chicago,0
13243,908,2024-10-01,169.54,27,Male,NY,Northeast,USA,New York,0
13244,68,2024-02-24,328.91,37,Male,CA,West,USA,Los Angeles,0
13245,754,2022-03-07,329.31,66,Female,FL,Southeast,USA,Miami,0
13246,750,2022-06-06,86.37,26,Female,NY,Northeast,USA,New York,0
13247,612,2023-05-17,418.6,42,Male,TX,South,USA,Houston,0
13248,968,2024-12-07,362.1,34,Male,FL,Southeast,USA,Miami,0
13249,79,2023-12-28,110.28,47,Female,MH,Maharashtra,India,Mumbai,0
13250,972,2023-06-25,225.38,39,Male,ENG,England,UK,London,0
13251,5,2022-03-13,323.97,40,Female,ON,Ontario,Canada,Toronto,0
13252,174,2024-07-18,413.69,55,Female,CA,West,USA,Los Angeles,0
13253,646,2023-07-11,227.38,35,Male,BY,Bavaria,Germany,Munich,0
13254,810,2023-07-13,385.86,69,Female,ENG,England,UK,London,0
13255,906,2023-01-14,146.0,54,Male,NY,Northeast,USA,New York,0
13256,59,2023-02-11,169.02,56,Female,FL,Southeast,USA,Miami,0
13257,824,2023-03-13,16.71,51,Female,CA,West,USA,Los Angeles,0
13258,693,2022-05-06,248.9,66,Female,IL,Midwest,USA,Chicago,0
13259,402,2024-08-19,114.56,58,Male,CA,West,USA,Los Angeles,0
13260,642,2023-11-02,323.31,65,Female,TX,South,USA,Houston,0
13261,396,2023-04-26,512.16,63,Female,CA,West,USA,Los Angeles,0
13262,456,2024-10-26,559.81,46,Female,MH,Maharashtra,India,Mumbai,0
13263,208,2023-04-06,205.07,68,Female,TX,South,USA,Houston,0
13264,345,2023-01-02,391.65,65,Male,CA,West,USA,Los Angeles,0
13265,664,2023-09-14,509.59,28,Male,TX,South,USA,Houston,0
13266,240,2023-04-02,282.47,50,Male,WA,West,USA,Seattle,0
13267,794,2022-12-12,173.63,60,Male,NY,Northeast,USA,New York,0
13268,350,2024-12-22,96.7,26,Other,WA,West,USA,Seattle,0
13269,924,2023-02-09,102.05,25,Male,CA,West,USA,Los Angeles,0
13270,100,2024-03-26,479.92,25,Female,NY,Northeast,USA,New York,0
13271,351,2024-04-01,153.34,45,Male,NY,Northeast,USA,New York,0
13272,303,2022-12-20,142.63,18,Female,CA,West,USA,Los Angeles,0
13273,571,2024-02-15,420.97,67,Female,ENG,England,UK,London,0
13274,508,2022-10-07,420.04,30,Male,CA,West,USA,Los Angeles,0
13275,65,2023-05-13,118.86,39,Female,WA,West,USA,Seattle,0
13276,515,2024-08-08,389.12,67,Male,TX,South,USA,Houston,0
13277,533,2022-03-18,228.83,26,Female,NY,Northeast,USA,New York,0
13278,577,2024-11-27,163.08,66,Female,MH,Maharashtra,India,Mumbai,0
13279,535,2024-09-15,296.7,48,Male,CA,West,USA,Los Angeles,0
13280,728,2023-01-20,414.43,22,Female,CA,West,USA,Los Angeles,1
13281,721,2022-04-18,58.75,25,Male,NY,Northeast,USA,New York,0
13282,117,2024-07-24,50.23,19,Female,CA,West,USA,Los Angeles,0
13283,638,2023-07-16,484.15,33,Male,WA,West,USA,Seattle,0
13284,851,2022-11-13,482.07,68,Female,CA,West,USA,Los Angeles,0
13285,467,2023-06-04,285.14,26,Other,IL,Midwest,USA,Chicago,0
13286,366,2022-12-22,80.37,44,Female,ENG,England,UK,London,0
13287,522,2024-03-26,54.31,25,Female,CA,West,USA,Los Angeles,0
13288,192,2023-11-28,91.62,50,Female,BY,Bavaria,Germany,Munich,0
13289,454,2023-12-21,157.4,19,Male,MH,Maharashtra,India,Mumbai,0
13290,180,2024-08-10,386.5,44,Male,TX,South,USA,Houston,0
13291,359,2024-12-20,71.7,22,Male,NY,Northeast,USA,New York,0
13292,806,2024-06-09,86.35,58,Female,NY,Northeast,USA,New York,0
13293,921,2024-09-26,402.51,63,Female,CA,West,USA,Los Angeles,0
13294,479,2022-01-02,136.13,52,Female,IL,Midwest,USA,Chicago,0
13295,934,2023-04-26,122.82,51,Male,NY,Northeast,USA,New York,0
13296,258,2024-08-21,330.96,23,Female,MH,Maharashtra,India,Mumbai,1
13297,253,2022-11-25,48.61,27,Male,ENG,England,UK,London,0
13298,932,2024-12-07,356.45,54,Female,IL,Midwest,USA,Chicago,1
13299,622,2022-08-15,19.42,42,Male,CA,West,USA,Los Angeles,0
13300,587,2024-11-08,139.09,53,Female,NY,Northeast,USA,New York,1
13301,362,2024-11-20,258.43,64,Female,MH,Maharashtra,India,Mumbai,1
13302,635,2023-10-18,338.31,27,Other,TX,South,USA,Houston,0
13303,941,2023-02-20,116.48,53,Male,MH,Maharashtra,India,Mumbai,1
13304,248,2024-07-21,493.7,39,Male,TX,South,USA,Houston,0
13305,762,2024-07-02,515.56,46,Male,MH,Maharashtra,India,Mumbai,0
13306,400,2024-10-12,275.02,34,Female,CA,West,USA,Los Angeles,0
13307,351,2024-08-08,160.7,45,Male,NY,Northeast,USA,New York,0
13308,307,2022-11-27,64.14,33,Female,CA,West,USA,Los Angeles,0
13309,862,2022-12-15,469.96,66,Male,CA,West,USA,Los Angeles,0
13310,246,2022-08-05,75.45,22,Female,FL,Southeast,USA,Miami,0
13311,427,2024-10-11,175.12,62,Male,NY,Northeast,USA,New York,0
13312,899,2024-08-15,191.73,21,Female,CA,West,USA,Los Angeles,0
13313,488,2023-08-10,149.98,45,Male,IL,Midwest,USA,Chicago,1
13314,129,2024-07-18,12.33,47,Female,CA,West,USA,Los Angeles,0
13315,977,2022-12-22,111.48,22,Male,CA,West,USA,Los Angeles,0
13316,90,2024-11-18,421.98,61,Male,CA,West,USA,Los Angeles,0
13317,897,2023-10-17,117.29,44,Female,NY,Northeast,USA,New York,0
13318,381,2023-05-19,407.46,18,Male,TX,South,USA,Houston,0
13319,652,2022-07-09,213.79,51,Female,CA,West,USA,Los Angeles,0
13320,658,2024-11-18,55.66,50,Male,NY,Northeast,USA,New York,0
13321,268,2024-12-02,465.05,36,Male,CA,West,USA,Los Angeles,0
13322,316,2023-12-23,340.5,52,Female,TX,South,USA,Houston,0
13323,134,2023-10-11,328.54,47,Male,IL,Midwest,USA,Chicago,0
13324,203,2024-10-23,93.64,43,Male,NY,Northeast,USA,New York,0
13325,55,2023-02-08,334.37,43,Male,NY,Northeast,USA,New York,0
13326,55,2024-10-28,448.35,43,Male,NY,Northeast,USA,New York,0
13327,417,2023-05-15,528.12,68,Male,IL,Midwest,USA,Chicago,0
13328,833,2024-11-27,379.36,41,Female,ON,Ontario,Canada,Toronto,1
13329,394,2024-01-09,248.38,49,Male,CA,West,USA,Los Angeles,0
13330,737,2022-12-15,411.25,55,Male,CA,West,USA,Los Angeles,1
13331,327,2024-07-20,38.85,30,Female,TX,South,USA,Houston,0
13332,645,2023-02-20,228.38,58,Male,NY,Northeast,USA,New York,0
13333,522,2024-08-08,413.03,25,Female,CA,West,USA,Los Angeles,0
13334,734,2024-09-12,208.46,58,Female,NSW,NSW,Australia,Sydney,0
13335,680,2022-10-07,38.87,66,Male,NSW,NSW,Australia,Sydney,0
13336,842,2024-09-19,72.08,52,Female,CA,West,USA,Los Angeles,0
13337,554,2022-08-12,91.92,34,Male,ON,Ontario,Canada,Toronto,1
13338,266,2024-02-01,467.41,48,Male,CA,West,USA,Los Angeles,0
13339,84,2024-11-09,406.79,61,Male,NY,Northeast,USA,New York,1
13340,791,2024-12-11,430.41,22,Female,MH,Maharashtra,India,Mumbai,1
13341,202,2023-10-16,482.91,65,Male,MH,Maharashtra,India,Mumbai,1
13342,104,2024-01-26,177.27,18,Female,ON,Ontario,Canada,Toronto,0
13343,426,2023-10-28,396.55,28,Male,CA,West,USA,Los Angeles,1
13344,934,2022-04-19,188.64,51,Male,NY,Northeast,USA,New York,0
13345,322,2024-12-26,442.38,23,Female,TX,South,USA,Houston,0
13346,565,2023-01-01,372.05,64,Male,TX,South,USA,Houston,0
13347,466,2023-02-25,524.7,68,Female,CA,West,USA,Los Angeles,1
13348,764,2022-03-15,380.96,66,Female,CA,West,USA,Los Angeles,0
13349,817,2024-10-11,14.44,20,Female,CA,West,USA,Los Angeles,1
13350,488,2024-09-11,395.26,45,Male,IL,Midwest,USA,Chicago,1
13351,435,2023-10-10,63.39,40,Female,IL,Midwest,USA,Chicago,0
13352,401,2023-05-23,294.24,69,Female,FL,Southeast,USA,Miami,0
13353,707,2024-11-13,97.54,18,Female,IL,Midwest,USA,Chicago,0
13354,706,2023-06-04,267.56,47,Male,FL,Southeast,USA,Miami,1
13355,261,2024-02-26,446.19,59,Female,NY,Northeast,USA,New York,0
13356,330,2024-10-17,169.86,46,Male,TX,South,USA,Houston,1
13357,718,2024-07-11,94.99,43,Female,BY,Bavaria,Germany,Munich,1
13358,600,2022-08-20,164.1,51,Male,NY,Northeast,USA,New York,0
13359,732,2024-06-10,106.5,39,Female,IL,Midwest,USA,Chicago,0
13360,2,2024-10-17,111.94,58,Female,NSW,NSW,Australia,Sydney,0
13361,885,2023-01-01,372.74,60,Other,CA,West,USA,Los Angeles,0
13362,839,2024-07-08,397.73,18,Female,FL,Southeast,USA,Miami,0
13363,893,2023-06-10,285.44,45,Male,NY,Northeast,USA,New York,1
13364,167,2024-10-23,149.62,34,Female,ON,Ontario,Canada,Toronto,0
13365,564,2024-04-22,301.87,27,Female,CA,West,USA,Los Angeles,0
13366,614,2022-04-23,474.79,38,Female,FL,Southeast,USA,Miami,0
13367,290,2023-05-14,209.89,42,Female,CA,West,USA,Los Angeles,0
13368,856,2022-07-11,217.55,62,Male,WA,West,USA,Seattle,0
13369,60,2023-03-15,267.32,53,Female,ENG,England,UK,London,1
13370,681,2024-09-08,109.11,55,Female,WA,West,USA,Seattle,0
13371,572,2022-05-15,129.91,39,Female,TX,South,USA,Houston,0
13372,474,2024-06-19,390.39,42,Female,NY,Northeast,USA,New York,0
13373,772,2022-08-28,89.17,69,Male,FL,Southeast,USA,Miami,0
13374,505,2024-06-11,342.96,32,Female,CA,West,USA,Los Angeles,0
13375,68,2024-09-04,222.98,37,Male,CA,West,USA,Los Angeles,0
13376,440,2024-09-10,179.29,38,Male,CA,West,USA,Los Angeles,0
13377,934,2024-10-24,312.9,51,Male,NY,Northeast,USA,New York,0
13378,35,2024-07-13,135.06,64,Male,CA,West,USA,Los Angeles,0
13379,60,2024-06-12,181.15,53,Female,ENG,England,UK,London,1
13380,775,2024-03-13,299.07,62,Male,ENG,England,UK,London,0
13381,109,2022-06-08,332.07,42,Female,TX,South,USA,Houston,0
13382,957,2023-11-24,445.0,38,Male,FL,Southeast,USA,Miami,0
13383,542,2023-02-19,438.93,20,Female,WA,West,USA,Seattle,0
13384,721,2024-04-27,284.36,25,Male,NY,Northeast,USA,New York,0
13385,700,2024-09-03,51.93,22,Female,IL,Midwest,USA,Chicago,0
13386,899,2024-08-20,114.41,21,Female,CA,West,USA,Los Angeles,0
13387,999,2024-12-03,11.46,68,Male,ON,Ontario,Canada,Toronto,0
13388,872,2022-01-03,100.94,28,Female,NY,Northeast,USA,New York,0
13389,678,2024-11-24,28.07,22,Male,ON,Ontario,Canada,Toronto,0
13390,356,2022-10-10,360.22,69,Female,MH,Maharashtra,India,Mumbai,0
13391,323,2023-10-09,294.27,49,Male,TX,South,USA,Houston,0
13392,363,2024-06-06,30.81,29,Female,MH,Maharashtra,India,Mumbai,0
13393,971,2023-05-04,331.41,33,Female,TX,South,USA,Houston,0
13394,460,2024-01-19,458.01,23,Female,FL,Southeast,USA,Miami,0
13395,42,2024-10-15,26.86,57,Female,NY,Northeast,USA,New York,0
13396,92,2024-03-17,80.92,59,Male,CA,West,USA,Los Angeles,0
13397,557,2022-04-05,240.89,56,Female,MH,Maharashtra,India,Mumbai,0
13398,45,2022-04-28,30.73,21,Male,TX,South,USA,Houston,0
13399,683,2022-11-01,20.43,67,Male,ON,Ontario,Canada,Toronto,0
13400,3,2023-05-13,313.11,52,Female,NY,Northeast,USA,New York,0
13401,668,2022-06-15,285.66,62,Female,TX,South,USA,Houston,0
13402,529,2023-10-03,429.57,65,Female,TX,South,USA,Houston,0
13403,668,2024-11-17,53.95,62,Female,TX,South,USA,Houston,0
13404,539,2024-10-17,503.58,46,Male,FL,Southeast,USA,Miami,0
13405,397,2024-07-15,21.43,20,Male,IL,Midwest,USA,Chicago,0
13406,78,2022-01-11,157.67,29,Female,ON,Ontario,Canada,Toronto,0
13407,596,2024-03-27,37.91,59,Male,NY,Northeast,USA,New York,0
13408,178,2022-04-05,129.69,26,Female,TX,South,USA,Houston,0
13409,887,2023-06-21,434.0,20,Female,MH,Maharashtra,India,Mumbai,1
13410,742,2023-05-11,75.6,57,Male,CA,West,USA,Los Angeles,0
13411,948,2024-07-11,121.99,24,Female,TX,South,USA,Houston,1
13412,532,2024-06-07,346.72,26,Female,TX,South,USA,Houston,0
13413,923,2023-10-19,21.85,41,Female,WA,West,USA,Seattle,0
13414,779,2024-01-06,341.81,32,Female,ENG,England,UK,London,0
13415,832,2024-12-11,502.03,30,Female,NY,Northeast,USA,New York,0
13416,201,2022-11-14,44.08,37,Male,BY,Bavaria,Germany,Munich,0
13417,780,2024-05-01,14.44,62,Female,FL,Southeast,USA,Miami,0
13418,572,2022-06-23,208.92,39,Female,TX,South,USA,Houston,0
13419,787,2022-12-10,426.04,19,Male,ENG,England,UK,London,0
13420,240,2024-12-25,524.43,50,Male,WA,West,USA,Seattle,0
13421,257,2022-06-19,402.57,53,Male,CA,West,USA,Los Angeles,0
13422,961,2024-01-08,367.55,25,Female,ENG,England,UK,London,0
13423,409,2022-12-19,219.01,66,Male,ON,Ontario,Canada,Toronto,1
13424,925,2024-09-13,444.19,30,Male,BY,Bavaria,Germany,Munich,0
13425,223,2024-09-14,426.47,54,Male,IL,Midwest,USA,Chicago,1
13426,326,2024-04-24,111.97,29,Male,CA,West,USA,Los Angeles,1
13427,415,2024-11-18,404.02,18,Other,CA,West,USA,Los Angeles,0
13428,155,2024-08-28,446.17,40,Female,NSW,NSW,Australia,Sydney,0
13429,421,2023-07-26,478.51,66,Male,TX,South,USA,Houston,1
13430,148,2022-10-24,367.51,30,Female,WA,West,USA,Seattle,0
13431,145,2024-06-14,413.14,69,Female,CA,West,USA,Los Angeles,0
13432,177,2023-06-14,478.9,55,Female,IL,Midwest,USA,Chicago,1
13433,358,2022-09-25,105.19,64,Female,NY,Northeast,USA,New York,0
13434,632,2024-09-25,313.06,35,Female,WA,West,USA,Seattle,0
13435,379,2023-12-11,474.68,37,Female,TX,South,USA,Houston,0
13436,180,2022-08-20,319.51,44,Male,TX,South,USA,Houston,0
13437,954,2024-05-17,522.32,40,Female,WA,West,USA,Seattle,0
13438,184,2024-05-04,38.88,54,Female,NY,Northeast,USA,New York,0
13439,637,2024-07-04,128.62,30,Female,NY,Northeast,USA,New York,1
13440,403,2022-02-03,118.46,34,Male,ON,Ontario,Canada,Toronto,0
13441,56,2023-08-08,51.39,20,Male,WA,West,USA,Seattle,0
13442,794,2024-06-27,352.95,60,Male,NY,Northeast,USA,New York,0
13443,105,2023-05-09,219.11,59,Other,NY,Northeast,USA,New York,1
13444,134,2024-03-26,144.27,47,Male,IL,Midwest,USA,Chicago,0
13445,47,2023-07-13,388.59,41,Male,NY,Northeast,USA,New York,0
13446,157,2022-01-13,341.32,24,Female,NY,Northeast,USA,New York,0
13447,315,2022-08-08,29.22,30,Male,ON,Ontario,Canada,Toronto,1
13448,76,2023-05-19,238.88,42,Female,NY,Northeast,USA,New York,0
13449,181,2023-12-17,384.68,66,Male,IL,Midwest,USA,Chicago,0
13450,64,2024-07-09,67.93,68,Female,BY,Bavaria,Germany,Munich,0
13451,222,2024-10-22,447.47,41,Male,NY,Northeast,USA,New York,0
13452,165,2022-11-20,311.86,39,Male,BY,Bavaria,Germany,Munich,0
13453,283,2024-11-20,405.31,52,Female,NY,Northeast,USA,New York,0
13454,796,2022-11-13,132.7,33,Male,CA,West,USA,Los Angeles,0
13455,119,2023-04-19,398.96,30,Male,MH,Maharashtra,India,Mumbai,0
13456,986,2024-05-10,106.52,51,Male,NY,Northeast,USA,New York,0
13457,512,2024-09-28,483.36,56,Female,NY,Northeast,USA,New York,0
13458,205,2024-07-13,124.25,41,Male,TX,South,USA,Houston,0
13459,162,2023-08-08,149.92,52,Female,FL,Southeast,USA,Miami,1
13460,183,2022-09-13,338.72,43,Male,IL,Midwest,USA,Chicago,0
13461,766,2024-02-27,194.25,58,Female,CA,West,USA,Los Angeles,0
13462,166,2024-03-27,180.81,60,Female,ENG,England,UK,London,0
13463,553,2024-09-10,45.53,61,Male,TX,South,USA,Houston,0
13464,44,2024-08-25,461.27,36,Other,CA,West,USA,Los Angeles,0
13465,443,2023-11-09,249.19,24,Male,TX,South,USA,Houston,0
13466,841,2024-09-06,226.91,33,Male,CA,West,USA,Los Angeles,1
13467,802,2023-03-07,138.13,33,Female,WA,West,USA,Seattle,0
13468,511,2023-02-08,298.98,69,Female,CA,West,USA,Los Angeles,1
13469,260,2022-06-09,284.19,48,Female,BY,Bavaria,Germany,Munich,0
13470,331,2024-06-09,12.49,46,Female,TX,South,USA,Houston,0
13471,328,2023-10-11,55.06,19,Male,TX,South,USA,Houston,0
13472,210,2024-09-01,347.57,58,Female,NY,Northeast,USA,New York,0
13473,663,2024-11-11,167.04,19,Female,NY,Northeast,USA,New York,0
13474,175,2023-07-15,521.59,54,Female,WA,West,USA,Seattle,0
13475,966,2023-05-12,139.71,48,Female,IL,Midwest,USA,Chicago,0
13476,111,2024-07-14,94.64,32,Female,NY,Northeast,USA,New York,1
13477,625,2023-04-07,33.79,49,Male,NY,Northeast,USA,New York,0
13478,667,2024-01-04,387.96,44,Female,ENG,England,UK,London,1
13479,657,2022-07-26,152.4,57,Male,CA,West,USA,Los Angeles,1
13480,660,2024-06-28,161.55,32,Female,CA,West,USA,Los Angeles,1
13481,450,2022-01-12,64.11,32,Male,BY,Bavaria,Germany,Munich,0
13482,128,2022-10-22,35.71,57,Male,CA,West,USA,Los Angeles,0
13483,620,2024-09-04,137.62,25,Female,NY,Northeast,USA,New York,0
13484,212,2022-02-06,204.34,55,Female,NY,Northeast,USA,New York,0
13485,204,2023-10-15,354.48,54,Female,FL,Southeast,USA,Miami,0
13486,819,2022-02-20,59.59,52,Female,TX,South,USA,Houston,1
13487,140,2024-07-20,212.15,40,Female,IL,Midwest,USA,Chicago,0
13488,535,2024-08-10,555.84,48,Male,CA,West,USA,Los Angeles,0
13489,365,2022-07-25,343.75,24,Male,FL,Southeast,USA,Miami,0
13490,178,2023-10-18,529.58,26,Female,TX,South,USA,Houston,0
13491,955,2022-06-09,48.91,58,Male,FL,Southeast,USA,Miami,0
13492,652,2024-04-14,233.4,51,Female,CA,West,USA,Los Angeles,0
13493,482,2022-07-09,122.81,61,Female,NY,Northeast,USA,New York,0
13494,842,2024-05-04,527.93,52,Female,CA,West,USA,Los Angeles,0
13495,344,2023-03-01,480.81,44,Male,NSW,NSW,Australia,Sydney,0
13496,329,2024-07-13,323.48,25,Female,BY,Bavaria,Germany,Munich,0
13497,34,2024-03-01,179.75,46,Female,IL,Midwest,USA,Chicago,0
13498,762,2023-07-27,293.6,46,Male,MH,Maharashtra,India,Mumbai,0
13499,967,2024-08-25,489.27,49,Male,ON,Ontario,Canada,Toronto,0
13500,841,2023-10-21,308.67,33,Male,CA,West,USA,Los Angeles,1
13501,19,2024-11-22,431.18,61,Male,CA,West,USA,Los Angeles,0
13502,348,2023-09-18,367.82,66,Female,FL,Southeast,USA,Miami,0
13503,959,2022-11-21,57.79,68,Female,NY,Northeast,USA,New York,0
13504,925,2022-08-24,381.36,30,Male,BY,Bavaria,Germany,Munich,0
13505,211,2022-10-15,112.21,31,Other,WA,West,USA,Seattle,0
13506,403,2024-10-24,488.96,34,Male,ON,Ontario,Canada,Toronto,0
13507,553,2024-11-07,181.14,61,Male,TX,South,USA,Houston,0
13508,107,2023-10-25,303.68,58,Female,NSW,NSW,Australia,Sydney,0
13509,391,2023-12-20,159.02,56,Male,NY,Northeast,USA,New York,0
13510,758,2024-07-04,15.88,37,Female,WA,West,USA,Seattle,0
13511,752,2023-12-06,415.8,25,Male,WA,West,USA,Seattle,0
13512,174,2023-06-04,381.9,55,Female,CA,West,USA,Los Angeles,0
13513,523,2024-02-07,518.1,27,Other,CA,West,USA,Los Angeles,1
13514,207,2022-03-23,290.53,57,Female,CA,West,USA,Los Angeles,0
13515,745,2023-08-24,108.32,59,Male,NY,Northeast,USA,New York,0
13516,656,2022-01-28,93.71,45,Male,ENG,England,UK,London,0
13517,691,2022-03-04,200.76,69,Male,CA,West,USA,Los Angeles,0
13518,507,2024-06-16,192.66,45,Female,TX,South,USA,Houston,0
13519,371,2024-08-24,235.12,35,Female,NY,Northeast,USA,New York,1
13520,80,2024-03-27,134.66,52,Male,ENG,England,UK,London,0
13521,752,2022-08-03,494.44,25,Male,WA,West,USA,Seattle,0
13522,801,2024-09-19,58.24,18,Male,NSW,NSW,Australia,Sydney,0
13523,425,2024-10-03,416.85,39,Male,NY,Northeast,USA,New York,0
13524,21,2024-09-03,322.72,44,Female,NY,Northeast,USA,New York,0
13525,555,2024-04-24,316.12,69,Male,NY,Northeast,USA,New York,1
13526,192,2024-12-26,347.8,50,Female,BY,Bavaria,Germany,Munich,0
13527,927,2024-11-06,507.34,46,Male,CA,West,USA,Los Angeles,0
13528,626,2024-06-24,381.72,30,Female,NY,Northeast,USA,New York,0
13529,987,2024-01-26,159.85,50,Other,WA,West,USA,Seattle,0
13530,770,2023-07-16,150.45,37,Female,ENG,England,UK,London,0
13531,881,2024-11-05,465.67,22,Male,ON,Ontario,Canada,Toronto,0
13532,456,2024-11-21,273.57,46,Female,MH,Maharashtra,India,Mumbai,0
13533,945,2022-12-16,355.39,24,Male,TX,South,USA,Houston,0
13534,453,2023-12-10,205.85,43,Male,WA,West,USA,Seattle,0
13535,393,2023-10-25,394.01,37,Male,FL,Southeast,USA,Miami,0
13536,940,2024-03-18,243.95,44,Other,WA,West,USA,Seattle,0
13537,357,2022-01-08,251.65,25,Female,NY,Northeast,USA,New York,0
13538,303,2023-03-12,492.83,18,Female,CA,West,USA,Los Angeles,0
13539,520,2023-03-09,267.64,48,Male,NY,Northeast,USA,New York,0
13540,549,2022-01-15,120.17,44,Female,CA,West,USA,Los Angeles,1
13541,542,2024-07-08,302.85,20,Female,WA,West,USA,Seattle,0
13542,645,2023-10-18,15.04,58,Male,NY,Northeast,USA,New York,0
13543,459,2022-01-13,146.68,61,Female,ON,Ontario,Canada,Toronto,0
13544,928,2023-11-02,324.4,33,Male,IL,Midwest,USA,Chicago,0
13545,896,2024-12-01,50.14,49,Male,MH,Maharashtra,India,Mumbai,0
13546,765,2024-03-03,261.12,36,Female,FL,Southeast,USA,Miami,0
13547,358,2023-01-05,321.64,64,Female,NY,Northeast,USA,New York,0
13548,119,2023-07-03,128.25,30,Male,MH,Maharashtra,India,Mumbai,0
13549,4,2024-11-19,130.74,40,Female,TX,South,USA,Houston,0
13550,766,2024-10-17,378.23,58,Female,CA,West,USA,Los Angeles,0
13551,159,2024-01-01,545.84,44,Female,NY,Northeast,USA,New York,0
13552,622,2023-09-12,170.24,42,Male,CA,West,USA,Los Angeles,0
13553,442,2024-11-09,125.2,33,Female,TX,South,USA,Houston,0
13554,775,2024-04-15,551.23,62,Male,ENG,England,UK,London,0
13555,855,2023-09-17,444.12,32,Female,TX,South,USA,Houston,0
13556,98,2024-07-15,524.87,53,Female,CA,West,USA,Los Angeles,0
13557,484,2024-03-12,36.5,59,Female,NY,Northeast,USA,New York,0
13558,921,2024-12-02,523.56,63,Female,CA,West,USA,Los Angeles,0
13559,382,2024-04-23,471.28,66,Female,FL,Southeast,USA,Miami,0
13560,794,2023-11-23,166.26,60,Male,NY,Northeast,USA,New York,0
13561,742,2023-09-25,334.82,57,Male,CA,West,USA,Los Angeles,0
13562,848,2022-04-20,94.36,20,Male,ON,Ontario,Canada,Toronto,0
13563,74,2024-10-10,240.44,24,Female,ON,Ontario,Canada,Toronto,0
13564,881,2023-01-20,323.51,22,Male,ON,Ontario,Canada,Toronto,0
13565,15,2023-04-26,67.9,55,Male,ENG,England,UK,London,0
13566,96,2024-05-01,541.61,32,Male,IL,Midwest,USA,Chicago,0
13567,181,2022-11-15,465.29,66,Male,IL,Midwest,USA,Chicago,0
13568,799,2024-12-19,487.21,34,Female,CA,West,USA,Los Angeles,0
13569,148,2023-04-28,77.37,30,Female,WA,West,USA,Seattle,0
13570,701,2022-07-15,337.89,45,Female,CA,West,USA,Los Angeles,0
13571,292,2022-12-25,446.31,31,Male,NY,Northeast,USA,New York,0
13572,681,2023-09-22,82.08,55,Female,WA,West,USA,Seattle,0
13573,697,2023-01-23,346.81,55,Male,CA,West,USA,Los Angeles,0
13574,383,2023-06-03,116.65,67,Female,TX,South,USA,Houston,0
13575,964,2024-06-15,389.79,29,Male,FL,Southeast,USA,Miami,0
13576,264,2023-05-21,346.92,66,Male,CA,West,USA,Los Angeles,1
13577,82,2022-07-04,437.09,40,Female,NY,Northeast,USA,New York,1
13578,609,2023-10-27,262.88,68,Other,NY,Northeast,USA,New York,0
13579,55,2022-09-20,381.84,43,Male,NY,Northeast,USA,New York,0
13580,286,2022-05-24,103.99,66,Male,ON,Ontario,Canada,Toronto,0
13581,514,2022-10-18,324.89,60,Other,TX,South,USA,Houston,0
13582,918,2024-07-26,492.41,58,Female,TX,South,USA,Houston,0
13583,707,2024-10-26,407.98,18,Female,IL,Midwest,USA,Chicago,0
13584,609,2024-02-03,493.37,68,Other,NY,Northeast,USA,New York,0
13585,532,2024-06-27,356.83,26,Female,TX,South,USA,Houston,0
13586,359,2023-06-15,297.0,22,Male,NY,Northeast,USA,New York,0
13587,829,2023-05-14,485.87,62,Male,FL,Southeast,USA,Miami,1
13588,22,2022-09-07,168.47,37,Male,TX,South,USA,Houston,0
13589,160,2024-08-12,421.9,58,Male,CA,West,USA,Los Angeles,0
13590,161,2023-06-16,370.57,69,Male,CA,West,USA,Los Angeles,0
13591,623,2023-07-15,433.53,26,Female,NY,Northeast,USA,New York,0
13592,291,2024-09-20,284.3,59,Male,WA,West,USA,Seattle,0
13593,66,2022-09-20,251.87,34,Female,TX,South,USA,Houston,0
13594,163,2022-10-21,26.75,39,Male,WA,West,USA,Seattle,0
13595,660,2024-11-17,522.35,32,Female,CA,West,USA,Los Angeles,1
13596,546,2023-10-28,211.77,20,Male,CA,West,USA,Los Angeles,0
13597,538,2023-03-25,297.32,24,Male,CA,West,USA,Los Angeles,0
13598,722,2022-11-27,107.13,66,Male,TX,South,USA,Houston,0
13599,520,2023-05-21,330.66,48,Male,NY,Northeast,USA,New York,0
13600,885,2024-09-07,201.15,60,Other,CA,West,USA,Los Angeles,0
13601,570,2024-12-28,332.28,47,Male,TX,South,USA,Houston,1
13602,645,2023-05-26,392.53,58,Male,NY,Northeast,USA,New York,0
13603,318,2023-04-09,327.43,55,Female,TX,South,USA,Houston,1
13604,579,2023-03-25,26.51,64,Female,NY,Northeast,USA,New York,0
13605,183,2024-12-15,453.58,43,Male,IL,Midwest,USA,Chicago,0
13606,240,2023-06-21,301.91,50,Male,WA,West,USA,Seattle,0
13607,960,2022-10-10,126.81,39,Male,TX,South,USA,Houston,0
13608,874,2024-01-08,188.83,24,Female,NY,Northeast,USA,New York,0
13609,407,2024-03-12,456.3,40,Female,TX,South,USA,Houston,0
13610,316,2024-01-06,525.03,52,Female,TX,South,USA,Houston,0
13611,618,2024-11-04,457.63,31,Female,CA,West,USA,Los Angeles,0
13612,704,2023-02-13,470.92,26,Female,CA,West,USA,Los Angeles,0
13613,33,2024-12-27,280.04,22,Male,FL,Southeast,USA,Miami,0
13614,748,2024-09-02,239.92,34,Male,FL,Southeast,USA,Miami,0
13615,37,2022-12-10,411.23,62,Female,WA,West,USA,Seattle,0
13616,45,2023-06-08,215.54,21,Male,TX,South,USA,Houston,0
13617,474,2022-07-06,355.87,42,Female,NY,Northeast,USA,New York,0
13618,651,2024-01-03,347.64,43,Male,IL,Midwest,USA,Chicago,0
13619,344,2024-07-05,95.1,44,Male,NSW,NSW,Australia,Sydney,0
13620,932,2024-08-15,180.6,54,Female,IL,Midwest,USA,Chicago,1
13621,413,2023-02-12,120.96,32,Female,BY,Bavaria,Germany,Munich,0
13622,694,2024-12-18,80.06,67,Other,CA,West,USA,Los Angeles,0
13623,513,2022-01-24,215.89,61,Female,CA,West,USA,Los Angeles,0
13624,477,2022-04-04,107.22,62,Female,TX,South,USA,Houston,0
13625,293,2024-08-10,50.42,67,Male,CA,West,USA,Los Angeles,0
13626,403,2024-07-25,124.78,34,Male,ON,Ontario,Canada,Toronto,0
13627,372,2024-04-07,350.85,52,Male,TX,South,USA,Houston,0
13628,150,2023-12-03,430.5,21,Male,ON,Ontario,Canada,Toronto,0
13629,748,2023-03-07,251.04,34,Male,FL,Southeast,USA,Miami,0
13630,225,2023-08-12,327.09,55,Male,TX,South,USA,Houston,0
13631,3,2022-02-08,328.72,52,Female,NY,Northeast,USA,New York,0
13632,890,2024-01-15,368.71,32,Male,CA,West,USA,Los Angeles,0
13633,699,2023-07-06,523.17,20,Male,NY,Northeast,USA,New York,0
13634,391,2022-11-17,308.39,56,Male,NY,Northeast,USA,New York,0
13635,740,2023-07-25,294.32,64,Male,TX,South,USA,Houston,0
13636,163,2024-05-09,486.86,39,Male,WA,West,USA,Seattle,0
13637,361,2024-01-16,351.98,61,Female,FL,Southeast,USA,Miami,0
13638,399,2022-12-20,234.49,32,Male,CA,West,USA,Los Angeles,0
13639,471,2022-04-02,373.78,56,Male,NY,Northeast,USA,New York,0
13640,439,2024-08-10,134.26,22,Female,NY,Northeast,USA,New York,0
13641,426,2023-01-18,359.92,28,Male,CA,West,USA,Los Angeles,1
13642,340,2023-02-08,409.1,67,Female,IL,Midwest,USA,Chicago,0
13643,400,2022-03-12,322.9,34,Female,CA,West,USA,Los Angeles,0
13644,17,2024-02-13,114.23,44,Male,CA,West,USA,Los Angeles,0
13645,14,2024-07-27,293.83,57,Male,IL,Midwest,USA,Chicago,1
13646,368,2022-06-04,406.87,34,Female,CA,West,USA,Los Angeles,0
13647,675,2022-11-18,207.34,50,Female,NY,Northeast,USA,New York,0
13648,897,2022-02-28,464.61,44,Female,NY,Northeast,USA,New York,0
13649,905,2023-06-26,35.61,41,Male,ON,Ontario,Canada,Toronto,0
13650,275,2022-06-16,335.88,39,Male,FL,Southeast,USA,Miami,0
13651,546,2022-04-11,124.1,20,Male,CA,West,USA,Los Angeles,0
13652,363,2022-02-05,327.87,29,Female,MH,Maharashtra,India,Mumbai,0
13653,64,2023-01-08,503.69,68,Female,BY,Bavaria,Germany,Munich,0
13654,716,2023-01-23,309.25,59,Female,CA,West,USA,Los Angeles,1
13655,46,2023-06-01,237.53,68,Male,NY,Northeast,USA,New York,0
13656,156,2024-01-21,482.43,52,Male,TX,South,USA,Houston,1
13657,863,2023-06-27,251.4,24,Female,TX,South,USA,Houston,0
13658,842,2024-06-13,320.86,52,Female,CA,West,USA,Los Angeles,0
13659,594,2024-06-23,179.72,68,Male,CA,West,USA,Los Angeles,0
13660,546,2024-03-28,312.68,20,Male,CA,West,USA,Los Angeles,0
13661,738,2022-07-22,360.74,35,Male,NY,Northeast,USA,New York,0
13662,534,2023-06-15,275.13,32,Female,TX,South,USA,Houston,0
13663,741,2024-12-16,126.91,60,Female,NY,Northeast,USA,New York,0
13664,128,2022-01-06,19.63,57,Male,CA,West,USA,Los Angeles,0
13665,982,2022-01-04,116.82,54,Male,NY,Northeast,USA,New York,0
13666,68,2022-11-23,426.63,37,Male,CA,West,USA,Los Angeles,0
13667,737,2024-04-15,537.63,55,Male,CA,West,USA,Los Angeles,1
13668,849,2024-03-27,319.86,60,Male,CA,West,USA,Los Angeles,0
13669,31,2023-11-21,441.22,41,Female,NY,Northeast,USA,New York,0
13670,222,2024-07-08,36.98,41,Male,NY,Northeast,USA,New York,0
13671,277,2024-08-27,479.65,42,Female,IL,Midwest,USA,Chicago,0
13672,436,2022-01-01,150.73,24,Male,CA,West,USA,Los Angeles,0
13673,169,2023-04-03,101.73,35,Male,CA,West,USA,Los Angeles,0
13674,508,2022-04-18,145.77,30,Male,CA,West,USA,Los Angeles,0
13675,958,2024-10-17,284.51,51,Male,CA,West,USA,Los Angeles,0
13676,24,2024-06-21,333.65,66,Female,WA,West,USA,Seattle,0
13677,885,2024-08-19,15.02,60,Other,CA,West,USA,Los Angeles,0
13678,704,2024-12-08,199.44,26,Female,CA,West,USA,Los Angeles,0
13679,440,2023-12-05,376.5,38,Male,CA,West,USA,Los Angeles,0
13680,543,2024-02-27,422.97,28,Female,FL,Southeast,USA,Miami,0
13681,155,2024-08-10,139.83,40,Female,NSW,NSW,Australia,Sydney,0
13682,909,2024-09-05,146.47,37,Female,NY,Northeast,USA,New York,0
13683,47,2023-10-02,363.62,41,Male,NY,Northeast,USA,New York,0
13684,131,2022-12-23,308.69,47,Female,TX,South,USA,Houston,1
13685,707,2022-10-24,253.61,18,Female,IL,Midwest,USA,Chicago,0
13686,169,2022-09-25,277.8,35,Male,CA,West,USA,Los Angeles,0
13687,80,2024-01-24,285.3,52,Male,ENG,England,UK,London,0
13688,259,2024-08-05,234.68,27,Male,BY,Bavaria,Germany,Munich,0
13689,570,2024-08-01,443.59,47,Male,TX,South,USA,Houston,1
13690,305,2022-09-15,445.41,46,Male,IL,Midwest,USA,Chicago,0
13691,842,2023-08-15,342.93,52,Female,CA,West,USA,Los Angeles,0
13692,943,2022-06-01,142.17,65,Male,CA,West,USA,Los Angeles,1
13693,418,2024-07-25,545.97,24,Male,IL,Midwest,USA,Chicago,0
13694,568,2024-12-18,59.62,30,Female,MH,Maharashtra,India,Mumbai,0
13695,600,2023-05-20,505.1,51,Male,NY,Northeast,USA,New York,0
13696,271,2024-10-16,316.33,33,Male,FL,Southeast,USA,Miami,0
13697,482,2023-08-28,379.46,61,Female,NY,Northeast,USA,New York,0
13698,215,2023-06-22,230.59,56,Female,NY,Northeast,USA,New York,1
13699,967,2022-06-17,184.97,49,Male,ON,Ontario,Canada,Toronto,0
13700,523,2023-07-15,126.58,27,Other,CA,West,USA,Los Angeles,1
13701,422,2023-11-24,68.9,54,Female,NY,Northeast,USA,New York,0
13702,202,2023-02-10,173.05,65,Male,MH,Maharashtra,India,Mumbai,1
13703,146,2023-12-25,142.8,62,Female,TX,South,USA,Houston,0
13704,81,2024-10-04,304.1,66,Female,ENG,England,UK,London,0
13705,301,2024-05-02,481.65,36,Female,FL,Southeast,USA,Miami,0
13706,624,2023-01-02,54.02,39,Male,CA,West,USA,Los Angeles,0
13707,936,2024-02-11,421.14,66,Other,NSW,NSW,Australia,Sydney,0
13708,669,2023-03-15,149.57,65,Female,NY,Northeast,USA,New York,0
13709,162,2024-02-26,363.03,52,Female,FL,Southeast,USA,Miami,1
13710,75,2022-02-26,317.36,53,Female,CA,West,USA,Los Angeles,0
13711,516,2024-12-01,415.94,23,Male,TX,South,USA,Houston,0
13712,506,2023-09-22,18.51,41,Male,ENG,England,UK,London,0
13713,74,2022-11-06,10.68,24,Female,ON,Ontario,Canada,Toronto,0
13714,572,2022-08-12,92.68,39,Female,TX,South,USA,Houston,0
13715,107,2024-08-25,549.23,58,Female,NSW,NSW,Australia,Sydney,0
13716,636,2024-11-28,198.71,53,Male,TX,South,USA,Houston,1
13717,985,2024-04-23,354.34,48,Female,ON,Ontario,Canada,Toronto,0
13718,9,2023-09-06,170.58,28,Female,CA,West,USA,Los Angeles,0
13719,276,2024-12-02,278.92,43,Female,TX,South,USA,Houston,0
13720,795,2024-12-28,251.52,40,Male,NY,Northeast,USA,New York,0
13721,733,2023-06-07,108.28,65,Male,CA,West,USA,Los Angeles,0
13722,529,2023-11-07,196.66,65,Female,TX,South,USA,Houston,0
13723,934,2023-07-15,109.62,51,Male,NY,Northeast,USA,New York,0
13724,413,2024-04-05,164.69,32,Female,BY,Bavaria,Germany,Munich,0
13725,666,2023-04-19,227.34,54,Female,NY,Northeast,USA,New York,0
13726,440,2023-07-25,423.81,38,Male,CA,West,USA,Los Angeles,0
13727,969,2024-04-10,119.0,65,Female,FL,Southeast,USA,Miami,0
13728,454,2024-01-14,118.62,19,Male,MH,Maharashtra,India,Mumbai,0
13729,114,2023-02-26,139.08,41,Other,NY,Northeast,USA,New York,0
13730,852,2024-11-25,444.39,59,Female,ENG,England,UK,London,1
13731,409,2022-11-03,131.18,66,Male,ON,Ontario,Canada,Toronto,1
13732,688,2024-11-21,460.92,48,Other,FL,Southeast,USA,Miami,1
13733,406,2022-08-01,168.1,44,Female,TX,South,USA,Houston,0
13734,287,2023-12-05,167.94,26,Female,NY,Northeast,USA,New York,0
13735,249,2024-07-18,218.8,58,Female,TX,South,USA,Houston,1
13736,13,2022-07-04,229.58,56,Male,FL,Southeast,USA,Miami,0
13737,91,2024-07-06,241.57,40,Female,CA,West,USA,Los Angeles,0
13738,377,2023-04-13,215.44,56,Male,NY,Northeast,USA,New York,0
13739,776,2022-08-12,498.91,67,Male,CA,West,USA,Los Angeles,0
13740,190,2024-06-16,391.58,33,Female,NY,Northeast,USA,New York,1
13741,697,2023-12-26,468.51,55,Male,CA,West,USA,Los Angeles,0
13742,607,2024-03-12,501.62,34,Male,IL,Midwest,USA,Chicago,0
13743,689,2024-02-09,245.5,41,Male,NY,Northeast,USA,New York,0
13744,641,2022-05-06,389.85,52,Male,ENG,England,UK,London,0
13745,853,2023-04-25,255.11,68,Male,NY,Northeast,USA,New York,1
13746,323,2023-12-07,319.48,49,Male,TX,South,USA,Houston,0
13747,670,2023-08-01,392.1,24,Male,TX,South,USA,Houston,0
13748,864,2022-05-15,295.09,58,Male,ENG,England,UK,London,0
13749,661,2023-09-21,274.06,27,Male,TX,South,USA,Houston,0
13750,983,2024-07-01,17.7,46,Female,CA,West,USA,Los Angeles,0
13751,823,2022-03-18,485.18,25,Male,TX,South,USA,Houston,0
13752,470,2024-06-13,32.05,66,Male,TX,South,USA,Houston,1
13753,773,2023-05-22,73.08,18,Male,WA,West,USA,Seattle,0
13754,473,2022-09-01,30.81,40,Male,IL,Midwest,USA,Chicago,0
13755,909,2022-11-26,316.84,37,Female,NY,Northeast,USA,New York,0
13756,79,2022-04-25,158.29,47,Female,MH,Maharashtra,India,Mumbai,0
13757,992,2024-08-20,501.7,46,Female,TX,South,USA,Houston,0
13758,879,2022-09-18,300.42,46,Female,CA,West,USA,Los Angeles,0
13759,300,2024-06-20,440.1,19,Female,FL,Southeast,USA,Miami,0
13760,144,2024-07-05,90.9,39,Male,CA,West,USA,Los Angeles,1
13761,580,2022-05-26,211.21,23,Male,CA,West,USA,Los Angeles,0
13762,629,2024-06-22,353.9,44,Female,CA,West,USA,Los Angeles,0
13763,372,2024-06-22,114.25,52,Male,TX,South,USA,Houston,0
13764,646,2022-05-14,197.19,35,Male,BY,Bavaria,Germany,Munich,0
13765,535,2024-07-04,425.25,48,Male,CA,West,USA,Los Angeles,0
13766,346,2023-10-15,364.93,31,Female,FL,Southeast,USA,Miami,0
13767,480,2024-06-16,506.16,23,Male,CA,West,USA,Los Angeles,0
13768,100,2022-12-08,283.52,25,Female,NY,Northeast,USA,New York,0
13769,544,2024-04-26,124.72,27,Female,BY,Bavaria,Germany,Munich,0
13770,655,2024-06-12,493.45,46,Female,FL,Southeast,USA,Miami,0
13771,965,2024-08-27,539.16,67,Female,NY,Northeast,USA,New York,0
13772,342,2024-08-25,277.7,33,Female,FL,Southeast,USA,Miami,0
13773,88,2022-12-03,51.39,34,Male,FL,Southeast,USA,Miami,0
13774,153,2024-05-05,149.99,65,Female,NY,Northeast,USA,New York,0
13775,880,2023-06-11,401.27,50,Male,IL,Midwest,USA,Chicago,0
13776,914,2022-08-18,10.11,68,Female,TX,South,USA,Houston,0
13777,786,2022-08-04,154.43,48,Female,CA,West,USA,Los Angeles,0
13778,487,2024-10-07,213.7,35,Male,NY,Northeast,USA,New York,0
13779,983,2024-10-24,443.87,46,Female,CA,West,USA,Los Angeles,0
13780,701,2022-01-13,224.15,45,Female,CA,West,USA,Los Angeles,0
13781,225,2024-10-16,299.62,55,Male,TX,South,USA,Houston,0
13782,301,2024-10-15,379.77,36,Female,FL,Southeast,USA,Miami,0
13783,946,2023-08-28,418.29,24,Female,FL,Southeast,USA,Miami,0
13784,149,2023-05-04,186.21,60,Female,BY,Bavaria,Germany,Munich,1
13785,720,2024-12-15,105.5,49,Male,NY,Northeast,USA,New York,0
13786,35,2024-10-03,111.07,64,Male,CA,West,USA,Los Angeles,0
13787,699,2023-04-02,93.78,20,Male,NY,Northeast,USA,New York,0
13788,345,2023-05-14,70.04,65,Male,CA,West,USA,Los Angeles,0
13789,17,2022-10-26,226.04,44,Male,CA,West,USA,Los Angeles,0
13790,51,2023-12-12,105.71,57,Female,CA,West,USA,Los Angeles,1
13791,187,2023-07-21,417.04,26,Male,TX,South,USA,Houston,0
13792,991,2023-11-26,10.63,35,Male,NSW,NSW,Australia,Sydney,0
13793,975,2023-06-01,505.86,25,Female,NY,Northeast,USA,New York,0
13794,234,2024-06-20,18.46,57,Male,NY,Northeast,USA,New York,0
13795,301,2023-09-26,179.58,36,Female,FL,Southeast,USA,Miami,0
13796,126,2023-01-26,402.26,47,Male,IL,Midwest,USA,Chicago,0
13797,501,2022-03-21,437.31,23,Male,ON,Ontario,Canada,Toronto,0
13798,822,2024-10-26,59.07,52,Female,CA,West,USA,Los Angeles,0
13799,534,2022-04-17,402.53,32,Female,TX,South,USA,Houston,0
13800,800,2023-03-01,400.93,41,Male,IL,Midwest,USA,Chicago,1
13801,972,2022-02-28,235.34,39,Male,ENG,England,UK,London,0
13802,997,2024-04-25,355.25,45,Female,FL,Southeast,USA,Miami,0
13803,332,2023-04-06,201.3,37,Female,NSW,NSW,Australia,Sydney,0
13804,244,2023-05-27,172.56,51,Male,NSW,NSW,Australia,Sydney,0
13805,489,2024-12-19,29.33,57,Male,MH,Maharashtra,India,Mumbai,0
13806,49,2024-09-13,14.95,53,Female,NY,Northeast,USA,New York,1
13807,451,2023-09-23,283.89,67,Female,NSW,NSW,Australia,Sydney,0
13808,724,2023-02-18,16.62,24,Female,CA,West,USA,Los Angeles,0
13809,194,2024-03-23,78.62,36,Male,IL,Midwest,USA,Chicago,0
13810,808,2024-12-10,64.17,23,Female,TX,South,USA,Houston,0
13811,855,2024-09-11,358.64,32,Female,TX,South,USA,Houston,0
13812,351,2024-11-03,378.32,45,Male,NY,Northeast,USA,New York,0
13813,308,2024-05-25,425.17,46,Male,TX,South,USA,Houston,0
13814,936,2024-08-08,545.29,66,Other,NSW,NSW,Australia,Sydney,0
13815,818,2022-07-04,490.14,23,Male,WA,West,USA,Seattle,1
13816,772,2024-03-03,125.12,69,Male,FL,Southeast,USA,Miami,0
13817,338,2024-11-11,204.22,34,Other,TX,South,USA,Houston,0
13818,410,2024-05-14,319.35,18,Male,ENG,England,UK,London,1
13819,695,2023-07-24,33.55,22,Female,FL,Southeast,USA,Miami,1
13820,720,2023-02-19,110.55,49,Male,NY,Northeast,USA,New York,0
13821,244,2024-09-23,479.64,51,Male,NSW,NSW,Australia,Sydney,0
13822,1,2024-10-01,235.19,22,Female,IL,Midwest,USA,Chicago,0
13823,57,2022-06-01,247.46,46,Male,BY,Bavaria,Germany,Munich,0
13824,340,2024-12-07,415.41,67,Female,IL,Midwest,USA,Chicago,0
13825,467,2022-04-11,406.28,26,Other,IL,Midwest,USA,Chicago,0
13826,170,2023-11-03,459.83,19,Male,ENG,England,UK,London,0
13827,31,2024-10-25,502.31,41,Female,NY,Northeast,USA,New York,0
13828,306,2024-12-28,172.84,25,Male,IL,Midwest,USA,Chicago,0
13829,872,2022-10-14,328.03,28,Female,NY,Northeast,USA,New York,0
13830,210,2022-07-23,64.5,58,Female,NY,Northeast,USA,New York,0
13831,663,2023-06-06,513.84,19,Female,NY,Northeast,USA,New York,0
13832,716,2024-11-01,158.08,59,Female,CA,West,USA,Los Angeles,1
13833,622,2024-11-26,225.44,42,Male,CA,West,USA,Los Angeles,0
13834,830,2024-08-23,521.96,19,Male,TX,South,USA,Houston,0
13835,288,2024-09-22,357.03,47,Male,IL,Midwest,USA,Chicago,0
13836,181,2023-07-24,160.34,66,Male,IL,Midwest,USA,Chicago,0
13837,164,2022-04-20,52.27,39,Male,CA,West,USA,Los Angeles,1
13838,418,2024-01-23,279.4,24,Male,IL,Midwest,USA,Chicago,0
13839,524,2023-09-28,317.42,60,Female,NY,Northeast,USA,New York,0
13840,599,2022-09-25,337.51,50,Female,CA,West,USA,Los Angeles,1
13841,884,2023-09-25,96.13,26,Other,CA,West,USA,Los Angeles,0
13842,145,2024-08-14,398.61,69,Female,CA,West,USA,Los Angeles,0
13843,611,2023-05-23,198.93,61,Male,TX,South,USA,Houston,0
13844,361,2022-04-07,472.57,61,Female,FL,Southeast,USA,Miami,0
13845,691,2024-01-09,369.81,69,Male,CA,West,USA,Los Angeles,0
13846,196,2022-03-25,459.85,22,Female,TX,South,USA,Houston,0
13847,17,2023-08-11,26.25,44,Male,CA,West,USA,Los Angeles,0
13848,563,2024-10-24,506.97,43,Male,TX,South,USA,Houston,0
13849,305,2024-12-14,492.97,46,Male,IL,Midwest,USA,Chicago,0
13850,903,2023-02-08,275.9,29,Other,WA,West,USA,Seattle,0
13851,731,2022-11-12,488.44,55,Male,NY,Northeast,USA,New York,0
13852,463,2023-08-17,399.75,56,Male,FL,Southeast,USA,Miami,0
13853,382,2023-05-02,527.43,66,Female,FL,Southeast,USA,Miami,0
13854,672,2024-10-16,426.28,49,Female,NY,Northeast,USA,New York,0
13855,461,2024-12-03,513.46,55,Female,FL,Southeast,USA,Miami,0
13856,721,2023-06-14,113.0,25,Male,NY,Northeast,USA,New York,0
13857,732,2024-08-10,119.31,39,Female,IL,Midwest,USA,Chicago,0
13858,991,2023-04-18,274.32,35,Male,NSW,NSW,Australia,Sydney,0
13859,312,2023-03-24,389.38,52,Male,TX,South,USA,Houston,0
13860,628,2024-03-03,156.63,37,Female,NY,Northeast,USA,New York,0
13861,495,2022-01-03,214.3,33,Female,TX,South,USA,Houston,0
13862,186,2023-10-13,100.15,41,Male,NY,Northeast,USA,New York,0
13863,231,2024-03-22,519.13,42,Male,NSW,NSW,Australia,Sydney,0
13864,11,2023-09-08,397.25,45,Male,CA,West,USA,Los Angeles,0
13865,300,2023-11-22,30.53,19,Female,FL,Southeast,USA,Miami,0
13866,139,2022-11-01,21.02,36,Female,NY,Northeast,USA,New York,0
13867,185,2023-05-09,526.78,43,Female,CA,West,USA,Los Angeles,0
13868,125,2023-02-15,216.33,62,Other,NY,Northeast,USA,New York,0
13869,2,2023-06-18,323.43,58,Female,NSW,NSW,Australia,Sydney,0
13870,524,2023-03-11,502.91,60,Female,NY,Northeast,USA,New York,0
13871,931,2023-06-25,507.05,45,Female,ON,Ontario,Canada,Toronto,0
13872,440,2024-08-13,63.85,38,Male,CA,West,USA,Los Angeles,0
13873,506,2024-09-18,359.93,41,Male,ENG,England,UK,London,0
13874,615,2024-04-04,556.06,53,Other,CA,West,USA,Los Angeles,0
13875,582,2024-04-27,109.79,61,Female,CA,West,USA,Los Angeles,0
13876,78,2024-11-15,374.96,29,Female,ON,Ontario,Canada,Toronto,0
13877,446,2022-12-14,389.26,52,Male,BY,Bavaria,Germany,Munich,0
13878,821,2023-09-08,49.85,19,Female,CA,West,USA,Los Angeles,0
13879,217,2022-08-18,199.64,22,Female,NY,Northeast,USA,New York,1
13880,109,2023-09-01,117.23,42,Female,TX,South,USA,Houston,0
13881,644,2024-02-13,42.36,43,Female,ON,Ontario,Canada,Toronto,1
13882,684,2023-12-22,62.18,67,Male,CA,West,USA,Los Angeles,1
13883,725,2024-03-22,198.77,58,Male,ENG,England,UK,London,0
13884,693,2022-09-18,293.79,66,Female,IL,Midwest,USA,Chicago,0
13885,297,2023-04-11,505.91,62,Male,FL,Southeast,USA,Miami,1
13886,568,2023-09-15,496.59,30,Female,MH,Maharashtra,India,Mumbai,0
13887,851,2022-10-05,437.47,68,Female,CA,West,USA,Los Angeles,0
13888,175,2023-10-18,411.28,54,Female,WA,West,USA,Seattle,0
13889,693,2024-06-07,33.53,66,Female,IL,Midwest,USA,Chicago,0
13890,613,2023-08-10,221.29,58,Female,CA,West,USA,Los Angeles,0
13891,274,2024-08-21,438.91,67,Female,ENG,England,UK,London,0
13892,925,2024-10-04,542.16,30,Male,BY,Bavaria,Germany,Munich,0
13893,166,2023-07-10,250.69,60,Female,ENG,England,UK,London,0
13894,806,2024-07-10,396.06,58,Female,NY,Northeast,USA,New York,0
13895,569,2022-09-27,497.71,51,Male,NY,Northeast,USA,New York,0
13896,130,2023-03-23,334.19,51,Female,TX,South,USA,Houston,1
13897,441,2023-09-11,415.1,68,Male,NY,Northeast,USA,New York,0
13898,332,2024-03-18,541.51,37,Female,NSW,NSW,Australia,Sydney,0
13899,417,2023-10-07,379.42,68,Male,IL,Midwest,USA,Chicago,0
13900,790,2024-06-23,83.59,18,Female,NY,Northeast,USA,New York,0
13901,643,2024-11-10,548.54,62,Female,WA,West,USA,Seattle,0
13902,197,2023-02-26,428.18,35,Female,CA,West,USA,Los Angeles,0
13903,744,2024-07-25,156.41,32,Male,NY,Northeast,USA,New York,0
13904,715,2023-03-07,523.41,65,Male,BY,Bavaria,Germany,Munich,1
13905,94,2023-11-12,51.97,38,Female,TX,South,USA,Houston,0
13906,919,2023-02-26,498.76,31,Female,CA,West,USA,Los Angeles,0
13907,7,2023-07-03,447.48,22,Male,IL,Midwest,USA,Chicago,0
13908,285,2023-02-19,153.41,40,Other,NY,Northeast,USA,New York,0
13909,291,2024-11-15,483.4,59,Male,WA,West,USA,Seattle,0
13910,95,2023-04-16,41.98,64,Male,ON,Ontario,Canada,Toronto,0
13911,663,2022-08-17,476.59,19,Female,NY,Northeast,USA,New York,0
13912,461,2024-03-15,343.13,55,Female,FL,Southeast,USA,Miami,0
13913,816,2024-05-10,297.18,61,Female,NY,Northeast,USA,New York,1
13914,314,2024-02-14,555.08,32,Female,NY,Northeast,USA,New York,0
13915,855,2023-08-28,24.29,32,Female,TX,South,USA,Houston,0
13916,509,2024-01-03,292.42,31,Female,CA,West,USA,Los Angeles,0
13917,6,2023-12-05,392.47,62,Female,TX,South,USA,Houston,0
13918,303,2024-06-02,72.81,18,Female,CA,West,USA,Los Angeles,0
13919,362,2023-08-18,18.37,64,Female,MH,Maharashtra,India,Mumbai,1
13920,504,2022-05-10,311.45,63,Male,IL,Midwest,USA,Chicago,0
13921,705,2024-04-02,196.71,24,Male,NY,Northeast,USA,New York,0
13922,158,2024-11-06,275.61,46,Male,ON,Ontario,Canada,Toronto,0
13923,807,2024-10-08,352.72,46,Female,TX,South,USA,Houston,0
13924,173,2023-09-03,211.18,58,Other,WA,West,USA,Seattle,0
13925,995,2024-10-22,128.95,45,Male,ENG,England,UK,London,0
13926,385,2022-03-01,126.9,19,Male,NY,Northeast,USA,New York,0
13927,938,2023-12-25,107.92,25,Female,IL,Midwest,USA,Chicago,0
13928,90,2022-07-28,360.84,61,Male,CA,West,USA,Los Angeles,0
13929,204,2022-11-26,75.8,54,Female,FL,Southeast,USA,Miami,0
13930,984,2022-10-06,486.37,51,Male,NY,Northeast,USA,New York,0
13931,168,2024-05-07,13.82,26,Other,NY,Northeast,USA,New York,0
13932,323,2022-08-28,158.77,49,Male,TX,South,USA,Houston,0
13933,562,2024-12-18,451.72,20,Female,NY,Northeast,USA,New York,0
13934,200,2024-01-16,60.64,68,Male,IL,Midwest,USA,Chicago,0
13935,348,2022-06-25,298.11,66,Female,FL,Southeast,USA,Miami,0
13936,704,2024-08-06,170.7,26,Female,CA,West,USA,Los Angeles,0
13937,480,2023-05-12,512.04,23,Male,CA,West,USA,Los Angeles,0
13938,422,2024-05-05,131.38,54,Female,NY,Northeast,USA,New York,0
13939,671,2023-10-23,47.46,67,Male,TX,South,USA,Houston,0
13940,958,2023-12-06,329.38,51,Male,CA,West,USA,Los Angeles,0
13941,843,2023-07-04,205.91,65,Female,IL,Midwest,USA,Chicago,0
13942,53,2024-12-11,507.26,36,Male,NY,Northeast,USA,New York,0
13943,629,2022-02-16,458.34,44,Female,CA,West,USA,Los Angeles,0
13944,480,2024-04-06,447.52,23,Male,CA,West,USA,Los Angeles,0
13945,431,2022-02-26,73.04,22,Male,FL,Southeast,USA,Miami,0
13946,235,2024-06-24,372.35,43,Male,ENG,England,UK,London,0
13947,268,2023-08-26,58.48,36,Male,CA,West,USA,Los Angeles,0
13948,704,2022-03-11,22.37,26,Female,CA,West,USA,Los Angeles,0
13949,975,2022-06-11,106.62,25,Female,NY,Northeast,USA,New York,0
13950,546,2023-09-15,267.42,20,Male,CA,West,USA,Los Angeles,0
13951,209,2024-09-26,258.76,31,Male,ENG,England,UK,London,0
13952,239,2024-08-15,437.07,34,Male,TX,South,USA,Houston,0
13953,190,2022-08-11,266.47,33,Female,NY,Northeast,USA,New York,1
13954,526,2023-12-19,147.84,34,Male,NY,Northeast,USA,New York,0
13955,709,2022-10-04,78.46,42,Male,CA,West,USA,Los Angeles,0
13956,779,2024-12-28,323.86,32,Female,ENG,England,UK,London,0
13957,645,2024-12-20,381.55,58,Male,NY,Northeast,USA,New York,0
13958,975,2024-11-13,128.05,25,Female,NY,Northeast,USA,New York,0
13959,894,2024-02-03,357.95,68,Male,CA,West,USA,Los Angeles,0
13960,227,2023-07-10,457.39,60,Male,NY,Northeast,USA,New York,0
13961,913,2023-06-17,136.4,37,Female,TX,South,USA,Houston,0
13962,55,2024-02-28,460.91,43,Male,NY,Northeast,USA,New York,0
13963,745,2022-08-14,475.68,59,Male,NY,Northeast,USA,New York,0
13964,566,2022-04-28,468.88,30,Other,BY,Bavaria,Germany,Munich,0
13965,29,2023-08-15,83.94,46,Female,CA,West,USA,Los Angeles,0
13966,309,2024-11-22,38.06,34,Female,TX,South,USA,Houston,0
13967,868,2024-06-03,409.95,61,Male,TX,South,USA,Houston,0
13968,745,2024-12-23,220.87,59,Male,NY,Northeast,USA,New York,0
13969,567,2023-10-07,102.91,29,Male,TX,South,USA,Houston,0
13970,769,2023-11-12,242.81,25,Female,IL,Midwest,USA,Chicago,0
13971,196,2023-02-10,292.47,22,Female,TX,South,USA,Houston,0
13972,190,2024-12-16,99.98,33,Female,NY,Northeast,USA,New York,1
13973,618,2022-01-18,28.55,31,Female,CA,West,USA,Los Angeles,0
13974,448,2024-11-10,440.25,67,Female,BY,Bavaria,Germany,Munich,0
13975,228,2023-01-02,247.5,48,Male,ENG,England,UK,London,0
13976,24,2024-03-18,145.31,66,Female,WA,West,USA,Seattle,0
13977,440,2024-05-12,535.41,38,Male,CA,West,USA,Los Angeles,0
13978,726,2023-10-24,404.85,24,Female,NY,Northeast,USA,New York,1
13979,381,2024-12-20,232.18,18,Male,TX,South,USA,Houston,0
13980,547,2023-09-11,152.32,40,Male,TX,South,USA,Houston,0
13981,194,2024-10-02,411.39,36,Male,IL,Midwest,USA,Chicago,0
13982,980,2024-05-15,408.72,47,Female,NSW,NSW,Australia,Sydney,0
13983,809,2023-12-23,469.75,38,Male,FL,Southeast,USA,Miami,0
13984,339,2022-06-22,16.43,28,Male,WA,West,USA,Seattle,0
13985,488,2024-12-10,356.73,45,Male,IL,Midwest,USA,Chicago,1
13986,657,2024-10-06,165.82,57,Male,CA,West,USA,Los Angeles,1
13987,146,2024-06-03,546.07,62,Female,TX,South,USA,Houston,0
13988,573,2024-05-18,24.82,32,Male,NY,Northeast,USA,New York,0
13989,238,2023-09-08,263.78,40,Male,CA,West,USA,Los Angeles,0
13990,555,2023-12-22,379.79,69,Male,NY,Northeast,USA,New York,1
13991,499,2023-09-17,400.81,66,Other,ON,Ontario,Canada,Toronto,0
13992,425,2022-11-02,320.21,39,Male,NY,Northeast,USA,New York,0
13993,637,2023-12-20,255.82,30,Female,NY,Northeast,USA,New York,1
13994,373,2024-05-08,510.3,39,Other,MH,Maharashtra,India,Mumbai,0
13995,771,2022-07-25,292.61,51,Other,FL,Southeast,USA,Miami,0
13996,231,2023-08-01,281.31,42,Male,NSW,NSW,Australia,Sydney,0
13997,46,2024-04-11,481.59,68,Male,NY,Northeast,USA,New York,0
13998,692,2024-11-01,254.43,59,Male,FL,Southeast,USA,Miami,1
13999,599,2024-04-18,344.81,50,Female,CA,West,USA,Los Angeles,1
14000,704,2023-09-14,181.49,26,Female,CA,West,USA,Los Angeles,0
14001,389,2024-07-15,127.64,64,Male,ENG,England,UK,London,0
14002,667,2022-11-20,235.57,44,Female,ENG,England,UK,London,1
14003,47,2022-07-26,174.65,41,Male,NY,Northeast,USA,New York,0
14004,978,2024-08-11,31.91,47,Other,CA,West,USA,Los Angeles,0
14005,884,2023-03-16,263.39,26,Other,CA,West,USA,Los Angeles,0
14006,326,2024-11-18,371.34,29,Male,CA,West,USA,Los Angeles,1
14007,304,2023-06-25,37.61,64,Female,IL,Midwest,USA,Chicago,0
14008,162,2022-08-06,287.99,52,Female,FL,Southeast,USA,Miami,1
14009,968,2023-11-15,171.63,34,Male,FL,Southeast,USA,Miami,0
14010,60,2022-07-24,29.98,53,Female,ENG,England,UK,London,1
14011,825,2023-04-08,60.92,50,Male,NY,Northeast,USA,New York,0
14012,133,2022-04-11,361.0,22,Male,FL,Southeast,USA,Miami,1
14013,969,2023-08-13,290.63,65,Female,FL,Southeast,USA,Miami,0
14014,266,2024-05-20,535.8,48,Male,CA,West,USA,Los Angeles,0
14015,440,2022-05-19,343.98,38,Male,CA,West,USA,Los Angeles,0
14016,60,2024-04-04,539.46,53,Female,ENG,England,UK,London,1
14017,295,2024-06-06,167.68,46,Male,BY,Bavaria,Germany,Munich,1
14018,944,2023-07-23,313.14,42,Male,TX,South,USA,Houston,0
14019,591,2023-07-19,300.76,59,Male,NY,Northeast,USA,New York,0
14020,326,2024-08-15,298.56,29,Male,CA,West,USA,Los Angeles,1
14021,891,2024-08-12,503.7,23,Female,FL,Southeast,USA,Miami,0
14022,931,2022-06-28,268.58,45,Female,ON,Ontario,Canada,Toronto,0
14023,411,2024-12-25,155.88,27,Female,CA,West,USA,Los Angeles,0
14024,377,2022-07-12,353.96,56,Male,NY,Northeast,USA,New York,0
14025,836,2023-11-10,148.16,58,Female,IL,Midwest,USA,Chicago,0
14026,541,2023-08-25,53.9,54,Male,NY,Northeast,USA,New York,0
14027,286,2022-06-10,298.43,66,Male,ON,Ontario,Canada,Toronto,0
14028,595,2022-10-12,77.36,34,Female,BY,Bavaria,Germany,Munich,0
14029,364,2022-03-26,359.97,64,Female,TX,South,USA,Houston,0
14030,399,2022-12-04,224.72,32,Male,CA,West,USA,Los Angeles,0
14031,663,2024-08-20,486.57,19,Female,NY,Northeast,USA,New York,0
14032,358,2022-02-20,208.32,64,Female,NY,Northeast,USA,New York,0
14033,527,2024-06-11,228.63,66,Female,ON,Ontario,Canada,Toronto,0
14034,664,2024-10-06,246.56,28,Male,TX,South,USA,Houston,0
14035,909,2023-01-25,381.31,37,Female,NY,Northeast,USA,New York,0
14036,902,2022-04-23,86.04,20,Male,WA,West,USA,Seattle,0
14037,887,2023-12-25,187.87,20,Female,MH,Maharashtra,India,Mumbai,1
14038,748,2024-05-10,158.21,34,Male,FL,Southeast,USA,Miami,0
14039,458,2023-03-27,212.11,50,Female,CA,West,USA,Los Angeles,0
14040,441,2022-02-22,456.72,68,Male,NY,Northeast,USA,New York,0
14041,68,2024-08-07,357.67,37,Male,CA,West,USA,Los Angeles,0
14042,786,2023-08-14,272.0,48,Female,CA,West,USA,Los Angeles,0
14043,934,2023-09-09,77.61,51,Male,NY,Northeast,USA,New York,0
14044,633,2024-12-16,327.45,40,Male,MH,Maharashtra,India,Mumbai,0
14045,932,2024-01-06,449.55,54,Female,IL,Midwest,USA,Chicago,1
14046,512,2023-03-21,198.07,56,Female,NY,Northeast,USA,New York,0
14047,114,2023-04-13,479.55,41,Other,NY,Northeast,USA,New York,0
14048,885,2023-06-19,193.15,60,Other,CA,West,USA,Los Angeles,0
14049,408,2022-02-18,88.62,25,Male,CA,West,USA,Los Angeles,0
14050,505,2023-06-19,440.52,32,Female,CA,West,USA,Los Angeles,0
14051,613,2022-11-22,287.14,58,Female,CA,West,USA,Los Angeles,0
14052,440,2024-03-19,294.82,38,Male,CA,West,USA,Los Angeles,0
14053,439,2024-12-15,519.22,22,Female,NY,Northeast,USA,New York,0
14054,668,2024-12-17,463.84,62,Female,TX,South,USA,Houston,0
14055,320,2024-07-18,556.01,57,Male,FL,Southeast,USA,Miami,0
14056,434,2022-11-23,348.91,24,Female,ON,Ontario,Canada,Toronto,0
14057,149,2022-10-14,294.01,60,Female,BY,Bavaria,Germany,Munich,1
14058,287,2023-05-09,290.47,26,Female,NY,Northeast,USA,New York,0
14059,723,2023-08-08,195.5,61,Female,TX,South,USA,Houston,0
14060,516,2022-02-06,98.66,23,Male,TX,South,USA,Houston,0
14061,367,2024-07-17,464.03,42,Female,BY,Bavaria,Germany,Munich,0
14062,938,2023-11-21,14.05,25,Female,IL,Midwest,USA,Chicago,0
14063,201,2022-08-09,445.05,37,Male,BY,Bavaria,Germany,Munich,0
14064,502,2023-06-16,146.93,51,Female,TX,South,USA,Houston,0
14065,68,2024-09-11,142.58,37,Male,CA,West,USA,Los Angeles,0
14066,990,2024-12-26,15.08,58,Female,FL,Southeast,USA,Miami,0
14067,841,2022-01-26,186.4,33,Male,CA,West,USA,Los Angeles,1
14068,821,2023-05-28,56.73,19,Female,CA,West,USA,Los Angeles,0
14069,270,2024-03-25,112.48,48,Female,ON,Ontario,Canada,Toronto,0
14070,486,2022-12-25,347.27,30,Female,BY,Bavaria,Germany,Munich,0
14071,453,2024-08-16,239.13,43,Male,WA,West,USA,Seattle,0
14072,338,2024-02-16,17.2,34,Other,TX,South,USA,Houston,0
14073,24,2024-08-09,185.1,66,Female,WA,West,USA,Seattle,0
14074,646,2022-07-22,13.0,35,Male,BY,Bavaria,Germany,Munich,0
14075,19,2024-01-09,513.45,61,Male,CA,West,USA,Los Angeles,0
14076,955,2023-11-10,457.53,58,Male,FL,Southeast,USA,Miami,0
14077,146,2022-09-27,183.11,62,Female,TX,South,USA,Houston,0
14078,415,2022-01-01,127.82,18,Other,CA,West,USA,Los Angeles,0
14079,302,2023-12-04,66.13,60,Male,FL,Southeast,USA,Miami,0
14080,214,2022-03-22,355.54,41,Female,ENG,England,UK,London,0
14081,985,2024-01-20,77.3,48,Female,ON,Ontario,Canada,Toronto,0
14082,131,2024-06-22,378.64,47,Female,TX,South,USA,Houston,1
14083,803,2022-03-14,136.59,44,Female,TX,South,USA,Houston,1
14084,517,2024-08-01,411.44,63,Female,NY,Northeast,USA,New York,0
14085,678,2024-05-09,227.01,22,Male,ON,Ontario,Canada,Toronto,0
14086,445,2022-03-25,77.05,44,Male,ON,Ontario,Canada,Toronto,0
14087,8,2024-12-19,163.43,54,Female,TX,South,USA,Houston,0
14088,515,2024-05-25,389.9,67,Male,TX,South,USA,Houston,0
14089,27,2024-06-01,387.18,38,Other,NY,Northeast,USA,New York,1
14090,487,2023-05-09,320.81,35,Male,NY,Northeast,USA,New York,0
14091,579,2024-11-20,188.6,64,Female,NY,Northeast,USA,New York,0
14092,575,2024-03-01,359.83,18,Female,NY,Northeast,USA,New York,0
14093,710,2023-02-13,32.52,42,Male,CA,West,USA,Los Angeles,0
14094,314,2022-11-25,306.09,32,Female,NY,Northeast,USA,New York,0
14095,986,2023-03-05,416.4,51,Male,NY,Northeast,USA,New York,0
14096,476,2023-11-02,82.39,58,Female,CA,West,USA,Los Angeles,0
14097,693,2023-08-18,434.68,66,Female,IL,Midwest,USA,Chicago,0
14098,428,2022-11-07,453.45,59,Female,IL,Midwest,USA,Chicago,1
14099,365,2024-02-06,537.51,24,Male,FL,Southeast,USA,Miami,0
14100,527,2024-12-16,27.69,66,Female,ON,Ontario,Canada,Toronto,0
14101,835,2023-05-17,475.79,62,Other,TX,South,USA,Houston,0
14102,450,2023-01-23,43.55,32,Male,BY,Bavaria,Germany,Munich,0
14103,67,2022-10-03,195.92,65,Female,CA,West,USA,Los Angeles,0
14104,651,2022-03-22,278.71,43,Male,IL,Midwest,USA,Chicago,0
14105,349,2024-05-19,132.88,27,Male,TX,South,USA,Houston,0
14106,711,2022-08-20,178.84,53,Female,MH,Maharashtra,India,Mumbai,0
14107,833,2024-01-07,509.55,41,Female,ON,Ontario,Canada,Toronto,1
14108,401,2023-03-24,101.54,69,Female,FL,Southeast,USA,Miami,0
14109,928,2022-07-04,274.01,33,Male,IL,Midwest,USA,Chicago,0
14110,732,2024-06-20,465.05,39,Female,IL,Midwest,USA,Chicago,0
14111,673,2023-08-04,135.83,51,Male,TX,South,USA,Houston,0
14112,913,2023-10-18,496.28,37,Female,TX,South,USA,Houston,0
14113,880,2022-05-13,490.25,50,Male,IL,Midwest,USA,Chicago,0
14114,769,2024-06-05,157.23,25,Female,IL,Midwest,USA,Chicago,0
14115,989,2023-04-06,256.28,30,Female,CA,West,USA,Los Angeles,0
14116,776,2024-05-13,17.36,67,Male,CA,West,USA,Los Angeles,0
14117,854,2024-01-11,538.46,30,Male,TX,South,USA,Houston,0
14118,733,2024-08-13,86.55,65,Male,CA,West,USA,Los Angeles,0
14119,459,2024-03-13,245.98,61,Female,ON,Ontario,Canada,Toronto,0
14120,394,2024-10-01,380.36,49,Male,CA,West,USA,Los Angeles,0
14121,807,2024-01-13,368.22,46,Female,TX,South,USA,Houston,0
14122,955,2023-01-12,349.54,58,Male,FL,Southeast,USA,Miami,0
14123,584,2024-04-11,20.59,20,Female,CA,West,USA,Los Angeles,0
14124,193,2024-06-07,414.12,49,Male,NY,Northeast,USA,New York,0
14125,811,2022-09-06,375.54,20,Male,MH,Maharashtra,India,Mumbai,0
14126,294,2024-09-03,310.5,35,Male,IL,Midwest,USA,Chicago,0
14127,734,2023-12-18,390.47,58,Female,NSW,NSW,Australia,Sydney,0
14128,208,2023-05-16,10.91,68,Female,TX,South,USA,Houston,0
14129,859,2022-01-23,91.45,52,Female,MH,Maharashtra,India,Mumbai,0
14130,485,2022-11-07,46.38,42,Male,FL,Southeast,USA,Miami,0
14131,372,2022-10-12,163.31,52,Male,TX,South,USA,Houston,0
14132,748,2022-01-06,109.77,34,Male,FL,Southeast,USA,Miami,0
14133,707,2022-02-27,101.18,18,Female,IL,Midwest,USA,Chicago,0
14134,259,2022-07-23,215.59,27,Male,BY,Bavaria,Germany,Munich,0
14135,68,2023-05-05,334.51,37,Male,CA,West,USA,Los Angeles,0
14136,961,2023-08-23,292.85,25,Female,ENG,England,UK,London,0
14137,971,2024-04-26,470.5,33,Female,TX,South,USA,Houston,0
14138,661,2024-12-19,227.32,27,Male,TX,South,USA,Houston,0
14139,111,2022-07-28,209.8,32,Female,NY,Northeast,USA,New York,1
14140,937,2023-10-06,16.16,26,Male,FL,Southeast,USA,Miami,0
14141,462,2023-02-09,405.45,25,Male,TX,South,USA,Houston,1
14142,606,2023-08-18,323.41,45,Female,IL,Midwest,USA,Chicago,0
14143,676,2023-11-16,75.94,55,Female,FL,Southeast,USA,Miami,1
14144,588,2024-01-20,116.38,23,Female,NY,Northeast,USA,New York,0
14145,231,2024-07-28,105.13,42,Male,NSW,NSW,Australia,Sydney,0
14146,965,2023-04-07,222.27,67,Female,NY,Northeast,USA,New York,0
14147,530,2024-07-25,32.06,65,Male,FL,Southeast,USA,Miami,0
14148,946,2023-11-04,415.04,24,Female,FL,Southeast,USA,Miami,0
14149,135,2024-09-13,185.8,59,Male,MH,Maharashtra,India,Mumbai,0
14150,694,2024-10-13,515.38,67,Other,CA,West,USA,Los Angeles,0
14151,181,2023-04-23,151.68,66,Male,IL,Midwest,USA,Chicago,0
14152,115,2024-11-12,212.25,44,Male,ON,Ontario,Canada,Toronto,1
14153,879,2024-08-24,516.63,46,Female,CA,West,USA,Los Angeles,0
14154,119,2023-01-05,98.1,30,Male,MH,Maharashtra,India,Mumbai,0
14155,41,2022-11-28,424.38,26,Other,ON,Ontario,Canada,Toronto,0
14156,34,2024-01-06,94.32,46,Female,IL,Midwest,USA,Chicago,0
14157,367,2023-01-17,267.94,42,Female,BY,Bavaria,Germany,Munich,0
14158,148,2022-11-14,438.26,30,Female,WA,West,USA,Seattle,0
14159,74,2024-01-03,98.87,24,Female,ON,Ontario,Canada,Toronto,0
14160,548,2023-02-15,30.05,48,Female,TX,South,USA,Houston,0
14161,208,2022-01-25,127.3,68,Female,TX,South,USA,Houston,0
14162,446,2024-11-16,155.06,52,Male,BY,Bavaria,Germany,Munich,0
14163,101,2023-01-20,222.04,61,Female,BY,Bavaria,Germany,Munich,0
14164,694,2023-06-28,396.92,67,Other,CA,West,USA,Los Angeles,0
14165,419,2024-04-09,37.51,33,Male,FL,Southeast,USA,Miami,0
14166,893,2022-05-02,290.22,45,Male,NY,Northeast,USA,New York,1
14167,808,2024-05-20,409.23,23,Female,TX,South,USA,Houston,0
14168,377,2024-11-23,454.18,56,Male,NY,Northeast,USA,New York,0
14169,333,2023-10-04,512.64,34,Male,TX,South,USA,Houston,0
14170,870,2023-11-10,439.29,20,Male,TX,South,USA,Houston,0
14171,365,2024-10-11,67.84,24,Male,FL,Southeast,USA,Miami,0
14172,897,2024-05-22,107.67,44,Female,NY,Northeast,USA,New York,0
14173,98,2022-03-25,363.08,53,Female,CA,West,USA,Los Angeles,0
14174,679,2023-07-21,120.58,45,Male,NY,Northeast,USA,New York,0
14175,447,2023-05-09,138.9,34,Female,CA,West,USA,Los Angeles,1
14176,836,2024-09-18,477.23,58,Female,IL,Midwest,USA,Chicago,0
14177,88,2024-01-08,264.53,34,Male,FL,Southeast,USA,Miami,0
14178,926,2023-10-18,216.73,67,Male,IL,Midwest,USA,Chicago,0
14179,999,2024-05-28,268.76,68,Male,ON,Ontario,Canada,Toronto,0
14180,457,2023-07-19,143.92,25,Female,FL,Southeast,USA,Miami,0
14181,657,2023-12-22,56.06,57,Male,CA,West,USA,Los Angeles,1
14182,504,2024-04-21,547.49,63,Male,IL,Midwest,USA,Chicago,0
14183,611,2023-02-14,162.24,61,Male,TX,South,USA,Houston,0
14184,517,2024-03-04,292.21,63,Female,NY,Northeast,USA,New York,0
14185,664,2023-05-28,41.07,28,Male,TX,South,USA,Houston,0
14186,461,2024-07-11,93.08,55,Female,FL,Southeast,USA,Miami,0
14187,990,2024-12-25,67.26,58,Female,FL,Southeast,USA,Miami,0
14188,949,2023-11-24,37.16,67,Female,FL,Southeast,USA,Miami,0
14189,800,2023-10-20,348.72,41,Male,IL,Midwest,USA,Chicago,1
14190,92,2024-10-16,20.49,59,Male,CA,West,USA,Los Angeles,0
14191,232,2022-04-08,233.87,62,Male,CA,West,USA,Los Angeles,0
14192,364,2024-12-04,376.14,64,Female,TX,South,USA,Houston,0
14193,126,2024-07-25,210.47,47,Male,IL,Midwest,USA,Chicago,0
14194,907,2022-03-27,83.59,39,Other,FL,Southeast,USA,Miami,0
14195,275,2024-12-19,133.79,39,Male,FL,Southeast,USA,Miami,0
14196,775,2023-07-28,90.39,62,Male,ENG,England,UK,London,0
14197,905,2022-03-07,154.74,41,Male,ON,Ontario,Canada,Toronto,0
14198,289,2022-10-15,184.57,46,Female,ENG,England,UK,London,0
14199,725,2024-04-05,228.88,58,Male,ENG,England,UK,London,0
14200,664,2024-03-15,133.63,28,Male,TX,South,USA,Houston,0
14201,640,2023-04-25,132.24,67,Female,ON,Ontario,Canada,Toronto,0
14202,2,2022-08-09,323.3,58,Female,NSW,NSW,Australia,Sydney,0
14203,550,2022-05-12,21.3,53,Male,NY,Northeast,USA,New York,0
14204,533,2024-01-15,253.47,26,Female,NY,Northeast,USA,New York,0
14205,5,2023-06-13,493.22,40,Female,ON,Ontario,Canada,Toronto,0
14206,919,2023-04-28,406.09,31,Female,CA,West,USA,Los Angeles,0
14207,760,2023-07-12,183.51,55,Other,TX,South,USA,Houston,0
14208,619,2023-07-08,295.49,21,Male,CA,West,USA,Los Angeles,0
14209,364,2024-02-10,550.09,64,Female,TX,South,USA,Houston,0
14210,910,2023-04-09,382.66,22,Female,BY,Bavaria,Germany,Munich,1
14211,426,2022-04-09,298.92,28,Male,CA,West,USA,Los Angeles,1
14212,76,2023-07-26,301.07,42,Female,NY,Northeast,USA,New York,0
14213,1000,2023-11-15,475.07,44,Female,TX,South,USA,Houston,1
14214,534,2023-04-11,111.77,32,Female,TX,South,USA,Houston,0
14215,590,2022-03-04,293.55,61,Female,TX,South,USA,Houston,0
14216,685,2022-01-28,181.58,26,Male,TX,South,USA,Houston,0
14217,165,2023-08-05,253.77,39,Male,BY,Bavaria,Germany,Munich,0
14218,34,2023-05-10,31.33,46,Female,IL,Midwest,USA,Chicago,0
14219,458,2024-09-20,446.52,50,Female,CA,West,USA,Los Angeles,0
14220,867,2023-09-01,106.32,60,Male,NY,Northeast,USA,New York,1
14221,994,2022-01-09,285.72,40,Female,BY,Bavaria,Germany,Munich,0
14222,257,2024-06-27,517.92,53,Male,CA,West,USA,Los Angeles,0
14223,988,2023-12-01,144.32,34,Female,ON,Ontario,Canada,Toronto,0
14224,865,2022-04-07,170.59,61,Female,IL,Midwest,USA,Chicago,0
14225,818,2024-07-03,234.08,23,Male,WA,West,USA,Seattle,1
14226,280,2023-07-20,293.14,22,Female,TX,South,USA,Houston,0
14227,734,2024-04-01,137.49,58,Female,NSW,NSW,Australia,Sydney,0
14228,982,2022-10-02,371.83,54,Male,NY,Northeast,USA,New York,0
14229,582,2024-01-14,356.78,61,Female,CA,West,USA,Los Angeles,0
14230,888,2024-04-21,62.36,28,Male,CA,West,USA,Los Angeles,0
14231,277,2022-08-26,259.71,42,Female,IL,Midwest,USA,Chicago,0
14232,857,2023-12-07,197.48,30,Female,TX,South,USA,Houston,0
14233,178,2024-01-17,203.62,26,Female,TX,South,USA,Houston,0
14234,688,2023-08-23,521.22,48,Other,FL,Southeast,USA,Miami,1
14235,363,2023-01-21,221.2,29,Female,MH,Maharashtra,India,Mumbai,0
14236,402,2024-08-28,24.36,58,Male,CA,West,USA,Los Angeles,0
14237,735,2024-06-03,205.99,28,Male,IL,Midwest,USA,Chicago,0
14238,459,2024-06-02,340.25,61,Female,ON,Ontario,Canada,Toronto,0
14239,844,2024-12-20,300.85,19,Female,NY,Northeast,USA,New York,1
14240,588,2024-09-11,53.5,23,Female,NY,Northeast,USA,New York,0
14241,513,2024-03-21,103.5,61,Female,CA,West,USA,Los Angeles,0
14242,268,2024-12-21,433.43,36,Male,CA,West,USA,Los Angeles,0
14243,645,2024-04-13,15.17,58,Male,NY,Northeast,USA,New York,0
14244,257,2024-09-28,137.72,53,Male,CA,West,USA,Los Angeles,0
14245,749,2022-09-25,490.55,34,Female,NY,Northeast,USA,New York,0
14246,486,2024-11-11,371.01,30,Female,BY,Bavaria,Germany,Munich,0
14247,532,2022-06-01,130.31,26,Female,TX,South,USA,Houston,0
14248,529,2024-09-28,117.67,65,Female,TX,South,USA,Houston,0
14249,43,2024-08-28,239.79,54,Female,NY,Northeast,USA,New York,0
14250,798,2023-06-26,345.91,41,Male,CA,West,USA,Los Angeles,0
14251,993,2022-12-02,93.81,28,Female,CA,West,USA,Los Angeles,0
14252,745,2023-04-21,399.08,59,Male,NY,Northeast,USA,New York,0
14253,182,2023-04-27,32.38,25,Male,ON,Ontario,Canada,Toronto,0
14254,626,2024-09-11,117.67,30,Female,NY,Northeast,USA,New York,0
14255,161,2024-03-22,335.14,69,Male,CA,West,USA,Los Angeles,0
14256,655,2023-11-16,377.39,46,Female,FL,Southeast,USA,Miami,0
14257,443,2023-05-13,359.75,24,Male,TX,South,USA,Houston,0
14258,872,2023-06-21,146.59,28,Female,NY,Northeast,USA,New York,0
14259,582,2023-09-17,210.83,61,Female,CA,West,USA,Los Angeles,0
14260,59,2024-11-20,31.85,56,Female,FL,Southeast,USA,Miami,0
14261,871,2024-09-07,11.46,41,Male,TX,South,USA,Houston,0
14262,571,2024-02-09,239.77,67,Female,ENG,England,UK,London,0
14263,889,2023-05-18,292.82,18,Female,IL,Midwest,USA,Chicago,0
14264,61,2022-10-16,412.35,65,Male,MH,Maharashtra,India,Mumbai,0
14265,238,2024-12-11,539.51,40,Male,CA,West,USA,Los Angeles,0
14266,111,2024-09-24,340.01,32,Female,NY,Northeast,USA,New York,1
14267,297,2022-08-10,410.11,62,Male,FL,Southeast,USA,Miami,1
14268,476,2024-06-14,82.81,58,Female,CA,West,USA,Los Angeles,0
14269,655,2023-07-09,434.78,46,Female,FL,Southeast,USA,Miami,0
14270,392,2022-06-16,134.16,27,Other,WA,West,USA,Seattle,0
14271,480,2024-01-16,236.07,23,Male,CA,West,USA,Los Angeles,0
14272,734,2024-01-10,22.9,58,Female,NSW,NSW,Australia,Sydney,0
14273,414,2024-08-22,268.06,24,Other,TX,South,USA,Houston,0
14274,819,2022-07-05,329.14,52,Female,TX,South,USA,Houston,1
14275,116,2023-04-22,141.52,47,Female,CA,West,USA,Los Angeles,1
14276,791,2024-11-02,455.0,22,Female,MH,Maharashtra,India,Mumbai,1
14277,801,2024-03-08,519.5,18,Male,NSW,NSW,Australia,Sydney,0
14278,580,2023-09-12,307.01,23,Male,CA,West,USA,Los Angeles,0
14279,299,2023-10-12,137.36,32,Female,FL,Southeast,USA,Miami,0
14280,7,2022-11-18,355.58,22,Male,IL,Midwest,USA,Chicago,0
14281,985,2024-11-27,172.88,48,Female,ON,Ontario,Canada,Toronto,0
14282,24,2024-10-22,100.54,66,Female,WA,West,USA,Seattle,0
14283,88,2022-07-16,149.74,34,Male,FL,Southeast,USA,Miami,0
14284,191,2022-08-03,225.12,53,Male,WA,West,USA,Seattle,0
14285,193,2023-11-28,127.82,49,Male,NY,Northeast,USA,New York,0
14286,269,2023-06-09,185.78,49,Male,CA,West,USA,Los Angeles,0
14287,215,2023-09-18,216.09,56,Female,NY,Northeast,USA,New York,1
14288,461,2022-03-23,379.39,55,Female,FL,Southeast,USA,Miami,0
14289,899,2024-08-20,481.88,21,Female,CA,West,USA,Los Angeles,0
14290,381,2023-03-04,439.05,18,Male,TX,South,USA,Houston,0
14291,141,2024-09-08,117.24,69,Female,WA,West,USA,Seattle,0
14292,152,2023-06-28,431.19,32,Female,NY,Northeast,USA,New York,0
14293,849,2023-04-22,343.29,60,Male,CA,West,USA,Los Angeles,0
14294,97,2024-05-18,141.7,30,Female,CA,West,USA,Los Angeles,0
14295,952,2024-09-13,217.55,33,Female,IL,Midwest,USA,Chicago,0
14296,22,2024-12-27,200.81,37,Male,TX,South,USA,Houston,0
14297,42,2023-01-21,236.62,57,Female,NY,Northeast,USA,New York,0
14298,70,2023-03-21,449.41,42,Female,TX,South,USA,Houston,1
14299,924,2023-09-26,224.39,25,Male,CA,West,USA,Los Angeles,0
14300,1,2023-08-27,38.99,22,Female,IL,Midwest,USA,Chicago,0
14301,886,2023-05-25,393.57,56,Male,WA,West,USA,Seattle,1
14302,33,2023-09-19,419.38,22,Male,FL,Southeast,USA,Miami,0
14303,718,2022-11-07,290.42,43,Female,BY,Bavaria,Germany,Munich,1
14304,448,2024-04-08,271.95,67,Female,BY,Bavaria,Germany,Munich,0
14305,246,2022-07-05,388.33,22,Female,FL,Southeast,USA,Miami,0
14306,676,2024-01-23,23.32,55,Female,FL,Southeast,USA,Miami,1
14307,713,2024-12-10,331.81,55,Female,ENG,England,UK,London,0
14308,419,2022-11-07,476.45,33,Male,FL,Southeast,USA,Miami,0
14309,107,2024-07-21,447.11,58,Female,NSW,NSW,Australia,Sydney,0
14310,263,2023-12-16,153.71,33,Male,CA,West,USA,Los Angeles,0
14311,20,2024-04-07,514.83,41,Female,CA,West,USA,Los Angeles,0
14312,616,2024-10-11,122.31,51,Male,BY,Bavaria,Germany,Munich,0
14313,357,2024-10-14,311.36,25,Female,NY,Northeast,USA,New York,0
14314,633,2024-11-23,354.2,40,Male,MH,Maharashtra,India,Mumbai,0
14315,540,2024-09-01,29.88,19,Male,WA,West,USA,Seattle,0
14316,712,2024-03-22,81.03,45,Female,TX,South,USA,Houston,0
14317,456,2024-02-03,309.94,46,Female,MH,Maharashtra,India,Mumbai,0
14318,285,2022-03-25,98.64,40,Other,NY,Northeast,USA,New York,0
14319,624,2024-11-04,241.23,39,Male,CA,West,USA,Los Angeles,0
14320,957,2024-06-07,398.54,38,Male,FL,Southeast,USA,Miami,0
14321,693,2023-08-11,335.41,66,Female,IL,Midwest,USA,Chicago,0
14322,173,2024-01-28,490.99,58,Other,WA,West,USA,Seattle,0
14323,257,2024-07-12,516.74,53,Male,CA,West,USA,Los Angeles,0
14324,964,2024-06-23,519.72,29,Male,FL,Southeast,USA,Miami,0
14325,718,2022-07-08,202.27,43,Female,BY,Bavaria,Germany,Munich,1
14326,634,2023-06-11,73.93,37,Female,BY,Bavaria,Germany,Munich,0
14327,724,2024-02-15,377.34,24,Female,CA,West,USA,Los Angeles,0
14328,273,2022-01-04,460.31,25,Female,FL,Southeast,USA,Miami,0
14329,921,2024-12-01,433.37,63,Female,CA,West,USA,Los Angeles,0
14330,200,2024-08-10,393.73,68,Male,IL,Midwest,USA,Chicago,0
14331,943,2023-09-23,427.47,65,Male,CA,West,USA,Los Angeles,1
14332,232,2024-12-03,236.11,62,Male,CA,West,USA,Los Angeles,0
14333,314,2022-08-23,255.86,32,Female,NY,Northeast,USA,New York,0
14334,647,2024-08-18,120.89,41,Female,CA,West,USA,Los Angeles,0
14335,498,2024-07-08,379.74,37,Male,NY,Northeast,USA,New York,0
14336,958,2023-03-04,191.34,51,Male,CA,West,USA,Los Angeles,0
14337,854,2023-05-16,149.52,30,Male,TX,South,USA,Houston,0
14338,868,2023-11-13,140.8,61,Male,TX,South,USA,Houston,0
14339,570,2023-06-04,275.86,47,Male,TX,South,USA,Houston,1
14340,982,2024-03-19,307.54,54,Male,NY,Northeast,USA,New York,0
14341,728,2023-11-24,439.75,22,Female,CA,West,USA,Los Angeles,1
14342,323,2023-02-13,486.54,49,Male,TX,South,USA,Houston,0
14343,598,2023-09-13,171.17,58,Female,TX,South,USA,Houston,0
14344,388,2024-09-25,193.31,61,Male,CA,West,USA,Los Angeles,0
14345,275,2024-05-11,165.52,39,Male,FL,Southeast,USA,Miami,0
14346,747,2022-03-07,158.01,45,Female,NY,Northeast,USA,New York,0
14347,410,2023-06-24,388.98,18,Male,ENG,England,UK,London,1
14348,251,2022-10-15,318.26,27,Male,FL,Southeast,USA,Miami,0
14349,858,2022-11-27,48.14,20,Female,TX,South,USA,Houston,0
14350,338,2023-11-26,307.98,34,Other,TX,South,USA,Houston,0
14351,742,2024-02-23,476.43,57,Male,CA,West,USA,Los Angeles,0
14352,287,2023-04-10,41.87,26,Female,NY,Northeast,USA,New York,0
14353,383,2022-08-21,453.68,67,Female,TX,South,USA,Houston,0
14354,408,2024-09-14,152.13,25,Male,CA,West,USA,Los Angeles,0
14355,484,2024-01-22,191.08,59,Female,NY,Northeast,USA,New York,0
14356,772,2023-03-27,218.1,69,Male,FL,Southeast,USA,Miami,0
14357,353,2023-02-21,84.5,33,Female,TX,South,USA,Houston,0
14358,9,2024-05-14,65.24,28,Female,CA,West,USA,Los Angeles,0
14359,155,2022-09-28,127.91,40,Female,NSW,NSW,Australia,Sydney,0
14360,27,2024-12-25,14.16,38,Other,NY,Northeast,USA,New York,1
14361,913,2024-02-07,328.0,37,Female,TX,South,USA,Houston,0
14362,4,2024-07-27,85.0,40,Female,TX,South,USA,Houston,0
14363,922,2022-06-14,55.74,47,Female,CA,West,USA,Los Angeles,0
14364,640,2022-06-08,285.98,67,Female,ON,Ontario,Canada,Toronto,0
14365,10,2024-01-09,336.43,22,Male,IL,Midwest,USA,Chicago,0
14366,367,2023-05-23,353.35,42,Female,BY,Bavaria,Germany,Munich,0
14367,775,2023-04-11,272.26,62,Male,ENG,England,UK,London,0
14368,472,2024-10-19,496.52,59,Male,NSW,NSW,Australia,Sydney,0
14369,808,2022-09-13,71.18,23,Female,TX,South,USA,Houston,0
14370,467,2024-09-28,442.72,26,Other,IL,Midwest,USA,Chicago,0
14371,361,2024-07-04,236.87,61,Female,FL,Southeast,USA,Miami,0
14372,204,2024-05-17,507.02,54,Female,FL,Southeast,USA,Miami,0
14373,665,2023-04-10,132.42,49,Male,ENG,England,UK,London,0
14374,791,2024-01-23,531.33,22,Female,MH,Maharashtra,India,Mumbai,1
14375,688,2024-03-27,487.1,48,Other,FL,Southeast,USA,Miami,1
14376,187,2022-04-10,94.85,26,Male,TX,South,USA,Houston,0
14377,355,2024-12-26,249.88,68,Male,ON,Ontario,Canada,Toronto,0
14378,685,2022-12-17,129.11,26,Male,TX,South,USA,Houston,0
14379,213,2023-10-02,84.38,59,Female,MH,Maharashtra,India,Mumbai,0
14380,740,2024-08-22,224.14,64,Male,TX,South,USA,Houston,0
14381,921,2022-09-16,272.23,63,Female,CA,West,USA,Los Angeles,0
14382,256,2022-08-28,206.77,25,Male,FL,Southeast,USA,Miami,0
14383,368,2024-09-13,193.23,34,Female,CA,West,USA,Los Angeles,0
14384,710,2023-04-08,180.9,42,Male,CA,West,USA,Los Angeles,0
14385,744,2023-12-05,94.24,32,Male,NY,Northeast,USA,New York,0
14386,217,2023-10-03,126.29,22,Female,NY,Northeast,USA,New York,1
14387,486,2024-04-20,301.75,30,Female,BY,Bavaria,Germany,Munich,0
14388,526,2024-07-28,98.5,34,Male,NY,Northeast,USA,New York,0
14389,834,2022-10-19,416.45,25,Other,CA,West,USA,Los Angeles,0
14390,717,2024-12-17,415.21,44,Male,CA,West,USA,Los Angeles,0
14391,145,2022-06-01,494.54,69,Female,CA,West,USA,Los Angeles,0
14392,146,2023-07-01,175.12,62,Female,TX,South,USA,Houston,0
14393,904,2023-05-14,105.34,63,Male,ENG,England,UK,London,0
14394,678,2022-06-15,47.0,22,Male,ON,Ontario,Canada,Toronto,0
14395,864,2022-04-12,181.48,58,Male,ENG,England,UK,London,0
14396,134,2024-01-27,516.61,47,Male,IL,Midwest,USA,Chicago,0
14397,529,2024-06-10,335.65,65,Female,TX,South,USA,Houston,0
14398,72,2024-07-28,537.25,27,Female,FL,Southeast,USA,Miami,0
14399,478,2024-10-08,512.81,18,Male,NSW,NSW,Australia,Sydney,0
14400,350,2023-07-10,207.84,26,Other,WA,West,USA,Seattle,0
14401,316,2022-05-09,224.58,52,Female,TX,South,USA,Houston,0
14402,219,2022-07-22,156.68,41,Female,IL,Midwest,USA,Chicago,0
14403,130,2023-11-10,395.95,51,Female,TX,South,USA,Houston,1
14404,150,2024-07-13,323.68,21,Male,ON,Ontario,Canada,Toronto,0
14405,535,2023-08-04,43.54,48,Male,CA,West,USA,Los Angeles,0
14406,259,2022-03-12,460.15,27,Male,BY,Bavaria,Germany,Munich,0
14407,302,2023-01-06,418.58,60,Male,FL,Southeast,USA,Miami,0
14408,763,2024-12-22,523.21,67,Male,TX,South,USA,Houston,0
14409,408,2023-04-23,140.17,25,Male,CA,West,USA,Los Angeles,0
14410,861,2024-05-08,424.44,68,Female,ON,Ontario,Canada,Toronto,0
14411,629,2023-02-28,339.82,44,Female,CA,West,USA,Los Angeles,0
14412,938,2023-07-12,74.58,25,Female,IL,Midwest,USA,Chicago,0
14413,702,2023-10-24,145.42,50,Female,BY,Bavaria,Germany,Munich,0
14414,952,2024-09-07,116.44,33,Female,IL,Midwest,USA,Chicago,0
14415,728,2024-11-25,95.37,22,Female,CA,West,USA,Los Angeles,1
14416,629,2023-05-04,347.89,44,Female,CA,West,USA,Los Angeles,0
14417,377,2023-05-11,460.43,56,Male,NY,Northeast,USA,New York,0
14418,694,2022-12-11,494.06,67,Other,CA,West,USA,Los Angeles,0
14419,407,2022-07-06,115.36,40,Female,TX,South,USA,Houston,0
14420,306,2022-11-27,340.37,25,Male,IL,Midwest,USA,Chicago,0
14421,29,2022-08-09,48.37,46,Female,CA,West,USA,Los Angeles,0
14422,896,2024-03-12,142.38,49,Male,MH,Maharashtra,India,Mumbai,0
14423,298,2024-12-01,476.24,40,Male,NY,Northeast,USA,New York,0
14424,349,2024-05-20,527.91,27,Male,TX,South,USA,Houston,0
14425,791,2024-09-06,543.9,22,Female,MH,Maharashtra,India,Mumbai,1
14426,735,2024-04-08,266.1,28,Male,IL,Midwest,USA,Chicago,0
14427,670,2024-08-26,415.01,24,Male,TX,South,USA,Houston,0
14428,785,2023-08-25,202.33,42,Female,CA,West,USA,Los Angeles,1
14429,975,2022-04-04,353.49,25,Female,NY,Northeast,USA,New York,0
14430,978,2022-12-18,84.57,47,Other,CA,West,USA,Los Angeles,0
14431,473,2024-03-21,78.22,40,Male,IL,Midwest,USA,Chicago,0
14432,33,2022-06-27,492.07,22,Male,FL,Southeast,USA,Miami,0
14433,123,2023-01-07,172.41,52,Other,ON,Ontario,Canada,Toronto,0
14434,252,2023-09-10,476.59,43,Male,CA,West,USA,Los Angeles,0
14435,538,2024-07-07,23.67,24,Male,CA,West,USA,Los Angeles,0
14436,472,2024-08-16,467.51,59,Male,NSW,NSW,Australia,Sydney,0
14437,611,2024-09-17,525.25,61,Male,TX,South,USA,Houston,0
14438,798,2024-10-06,19.73,41,Male,CA,West,USA,Los Angeles,0
14439,717,2024-12-01,224.83,44,Male,CA,West,USA,Los Angeles,0
14440,726,2022-11-04,406.05,24,Female,NY,Northeast,USA,New York,1
14441,849,2024-05-06,13.66,60,Male,CA,West,USA,Los Angeles,0
14442,76,2024-10-17,178.51,42,Female,NY,Northeast,USA,New York,0
14443,391,2022-02-06,136.53,56,Male,NY,Northeast,USA,New York,0
14444,858,2024-03-23,84.59,20,Female,TX,South,USA,Houston,0
14445,126,2024-07-18,59.48,47,Male,IL,Midwest,USA,Chicago,0
14446,413,2024-07-06,147.84,32,Female,BY,Bavaria,Germany,Munich,0
14447,786,2024-07-28,120.93,48,Female,CA,West,USA,Los Angeles,0
14448,856,2023-07-20,516.71,62,Male,WA,West,USA,Seattle,0
14449,823,2022-09-25,20.83,25,Male,TX,South,USA,Houston,0
14450,884,2022-12-19,73.46,26,Other,CA,West,USA,Los Angeles,0
14451,58,2024-03-19,454.16,26,Female,TX,South,USA,Houston,1
14452,918,2024-05-14,429.66,58,Female,TX,South,USA,Houston,0
14453,492,2024-02-19,268.18,63,Female,IL,Midwest,USA,Chicago,0
14454,786,2024-03-22,222.64,48,Female,CA,West,USA,Los Angeles,0
14455,270,2024-12-28,201.28,48,Female,ON,Ontario,Canada,Toronto,0
14456,754,2022-01-17,487.01,66,Female,FL,Southeast,USA,Miami,0
14457,139,2022-04-22,434.84,36,Female,NY,Northeast,USA,New York,0
14458,511,2023-06-27,146.56,69,Female,CA,West,USA,Los Angeles,1
14459,37,2024-05-18,264.27,62,Female,WA,West,USA,Seattle,0
14460,557,2022-08-22,375.52,56,Female,MH,Maharashtra,India,Mumbai,0
14461,992,2024-12-06,463.86,46,Female,TX,South,USA,Houston,0
14462,517,2024-09-25,78.14,63,Female,NY,Northeast,USA,New York,0
14463,41,2023-06-28,507.05,26,Other,ON,Ontario,Canada,Toronto,0
14464,516,2024-09-11,460.86,23,Male,TX,South,USA,Houston,0
14465,203,2024-11-25,287.55,43,Male,NY,Northeast,USA,New York,0
14466,211,2024-04-23,285.94,31,Other,WA,West,USA,Seattle,0
14467,582,2023-10-07,273.98,61,Female,CA,West,USA,Los Angeles,0
14468,328,2023-08-28,434.32,19,Male,TX,South,USA,Houston,0
14469,384,2022-10-17,277.76,30,Female,IL,Midwest,USA,Chicago,0
14470,178,2023-02-05,432.64,26,Female,TX,South,USA,Houston,0
14471,636,2024-10-04,485.11,53,Male,TX,South,USA,Houston,1
14472,718,2024-10-15,396.72,43,Female,BY,Bavaria,Germany,Munich,1
14473,894,2024-09-15,36.93,68,Male,CA,West,USA,Los Angeles,0
14474,421,2022-03-25,229.44,66,Male,TX,South,USA,Houston,1
14475,25,2024-03-15,151.5,58,Male,IL,Midwest,USA,Chicago,0
14476,244,2022-10-12,31.3,51,Male,NSW,NSW,Australia,Sydney,0
14477,986,2022-09-09,327.81,51,Male,NY,Northeast,USA,New York,0
14478,800,2024-12-15,292.64,41,Male,IL,Midwest,USA,Chicago,1
14479,534,2024-07-08,44.74,32,Female,TX,South,USA,Houston,0
14480,896,2024-04-21,352.44,49,Male,MH,Maharashtra,India,Mumbai,0
14481,253,2024-10-04,115.5,27,Male,ENG,England,UK,London,0
14482,5,2022-10-24,469.26,40,Female,ON,Ontario,Canada,Toronto,0
14483,656,2022-07-07,351.59,45,Male,ENG,England,UK,London,0
14484,879,2022-10-06,11.84,46,Female,CA,West,USA,Los Angeles,0
14485,133,2024-05-28,489.43,22,Male,FL,Southeast,USA,Miami,1
14486,27,2023-04-11,44.4,38,Other,NY,Northeast,USA,New York,1
14487,739,2022-02-20,15.69,56,Male,NY,Northeast,USA,New York,0
14488,710,2023-05-12,215.88,42,Male,CA,West,USA,Los Angeles,0
14489,41,2024-09-28,96.65,26,Other,ON,Ontario,Canada,Toronto,0
14490,877,2024-04-05,460.05,46,Female,ENG,England,UK,London,1
14491,979,2023-11-14,501.27,36,Female,NY,Northeast,USA,New York,0
14492,236,2023-04-03,417.51,55,Female,IL,Midwest,USA,Chicago,0
14493,845,2024-09-16,213.27,18,Other,IL,Midwest,USA,Chicago,0
14494,944,2024-07-21,171.52,42,Male,TX,South,USA,Houston,0
14495,448,2023-04-14,188.57,67,Female,BY,Bavaria,Germany,Munich,0
14496,721,2022-08-24,52.42,25,Male,NY,Northeast,USA,New York,0
14497,475,2024-12-22,507.1,50,Male,CA,West,USA,Los Angeles,1
14498,984,2024-12-27,145.13,51,Male,NY,Northeast,USA,New York,0
14499,92,2022-05-28,132.59,59,Male,CA,West,USA,Los Angeles,0
14500,200,2023-07-27,382.43,68,Male,IL,Midwest,USA,Chicago,0
14501,236,2024-03-13,350.21,55,Female,IL,Midwest,USA,Chicago,0
14502,129,2022-07-28,479.84,47,Female,CA,West,USA,Los Angeles,0
14503,72,2022-05-19,490.82,27,Female,FL,Southeast,USA,Miami,0
14504,662,2024-12-03,240.2,56,Female,NY,Northeast,USA,New York,1
14505,596,2023-09-03,488.93,59,Male,NY,Northeast,USA,New York,0
14506,515,2022-03-12,478.02,67,Male,TX,South,USA,Houston,0
14507,744,2024-12-16,481.04,32,Male,NY,Northeast,USA,New York,0
14508,815,2023-09-03,494.95,58,Male,NY,Northeast,USA,New York,0
14509,270,2024-02-17,340.48,48,Female,ON,Ontario,Canada,Toronto,0
14510,430,2023-11-19,69.98,55,Female,TX,South,USA,Houston,0
14511,652,2022-08-20,431.19,51,Female,CA,West,USA,Los Angeles,0
14512,2,2022-06-28,160.7,58,Female,NSW,NSW,Australia,Sydney,0
14513,509,2024-03-11,518.92,31,Female,CA,West,USA,Los Angeles,0
14514,486,2024-04-02,296.16,30,Female,BY,Bavaria,Germany,Munich,0
14515,274,2024-03-27,279.95,67,Female,ENG,England,UK,London,0
14516,666,2022-11-15,417.34,54,Female,NY,Northeast,USA,New York,0
14517,331,2024-04-18,224.28,46,Female,TX,South,USA,Houston,0
14518,313,2023-07-15,65.77,24,Other,IL,Midwest,USA,Chicago,0
14519,726,2024-12-14,441.32,24,Female,NY,Northeast,USA,New York,1
14520,503,2023-12-05,161.54,68,Male,NSW,NSW,Australia,Sydney,0
14521,199,2024-10-16,475.43,35,Female,NSW,NSW,Australia,Sydney,0
14522,604,2022-11-24,458.75,24,Female,BY,Bavaria,Germany,Munich,0
14523,328,2022-12-04,202.04,19,Male,TX,South,USA,Houston,0
14524,719,2024-11-12,379.12,30,Female,NSW,NSW,Australia,Sydney,0
14525,482,2022-07-27,18.63,61,Female,NY,Northeast,USA,New York,0
14526,236,2022-01-12,399.07,55,Female,IL,Midwest,USA,Chicago,0
14527,83,2024-03-05,263.3,26,Male,TX,South,USA,Houston,0
14528,269,2023-06-27,147.91,49,Male,CA,West,USA,Los Angeles,0
14529,659,2024-04-04,491.55,21,Male,TX,South,USA,Houston,0
14530,687,2024-05-07,235.82,39,Male,ON,Ontario,Canada,Toronto,0
14531,828,2024-01-14,463.09,64,Female,CA,West,USA,Los Angeles,0
14532,355,2022-08-11,216.08,68,Male,ON,Ontario,Canada,Toronto,0
14533,917,2023-05-12,503.77,46,Female,NY,Northeast,USA,New York,0
14534,751,2023-04-22,358.81,67,Male,TX,South,USA,Houston,0
14535,331,2023-08-16,357.14,46,Female,TX,South,USA,Houston,0
14536,268,2024-04-14,79.12,36,Male,CA,West,USA,Los Angeles,0
14537,572,2024-07-20,421.44,39,Female,TX,South,USA,Houston,0
14538,755,2022-04-17,264.92,46,Male,NSW,NSW,Australia,Sydney,0
14539,471,2022-09-18,361.99,56,Male,NY,Northeast,USA,New York,0
14540,158,2024-11-14,487.26,46,Male,ON,Ontario,Canada,Toronto,0
14541,768,2023-02-16,375.83,42,Other,TX,South,USA,Houston,0
14542,453,2024-11-08,285.13,43,Male,WA,West,USA,Seattle,0
14543,30,2022-11-12,427.51,41,Male,NY,Northeast,USA,New York,0
14544,192,2022-12-05,371.7,50,Female,BY,Bavaria,Germany,Munich,0
14545,578,2024-11-03,430.9,45,Female,CA,West,USA,Los Angeles,0
14546,516,2024-08-24,511.44,23,Male,TX,South,USA,Houston,0
14547,167,2022-02-23,77.68,34,Female,ON,Ontario,Canada,Toronto,0
14548,701,2024-02-08,285.07,45,Female,CA,West,USA,Los Angeles,0
14549,636,2023-03-13,74.96,53,Male,TX,South,USA,Houston,1
14550,528,2022-06-28,377.32,25,Male,NY,Northeast,USA,New York,0
14551,75,2023-12-15,234.98,53,Female,CA,West,USA,Los Angeles,0
14552,161,2023-03-01,384.74,69,Male,CA,West,USA,Los Angeles,0
14553,182,2024-07-17,78.02,25,Male,ON,Ontario,Canada,Toronto,0
14554,922,2023-12-25,332.73,47,Female,CA,West,USA,Los Angeles,0
14555,225,2023-01-07,69.2,55,Male,TX,South,USA,Houston,0
14556,5,2022-01-27,183.05,40,Female,ON,Ontario,Canada,Toronto,0
14557,286,2024-04-22,305.18,66,Male,ON,Ontario,Canada,Toronto,0
14558,731,2024-04-02,390.75,55,Male,NY,Northeast,USA,New York,0
14559,212,2023-07-28,270.86,55,Female,NY,Northeast,USA,New York,0
14560,723,2023-06-18,390.15,61,Female,TX,South,USA,Houston,0
14561,28,2024-08-07,106.62,60,Other,TX,South,USA,Houston,0
14562,897,2022-03-22,324.56,44,Female,NY,Northeast,USA,New York,0
14563,548,2024-09-23,222.91,48,Female,TX,South,USA,Houston,0
14564,862,2024-04-18,95.84,66,Male,CA,West,USA,Los Angeles,0
14565,720,2024-07-27,479.54,49,Male,NY,Northeast,USA,New York,0
14566,151,2023-01-25,517.48,62,Male,NY,Northeast,USA,New York,0
14567,664,2023-11-09,135.04,28,Male,TX,South,USA,Houston,0
14568,947,2023-08-04,92.43,68,Female,CA,West,USA,Los Angeles,0
14569,478,2022-03-23,384.59,18,Male,NSW,NSW,Australia,Sydney,0
14570,151,2022-08-27,495.41,62,Male,NY,Northeast,USA,New York,0
14571,552,2024-06-09,240.91,38,Male,CA,West,USA,Los Angeles,0
14572,564,2023-11-16,421.4,27,Female,CA,West,USA,Los Angeles,0
14573,782,2022-12-15,82.1,51,Male,CA,West,USA,Los Angeles,0
14574,157,2023-02-10,129.05,24,Female,NY,Northeast,USA,New York,0
14575,656,2023-07-16,83.79,45,Male,ENG,England,UK,London,0
14576,380,2023-04-15,356.59,31,Female,FL,Southeast,USA,Miami,0
14577,242,2022-10-28,297.88,48,Male,NY,Northeast,USA,New York,0
14578,793,2024-01-10,374.45,55,Female,FL,Southeast,USA,Miami,0
14579,550,2024-08-05,103.89,53,Male,NY,Northeast,USA,New York,0
14580,937,2022-11-13,49.81,26,Male,FL,Southeast,USA,Miami,0
14581,236,2024-06-04,304.24,55,Female,IL,Midwest,USA,Chicago,0
14582,321,2023-11-05,285.78,34,Male,BY,Bavaria,Germany,Munich,0
14583,917,2023-03-18,229.57,46,Female,NY,Northeast,USA,New York,0
14584,436,2024-12-24,386.01,24,Male,CA,West,USA,Los Angeles,0
14585,393,2024-10-04,241.02,37,Male,FL,Southeast,USA,Miami,0
14586,803,2023-06-11,455.46,44,Female,TX,South,USA,Houston,1
14587,109,2023-02-06,414.54,42,Female,TX,South,USA,Houston,0
14588,597,2023-07-14,185.0,48,Male,CA,West,USA,Los Angeles,0
14589,353,2023-09-17,475.06,33,Female,TX,South,USA,Houston,0
14590,898,2024-02-26,281.23,20,Female,CA,West,USA,Los Angeles,0
14591,129,2022-12-26,237.56,47,Female,CA,West,USA,Los Angeles,0
14592,329,2024-10-26,406.88,25,Female,BY,Bavaria,Germany,Munich,0
14593,190,2024-12-12,536.01,33,Female,NY,Northeast,USA,New York,1
14594,188,2022-05-23,26.32,37,Other,TX,South,USA,Houston,0
14595,253,2024-06-09,107.37,27,Male,ENG,England,UK,London,0
14596,549,2024-04-01,453.14,44,Female,CA,West,USA,Los Angeles,1
14597,495,2023-04-27,240.05,33,Female,TX,South,USA,Houston,0
14598,467,2023-03-26,456.6,26,Other,IL,Midwest,USA,Chicago,0
14599,879,2024-02-06,204.08,46,Female,CA,West,USA,Los Angeles,0
14600,882,2024-09-06,546.57,62,Male,NY,Northeast,USA,New York,1
14601,211,2023-03-26,122.77,31,Other,WA,West,USA,Seattle,0
14602,89,2024-02-13,531.96,57,Male,NY,Northeast,USA,New York,0
14603,676,2024-07-23,444.6,55,Female,FL,Southeast,USA,Miami,1
14604,46,2024-09-26,545.79,68,Male,NY,Northeast,USA,New York,0
14605,605,2022-10-16,89.27,60,Male,FL,Southeast,USA,Miami,1
14606,174,2023-08-03,194.09,55,Female,CA,West,USA,Los Angeles,0
14607,171,2024-03-17,119.64,23,Male,NY,Northeast,USA,New York,1
14608,672,2022-08-04,416.58,49,Female,NY,Northeast,USA,New York,0
14609,772,2023-08-20,149.96,69,Male,FL,Southeast,USA,Miami,0
14610,326,2024-04-17,299.76,29,Male,CA,West,USA,Los Angeles,1
14611,358,2023-03-13,110.98,64,Female,NY,Northeast,USA,New York,0
14612,98,2024-12-14,399.43,53,Female,CA,West,USA,Los Angeles,0
14613,895,2022-02-27,374.08,56,Female,FL,Southeast,USA,Miami,0
14614,887,2024-04-11,74.38,20,Female,MH,Maharashtra,India,Mumbai,1
14615,158,2023-04-24,366.85,46,Male,ON,Ontario,Canada,Toronto,0
14616,763,2024-11-23,102.02,67,Male,TX,South,USA,Houston,0
14617,921,2023-07-28,506.22,63,Female,CA,West,USA,Los Angeles,0
14618,885,2022-12-26,441.16,60,Other,CA,West,USA,Los Angeles,0
14619,426,2024-11-18,121.82,28,Male,CA,West,USA,Los Angeles,1
14620,112,2024-10-28,197.82,58,Female,WA,West,USA,Seattle,0
14621,520,2023-03-20,320.05,48,Male,NY,Northeast,USA,New York,0
14622,316,2023-05-04,429.67,52,Female,TX,South,USA,Houston,0
14623,349,2024-11-03,528.88,27,Male,TX,South,USA,Houston,0
14624,626,2024-12-19,241.16,30,Female,NY,Northeast,USA,New York,0
14625,574,2023-11-15,264.5,20,Female,ENG,England,UK,London,0
14626,79,2024-12-25,97.12,47,Female,MH,Maharashtra,India,Mumbai,0
14627,625,2023-09-16,192.11,49,Male,NY,Northeast,USA,New York,0
14628,992,2024-07-07,555.59,46,Female,TX,South,USA,Houston,0
14629,196,2023-07-24,497.51,22,Female,TX,South,USA,Houston,0
14630,993,2022-07-14,212.76,28,Female,CA,West,USA,Los Angeles,0
14631,105,2024-03-27,133.75,59,Other,NY,Northeast,USA,New York,1
14632,519,2022-05-01,290.75,42,Male,FL,Southeast,USA,Miami,0
14633,96,2024-02-01,243.5,32,Male,IL,Midwest,USA,Chicago,0
14634,994,2022-02-04,378.77,40,Female,BY,Bavaria,Germany,Munich,0
14635,791,2023-05-27,337.77,22,Female,MH,Maharashtra,India,Mumbai,1
14636,937,2024-09-04,373.83,26,Male,FL,Southeast,USA,Miami,0
14637,41,2024-08-20,216.63,26,Other,ON,Ontario,Canada,Toronto,0
14638,610,2022-08-20,312.4,62,Male,CA,West,USA,Los Angeles,0
14639,827,2024-10-25,389.65,53,Male,CA,West,USA,Los Angeles,0
14640,85,2022-06-18,327.52,50,Female,FL,Southeast,USA,Miami,0
14641,932,2024-06-01,392.89,54,Female,IL,Midwest,USA,Chicago,1
14642,127,2022-07-02,446.19,22,Female,NY,Northeast,USA,New York,0
14643,111,2023-01-01,149.89,32,Female,NY,Northeast,USA,New York,1
14644,298,2022-08-17,86.57,40,Male,NY,Northeast,USA,New York,0
14645,918,2024-10-13,30.22,58,Female,TX,South,USA,Houston,0
14646,824,2024-04-02,395.39,51,Female,CA,West,USA,Los Angeles,0
14647,433,2024-11-01,195.27,60,Male,WA,West,USA,Seattle,0
14648,540,2023-04-06,273.36,19,Male,WA,West,USA,Seattle,0
14649,39,2023-07-14,48.69,32,Male,ON,Ontario,Canada,Toronto,0
14650,831,2022-11-26,464.2,30,Female,FL,Southeast,USA,Miami,0
14651,52,2024-10-24,334.16,28,Male,TX,South,USA,Houston,0
14652,712,2022-08-13,71.1,45,Female,TX,South,USA,Houston,0
14653,371,2024-08-09,234.2,35,Female,NY,Northeast,USA,New York,1
14654,815,2023-02-22,173.11,58,Male,NY,Northeast,USA,New York,0
14655,27,2024-09-27,486.83,38,Other,NY,Northeast,USA,New York,1
14656,266,2023-08-09,465.7,48,Male,CA,West,USA,Los Angeles,0
14657,652,2023-02-14,421.17,51,Female,CA,West,USA,Los Angeles,0
14658,701,2024-02-04,224.22,45,Female,CA,West,USA,Los Angeles,0
14659,6,2024-12-04,528.81,62,Female,TX,South,USA,Houston,0
14660,78,2024-03-25,162.28,29,Female,ON,Ontario,Canada,Toronto,0
14661,365,2024-12-07,374.24,24,Male,FL,Southeast,USA,Miami,0
14662,690,2024-04-05,298.48,58,Female,BY,Bavaria,Germany,Munich,0
14663,632,2023-06-09,237.93,35,Female,WA,West,USA,Seattle,0
14664,488,2022-08-10,102.35,45,Male,IL,Midwest,USA,Chicago,1
14665,588,2024-08-06,142.87,23,Female,NY,Northeast,USA,New York,0
14666,336,2024-07-20,462.19,60,Female,CA,West,USA,Los Angeles,0
14667,572,2022-05-17,337.67,39,Female,TX,South,USA,Houston,0
14668,697,2022-07-17,466.28,55,Male,CA,West,USA,Los Angeles,0
14669,212,2024-09-28,385.09,55,Female,NY,Northeast,USA,New York,0
14670,7,2022-06-26,39.78,22,Male,IL,Midwest,USA,Chicago,0
14671,288,2024-08-08,75.02,47,Male,IL,Midwest,USA,Chicago,0
14672,772,2024-06-28,408.26,69,Male,FL,Southeast,USA,Miami,0
14673,840,2023-05-19,140.93,65,Male,CA,West,USA,Los Angeles,0
14674,536,2023-05-05,139.76,25,Female,WA,West,USA,Seattle,0
14675,856,2023-04-09,221.65,62,Male,WA,West,USA,Seattle,0
14676,431,2023-10-07,397.68,22,Male,FL,Southeast,USA,Miami,0
14677,725,2024-12-23,361.78,58,Male,ENG,England,UK,London,0
14678,530,2024-01-18,117.81,65,Male,FL,Southeast,USA,Miami,0
14679,1,2024-03-22,503.07,22,Female,IL,Midwest,USA,Chicago,0
14680,272,2022-12-05,486.4,19,Female,WA,West,USA,Seattle,1
14681,672,2024-05-15,445.83,49,Female,NY,Northeast,USA,New York,0
14682,618,2023-06-16,110.88,31,Female,CA,West,USA,Los Angeles,0
14683,738,2024-09-20,446.79,35,Male,NY,Northeast,USA,New York,0
14684,229,2022-05-11,265.59,46,Female,CA,West,USA,Los Angeles,1
14685,184,2023-07-02,25.43,54,Female,NY,Northeast,USA,New York,0
14686,928,2023-12-25,357.31,33,Male,IL,Midwest,USA,Chicago,0
14687,367,2023-08-12,518.03,42,Female,BY,Bavaria,Germany,Munich,0
14688,780,2024-09-26,248.06,62,Female,FL,Southeast,USA,Miami,0
14689,57,2022-04-12,41.02,46,Male,BY,Bavaria,Germany,Munich,0
14690,884,2022-04-08,123.0,26,Other,CA,West,USA,Los Angeles,0
14691,864,2024-11-13,317.69,58,Male,ENG,England,UK,London,0
14692,716,2023-12-03,421.49,59,Female,CA,West,USA,Los Angeles,1
14693,291,2023-11-16,106.96,59,Male,WA,West,USA,Seattle,0
14694,81,2023-02-28,124.55,66,Female,ENG,England,UK,London,0
14695,210,2022-11-08,461.95,58,Female,NY,Northeast,USA,New York,0
14696,522,2024-01-05,495.08,25,Female,CA,West,USA,Los Angeles,0
14697,954,2024-08-04,513.72,40,Female,WA,West,USA,Seattle,0
14698,704,2023-09-05,101.9,26,Female,CA,West,USA,Los Angeles,0
14699,479,2023-06-11,495.04,52,Female,IL,Midwest,USA,Chicago,0
14700,618,2024-07-08,197.76,31,Female,CA,West,USA,Los Angeles,0
14701,739,2024-10-20,294.85,56,Male,NY,Northeast,USA,New York,0
14702,685,2022-11-10,233.64,26,Male,TX,South,USA,Houston,0
14703,107,2024-03-11,547.84,58,Female,NSW,NSW,Australia,Sydney,0
14704,536,2022-03-05,138.71,25,Female,WA,West,USA,Seattle,0
14705,900,2022-08-17,479.31,50,Male,FL,Southeast,USA,Miami,0
14706,634,2024-04-10,537.58,37,Female,BY,Bavaria,Germany,Munich,0
14707,379,2024-03-20,514.7,37,Female,TX,South,USA,Houston,0
14708,561,2022-03-01,185.04,45,Other,NSW,NSW,Australia,Sydney,0
14709,720,2024-03-18,217.02,49,Male,NY,Northeast,USA,New York,0
14710,79,2024-07-23,123.19,47,Female,MH,Maharashtra,India,Mumbai,0
14711,184,2024-12-20,272.15,54,Female,NY,Northeast,USA,New York,0
14712,586,2024-11-08,147.65,66,Female,NY,Northeast,USA,New York,0
14713,93,2023-08-20,336.33,61,Male,NSW,NSW,Australia,Sydney,0
14714,466,2024-02-23,487.39,68,Female,CA,West,USA,Los Angeles,1
14715,761,2022-09-15,475.34,27,Male,IL,Midwest,USA,Chicago,0
14716,505,2023-07-19,237.89,32,Female,CA,West,USA,Los Angeles,0
14717,805,2023-10-23,234.74,56,Female,TX,South,USA,Houston,0
14718,75,2024-07-14,293.6,53,Female,CA,West,USA,Los Angeles,0
14719,463,2022-09-05,456.71,56,Male,FL,Southeast,USA,Miami,0
14720,904,2023-03-28,51.48,63,Male,ENG,England,UK,London,0
14721,601,2024-11-10,179.28,50,Male,IL,Midwest,USA,Chicago,0
14722,839,2023-10-11,112.98,18,Female,FL,Southeast,USA,Miami,0
14723,403,2023-06-18,413.24,34,Male,ON,Ontario,Canada,Toronto,0
14724,51,2023-12-05,207.07,57,Female,CA,West,USA,Los Angeles,1
14725,305,2024-03-10,540.41,46,Male,IL,Midwest,USA,Chicago,0
14726,900,2023-01-17,519.2,50,Male,FL,Southeast,USA,Miami,0
14727,221,2023-10-21,468.12,24,Female,CA,West,USA,Los Angeles,0
14728,844,2023-08-04,274.96,19,Female,NY,Northeast,USA,New York,1
14729,636,2024-02-24,522.1,53,Male,TX,South,USA,Houston,1
14730,777,2024-03-08,218.05,40,Male,FL,Southeast,USA,Miami,1
14731,948,2022-02-26,202.48,24,Female,TX,South,USA,Houston,1
14732,931,2024-03-26,270.74,45,Female,ON,Ontario,Canada,Toronto,0
14733,507,2024-07-20,393.8,45,Female,TX,South,USA,Houston,0
14734,660,2024-01-25,46.04,32,Female,CA,West,USA,Los Angeles,1
14735,113,2023-07-05,288.93,46,Other,WA,West,USA,Seattle,0
14736,123,2022-08-14,483.26,52,Other,ON,Ontario,Canada,Toronto,0
14737,926,2024-10-04,48.14,67,Male,IL,Midwest,USA,Chicago,0
14738,160,2023-12-14,55.42,58,Male,CA,West,USA,Los Angeles,0
14739,52,2023-02-17,500.81,28,Male,TX,South,USA,Houston,0
14740,72,2022-01-16,417.29,27,Female,FL,Southeast,USA,Miami,0
14741,16,2022-03-03,10.31,58,Male,NY,Northeast,USA,New York,0
14742,420,2024-05-03,258.9,44,Female,NSW,NSW,Australia,Sydney,0
14743,85,2022-07-28,161.66,50,Female,FL,Southeast,USA,Miami,0
14744,164,2024-01-08,103.16,39,Male,CA,West,USA,Los Angeles,1
14745,881,2024-09-14,39.89,22,Male,ON,Ontario,Canada,Toronto,0
14746,35,2023-12-17,140.4,64,Male,CA,West,USA,Los Angeles,0
14747,117,2022-04-05,329.84,19,Female,CA,West,USA,Los Angeles,0
14748,517,2022-01-09,158.91,63,Female,NY,Northeast,USA,New York,0
14749,207,2023-10-17,170.38,57,Female,CA,West,USA,Los Angeles,0
14750,308,2024-10-06,155.27,46,Male,TX,South,USA,Houston,0
14751,465,2024-01-23,64.49,18,Other,IL,Midwest,USA,Chicago,0
14752,199,2024-08-19,336.64,35,Female,NSW,NSW,Australia,Sydney,0
14753,730,2024-04-28,412.57,52,Male,IL,Midwest,USA,Chicago,1
14754,702,2022-09-16,490.21,50,Female,BY,Bavaria,Germany,Munich,0
14755,18,2024-10-23,135.56,24,Female,NSW,NSW,Australia,Sydney,1
14756,574,2023-04-10,95.23,20,Female,ENG,England,UK,London,0
14757,334,2023-04-20,377.96,61,Female,CA,West,USA,Los Angeles,0
14758,552,2023-08-27,178.46,38,Male,CA,West,USA,Los Angeles,0
14759,656,2023-08-24,274.75,45,Male,ENG,England,UK,London,0
14760,354,2024-11-22,400.04,40,Female,WA,West,USA,Seattle,1
14761,609,2024-07-13,241.45,68,Other,NY,Northeast,USA,New York,0
14762,756,2023-11-17,203.49,40,Female,TX,South,USA,Houston,0
14763,804,2022-10-17,225.41,65,Male,TX,South,USA,Houston,0
14764,153,2024-09-06,261.97,65,Female,NY,Northeast,USA,New York,0
14765,555,2024-03-08,11.61,69,Male,NY,Northeast,USA,New York,1
14766,445,2023-04-19,108.56,44,Male,ON,Ontario,Canada,Toronto,0
14767,901,2022-08-18,308.57,18,Male,FL,Southeast,USA,Miami,0
14768,388,2023-01-20,19.66,61,Male,CA,West,USA,Los Angeles,0
14769,236,2024-01-17,162.91,55,Female,IL,Midwest,USA,Chicago,0
14770,797,2024-01-17,252.91,68,Male,IL,Midwest,USA,Chicago,0
14771,393,2022-12-15,226.5,37,Male,FL,Southeast,USA,Miami,0
14772,187,2023-09-18,35.42,26,Male,TX,South,USA,Houston,0
14773,538,2023-11-11,465.26,24,Male,CA,West,USA,Los Angeles,0
14774,988,2024-12-05,60.85,34,Female,ON,Ontario,Canada,Toronto,0
14775,298,2022-09-19,439.11,40,Male,NY,Northeast,USA,New York,0
14776,159,2024-07-10,554.96,44,Female,NY,Northeast,USA,New York,0
14777,472,2024-07-22,109.24,59,Male,NSW,NSW,Australia,Sydney,0
14778,441,2023-10-25,47.26,68,Male,NY,Northeast,USA,New York,0
14779,300,2023-11-11,73.5,19,Female,FL,Southeast,USA,Miami,0
14780,607,2022-11-04,427.74,34,Male,IL,Midwest,USA,Chicago,0
14781,21,2022-07-01,486.46,44,Female,NY,Northeast,USA,New York,0
14782,423,2024-10-17,335.8,57,Female,TX,South,USA,Houston,0
14783,134,2024-07-25,531.06,47,Male,IL,Midwest,USA,Chicago,0
14784,876,2022-06-26,387.15,44,Male,CA,West,USA,Los Angeles,0
14785,551,2024-05-26,323.3,59,Female,MH,Maharashtra,India,Mumbai,0
14786,645,2022-01-01,458.01,58,Male,NY,Northeast,USA,New York,0
14787,601,2023-03-02,253.81,50,Male,IL,Midwest,USA,Chicago,0
14788,682,2024-10-28,237.11,25,Male,NSW,NSW,Australia,Sydney,0
14789,682,2023-03-19,384.52,25,Male,NSW,NSW,Australia,Sydney,0
14790,882,2023-12-25,399.46,62,Male,NY,Northeast,USA,New York,1
14791,613,2024-02-28,205.75,58,Female,CA,West,USA,Los Angeles,0
14792,130,2022-01-21,243.05,51,Female,TX,South,USA,Houston,1
14793,372,2024-07-12,129.64,52,Male,TX,South,USA,Houston,0
14794,448,2022-04-20,68.7,67,Female,BY,Bavaria,Germany,Munich,0
14795,906,2022-02-18,182.39,54,Male,NY,Northeast,USA,New York,0
14796,402,2024-01-25,281.64,58,Male,CA,West,USA,Los Angeles,0
14797,868,2023-07-25,92.3,61,Male,TX,South,USA,Houston,0
14798,751,2023-04-05,95.27,67,Male,TX,South,USA,Houston,0
14799,392,2023-08-25,74.99,27,Other,WA,West,USA,Seattle,0
14800,843,2022-03-20,439.12,65,Female,IL,Midwest,USA,Chicago,0
14801,474,2023-01-21,371.12,42,Female,NY,Northeast,USA,New York,0
14802,450,2023-01-10,86.19,32,Male,BY,Bavaria,Germany,Munich,0
14803,131,2023-02-14,354.07,47,Female,TX,South,USA,Houston,1
14804,118,2023-11-25,262.94,25,Male,FL,Southeast,USA,Miami,0
14805,552,2024-06-04,321.56,38,Male,CA,West,USA,Los Angeles,0
14806,762,2024-08-15,465.94,46,Male,MH,Maharashtra,India,Mumbai,0
14807,849,2023-11-28,257.84,60,Male,CA,West,USA,Los Angeles,0
14808,784,2024-04-22,169.31,24,Female,IL,Midwest,USA,Chicago,0
14809,451,2024-11-05,439.34,67,Female,NSW,NSW,Australia,Sydney,0
14810,276,2024-10-05,98.69,43,Female,TX,South,USA,Houston,0
14811,408,2024-10-15,518.69,25,Male,CA,West,USA,Los Angeles,0
14812,172,2022-11-07,471.35,22,Female,FL,Southeast,USA,Miami,0
14813,523,2022-02-25,179.01,27,Other,CA,West,USA,Los Angeles,1
14814,142,2024-08-24,435.01,29,Female,CA,West,USA,Los Angeles,0
14815,758,2023-07-27,489.49,37,Female,WA,West,USA,Seattle,0
14816,102,2024-09-12,515.67,28,Female,CA,West,USA,Los Angeles,0
14817,409,2024-04-08,73.97,66,Male,ON,Ontario,Canada,Toronto,1
14818,291,2022-02-15,92.21,59,Male,WA,West,USA,Seattle,0
14819,625,2023-12-04,265.32,49,Male,NY,Northeast,USA,New York,0
14820,717,2024-07-21,314.18,44,Male,CA,West,USA,Los Angeles,0
14821,391,2022-04-25,178.61,56,Male,NY,Northeast,USA,New York,0
14822,286,2024-02-05,53.25,66,Male,ON,Ontario,Canada,Toronto,0
14823,920,2024-08-06,246.9,51,Other,BY,Bavaria,Germany,Munich,0
14824,838,2022-03-09,147.75,28,Female,NY,Northeast,USA,New York,0
14825,844,2023-03-23,243.11,19,Female,NY,Northeast,USA,New York,1
14826,335,2023-12-10,152.55,41,Female,CA,West,USA,Los Angeles,1
14827,43,2024-01-21,250.43,54,Female,NY,Northeast,USA,New York,0
14828,706,2023-03-26,316.06,47,Male,FL,Southeast,USA,Miami,1
14829,209,2022-09-13,186.58,31,Male,ENG,England,UK,London,0
14830,212,2022-04-04,113.22,55,Female,NY,Northeast,USA,New York,0
14831,797,2023-03-26,216.59,68,Male,IL,Midwest,USA,Chicago,0
14832,115,2023-08-11,145.9,44,Male,ON,Ontario,Canada,Toronto,1
14833,836,2022-09-17,41.46,58,Female,IL,Midwest,USA,Chicago,0
14834,242,2024-06-27,359.04,48,Male,NY,Northeast,USA,New York,0
14835,331,2022-10-26,320.59,46,Female,TX,South,USA,Houston,0
14836,627,2024-11-24,185.73,35,Female,NY,Northeast,USA,New York,0
14837,691,2024-08-10,537.63,69,Male,CA,West,USA,Los Angeles,0
14838,665,2024-08-19,444.22,49,Male,ENG,England,UK,London,0
14839,508,2024-11-10,506.44,30,Male,CA,West,USA,Los Angeles,0
14840,621,2022-01-16,240.02,40,Female,NY,Northeast,USA,New York,0
14841,380,2024-07-10,298.65,31,Female,FL,Southeast,USA,Miami,0
14842,423,2023-02-24,369.72,57,Female,TX,South,USA,Houston,0
14843,123,2022-04-22,298.16,52,Other,ON,Ontario,Canada,Toronto,0
14844,560,2024-12-27,377.92,62,Female,CA,West,USA,Los Angeles,0
14845,346,2022-01-08,221.89,31,Female,FL,Southeast,USA,Miami,0
14846,942,2023-05-26,79.6,39,Male,CA,West,USA,Los Angeles,0
14847,963,2024-03-07,456.85,61,Male,CA,West,USA,Los Angeles,0
14848,75,2023-08-18,211.79,53,Female,CA,West,USA,Los Angeles,0
14849,640,2022-11-05,308.1,67,Female,ON,Ontario,Canada,Toronto,0
14850,83,2022-06-21,190.82,26,Male,TX,South,USA,Houston,0
14851,358,2023-11-22,261.04,64,Female,NY,Northeast,USA,New York,0
14852,494,2023-06-22,342.48,49,Male,CA,West,USA,Los Angeles,1
14853,289,2023-12-08,311.08,46,Female,ENG,England,UK,London,0
14854,802,2022-11-23,79.05,33,Female,WA,West,USA,Seattle,0
14855,9,2024-03-05,140.39,28,Female,CA,West,USA,Los Angeles,0
14856,879,2024-11-21,106.62,46,Female,CA,West,USA,Los Angeles,0
14857,981,2024-03-14,327.25,48,Male,TX,South,USA,Houston,0
14858,731,2023-07-06,215.54,55,Male,NY,Northeast,USA,New York,0
14859,991,2024-03-28,146.44,35,Male,NSW,NSW,Australia,Sydney,0
14860,221,2024-06-22,35.39,24,Female,CA,West,USA,Los Angeles,0
14861,619,2024-12-05,432.42,21,Male,CA,West,USA,Los Angeles,0
14862,759,2022-10-11,36.48,24,Female,CA,West,USA,Los Angeles,1
14863,347,2022-08-21,196.57,69,Male,NY,Northeast,USA,New York,0
14864,218,2022-12-06,233.33,23,Male,FL,Southeast,USA,Miami,1
14865,386,2024-05-14,259.83,24,Male,NY,Northeast,USA,New York,0
14866,15,2022-03-03,77.86,55,Male,ENG,England,UK,London,0
14867,526,2024-11-01,400.55,34,Male,NY,Northeast,USA,New York,0
14868,153,2022-01-07,121.31,65,Female,NY,Northeast,USA,New York,0
14869,315,2024-11-20,356.43,30,Male,ON,Ontario,Canada,Toronto,1
14870,969,2023-01-15,206.95,65,Female,FL,Southeast,USA,Miami,0
14871,70,2023-04-09,281.29,42,Female,TX,South,USA,Houston,1
14872,715,2023-05-07,245.48,65,Male,BY,Bavaria,Germany,Munich,1
14873,245,2024-05-23,535.45,50,Female,IL,Midwest,USA,Chicago,0
14874,147,2023-04-19,190.56,19,Male,NY,Northeast,USA,New York,0
14875,550,2023-02-25,90.07,53,Male,NY,Northeast,USA,New York,0
14876,311,2024-01-28,209.22,52,Male,NY,Northeast,USA,New York,0
14877,684,2024-10-18,285.08,67,Male,CA,West,USA,Los Angeles,1
14878,884,2024-07-02,47.55,26,Other,CA,West,USA,Los Angeles,0
14879,719,2024-03-27,515.24,30,Female,NSW,NSW,Australia,Sydney,0
14880,714,2023-02-04,113.82,57,Male,TX,South,USA,Houston,0
14881,633,2024-04-20,521.92,40,Male,MH,Maharashtra,India,Mumbai,0
14882,244,2023-05-07,220.53,51,Male,NSW,NSW,Australia,Sydney,0
14883,451,2024-07-22,316.01,67,Female,NSW,NSW,Australia,Sydney,0
14884,978,2024-02-23,386.04,47,Other,CA,West,USA,Los Angeles,0
14885,530,2022-12-23,41.82,65,Male,FL,Southeast,USA,Miami,0
14886,583,2022-04-08,212.82,23,Female,IL,Midwest,USA,Chicago,0
14887,627,2024-06-18,165.75,35,Female,NY,Northeast,USA,New York,0
14888,550,2024-09-06,103.69,53,Male,NY,Northeast,USA,New York,0
14889,115,2024-05-25,378.35,44,Male,ON,Ontario,Canada,Toronto,1
14890,587,2024-02-05,102.09,53,Female,NY,Northeast,USA,New York,1
14891,160,2023-06-24,313.35,58,Male,CA,West,USA,Los Angeles,0
14892,733,2023-08-05,213.39,65,Male,CA,West,USA,Los Angeles,0
14893,898,2023-11-09,517.66,20,Female,CA,West,USA,Los Angeles,0
14894,264,2022-06-21,454.23,66,Male,CA,West,USA,Los Angeles,1
14895,294,2024-11-27,15.35,35,Male,IL,Midwest,USA,Chicago,0
14896,24,2024-08-20,456.19,66,Female,WA,West,USA,Seattle,0
14897,322,2022-10-10,92.64,23,Female,TX,South,USA,Houston,0
14898,651,2024-01-09,269.41,43,Male,IL,Midwest,USA,Chicago,0
14899,176,2024-12-18,456.83,42,Male,BY,Bavaria,Germany,Munich,1
14900,474,2022-04-13,150.86,42,Female,NY,Northeast,USA,New York,0
14901,807,2024-05-06,413.94,46,Female,TX,South,USA,Houston,0
14902,812,2024-07-18,143.42,63,Female,CA,West,USA,Los Angeles,0
14903,35,2023-12-13,464.02,64,Male,CA,West,USA,Los Angeles,0
14904,928,2023-05-28,238.63,33,Male,IL,Midwest,USA,Chicago,0
14905,846,2023-04-01,114.11,18,Female,CA,West,USA,Los Angeles,0
14906,611,2024-12-21,40.49,61,Male,TX,South,USA,Houston,0
14907,804,2023-11-23,325.63,65,Male,TX,South,USA,Houston,0
14908,596,2023-09-23,365.29,59,Male,NY,Northeast,USA,New York,0
14909,414,2024-06-20,384.67,24,Other,TX,South,USA,Houston,0
14910,637,2024-06-28,284.24,30,Female,NY,Northeast,USA,New York,1
14911,889,2024-12-09,232.23,18,Female,IL,Midwest,USA,Chicago,0
14912,79,2024-01-11,350.92,47,Female,MH,Maharashtra,India,Mumbai,0
14913,733,2022-10-27,26.33,65,Male,CA,West,USA,Los Angeles,0
14914,364,2023-08-02,134.97,64,Female,TX,South,USA,Houston,0
14915,851,2024-12-24,151.43,68,Female,CA,West,USA,Los Angeles,0
14916,658,2023-08-21,414.91,50,Male,NY,Northeast,USA,New York,0
14917,99,2022-04-17,226.25,51,Other,ON,Ontario,Canada,Toronto,0
14918,527,2024-10-04,36.34,66,Female,ON,Ontario,Canada,Toronto,0
14919,837,2022-12-18,448.58,60,Male,ENG,England,UK,London,0
14920,785,2023-12-13,210.76,42,Female,CA,West,USA,Los Angeles,1
14921,687,2023-05-03,50.58,39,Male,ON,Ontario,Canada,Toronto,0
14922,119,2024-05-21,240.85,30,Male,MH,Maharashtra,India,Mumbai,0
14923,996,2023-10-23,503.79,50,Female,TX,South,USA,Houston,0
14924,637,2022-08-16,402.72,30,Female,NY,Northeast,USA,New York,1
14925,814,2024-01-05,336.91,32,Male,CA,West,USA,Los Angeles,0
14926,840,2024-03-11,427.8,65,Male,CA,West,USA,Los Angeles,0
14927,991,2023-02-16,278.83,35,Male,NSW,NSW,Australia,Sydney,0
14928,664,2022-03-15,403.95,28,Male,TX,South,USA,Houston,0
14929,550,2024-05-17,472.3,53,Male,NY,Northeast,USA,New York,0
14930,78,2023-12-07,185.84,29,Female,ON,Ontario,Canada,Toronto,0
14931,136,2022-09-23,228.24,33,Male,TX,South,USA,Houston,0
14932,664,2022-01-03,120.97,28,Male,TX,South,USA,Houston,0
14933,927,2022-08-28,345.67,46,Male,CA,West,USA,Los Angeles,0
14934,851,2023-06-12,81.78,68,Female,CA,West,USA,Los Angeles,0
14935,852,2023-10-24,255.78,59,Female,ENG,England,UK,London,1
14936,149,2024-11-02,541.64,60,Female,BY,Bavaria,Germany,Munich,1
14937,449,2023-01-19,252.62,45,Female,CA,West,USA,Los Angeles,0
14938,619,2023-12-28,46.07,21,Male,CA,West,USA,Los Angeles,0
14939,619,2022-01-27,18.99,21,Male,CA,West,USA,Los Angeles,0
14940,487,2024-10-13,532.64,35,Male,NY,Northeast,USA,New York,0
14941,940,2022-12-11,356.51,44,Other,WA,West,USA,Seattle,0
14942,225,2023-10-25,379.17,55,Male,TX,South,USA,Houston,0
14943,837,2024-03-18,214.21,60,Male,ENG,England,UK,London,0
14944,442,2024-03-27,286.22,33,Female,TX,South,USA,Houston,0
14945,643,2024-01-07,317.65,62,Female,WA,West,USA,Seattle,0
14946,423,2023-02-13,409.0,57,Female,TX,South,USA,Houston,0
14947,360,2023-01-09,275.18,56,Female,NY,Northeast,USA,New York,0
14948,572,2023-01-12,169.91,39,Female,TX,South,USA,Houston,0
14949,536,2024-08-25,303.48,25,Female,WA,West,USA,Seattle,0
14950,749,2023-02-26,364.43,34,Female,NY,Northeast,USA,New York,0
14951,73,2023-06-17,40.68,42,Female,FL,Southeast,USA,Miami,1
14952,97,2022-09-01,242.08,30,Female,CA,West,USA,Los Angeles,0
14953,381,2024-01-13,200.31,18,Male,TX,South,USA,Houston,0
14954,202,2022-09-14,449.11,65,Male,MH,Maharashtra,India,Mumbai,1
14955,717,2023-10-20,212.32,44,Male,CA,West,USA,Los Angeles,0
14956,643,2024-07-08,356.36,62,Female,WA,West,USA,Seattle,0
14957,142,2024-07-17,261.18,29,Female,CA,West,USA,Los Angeles,0
14958,124,2024-10-22,457.52,42,Female,CA,West,USA,Los Angeles,0
14959,843,2024-07-16,521.45,65,Female,IL,Midwest,USA,Chicago,0
14960,658,2022-07-24,50.97,50,Male,NY,Northeast,USA,New York,0
14961,895,2024-11-08,21.99,56,Female,FL,Southeast,USA,Miami,0
14962,657,2023-11-18,376.59,57,Male,CA,West,USA,Los Angeles,1
14963,404,2024-06-13,357.76,68,Female,CA,West,USA,Los Angeles,0
14964,337,2022-06-12,281.67,68,Female,CA,West,USA,Los Angeles,0
14965,832,2024-11-12,247.6,30,Female,NY,Northeast,USA,New York,0
14966,989,2023-08-16,400.04,30,Female,CA,West,USA,Los Angeles,0
14967,435,2022-09-15,354.79,40,Female,IL,Midwest,USA,Chicago,0
14968,474,2023-02-17,227.0,42,Female,NY,Northeast,USA,New York,0
14969,398,2024-02-27,189.55,28,Male,NY,Northeast,USA,New York,0
14970,962,2022-07-18,481.32,39,Female,IL,Midwest,USA,Chicago,0
14971,121,2024-11-16,233.88,40,Female,CA,West,USA,Los Angeles,0
14972,179,2023-05-26,119.16,64,Male,ENG,England,UK,London,0
14973,822,2024-12-07,538.12,52,Female,CA,West,USA,Los Angeles,0
14974,936,2024-10-07,398.78,66,Other,NSW,NSW,Australia,Sydney,0
14975,276,2023-10-04,300.62,43,Female,TX,South,USA,Houston,0
14976,577,2024-11-06,432.53,66,Female,MH,Maharashtra,India,Mumbai,0
14977,286,2024-04-03,133.01,66,Male,ON,Ontario,Canada,Toronto,0
14978,990,2024-05-06,317.43,58,Female,FL,Southeast,USA,Miami,0
14979,69,2023-02-19,152.68,21,Male,TX,South,USA,Houston,0
14980,598,2024-06-20,484.79,58,Female,TX,South,USA,Houston,0
14981,592,2023-01-19,81.61,64,Female,ENG,England,UK,London,0
14982,932,2022-10-26,116.58,54,Female,IL,Midwest,USA,Chicago,1
14983,566,2022-11-25,129.45,30,Other,BY,Bavaria,Germany,Munich,0
14984,350,2024-04-10,251.37,26,Other,WA,West,USA,Seattle,0
14985,493,2024-07-06,84.2,57,Female,NY,Northeast,USA,New York,1
14986,633,2022-09-12,276.77,40,Male,MH,Maharashtra,India,Mumbai,0
14987,850,2023-10-26,391.22,49,Male,CA,West,USA,Los Angeles,1
14988,33,2023-12-28,14.81,22,Male,FL,Southeast,USA,Miami,0
14989,718,2023-03-06,471.43,43,Female,BY,Bavaria,Germany,Munich,1
14990,584,2024-04-05,478.91,20,Female,CA,West,USA,Los Angeles,0
14991,198,2024-11-21,39.09,24,Female,WA,West,USA,Seattle,1
14992,375,2024-02-25,48.71,64,Female,BY,Bavaria,Germany,Munich,0
14993,555,2024-10-27,326.16,69,Male,NY,Northeast,USA,New York,1
14994,825,2022-02-27,163.65,50,Male,NY,Northeast,USA,New York,0
14995,842,2023-07-08,265.33,52,Female,CA,West,USA,Los Angeles,0
14996,497,2023-08-23,305.34,24,Female,NY,Northeast,USA,New York,0
14997,699,2024-10-19,361.2,20,Male,NY,Northeast,USA,New York,0
14998,524,2024-02-10,412.72,60,Female,NY,Northeast,USA,New York,0
14999,683,2022-11-01,429.95,67,Male,ON,Ontario,Canada,Toronto,0
15000,984,2023-11-19,325.7,51,Male,NY,Northeast,USA,New York,0
