TransactionID,CustomerID,TransactionDate,Amount
1,667,2026-06-13 19:19:03.165887,326.52
2,505,2025-12-25 19:19:03.165887,15.58
3,486,2026-06-29 19:19:03.165887,467.29
4,899,2026-08-13 19:19:03.165887,222.8
5,659,2026-02-27 19:19:03.165887,77.98
6,258,2026-07-05 19:19:03.165887,427.62
7,648,2026-02-14 19:19:03.165887,25.7
8,301,2026-01-20 19:19:03.165887,459.12
9,593,2026-03-09 19:19:03.165887,52.03
10,400,2026-04-18 19:19:03.165887,127.46
11,249,2026-09-17 19:19:03.165887,94.73
12,118,2025-11-14 19:19:03.165887,280.51
13,997,2026-05-03 19:19:03.165887,281.48
14,499,2026-02-13 19:19:03.165887,226.85
15,54,2026-04-25 19:19:03.165887,42.89
16,651,2026-02-05 19:19:03.165887,78.74
17,919,2026-08-10 19:19:03.165887,268.33
18,917,2025-11-21 19:19:03.165887,277.67
19,236,2026-06-24 19:19:03.165887,312.74
20,85,2026-05-05 19:19:03.165887,187.94
21,20,2026-06-01 19:19:03.165887,349.95
22,549,2025-12-07 19:19:03.165887,428.67
23,320,2025-12-11 19:19:03.165887,303.41
24,842,2026-01-03 19:19:03.165887,21.7
25,896,2026-06-20 19:19:03.165887,25.42
26,224,2026-01-13 19:19:03.165887,399.58
27,185,2026-07-10 19:19:03.165887,158.04
28,849,2026-01-21 19:19:03.165887,380.03
29,958,2025-10-21 19:19:03.165887,382.64
30,458,2026-07-07 19:19:03.165887,356.25
31,420,2026-04-13 19:19:03.165887,282.02
32,723,2026-03-04 19:19:03.165887,109.82
33,391,2026-07-17 19:19:03.165887,66.32
34,366,2026-01-06 19:19:03.165887,371.16
35,342,2026-08-20 19:19:03.165887,344.96
36,288,2025-11-22 19:19:03.165887,79.8
37,818,2026-08-13 19:19:03.165887,116.46
38,798,2025-10-27 19:19:03.165887,93.1
39,87,2026-09-20 19:19:03.165887,121.6
40,505,2026-03-11 19:19:03.165887,199.07
41,789,2025-12-02 19:19:03.165887,458.5
42,14,2026-09-01 19:19:03.165887,234.37
43,41,2026-08-07 19:19:03.165887,221.21
44,383,2026-02-23 19:19:03.165887,421.04
45,87,2026-01-06 19:19:03.165887,360.37
46,513,2026-04-09 19:19:03.165887,481.08
47,199,2026-08-24 19:19:03.165887,17.52
48,274,2026-04-16 19:19:03.165887,291.69
49,735,2026-08-12 19:19:03.165887,88.2
50,275,2026-09-13 19:19:03.165887,431.34
51,721,2026-09-28 19:19:03.165887,413.35
52,970,2026-05-10 19:19:03.165887,385.49
53,320,2026-07-04 19:19:03.165887,114.93
54,696,2025-12-20 19:19:03.165887,359.98
55,142,2026-08-24 19:19:03.165887,32.31
56,700,2026-09-24 19:19:03.165887,101.4
57,827,2026-05-29 19:19:03.165887,491.61
58,27,2025-12-21 19:19:03.165887,80.91
59,50,2026-05-14 19:19:03.165887,142.85
60,567,2025-12-12 19:19:03.165887,60.21
61,834,2025-12-13 19:19:03.165887,205.21
62,534,2025-12-26 19:19:03.165887,180.84
63,714,2026-04-11 19:19:03.165887,67.39
64,2,2026-06-01 19:19:03.165887,445.07
65,732,2026-07-20 19:19:03.165887,421.1
66,441,2026-08-27 19:19:03.165887,267.58
67,831,2026-05-29 19:19:03.165887,453.83
68,178,2025-10-18 19:19:03.165887,37.58
69,655,2025-11-07 19:19:03.165887,302.23
70,553,2026-05-17 19:19:03.165887,315.97
71,875,2025-11-19 19:19:03.165887,111.33
72,923,2025-10-23 19:19:03.165887,214.4
73,889,2026-05-31 19:19:03.165887,354.54
74,246,2026-05-10 19:19:03.165887,478.93
75,268,2025-12-26 19:19:03.165887,321.33
76,103,2026-10-01 19:19:03.165887,147.89
77,220,2025-10-05 19:19:03.165887,228.96
78,9,2026-08-30 19:19:03.165887,406.0
79,866,2026-03-18 19:19:03.165887,422.91
80,579,2026-02-06 19:19:03.165887,147.11
81,414,2026-06-12 19:19:03.165887,269.8
82,886,2026-01-31 19:19:03.165887,422.58
83,750,2026-06-25 19:19:03.165887,382.22
84,967,2026-04-18 19:19:03.165887,310.6
85,541,2026-04-12 19:19:03.165887,188.85
86,187,2026-04-28 19:19:03.165887,438.11
87,982,2025-11-02 19:19:03.165887,104.62
88,504,2026-01-29 19:19:03.165887,300.54
89,967,2026-06-16 19:19:03.165887,25.28
90,987,2026-04-02 19:19:03.165887,59.33
91,774,2026-04-28 19:19:03.165887,225.75
92,673,2026-08-25 19:19:03.165887,188.07
93,151,2026-06-06 19:19:03.165887,411.32
94,93,2025-12-16 19:19:03.165887,279.1
95,653,2026-04-19 19:19:03.165887,450.62
96,233,2026-07-28 19:19:03.165887,210.15
97,622,2026-07-29 19:19:03.165887,264.02
98,11,2026-01-01 19:19:03.165887,307.43
99,316,2026-07-03 19:19:03.165887,205.92
100,950,2026-07-02 19:19:03.165887,146.32
101,22,2026-09-04 19:19:03.165887,375.6
102,208,2026-07-21 19:19:03.165887,343.23
103,381,2026-05-24 19:19:03.165887,401.82
104,974,2026-03-11 19:19:03.165887,22.41
105,604,2026-04-20 19:19:03.165887,86.02
106,155,2026-01-05 19:19:03.165887,124.45
107,446,2026-03-05 19:19:03.165887,380.39
108,536,2026-03-19 19:19:03.165887,408.6
109,756,2025-10-14 19:19:03.165887,491.82
110,335,2025-11-26 19:19:03.165887,482.91
111,136,2026-08-03 19:19:03.165887,247.39
112,729,2026-03-07 19:19:03.165887,128.22
113,680,2025-11-02 19:19:03.165887,61.64
114,481,2026-09-08 19:19:03.165887,108.19
115,909,2025-11-09 19:19:03.165887,147.49
116,74,2026-06-13 19:19:03.165887,67.26
117,790,2026-02-11 19:19:03.165887,484.36
118,193,2025-10-23 19:19:03.165887,134.98
119,52,2025-11-06 19:19:03.165887,323.87
120,544,2025-12-11 19:19:03.165887,395.19
121,712,2026-03-19 19:19:03.165887,396.99
122,743,2026-04-21 19:19:03.165887,82.7
123,346,2025-11-23 19:19:03.165887,291.19
124,546,2026-01-05 19:19:03.165887,443.64
125,864,2026-09-27 19:19:03.165887,324.77
126,177,2025-10-16 19:19:03.165887,436.82
127,930,2025-10-26 19:19:03.165887,390.31
128,950,2026-03-14 19:19:03.165887,223.63
129,589,2025-12-20 19:19:03.165887,295.0
130,177,2026-02-18 19:19:03.165887,24.19
131,189,2025-10-26 19:19:03.165887,171.92
132,256,2025-12-08 19:19:03.165887,357.57
133,688,2025-12-20 19:19:03.165887,295.35
134,3,2026-03-07 19:19:03.165887,459.93
135,76,2026-04-01 19:19:03.165887,111.04
136,712,2026-03-23 19:19:03.165887,25.21
137,189,2026-04-11 19:19:03.165887,473.5
138,442,2026-05-28 19:19:03.165887,119.59
139,793,2026-02-14 19:19:03.165887,64.41
140,427,2026-05-22 19:19:03.165887,98.36
141,872,2025-12-06 19:19:03.165887,290.52
142,856,2026-05-21 19:19:03.165887,192.73
143,351,2026-06-23 19:19:03.165887,402.31
144,251,2026-01-14 19:19:03.165887,366.89
145,364,2026-03-11 19:19:03.165887,427.14
146,896,2026-05-29 19:19:03.165887,173.72
147,426,2026-06-13 19:19:03.165887,77.37
148,833,2026-08-11 19:19:03.165887,427.15
149,869,2026-04-19 19:19:03.165887,372.25
150,10,2025-11-27 19:19:03.165887,215.33
151,276,2026-01-22 19:19:03.165887,131.34
152,430,2026-06-04 19:19:03.165887,69.18
153,707,2026-02-03 19:19:03.165887,127.93
154,848,2026-09-12 19:19:03.165887,397.53
155,801,2025-12-09 19:19:03.165887,359.49
156,746,2026-05-26 19:19:03.165887,320.44
157,974,2025-10-21 19:19:03.165887,94.5
158,957,2025-12-21 19:19:03.165887,314.37
159,707,2026-07-26 19:19:03.165887,338.93
160,662,2026-03-13 19:19:03.165887,304.97
161,632,2026-08-31 19:19:03.165887,304.83
162,971,2026-06-23 19:19:03.165887,134.85
163,954,2026-09-16 19:19:03.165887,398.83
164,461,2026-01-28 19:19:03.165887,487.21
165,889,2026-04-24 19:19:03.165887,29.69
166,633,2026-08-21 19:19:03.165887,129.76
167,46,2026-07-14 19:19:03.165887,283.51
168,128,2025-10-24 19:19:03.165887,135.83
169,579,2026-08-05 19:19:03.165887,364.99
170,987,2025-11-27 19:19:03.165887,175.9
171,958,2026-06-05 19:19:03.165887,138.66
172,504,2026-01-25 19:19:03.165887,114.06
173,195,2026-07-10 19:19:03.165887,425.29
174,81,2026-02-12 19:19:03.165887,369.58
175,673,2026-05-12 19:19:03.165887,337.35
176,654,2026-05-22 19:19:03.165887,295.75
177,954,2025-10-24 19:19:03.165887,312.95
178,427,2026-04-18 19:19:03.166945,255.13
179,677,2025-12-07 19:19:03.166945,320.42
180,414,2025-11-03 19:19:03.166945,289.29
181,359,2026-07-23 19:19:03.166945,121.01
182,379,2025-10-15 19:19:03.166945,219.49
183,159,2026-03-31 19:19:03.166945,464.78
184,724,2026-03-15 19:19:03.166945,350.62
185,816,2026-07-18 19:19:03.166945,146.9
186,149,2026-10-01 19:19:03.166945,117.32
187,628,2025-11-18 19:19:03.166945,192.16
188,921,2026-03-28 19:19:03.166945,421.68
189,191,2026-09-13 19:19:03.166945,123.58
190,213,2026-06-02 19:19:03.166945,475.27
191,459,2026-09-01 19:19:03.166945,471.18
192,801,2026-04-29 19:19:03.166945,475.72
193,324,2026-07-01 19:19:03.166945,325.33
194,899,2026-06-05 19:19:03.166945,137.37
195,713,2025-11-15 19:19:03.166945,473.13
196,823,2026-01-26 19:19:03.166945,251.79
197,2,2026-02-24 19:19:03.166945,470.84
198,576,2025-12-03 19:19:03.166945,323.61
199,762,2026-04-11 19:19:03.166945,328.85
200,849,2026-07-10 19:19:03.166945,435.37
201,803,2026-09-11 19:19:03.166945,348.85
202,90,2026-04-17 19:19:03.166945,407.96
203,687,2026-08-21 19:19:03.166945,489.38
204,839,2025-12-22 19:19:03.166945,243.66
205,859,2026-06-07 19:19:03.166945,115.28
206,845,2025-11-29 19:19:03.166945,42.19
207,939,2026-01-10 19:19:03.166945,120.83
208,495,2026-07-19 19:19:03.166945,303.55
209,146,2026-09-23 19:19:03.166945,119.64
210,820,2026-06-07 19:19:03.166945,490.99
211,481,2026-09-24 19:19:03.166945,353.99
212,643,2026-03-24 19:19:03.166945,262.28
213,57,2026-09-10 19:19:03.166945,110.17
214,687,2026-04-21 19:19:03.166945,250.01
215,856,2026-01-04 19:19:03.166945,225.79
216,333,2026-04-18 19:19:03.166945,473.13
217,359,2026-09-28 19:19:03.166945,76.75
218,538,2025-11-29 19:19:03.166945,120.2
219,805,2026-09-23 19:19:03.166945,114.36
220,368,2025-11-01 19:19:03.166945,202.33
221,190,2026-07-02 19:19:03.166945,410.86
222,67,2026-02-11 19:19:03.166945,93.59
223,791,2026-08-25 19:19:03.166945,430.87
224,729,2025-10-18 19:19:03.166945,158.67
225,304,2026-04-12 19:19:03.166945,492.93
226,356,2026-01-01 19:19:03.166945,314.52
227,569,2026-08-12 19:19:03.166945,469.49
228,496,2026-09-18 19:19:03.166945,330.92
229,267,2025-11-09 19:19:03.166945,262.64
230,68,2026-06-17 19:19:03.166945,209.87
231,152,2026-01-10 19:19:03.166945,353.3
232,699,2026-01-10 19:19:03.166945,410.57
233,325,2026-04-17 19:19:03.166945,29.72
234,400,2026-04-04 19:19:03.166945,312.11
235,282,2026-09-05 19:19:03.166945,400.07
236,731,2026-04-15 19:19:03.166945,472.05
237,218,2026-03-30 19:19:03.166945,469.34
238,185,2025-10-17 19:19:03.166945,65.46
239,782,2026-04-30 19:19:03.166945,214.98
240,717,2026-09-15 19:19:03.166945,351.09
241,245,2026-03-29 19:19:03.166945,92.01
242,134,2026-08-20 19:19:03.166945,496.2
243,106,2025-12-29 19:19:03.166945,481.59
244,65,2025-11-19 19:19:03.166945,433.82
245,858,2025-12-21 19:19:03.166945,450.22
246,708,2026-02-05 19:19:03.166945,64.21
247,340,2026-04-01 19:19:03.166945,36.61
248,757,2026-05-23 19:19:03.166945,159.75
249,775,2025-10-14 19:19:03.166945,389.71
250,101,2025-11-26 19:19:03.166945,418.2
251,989,2026-07-07 19:19:03.166945,190.96
252,501,2026-06-17 19:19:03.166945,127.53
253,958,2026-06-11 19:19:03.166945,378.32
254,961,2026-07-23 19:19:03.166945,353.95
255,72,2026-08-13 19:19:03.166945,213.03
256,844,2026-04-24 19:19:03.166945,225.84
257,824,2026-06-12 19:19:03.166945,78.64
258,492,2026-08-04 19:19:03.166945,488.43
259,715,2026-04-13 19:19:03.166945,496.04
260,85,2026-03-01 19:19:03.166945,347.72
261,186,2026-03-19 19:19:03.166945,129.13
262,85,2026-06-16 19:19:03.166945,243.31
263,68,2026-05-16 19:19:03.166945,335.88
264,139,2026-08-04 19:19:03.166945,212.06
265,647,2026-04-19 19:19:03.166945,477.21
266,385,2026-05-25 19:19:03.166945,171.57
267,859,2026-04-16 19:19:03.166945,327.13
268,717,2026-03-18 19:19:03.166945,462.86
269,292,2025-10-15 19:19:03.166945,66.1
270,978,2025-11-24 19:19:03.166945,382.31
271,546,2025-10-06 19:19:03.166945,268.93
272,429,2025-12-28 19:19:03.166945,175.38
273,856,2026-03-15 19:19:03.166945,12.61
274,854,2026-01-14 19:19:03.166945,461.0
275,638,2025-11-29 19:19:03.166945,106.31
276,965,2026-04-26 19:19:03.166945,264.76
277,423,2026-09-18 19:19:03.166945,281.12
278,585,2026-05-06 19:19:03.166945,467.92
279,726,2025-10-20 19:19:03.166945,312.37
280,138,2025-12-30 19:19:03.166945,361.71
281,110,2026-05-29 19:19:03.166945,406.6
282,963,2026-08-13 19:19:03.166945,398.32
283,744,2026-01-29 19:19:03.166945,64.81
284,553,2026-08-04 19:19:03.166945,299.82
285,509,2026-09-03 19:19:03.166945,382.63
286,647,2025-12-12 19:19:03.166945,282.21
287,508,2026-09-16 19:19:03.166945,134.99
288,602,2025-12-02 19:19:03.166945,43.0
289,807,2026-07-07 19:19:03.166945,105.06
290,389,2026-05-29 19:19:03.166945,80.58
291,473,2026-03-20 19:19:03.166945,162.23
292,566,2025-11-19 19:19:03.166945,398.83
293,620,2026-06-19 19:19:03.166945,80.95
294,662,2026-08-25 19:19:03.166945,428.01
295,91,2025-11-04 19:19:03.166945,43.94
296,372,2026-09-02 19:19:03.166945,387.65
297,899,2026-06-16 19:19:03.166945,358.65
298,162,2026-03-13 19:19:03.166945,388.87
299,963,2026-09-11 19:19:03.166945,54.96
300,674,2026-07-03 19:19:03.166945,496.28
301,919,2025-11-23 19:19:03.166945,340.12
302,182,2026-06-30 19:19:03.166945,481.72
303,73,2026-05-05 19:19:03.166945,139.59
304,748,2025-12-22 19:19:03.166945,121.53
305,811,2026-09-17 19:19:03.166945,167.78
306,903,2026-07-28 19:19:03.166945,329.35
307,32,2026-01-30 19:19:03.166945,375.0
308,666,2026-08-07 19:19:03.166945,79.71
309,415,2026-06-25 19:19:03.166945,304.42
310,278,2026-04-27 19:19:03.166945,254.75
311,931,2025-11-28 19:19:03.166945,46.61
312,126,2026-02-11 19:19:03.166945,469.71
313,640,2026-05-15 19:19:03.166945,100.05
314,375,2025-11-26 19:19:03.166945,207.29
315,137,2026-03-05 19:19:03.166945,239.52
316,317,2025-10-29 19:19:03.166945,236.51
317,388,2025-10-28 19:19:03.166945,25.2
318,900,2025-11-16 19:19:03.166945,440.95
319,828,2026-05-06 19:19:03.166945,457.11
320,868,2026-09-19 19:19:03.166945,186.94
321,137,2026-04-17 19:19:03.166945,243.49
322,190,2025-11-17 19:19:03.166945,298.07
323,330,2026-09-16 19:19:03.166945,420.1
324,645,2026-05-04 19:19:03.166945,187.69
325,105,2026-06-19 19:19:03.166945,273.21
326,90,2025-10-30 19:19:03.166945,392.37
327,757,2026-05-20 19:19:03.166945,342.69
328,951,2025-12-12 19:19:03.166945,206.97
329,400,2026-06-17 19:19:03.166945,285.9
330,93,2026-02-01 19:19:03.166945,324.64
331,507,2025-10-22 19:19:03.166945,151.19
332,851,2026-07-02 19:19:03.166945,286.39
333,437,2026-07-06 19:19:03.166945,233.53
334,437,2026-03-30 19:19:03.166945,81.85
335,443,2025-11-16 19:19:03.166945,89.35
336,400,2026-08-16 19:19:03.166945,354.11
337,15,2026-08-18 19:19:03.166945,204.95
338,868,2025-10-11 19:19:03.166945,168.95
339,386,2026-03-12 19:19:03.166945,395.41
340,544,2026-04-23 19:19:03.166945,82.02
341,680,2025-11-23 19:19:03.166945,471.91
342,47,2026-08-04 19:19:03.166945,153.98
343,350,2026-07-10 19:19:03.166945,394.38
344,575,2026-04-11 19:19:03.166945,389.36
345,118,2026-02-06 19:19:03.166945,201.38
346,407,2025-12-31 19:19:03.166945,294.34
347,527,2026-08-21 19:19:03.166945,34.19
348,964,2026-04-15 19:19:03.166945,326.05
349,219,2025-11-21 19:19:03.166945,443.25
350,169,2026-02-27 19:19:03.166945,416.12
351,782,2026-03-15 19:19:03.166945,163.03
352,513,2026-02-05 19:19:03.166945,270.1
353,423,2025-11-29 19:19:03.166945,380.35
354,827,2026-06-09 19:19:03.166945,193.47
355,764,2026-04-04 19:19:03.166945,145.64
356,286,2025-11-30 19:19:03.166945,105.68
357,111,2026-05-22 19:19:03.166945,369.5
358,752,2026-04-02 19:19:03.166945,322.5
359,898,2025-11-06 19:19:03.166945,351.09
360,771,2026-08-22 19:19:03.166945,437.57
361,503,2026-07-30 19:19:03.166945,91.51
362,513,2025-11-16 19:19:03.166945,429.11
363,875,2025-10-26 19:19:03.166945,335.2
364,27,2026-05-27 19:19:03.166945,392.44
365,908,2025-10-25 19:19:03.166945,304.31
366,522,2025-11-22 19:19:03.166945,485.51
367,964,2026-07-29 19:19:03.166945,229.59
368,906,2026-02-22 19:19:03.166945,125.84
369,7,2026-05-14 19:19:03.166945,101.97
370,755,2026-08-31 19:19:03.166945,320.04
371,985,2026-07-07 19:19:03.166945,240.48
372,815,2025-11-07 19:19:03.166945,363.33
373,679,2026-03-13 19:19:03.166945,475.24
374,808,2026-01-30 19:19:03.166945,93.25
375,986,2025-12-14 19:19:03.166945,152.02
376,685,2026-05-16 19:19:03.166945,163.25
377,499,2025-12-26 19:19:03.166945,232.32
378,498,2026-09-24 19:19:03.166945,487.76
379,691,2026-09-21 19:19:03.166945,240.45
380,410,2026-05-31 19:19:03.166945,131.19
381,313,2026-01-26 19:19:03.166945,269.02
382,453,2026-03-28 19:19:03.166945,366.78
383,211,2025-10-13 19:19:03.166945,399.74
384,718,2025-11-06 19:19:03.166945,116.95
385,14,2026-09-10 19:19:03.166945,444.92
386,209,2025-10-03 19:19:03.166945,200.21
387,717,2026-02-09 19:19:03.166945,474.73
388,638,2025-12-02 19:19:03.166945,170.77
389,985,2025-10-18 19:19:03.166945,257.0
390,739,2026-09-10 19:19:03.166945,324.78
391,622,2026-06-12 19:19:03.166945,190.04
392,344,2025-12-15 19:19:03.166945,56.04
393,33,2026-07-26 19:19:03.166945,99.6
394,898,2026-07-08 19:19:03.166945,214.63
395,152,2026-01-11 19:19:03.166945,146.65
396,136,2026-08-10 19:19:03.166945,105.01
397,335,2025-11-09 19:19:03.166945,181.3
398,751,2026-08-30 19:19:03.166945,39.35
399,655,2026-06-24 19:19:03.166945,421.43
400,101,2026-02-16 19:19:03.166945,420.9
401,192,2025-12-07 19:19:03.166945,431.09
402,552,2025-11-10 19:19:03.166945,65.99
403,282,2026-07-01 19:19:03.166945,340.77
404,959,2025-12-22 19:19:03.166945,451.94
405,48,2026-05-28 19:19:03.166945,320.83
406,203,2025-12-06 19:19:03.166945,351.93
407,704,2026-02-19 19:19:03.166945,217.55
408,268,2026-08-16 19:19:03.166945,114.91
409,527,2026-03-09 19:19:03.166945,379.33
410,7,2026-05-10 19:19:03.166945,261.83
411,251,2025-10-08 19:19:03.166945,146.87
412,421,2025-12-25 19:19:03.166945,242.23
413,598,2026-02-12 19:19:03.166945,130.5
414,91,2025-11-04 19:19:03.166945,230.88
415,659,2026-05-21 19:19:03.166945,446.13
416,778,2026-09-03 19:19:03.166945,383.54
417,407,2026-03-13 19:19:03.166945,440.43
418,399,2025-11-19 19:19:03.166945,152.23
419,977,2026-05-17 19:19:03.166945,383.62
420,815,2026-03-04 19:19:03.166945,161.01
421,197,2025-11-09 19:19:03.166945,93.76
422,93,2025-11-14 19:19:03.166945,161.8
423,7,2026-08-13 19:19:03.166945,270.32
424,22,2026-04-13 19:19:03.166945,427.67
425,86,2025-11-28 19:19:03.166945,117.92
426,568,2026-09-23 19:19:03.166945,159.59
427,670,2026-01-21 19:19:03.166945,53.7
428,970,2026-08-31 19:19:03.166945,16.01
429,470,2025-12-11 19:19:03.166945,360.03
430,436,2026-01-01 19:19:03.166945,434.58
431,542,2025-12-20 19:19:03.166945,117.65
432,818,2026-05-25 19:19:03.166945,333.77
433,468,2026-06-01 19:19:03.166945,373.67
434,498,2025-11-19 19:19:03.166945,371.9
435,224,2025-10-07 19:19:03.166945,462.25
436,775,2026-03-17 19:19:03.166945,350.4
437,863,2025-10-12 19:19:03.166945,121.51
438,571,2026-08-01 19:19:03.166945,424.12
439,516,2025-10-15 19:19:03.166945,151.97
440,552,2026-09-19 19:19:03.166945,329.76
441,652,2026-06-26 19:19:03.166945,459.65
442,306,2026-04-16 19:19:03.166945,181.98
443,450,2026-01-19 19:19:03.166945,333.92
444,999,2026-08-29 19:19:03.166945,71.38
445,563,2026-07-30 19:19:03.166945,85.38
446,311,2026-07-07 19:19:03.166945,476.73
447,334,2025-10-23 19:19:03.166945,164.21
448,29,2026-08-23 19:19:03.166945,181.14
449,962,2025-12-12 19:19:03.166945,338.67
450,767,2026-03-15 19:19:03.166945,385.18
451,913,2026-05-29 19:19:03.166945,122.18
452,326,2026-04-08 19:19:03.166945,426.19
453,420,2025-11-18 19:19:03.166945,70.12
454,350,2025-11-21 19:19:03.166945,348.37
455,116,2025-11-02 19:19:03.166945,319.07
456,144,2026-09-09 19:19:03.166945,315.01
457,12,2026-09-01 19:19:03.166945,272.25
458,680,2025-12-24 19:19:03.166945,364.6
459,29,2026-08-25 19:19:03.166945,447.03
460,432,2026-07-15 19:19:03.166945,46.55
461,120,2026-05-05 19:19:03.166945,217.22
462,144,2026-01-15 19:19:03.166945,115.66
463,331,2026-03-01 19:19:03.166945,453.19
464,920,2026-08-20 19:19:03.166945,248.25
465,88,2025-11-27 19:19:03.166945,168.75
466,575,2026-06-16 19:19:03.166945,36.39
467,319,2026-02-22 19:19:03.166945,336.54
468,109,2025-10-21 19:19:03.166945,284.42
469,582,2026-08-07 19:19:03.166945,419.88
470,696,2026-01-02 19:19:03.166945,344.55
471,963,2026-02-03 19:19:03.166945,316.13
472,517,2026-09-13 19:19:03.166945,180.21
473,490,2026-09-02 19:19:03.166945,285.81
474,382,2026-09-30 19:19:03.166945,409.96
475,564,2026-04-11 19:19:03.166945,359.12
476,941,2026-02-27 19:19:03.166945,498.25
477,922,2025-11-27 19:19:03.166945,205.51
478,995,2026-07-17 19:19:03.166945,300.13
479,339,2026-05-26 19:19:03.166945,163.57
480,191,2025-11-05 19:19:03.166945,473.45
481,55,2026-02-15 19:19:03.166945,460.2
482,786,2026-03-13 19:19:03.166945,215.04
483,973,2026-08-09 19:19:03.166945,317.54
484,850,2026-06-06 19:19:03.166945,482.32
485,940,2026-06-26 19:19:03.166945,474.78
486,202,2026-03-27 19:19:03.166945,184.35
487,214,2026-04-04 19:19:03.166945,226.52
488,8,2026-03-16 19:19:03.166945,478.06
489,901,2026-05-26 19:19:03.166945,185.34
490,130,2025-10-16 19:19:03.166945,104.9
491,904,2026-09-21 19:19:03.166945,130.74
492,314,2026-07-21 19:19:03.166945,300.2
493,796,2026-05-23 19:19:03.166945,17.75
494,111,2026-05-03 19:19:03.166945,114.01
495,743,2026-06-11 19:19:03.166945,306.05
496,272,2026-07-31 19:19:03.166945,331.58
497,405,2026-03-12 19:19:03.166945,461.98
498,205,2026-01-09 19:19:03.166945,82.58
499,641,2025-11-04 19:19:03.166945,162.39
500,458,2026-07-20 19:19:03.166945,87.91
501,834,2026-03-18 19:19:03.166945,14.09
502,143,2025-11-06 19:19:03.166945,14.99
503,921,2026-08-06 19:19:03.166945,154.75
504,278,2026-07-09 19:19:03.166945,39.62
505,977,2025-10-20 19:19:03.166945,132.06
506,513,2026-03-23 19:19:03.166945,263.54
507,306,2026-03-09 19:19:03.166945,73.05
508,758,2026-05-25 19:19:03.166945,476.42
509,468,2026-09-03 19:19:03.166945,453.3
510,205,2026-04-19 19:19:03.166945,45.05
511,650,2025-11-25 19:19:03.166945,34.05
512,406,2026-08-22 19:19:03.166945,361.7
513,502,2026-01-06 19:19:03.166945,109.95
514,635,2026-09-01 19:19:03.166945,350.49
515,953,2026-01-20 19:19:03.166945,207.49
516,928,2026-07-15 19:19:03.166945,305.01
517,119,2026-04-12 19:19:03.166945,167.7
518,274,2026-07-17 19:19:03.166945,132.5
519,251,2025-10-26 19:19:03.166945,113.13
520,982,2026-04-25 19:19:03.166945,299.9
521,193,2025-10-24 19:19:03.166945,300.91
522,47,2026-03-02 19:19:03.166945,134.6
523,467,2025-11-20 19:19:03.166945,89.8
524,49,2026-05-22 19:19:03.166945,165.25
525,535,2026-08-21 19:19:03.166945,314.68
526,242,2026-02-24 19:19:03.166945,423.0
527,551,2026-02-03 19:19:03.166945,379.62
528,321,2025-12-29 19:19:03.166945,320.86
529,851,2026-04-11 19:19:03.166945,117.94
530,662,2026-08-01 19:19:03.166945,449.0
531,611,2026-05-19 19:19:03.166945,294.79
532,939,2025-10-19 19:19:03.166945,297.7
533,493,2025-10-04 19:19:03.166945,220.46
534,442,2026-06-07 19:19:03.166945,430.69
535,577,2025-11-09 19:19:03.166945,245.31
536,396,2026-06-02 19:19:03.166945,375.58
537,116,2025-10-20 19:19:03.166945,78.18
538,728,2026-07-31 19:19:03.166945,320.53
539,883,2026-08-22 19:19:03.166945,345.35
540,248,2025-11-28 19:19:03.166945,400.29
541,333,2025-10-26 19:19:03.166945,56.45
542,832,2026-02-16 19:19:03.166945,354.02
543,432,2026-09-18 19:19:03.166945,270.86
544,742,2026-04-21 19:19:03.166945,148.14
545,586,2026-04-02 19:19:03.166945,426.54
546,156,2026-02-12 19:19:03.166945,322.87
547,221,2026-06-04 19:19:03.166945,23.1
548,343,2026-07-31 19:19:03.166945,130.68
549,89,2026-03-11 19:19:03.166945,147.41
550,277,2026-06-23 19:19:03.166945,229.08
551,647,2026-09-13 19:19:03.166945,308.38
552,2,2025-12-01 19:19:03.166945,44.35
553,285,2026-08-05 19:19:03.166945,163.35
554,453,2026-04-12 19:19:03.166945,93.78
555,896,2026-09-10 19:19:03.166945,147.79
556,372,2025-10-11 19:19:03.166945,80.51
557,229,2026-04-09 19:19:03.166945,321.62
558,320,2025-10-18 19:19:03.166945,195.15
559,39,2026-03-06 19:19:03.166945,494.08
560,925,2026-05-19 19:19:03.166945,135.5
561,740,2026-06-30 19:19:03.166945,413.61
562,758,2026-01-28 19:19:03.166945,496.93
563,42,2025-11-23 19:19:03.166945,103.16
564,520,2025-11-30 19:19:03.166945,302.6
565,120,2026-09-17 19:19:03.166945,23.3
566,855,2025-12-05 19:19:03.166945,382.98
567,693,2026-03-02 19:19:03.166945,55.85
568,241,2025-10-20 19:19:03.166945,98.87
569,745,2025-12-04 19:19:03.166945,185.06
570,551,2025-10-29 19:19:03.166945,150.87
571,415,2026-02-12 19:19:03.166945,101.01
572,935,2026-02-24 19:19:03.166945,108.66
573,867,2026-03-10 19:19:03.166945,405.34
574,825,2025-10-05 19:19:03.166945,17.37
575,117,2026-06-12 19:19:03.166945,485.97
576,966,2026-04-07 19:19:03.166945,388.42
577,753,2026-03-30 19:19:03.166945,412.49
578,763,2026-02-10 19:19:03.166945,104.15
579,248,2026-06-10 19:19:03.166945,312.03
580,495,2026-05-12 19:19:03.166945,145.17
581,669,2026-05-12 19:19:03.166945,322.55
582,800,2026-09-12 19:19:03.166945,303.53
583,735,2026-05-10 19:19:03.166945,467.68
584,884,2025-11-03 19:19:03.166945,463.3
585,344,2026-05-12 19:19:03.166945,102.59
586,982,2026-03-25 19:19:03.166945,413.86
587,566,2025-11-27 19:19:03.166945,135.05
588,667,2025-12-07 19:19:03.166945,13.66
589,71,2025-11-13 19:19:03.166945,452.74
590,347,2026-07-23 19:19:03.166945,347.1
591,137,2025-11-12 19:19:03.166945,431.17
592,123,2026-01-26 19:19:03.166945,206.63
593,207,2026-07-29 19:19:03.166945,488.89
594,245,2026-08-02 19:19:03.166945,480.84
595,379,2026-06-23 19:19:03.166945,292.08
596,742,2026-06-30 19:19:03.166945,150.16
597,582,2025-11-03 19:19:03.166945,17.31
598,996,2026-03-16 19:19:03.166945,432.35
599,289,2025-12-31 19:19:03.166945,168.9
600,327,2026-07-13 19:19:03.166945,64.61
601,886,2026-01-18 19:19:03.166945,418.82
602,282,2026-06-02 19:19:03.166945,199.37
603,767,2026-06-26 19:19:03.166945,372.98
604,599,2026-06-24 19:19:03.166945,405.15
605,522,2026-08-07 19:19:03.166945,359.89
606,235,2026-02-14 19:19:03.166945,187.05
607,319,2026-02-28 19:19:03.166945,182.3
608,313,2026-03-25 19:19:03.166945,206.13
609,389,2026-04-02 19:19:03.166945,140.87
610,852,2025-12-05 19:19:03.166945,218.91
611,291,2026-06-18 19:19:03.166945,417.67
612,735,2025-12-31 19:19:03.166945,24.58
613,334,2026-04-07 19:19:03.166945,400.62
614,915,2026-09-04 19:19:03.166945,61.82
615,67,2026-08-31 19:19:03.166945,210.78
616,622,2026-04-24 19:19:03.166945,328.8
617,319,2025-10-09 19:19:03.166945,160.57
618,522,2025-11-14 19:19:03.166945,181.88
619,438,2026-03-21 19:19:03.166945,128.46
620,650,2026-04-19 19:19:03.166945,495.38
621,122,2026-07-25 19:19:03.166945,236.06
622,957,2026-08-12 19:19:03.166945,307.01
623,530,2026-03-25 19:19:03.166945,250.7
624,938,2025-11-23 19:19:03.166945,483.22
625,813,2026-04-11 19:19:03.166945,133.32
626,93,2025-11-05 19:19:03.166945,252.77
627,239,2026-01-28 19:19:03.166945,41.56
628,755,2026-01-06 19:19:03.166945,94.07
629,347,2026-03-29 19:19:03.168553,491.91
630,692,2026-01-02 19:19:03.168553,188.84
631,796,2026-05-06 19:19:03.168553,456.25
632,532,2026-02-09 19:19:03.168553,228.53
633,442,2026-06-06 19:19:03.168553,186.19
634,32,2026-05-04 19:19:03.168553,111.49
635,861,2025-11-19 19:19:03.168553,110.32
636,22,2026-02-14 19:19:03.168553,44.36
637,566,2026-05-23 19:19:03.168553,364.26
638,787,2026-09-20 19:19:03.168553,114.64
639,971,2026-06-06 19:19:03.168553,242.1
640,479,2025-10-30 19:19:03.168553,462.88
641,358,2026-09-21 19:19:03.168553,499.95
642,339,2025-10-10 19:19:03.168553,40.19
643,198,2026-10-01 19:19:03.168553,343.46
644,254,2026-02-19 19:19:03.168553,166.85
645,584,2026-01-16 19:19:03.168553,492.9
646,873,2026-05-10 19:19:03.168553,409.28
647,934,2026-02-07 19:19:03.168553,161.5
648,941,2026-06-23 19:19:03.168553,327.89
649,258,2026-07-09 19:19:03.168553,127.73
650,847,2026-02-06 19:19:03.168553,438.55
651,211,2025-10-13 19:19:03.168553,254.74
652,529,2025-12-24 19:19:03.168553,25.9
653,219,2026-01-19 19:19:03.168553,229.66
654,601,2026-07-11 19:19:03.168553,315.63
655,696,2026-01-31 19:19:03.168553,124.39
656,450,2025-12-22 19:19:03.168553,213.88
657,696,2026-04-27 19:19:03.168553,419.3
658,578,2026-05-05 19:19:03.168553,110.87
659,145,2026-05-11 19:19:03.168553,365.42
660,122,2026-05-18 19:19:03.168553,223.33
661,53,2026-07-24 19:19:03.168553,123.93
662,459,2026-02-05 19:19:03.168553,293.77
663,788,2026-06-19 19:19:03.168553,113.62
664,541,2026-05-03 19:19:03.168553,241.84
665,233,2026-03-02 19:19:03.168553,248.64
666,350,2026-04-23 19:19:03.168553,378.29
667,528,2026-03-21 19:19:03.168553,161.63
668,791,2025-12-21 19:19:03.168553,157.34
669,651,2026-02-27 19:19:03.168553,25.36
670,240,2026-07-31 19:19:03.168553,416.79
671,866,2025-12-03 19:19:03.168553,449.2
672,990,2025-11-06 19:19:03.168553,221.37
673,478,2026-03-02 19:19:03.168553,243.38
674,886,2026-03-10 19:19:03.168553,86.89
675,385,2025-11-10 19:19:03.168553,95.43
676,822,2025-11-13 19:19:03.168553,306.78
677,239,2025-10-11 19:19:03.168553,479.59
678,338,2026-03-14 19:19:03.168553,76.31
679,87,2026-04-24 19:19:03.168553,131.5
680,276,2026-03-14 19:19:03.168553,160.38
681,671,2026-06-04 19:19:03.168553,458.46
682,291,2025-10-17 19:19:03.168553,254.07
683,896,2026-06-26 19:19:03.168553,48.56
684,698,2026-03-23 19:19:03.168553,141.67
685,617,2025-12-21 19:19:03.168553,131.4
686,364,2025-10-19 19:19:03.168553,240.03
687,184,2026-04-09 19:19:03.168553,116.05
688,487,2026-03-14 19:19:03.168553,132.3
689,138,2026-08-26 19:19:03.168553,239.39
690,284,2026-02-18 19:19:03.168553,389.17
691,483,2025-12-10 19:19:03.168553,78.97
692,183,2026-01-31 19:19:03.168553,340.58
693,284,2026-09-06 19:19:03.168553,84.37
694,603,2026-02-27 19:19:03.168553,499.59
695,151,2026-03-15 19:19:03.168553,41.32
696,724,2026-01-15 19:19:03.168553,288.2
697,938,2026-06-02 19:19:03.168553,412.72
698,568,2026-01-06 19:19:03.168553,401.99
699,538,2026-07-07 19:19:03.168553,45.35
700,503,2026-01-27 19:19:03.168553,433.62
701,429,2026-09-05 19:19:03.168553,326.77
702,681,2026-09-06 19:19:03.168553,428.66
703,174,2026-06-05 19:19:03.168553,183.89
704,337,2026-01-29 19:19:03.168553,445.77
705,416,2026-07-21 19:19:03.168553,298.54
706,390,2025-12-14 19:19:03.168553,273.23
707,543,2026-04-20 19:19:03.168553,466.91
708,92,2025-10-02 19:19:03.168553,364.82
709,468,2025-10-24 19:19:03.168553,141.63
710,380,2026-08-18 19:19:03.168553,146.54
711,50,2025-10-02 19:19:03.168553,210.45
712,13,2026-08-04 19:19:03.168553,21.92
713,642,2026-04-16 19:19:03.168553,333.47
714,311,2026-06-26 19:19:03.168553,255.24
715,466,2026-07-02 19:19:03.168553,447.17
716,909,2026-08-30 19:19:03.168553,363.98
717,431,2025-10-18 19:19:03.168553,186.44
718,294,2026-02-01 19:19:03.168553,443.73
719,714,2025-11-29 19:19:03.168553,218.84
720,254,2026-03-06 19:19:03.168553,276.22
721,971,2026-07-09 19:19:03.168553,107.07
722,787,2026-06-13 19:19:03.168553,115.56
723,963,2026-03-25 19:19:03.168553,112.06
724,107,2026-02-08 19:19:03.168553,375.73
725,384,2026-01-25 19:19:03.168553,153.19
726,30,2026-07-19 19:19:03.168553,343.27
727,185,2026-04-28 19:19:03.168553,114.84
728,884,2026-06-20 19:19:03.168553,227.89
729,34,2026-06-08 19:19:03.168553,217.86
730,448,2026-01-14 19:19:03.168553,309.55
731,367,2026-06-20 19:19:03.168553,65.73
732,233,2026-08-30 19:19:03.168553,138.06
733,817,2026-01-04 19:19:03.168553,395.81
734,30,2026-05-28 19:19:03.168553,189.17
735,336,2026-08-06 19:19:03.168553,94.97
736,526,2026-08-19 19:19:03.168553,154.39
737,126,2026-04-08 19:19:03.168553,81.53
738,280,2026-05-27 19:19:03.168553,273.87
739,935,2026-03-13 19:19:03.168553,456.53
740,938,2025-11-03 19:19:03.168553,237.17
741,947,2026-06-22 19:19:03.168553,461.68
742,554,2026-03-29 19:19:03.168553,112.35
743,17,2026-02-14 19:19:03.168553,139.1
744,257,2026-04-28 19:19:03.168553,282.71
745,834,2026-08-18 19:19:03.168553,365.1
746,456,2025-10-02 19:19:03.168553,389.95
747,943,2026-07-16 19:19:03.168553,450.29
748,972,2026-05-20 19:19:03.168553,456.65
749,702,2026-03-12 19:19:03.168553,82.63
750,117,2026-08-31 19:19:03.168553,37.42
751,103,2025-12-01 19:19:03.168553,340.08
752,718,2026-07-30 19:19:03.168553,195.81
753,93,2026-07-17 19:19:03.168553,369.81
754,625,2026-05-17 19:19:03.168553,279.41
755,112,2026-04-06 19:19:03.168553,423.33
756,143,2025-12-23 19:19:03.168553,398.67
757,789,2026-09-25 19:19:03.168553,56.31
758,182,2026-06-17 19:19:03.168553,79.06
759,47,2025-12-21 19:19:03.168553,241.07
760,529,2026-06-01 19:19:03.168553,135.34
761,678,2026-08-23 19:19:03.168553,369.36
762,57,2026-08-30 19:19:03.168553,349.17
763,756,2026-01-03 19:19:03.168553,177.13
764,960,2026-03-12 19:19:03.168553,302.47
765,313,2026-01-21 19:19:03.168553,326.91
766,942,2025-10-08 19:19:03.168553,129.3
767,326,2026-02-15 19:19:03.168553,167.72
768,819,2026-01-17 19:19:03.168553,158.87
769,497,2025-10-28 19:19:03.168553,310.61
770,772,2026-05-01 19:19:03.168553,280.32
771,293,2026-08-06 19:19:03.168553,109.18
772,408,2026-09-22 19:19:03.168553,464.93
773,978,2026-01-20 19:19:03.168553,389.26
774,896,2026-06-03 19:19:03.168553,352.96
775,539,2026-02-15 19:19:03.168553,248.62
776,321,2026-03-26 19:19:03.168553,303.15
777,343,2026-08-17 19:19:03.168553,287.92
778,995,2026-09-11 19:19:03.168553,294.73
779,676,2025-12-18 19:19:03.168553,388.31
780,278,2026-09-13 19:19:03.168553,470.12
781,261,2026-09-20 19:19:03.168553,454.8
782,419,2026-07-04 19:19:03.168553,370.47
783,143,2026-06-04 19:19:03.168553,334.25
784,856,2026-09-29 19:19:03.168553,291.9
785,481,2026-07-05 19:19:03.168553,331.67
786,993,2025-11-12 19:19:03.168553,238.37
787,912,2025-10-06 19:19:03.168553,458.56
788,900,2026-09-13 19:19:03.168553,165.19
789,811,2026-02-13 19:19:03.168553,487.28
790,253,2026-08-23 19:19:03.168553,175.64
791,242,2026-09-08 19:19:03.168553,74.86
792,716,2026-04-17 19:19:03.168553,431.74
793,755,2026-07-18 19:19:03.168553,357.86
794,808,2026-07-25 19:19:03.168553,298.03
795,457,2026-03-12 19:19:03.168553,13.92
796,942,2025-11-07 19:19:03.168553,377.18
797,584,2025-12-06 19:19:03.168553,140.06
798,347,2025-10-25 19:19:03.168553,266.78
799,241,2026-01-27 19:19:03.168553,189.1
800,38,2026-03-30 19:19:03.168553,91.7
801,737,2026-01-11 19:19:03.168553,481.96
802,420,2026-04-17 19:19:03.168553,407.05
803,778,2026-02-20 19:19:03.168553,409.47
804,813,2026-05-25 19:19:03.168553,348.75
805,70,2026-03-18 19:19:03.168553,432.71
806,167,2025-11-27 19:19:03.168553,269.9
807,451,2026-08-26 19:19:03.168553,243.67
808,364,2026-02-09 19:19:03.168553,132.8
809,309,2026-02-19 19:19:03.168553,137.67
810,688,2026-04-02 19:19:03.168553,129.28
811,826,2026-01-01 19:19:03.168553,91.78
812,584,2026-04-15 19:19:03.168553,400.4
813,853,2025-10-22 19:19:03.168553,56.32
814,889,2026-06-09 19:19:03.168553,228.76
815,646,2025-12-29 19:19:03.168553,113.98
816,784,2026-07-08 19:19:03.168553,482.22
817,201,2026-01-15 19:19:03.168553,469.74
818,679,2025-11-15 19:19:03.168553,115.15
819,804,2026-07-13 19:19:03.168553,494.95
820,644,2025-11-04 19:19:03.168553,489.32
821,680,2026-01-21 19:19:03.168553,455.41
822,208,2025-12-25 19:19:03.168553,107.94
823,283,2026-03-23 19:19:03.168553,158.71
824,488,2026-06-30 19:19:03.168553,351.69
825,77,2026-03-16 19:19:03.168553,383.64
826,241,2026-02-23 19:19:03.168553,156.43
827,965,2026-04-20 19:19:03.168553,242.03
828,597,2026-01-11 19:19:03.168553,203.41
829,237,2026-01-30 19:19:03.168553,271.2
830,168,2026-08-01 19:19:03.168553,491.08
831,738,2026-08-01 19:19:03.168553,47.09
832,262,2026-04-28 19:19:03.168553,237.05
833,65,2026-08-21 19:19:03.168553,430.67
834,748,2025-11-18 19:19:03.168553,208.64
835,715,2025-12-21 19:19:03.168553,477.5
836,295,2025-12-08 19:19:03.168553,472.73
837,297,2026-09-04 19:19:03.168553,39.19
838,791,2026-01-09 19:19:03.168553,120.93
839,70,2025-12-30 19:19:03.168553,187.46
840,638,2026-04-04 19:19:03.168553,122.46
841,27,2026-08-16 19:19:03.168553,349.71
842,303,2025-10-14 19:19:03.168553,40.67
843,673,2026-01-24 19:19:03.168553,271.13
844,201,2025-11-20 19:19:03.168553,435.03
845,606,2025-12-30 19:19:03.168553,43.36
846,853,2026-01-15 19:19:03.168553,447.3
847,989,2025-11-16 19:19:03.168553,406.17
848,833,2026-05-15 19:19:03.168553,458.83
849,946,2026-03-28 19:19:03.168553,40.83
850,270,2026-03-22 19:19:03.168553,114.34
851,476,2026-07-17 19:19:03.168553,61.13
852,231,2026-07-15 19:19:03.168553,388.55
853,889,2026-07-09 19:19:03.168553,200.1
854,529,2026-05-23 19:19:03.168553,440.43
855,92,2025-10-15 19:19:03.168553,368.46
856,929,2026-02-25 19:19:03.168553,164.27
857,135,2025-12-27 19:19:03.168553,288.63
858,662,2026-03-27 19:19:03.168553,479.35
859,935,2026-08-22 19:19:03.168553,255.18
860,199,2026-03-05 19:19:03.168553,220.07
861,908,2026-06-27 19:19:03.168553,27.69
862,612,2025-12-19 19:19:03.168553,105.18
863,19,2026-08-21 19:19:03.168553,153.98
864,471,2026-03-13 19:19:03.168553,161.47
865,839,2026-03-26 19:19:03.168553,494.1
866,334,2026-08-19 19:19:03.168553,307.08
867,84,2026-05-31 19:19:03.168553,267.05
868,177,2026-06-05 19:19:03.168553,374.9
869,280,2026-06-01 19:19:03.168553,269.01
870,812,2026-06-09 19:19:03.168553,270.13
871,252,2025-10-04 19:19:03.168553,395.53
872,219,2026-07-15 19:19:03.168553,131.12
873,482,2026-02-10 19:19:03.168553,388.39
874,419,2025-12-27 19:19:03.168553,100.02
875,761,2025-11-10 19:19:03.168553,464.82
876,695,2026-03-24 19:19:03.168553,329.79
877,468,2025-11-08 19:19:03.168553,270.08
878,780,2026-04-10 19:19:03.168553,294.37
879,131,2026-09-17 19:19:03.168553,440.43
880,755,2026-09-19 19:19:03.168553,309.12
881,325,2025-10-25 19:19:03.168553,24.14
882,291,2026-07-21 19:19:03.168553,162.63
883,768,2026-07-21 19:19:03.168553,476.13
884,330,2025-11-30 19:19:03.168553,23.25
885,842,2026-01-20 19:19:03.168553,381.81
886,583,2026-08-15 19:19:03.168553,257.56
887,741,2026-01-17 19:19:03.168553,398.59
888,619,2026-08-29 19:19:03.168553,269.84
889,51,2026-09-27 19:19:03.168553,243.42
890,301,2025-10-22 19:19:03.168553,62.91
891,279,2025-11-09 19:19:03.168553,300.17
892,953,2025-12-20 19:19:03.168553,205.36
893,139,2026-03-29 19:19:03.168553,139.95
894,997,2026-03-01 19:19:03.168553,13.19
895,160,2026-08-15 19:19:03.168553,397.54
896,89,2026-08-15 19:19:03.168553,190.74
897,293,2026-04-06 19:19:03.168553,139.35
898,522,2026-02-09 19:19:03.168553,18.73
899,70,2026-08-17 19:19:03.168553,148.86
900,680,2026-01-12 19:19:03.168553,62.96
901,475,2025-12-25 19:19:03.168553,342.72
902,398,2026-07-04 19:19:03.168553,464.94
903,42,2026-01-06 19:19:03.168553,186.02
904,759,2026-01-28 19:19:03.168553,438.98
905,167,2026-01-19 19:19:03.168553,243.5
906,967,2026-09-08 19:19:03.168553,330.24
907,916,2026-04-25 19:19:03.168553,383.49
908,34,2026-04-14 19:19:03.168553,299.97
909,277,2026-03-17 19:19:03.168553,401.27
910,702,2026-01-13 19:19:03.168553,205.3
911,396,2026-03-06 19:19:03.168553,137.85
912,733,2026-04-24 19:19:03.168553,244.17
913,144,2025-12-25 19:19:03.168553,307.78
914,932,2026-04-01 19:19:03.168553,230.43
915,235,2026-03-08 19:19:03.168553,413.56
916,384,2025-10-18 19:19:03.168553,206.06
917,78,2025-11-21 19:19:03.168553,187.59
918,826,2026-07-27 19:19:03.168553,265.8
919,636,2026-03-14 19:19:03.168553,43.3
920,713,2026-09-04 19:19:03.168553,457.81
921,958,2026-01-30 19:19:03.168553,234.88
922,870,2026-05-26 19:19:03.168553,445.33
923,362,2025-11-15 19:19:03.168553,448.91
924,404,2026-06-30 19:19:03.168553,25.9
925,372,2026-07-06 19:19:03.168553,439.76
926,413,2026-02-04 19:19:03.168553,242.59
927,248,2025-11-27 19:19:03.168553,461.98
928,520,2026-01-14 19:19:03.168553,287.45
929,909,2026-06-29 19:19:03.168553,146.29
930,915,2026-08-28 19:19:03.168553,345.2
931,886,2026-01-22 19:19:03.168553,137.42
932,423,2025-10-04 19:19:03.168553,18.29
933,415,2025-12-08 19:19:03.168553,342.53
934,987,2025-12-14 19:19:03.168553,357.68
935,52,2026-05-03 19:19:03.169663,359.49
936,27,2025-11-08 19:19:03.169663,239.79
937,651,2026-02-02 19:19:03.169663,49.04
938,134,2026-07-01 19:19:03.169663,368.7
939,407,2026-01-09 19:19:03.169663,174.48
940,763,2026-05-22 19:19:03.169663,78.73
941,796,2026-07-01 19:19:03.169663,19.95
942,839,2025-10-30 19:19:03.169663,14.95
943,272,2025-12-13 19:19:03.169663,190.07
944,101,2026-04-04 19:19:03.169663,359.67
945,752,2025-11-02 19:19:03.169663,279.01
946,534,2025-11-03 19:19:03.169663,59.76
947,456,2026-08-05 19:19:03.169663,198.88
948,705,2026-01-17 19:19:03.169663,410.71
949,488,2026-03-05 19:19:03.169663,457.56
950,604,2026-03-11 19:19:03.169663,263.86
951,711,2026-08-05 19:19:03.169663,350.43
952,934,2026-06-11 19:19:03.169663,170.48
953,594,2025-11-11 19:19:03.169663,323.08
954,91,2026-08-25 19:19:03.169663,376.43
955,187,2026-03-14 19:19:03.169663,340.89
956,434,2026-01-19 19:19:03.169663,275.61
957,654,2026-01-04 19:19:03.169663,60.73
958,726,2026-03-01 19:19:03.169663,212.76
959,676,2026-08-19 19:19:03.169663,319.57
960,486,2025-10-05 19:19:03.169663,370.38
961,247,2026-09-27 19:19:03.169663,257.23
962,978,2026-04-08 19:19:03.169663,330.27
963,259,2026-02-21 19:19:03.169663,183.36
964,292,2026-08-13 19:19:03.169663,489.63
965,823,2026-07-12 19:19:03.169663,289.28
966,256,2026-01-29 19:19:03.169663,439.16
967,661,2026-01-07 19:19:03.169663,497.03
968,975,2025-10-22 19:19:03.169663,447.49
969,891,2026-04-01 19:19:03.169663,66.74
970,953,2026-09-28 19:19:03.169663,485.66
971,921,2026-08-25 19:19:03.169663,342.42
972,912,2026-09-13 19:19:03.169663,297.94
973,994,2025-10-18 19:19:03.169663,18.96
974,841,2026-05-18 19:19:03.169663,10.04
975,523,2025-10-02 19:19:03.169663,50.94
976,51,2026-01-02 19:19:03.169663,394.54
977,96,2026-05-13 19:19:03.169663,47.6
978,700,2026-06-10 19:19:03.169663,51.95
979,306,2026-08-25 19:19:03.169663,379.93
980,958,2026-07-25 19:19:03.169663,446.11
981,314,2026-02-01 19:19:03.169663,278.14
982,463,2026-06-28 19:19:03.169663,228.96
983,72,2026-04-01 19:19:03.169663,380.05
984,313,2026-03-11 19:19:03.169663,31.57
985,817,2026-02-10 19:19:03.169663,198.44
986,979,2026-07-05 19:19:03.169663,439.87
987,627,2026-08-31 19:19:03.169663,294.37
988,897,2026-08-21 19:19:03.169663,32.64
989,60,2026-05-27 19:19:03.169663,170.4
990,111,2026-01-10 19:19:03.169663,59.9
991,182,2025-12-09 19:19:03.169663,400.36
992,268,2026-03-29 19:19:03.169663,443.55
993,929,2026-01-07 19:19:03.169663,52.04
994,827,2026-06-06 19:19:03.169663,299.39
995,65,2026-03-07 19:19:03.169663,412.24
996,241,2026-05-03 19:19:03.169663,18.23
997,913,2026-07-10 19:19:03.169663,471.28
998,573,2025-10-06 19:19:03.169663,454.35
999,390,2025-11-15 19:19:03.169663,288.42
1000,807,2026-09-20 19:19:03.169663,198.19
1001,129,2026-07-26 19:19:03.169663,239.95
1002,302,2026-06-21 19:19:03.169663,343.01
1003,944,2026-07-15 19:19:03.169663,407.12
1004,332,2026-04-30 19:19:03.169663,229.14
1005,602,2025-10-02 19:19:03.169663,303.59
1006,790,2026-09-28 19:19:03.169663,199.54
1007,186,2026-01-07 19:19:03.169663,152.47
1008,869,2026-03-07 19:19:03.169663,99.16
1009,788,2026-02-18 19:19:03.169663,73.8
1010,924,2025-11-16 19:19:03.169663,190.53
1011,636,2025-11-21 19:19:03.169663,76.09
1012,579,2026-08-09 19:19:03.169663,457.95
1013,416,2026-03-10 19:19:03.169663,451.7
1014,645,2026-08-22 19:19:03.169663,50.68
1015,499,2026-02-01 19:19:03.169663,181.66
1016,485,2025-12-08 19:19:03.169663,37.12
1017,514,2025-10-10 19:19:03.169663,256.56
1018,687,2026-06-12 19:19:03.169663,363.07
1019,786,2026-03-14 19:19:03.169663,407.2
1020,788,2026-02-25 19:19:03.169663,217.53
1021,441,2026-03-11 19:19:03.169663,297.31
1022,25,2026-01-24 19:19:03.169663,218.28
1023,912,2025-10-14 19:19:03.169663,82.08
1024,956,2026-03-31 19:19:03.169663,345.25
1025,913,2026-04-07 19:19:03.169663,40.65
1026,908,2025-11-13 19:19:03.169663,24.27
1027,582,2026-02-11 19:19:03.169663,425.33
1028,324,2026-01-31 19:19:03.169663,457.64
1029,705,2026-03-20 19:19:03.169663,134.86
1030,943,2026-02-02 19:19:03.169663,263.18
1031,343,2026-03-13 19:19:03.169663,414.14
1032,548,2026-06-29 19:19:03.169663,370.95
1033,782,2026-04-18 19:19:03.169663,129.62
1034,233,2026-09-25 19:19:03.169663,230.87
1035,489,2025-11-08 19:19:03.169663,492.38
1036,675,2026-06-11 19:19:03.169663,349.12
1037,400,2026-09-05 19:19:03.169663,236.77
1038,920,2026-03-04 19:19:03.169663,326.21
1039,175,2026-09-09 19:19:03.169663,322.99
1040,760,2026-05-19 19:19:03.169663,167.14
1041,92,2026-08-19 19:19:03.169663,175.89
1042,341,2026-02-19 19:19:03.169663,241.24
1043,277,2026-03-13 19:19:03.169663,167.61
1044,31,2026-02-12 19:19:03.169663,20.33
1045,397,2026-06-09 19:19:03.169663,216.2
1046,182,2026-05-10 19:19:03.169663,32.46
1047,218,2026-01-12 19:19:03.169663,196.06
1048,708,2026-09-05 19:19:03.169663,494.84
1049,361,2026-04-05 19:19:03.169663,305.41
1050,600,2026-07-05 19:19:03.169663,371.75
1051,445,2026-01-04 19:19:03.169663,11.02
1052,218,2026-07-04 19:19:03.169663,97.94
1053,219,2026-05-24 19:19:03.169663,424.19
1054,282,2026-05-15 19:19:03.169663,340.52
1055,767,2025-12-16 19:19:03.169663,434.78
1056,70,2026-07-10 19:19:03.169663,418.12
1057,483,2025-10-02 19:19:03.169663,428.24
1058,916,2025-10-14 19:19:03.169663,373.68
1059,122,2025-11-02 19:19:03.169663,255.34
1060,328,2026-06-04 19:19:03.169663,52.44
1061,475,2025-12-01 19:19:03.169663,394.67
1062,242,2025-12-09 19:19:03.169663,447.26
1063,959,2026-02-07 19:19:03.169663,92.36
1064,152,2026-01-29 19:19:03.169663,223.69
1065,988,2026-06-27 19:19:03.169663,331.12
1066,248,2026-04-16 19:19:03.169663,330.77
1067,634,2026-09-28 19:19:03.169663,72.69
1068,778,2026-02-11 19:19:03.169663,61.33
1069,919,2026-04-30 19:19:03.169663,84.3
1070,704,2026-02-25 19:19:03.169663,188.3
1071,372,2026-01-09 19:19:03.169663,232.0
1072,92,2026-03-24 19:19:03.169663,289.42
1073,936,2026-01-08 19:19:03.169663,139.18
1074,341,2026-07-10 19:19:03.169663,236.54
1075,13,2025-11-16 19:19:03.169663,272.41
1076,540,2025-10-06 19:19:03.169663,288.24
1077,986,2026-02-13 19:19:03.169663,299.16
1078,577,2026-02-10 19:19:03.169663,236.03
1079,222,2025-11-13 19:19:03.169663,319.85
1080,407,2026-09-15 19:19:03.169663,482.24
1081,873,2026-08-14 19:19:03.169663,320.97
1082,708,2026-02-04 19:19:03.169663,87.73
1083,810,2026-07-05 19:19:03.169663,151.45
1084,427,2026-01-24 19:19:03.169663,391.92
1085,373,2026-02-20 19:19:03.169663,160.21
1086,45,2026-07-13 19:19:03.169663,139.25
1087,47,2026-08-12 19:19:03.169663,173.82
1088,413,2026-05-11 19:19:03.169663,197.11
1089,324,2025-10-25 19:19:03.169663,322.38
1090,947,2026-03-27 19:19:03.169663,123.89
1091,582,2026-07-14 19:19:03.169663,260.72
1092,821,2026-04-09 19:19:03.169663,369.0
1093,971,2026-06-28 19:19:03.169663,476.21
1094,259,2026-06-22 19:19:03.169663,332.03
1095,215,2026-03-18 19:19:03.169663,12.38
1096,338,2026-04-30 19:19:03.169663,206.79
1097,311,2025-12-29 19:19:03.169663,419.16
1098,174,2025-11-29 19:19:03.169663,158.26
1099,904,2026-07-15 19:19:03.169663,147.16
1100,700,2026-04-12 19:19:03.169663,67.85
1101,972,2026-08-29 19:19:03.169663,63.46
1102,533,2025-10-23 19:19:03.169663,22.94
1103,136,2026-01-28 19:19:03.169663,309.69
1104,558,2026-06-16 19:19:03.169663,433.53
1105,69,2026-08-03 19:19:03.169663,152.54
1106,689,2026-05-04 19:19:03.169663,164.99
1107,445,2025-11-14 19:19:03.169663,94.45
1108,264,2025-11-06 19:19:03.169663,152.12
1109,414,2026-09-18 19:19:03.169663,133.99
1110,407,2025-12-02 19:19:03.169663,351.18
1111,180,2025-11-27 19:19:03.169663,221.31
1112,997,2026-01-15 19:19:03.169663,225.11
1113,921,2026-03-06 19:19:03.169663,228.28
1114,225,2026-05-05 19:19:03.169663,67.08
1115,662,2025-11-02 19:19:03.169663,147.44
1116,1000,2026-08-22 19:19:03.169663,232.57
1117,177,2025-12-17 19:19:03.169663,172.78
1118,931,2026-04-12 19:19:03.169663,225.53
1119,261,2026-09-09 19:19:03.169663,172.32
1120,632,2026-01-31 19:19:03.169663,46.32
1121,351,2026-02-04 19:19:03.169663,478.17
1122,895,2026-05-04 19:19:03.169663,442.68
1123,721,2026-08-09 19:19:03.169663,438.67
1124,609,2026-09-26 19:19:03.169663,372.48
1125,502,2026-08-15 19:19:03.169663,330.67
1126,664,2025-10-09 19:19:03.169663,123.19
1127,384,2026-02-07 19:19:03.169663,326.77
1128,299,2026-02-10 19:19:03.169663,190.04
1129,170,2026-01-04 19:19:03.169663,247.21
1130,220,2026-08-18 19:19:03.169663,174.6
1131,106,2026-04-27 19:19:03.169663,497.08
1132,305,2025-12-20 19:19:03.169663,443.21
1133,380,2026-08-16 19:19:03.169663,69.07
1134,947,2026-03-30 19:19:03.169663,65.22
1135,180,2026-07-29 19:19:03.169663,418.22
1136,303,2026-04-13 19:19:03.169663,326.17
1137,453,2025-11-22 19:19:03.169663,402.97
1138,74,2025-11-24 19:19:03.169663,182.07
1139,727,2025-10-11 19:19:03.169663,478.23
1140,370,2026-07-31 19:19:03.169663,109.33
1141,182,2025-12-22 19:19:03.169663,15.33
1142,872,2026-07-27 19:19:03.169663,72.98
1143,420,2026-02-09 19:19:03.169663,471.89
1144,589,2026-08-11 19:19:03.169663,134.65
1145,213,2025-11-12 19:19:03.169663,28.34
1146,906,2025-10-05 19:19:03.169663,325.31
1147,913,2026-09-08 19:19:03.169663,248.52
1148,14,2026-02-20 19:19:03.169663,152.23
1149,888,2025-12-24 19:19:03.169663,388.21
1150,51,2026-02-10 19:19:03.169663,121.97
1151,486,2026-05-24 19:19:03.169663,281.92
1152,4,2026-09-11 19:19:03.169663,436.37
1153,482,2026-03-15 19:19:03.169663,143.6
1154,798,2025-11-29 19:19:03.169663,159.12
1155,851,2026-04-25 19:19:03.169663,358.01
1156,308,2026-08-17 19:19:03.169663,449.06
1157,788,2026-05-31 19:19:03.169663,57.92
1158,376,2026-09-29 19:19:03.169663,213.06
1159,347,2026-07-03 19:19:03.169663,403.81
1160,560,2025-12-01 19:19:03.169663,158.36
1161,820,2026-06-16 19:19:03.169663,499.86
1162,787,2025-12-22 19:19:03.169663,30.23
1163,166,2026-01-07 19:19:03.169663,82.9
1164,386,2026-08-15 19:19:03.169663,389.97
1165,504,2025-12-03 19:19:03.169663,242.54
1166,477,2026-09-26 19:19:03.169663,494.9
1167,157,2025-10-05 19:19:03.169663,309.77
1168,838,2025-12-21 19:19:03.169663,399.62
1169,778,2025-12-22 19:19:03.169663,150.88
1170,976,2026-04-17 19:19:03.169663,355.59
1171,715,2026-03-06 19:19:03.169663,170.51
1172,260,2026-05-14 19:19:03.169663,252.13
1173,908,2025-10-08 19:19:03.169663,211.72
1174,563,2025-10-12 19:19:03.169663,252.53
1175,644,2026-09-12 19:19:03.169663,42.66
1176,712,2026-05-16 19:19:03.169663,322.95
1177,880,2025-11-03 19:19:03.169663,22.64
1178,526,2026-09-27 19:19:03.169663,139.83
1179,341,2026-07-01 19:19:03.169663,257.7
1180,912,2026-02-03 19:19:03.169663,214.04
1181,695,2026-07-01 19:19:03.169663,121.78
1182,721,2026-01-05 19:19:03.169663,474.51
1183,239,2026-03-12 19:19:03.169663,318.53
1184,317,2026-04-12 19:19:03.169663,274.46
1185,538,2025-10-27 19:19:03.169663,256.72
1186,135,2026-01-11 19:19:03.169663,321.53
1187,727,2026-05-25 19:19:03.169663,145.8
1188,194,2026-05-21 19:19:03.169663,168.43
1189,562,2025-10-07 19:19:03.169663,204.23
1190,14,2026-04-06 19:19:03.169663,88.69
1191,384,2026-08-31 19:19:03.169663,69.64
1192,477,2026-07-26 19:19:03.169663,392.68
1193,613,2026-03-18 19:19:03.169663,311.05
1194,815,2026-08-08 19:19:03.169663,456.52
1195,774,2026-09-22 19:19:03.169663,15.53
1196,724,2026-07-15 19:19:03.169663,164.23
1197,420,2026-02-17 19:19:03.169663,324.13
1198,306,2026-03-19 19:19:03.169663,90.79
1199,914,2025-12-29 19:19:03.169663,399.65
1200,936,2026-07-21 19:19:03.169663,407.05
1201,793,2026-04-11 19:19:03.169663,262.65
1202,579,2026-08-02 19:19:03.169663,285.05
1203,474,2026-02-02 19:19:03.169663,355.15
1204,466,2025-12-29 19:19:03.170628,90.47
1205,454,2025-12-20 19:19:03.170628,15.34
1206,862,2026-03-21 19:19:03.170628,217.7
1207,516,2026-08-11 19:19:03.170628,493.52
1208,280,2026-06-04 19:19:03.170628,382.91
1209,883,2025-10-04 19:19:03.170628,346.83
1210,746,2026-01-18 19:19:03.170628,249.57
1211,51,2026-05-07 19:19:03.170628,329.89
1212,412,2026-01-09 19:19:03.170628,355.52
1213,421,2026-06-24 19:19:03.170628,11.77
1214,940,2025-10-15 19:19:03.170628,260.9
1215,282,2026-06-28 19:19:03.170628,170.53
1216,197,2025-11-03 19:19:03.170628,408.27
1217,707,2025-11-16 19:19:03.170628,206.85
1218,770,2025-10-17 19:19:03.170628,162.77
1219,787,2026-08-15 19:19:03.170628,332.47
1220,465,2026-04-01 19:19:03.170628,36.17
1221,513,2026-02-04 19:19:03.170628,453.3
1222,125,2026-03-05 19:19:03.170628,55.52
1223,482,2026-07-08 19:19:03.170628,166.78
1224,178,2025-10-31 19:19:03.170628,253.62
1225,644,2026-06-23 19:19:03.170628,351.98
1226,409,2026-06-16 19:19:03.170628,65.63
1227,583,2026-05-02 19:19:03.170628,325.95
1228,764,2025-12-12 19:19:03.170628,33.6
1229,323,2025-11-16 19:19:03.170628,228.96
1230,665,2026-08-23 19:19:03.170628,388.59
1231,147,2026-07-24 19:19:03.170628,196.17
1232,997,2025-12-12 19:19:03.170628,301.22
1233,549,2026-06-15 19:19:03.170628,466.32
1234,376,2026-04-14 19:19:03.170628,119.16
1235,149,2025-12-10 19:19:03.170628,121.39
1236,80,2026-02-10 19:19:03.170628,20.95
1237,936,2026-03-12 19:19:03.170628,297.42
1238,980,2026-08-06 19:19:03.170628,360.22
1239,240,2026-04-23 19:19:03.170628,262.05
1240,602,2026-06-10 19:19:03.170628,114.36
1241,264,2025-12-12 19:19:03.170628,134.99
1242,502,2026-07-22 19:19:03.170628,280.5
1243,284,2025-12-28 19:19:03.170628,353.59
1244,982,2025-12-26 19:19:03.170628,203.82
1245,248,2026-09-27 19:19:03.170628,44.79
1246,863,2026-01-24 19:19:03.170628,498.22
1247,792,2026-05-02 19:19:03.170628,322.76
1248,622,2026-03-29 19:19:03.170628,129.27
1249,992,2026-07-06 19:19:03.170628,193.07
1250,318,2026-07-11 19:19:03.170628,455.18
1251,848,2026-05-26 19:19:03.170628,66.2
1252,629,2026-07-25 19:19:03.170628,86.26
1253,94,2025-11-17 19:19:03.170628,244.29
1254,351,2026-02-01 19:19:03.170628,476.07
1255,88,2025-11-16 19:19:03.170628,193.06
1256,640,2026-06-07 19:19:03.170628,333.97
1257,897,2026-02-18 19:19:03.170628,311.73
1258,193,2026-02-15 19:19:03.170628,467.53
1259,331,2026-01-18 19:19:03.170628,291.22
1260,999,2026-01-18 19:19:03.170628,476.48
1261,214,2026-06-10 19:19:03.170628,467.71
1262,567,2026-09-17 19:19:03.170628,485.1
1263,677,2026-02-13 19:19:03.170628,316.12
1264,74,2026-07-07 19:19:03.170628,340.34
1265,433,2026-01-19 19:19:03.170628,408.54
1266,499,2026-03-18 19:19:03.170628,88.76
1267,794,2025-11-21 19:19:03.170628,269.81
1268,322,2026-02-22 19:19:03.170628,483.46
1269,711,2025-12-18 19:19:03.170628,428.25
1270,798,2026-04-26 19:19:03.170628,299.02
1271,734,2026-03-13 19:19:03.170628,221.78
1272,114,2026-04-14 19:19:03.170628,100.01
1273,896,2026-05-23 19:19:03.170628,384.26
1274,203,2025-10-03 19:19:03.170628,167.23
1275,47,2025-10-02 19:19:03.170628,247.21
1276,581,2026-02-14 19:19:03.170628,386.55
1277,161,2025-12-15 19:19:03.170628,280.75
1278,133,2025-12-25 19:19:03.170628,19.75
1279,369,2026-07-09 19:19:03.170628,264.32
1280,502,2026-07-16 19:19:03.170628,68.71
1281,792,2026-01-22 19:19:03.170628,113.9
1282,726,2026-02-04 19:19:03.170628,155.39
1283,535,2026-06-01 19:19:03.170628,236.84
1284,645,2026-02-11 19:19:03.170628,458.6
1285,355,2026-02-27 19:19:03.170628,119.61
1286,555,2026-03-20 19:19:03.170628,71.06
1287,664,2026-02-07 19:19:03.170628,274.69
1288,110,2026-05-06 19:19:03.170628,436.41
1289,279,2026-08-21 19:19:03.170628,275.1
1290,808,2025-10-11 19:19:03.170628,362.52
1291,118,2026-03-27 19:19:03.170628,390.79
1292,159,2026-07-14 19:19:03.170628,77.54
1293,490,2025-10-14 19:19:03.170628,88.97
1294,237,2026-04-11 19:19:03.170628,294.65
1295,387,2026-03-19 19:19:03.170628,306.2
1296,650,2026-08-22 19:19:03.170628,401.79
1297,569,2026-03-09 19:19:03.170628,426.04
1298,538,2026-03-06 19:19:03.170628,21.09
1299,658,2026-02-14 19:19:03.170628,233.42
1300,501,2026-01-13 19:19:03.170628,370.93
1301,175,2026-02-17 19:19:03.170628,158.06
1302,996,2025-12-29 19:19:03.170628,312.45
1303,787,2025-12-08 19:19:03.170628,258.02
1304,75,2025-10-17 19:19:03.170628,22.24
1305,134,2026-06-29 19:19:03.170628,309.95
1306,993,2025-10-28 19:19:03.170628,429.36
1307,831,2026-06-21 19:19:03.170628,479.12
1308,125,2025-10-03 19:19:03.170628,401.14
1309,944,2026-09-16 19:19:03.170628,126.52
1310,140,2025-12-03 19:19:03.170628,29.76
1311,373,2026-06-22 19:19:03.170628,220.1
1312,148,2026-09-19 19:19:03.170628,253.87
1313,993,2025-10-16 19:19:03.170628,360.11
1314,664,2026-01-20 19:19:03.170628,76.62
1315,878,2026-03-08 19:19:03.170628,242.8
1316,487,2026-02-10 19:19:03.170628,387.37
1317,154,2026-08-10 19:19:03.170628,53.62
1318,824,2026-03-01 19:19:03.170628,438.59
1319,8,2026-04-10 19:19:03.170628,75.94
1320,560,2026-01-05 19:19:03.170628,124.67
1321,764,2026-05-10 19:19:03.170628,330.38
1322,739,2026-08-05 19:19:03.170628,59.78
1323,363,2025-11-23 19:19:03.170628,486.91
1324,351,2026-08-21 19:19:03.170628,102.35
1325,703,2026-02-04 19:19:03.170628,114.59
1326,868,2026-01-21 19:19:03.170628,335.54
1327,178,2026-06-26 19:19:03.170628,316.93
1328,685,2026-06-16 19:19:03.170628,497.65
1329,323,2026-07-02 19:19:03.170628,343.52
1330,405,2025-10-05 19:19:03.170628,88.03
1331,339,2026-01-21 19:19:03.170628,167.26
1332,20,2026-07-31 19:19:03.170628,446.65
1333,760,2026-06-06 19:19:03.170628,261.13
1334,393,2026-01-21 19:19:03.170628,156.91
1335,523,2025-10-05 19:19:03.170628,267.41
1336,10,2026-05-20 19:19:03.170628,420.06
1337,261,2026-01-05 19:19:03.170628,279.97
1338,156,2026-08-21 19:19:03.170628,376.19
1339,63,2025-12-07 19:19:03.170628,96.86
1340,980,2026-09-19 19:19:03.170628,99.72
1341,996,2026-05-28 19:19:03.170628,406.06
1342,226,2025-12-06 19:19:03.170628,358.5
1343,905,2025-10-19 19:19:03.170628,157.1
1344,598,2026-01-22 19:19:03.170628,493.41
1345,31,2026-03-10 19:19:03.170628,484.52
1346,155,2026-05-08 19:19:03.170628,491.73
1347,388,2026-04-26 19:19:03.170628,237.64
1348,293,2026-07-29 19:19:03.170628,76.46
1349,247,2025-10-03 19:19:03.170628,442.03
1350,167,2026-03-19 19:19:03.170628,238.23
1351,639,2026-04-02 19:19:03.170628,265.87
1352,35,2026-06-11 19:19:03.170628,447.02
1353,895,2026-08-01 19:19:03.170628,480.35
1354,487,2026-01-04 19:19:03.170628,244.28
1355,923,2026-04-30 19:19:03.170628,319.27
1356,136,2026-02-15 19:19:03.170628,10.42
1357,536,2026-08-11 19:19:03.170628,337.64
1358,617,2026-08-27 19:19:03.170628,434.29
1359,683,2026-07-19 19:19:03.170628,69.84
1360,188,2026-01-22 19:19:03.170628,244.29
1361,26,2025-11-06 19:19:03.170628,424.77
1362,260,2026-02-24 19:19:03.170628,247.86
1363,433,2026-09-08 19:19:03.170628,139.32
1364,358,2026-02-06 19:19:03.170628,307.6
1365,534,2026-07-05 19:19:03.170628,405.7
1366,880,2026-07-06 19:19:03.170628,316.83
1367,824,2026-03-04 19:19:03.170628,169.36
1368,723,2026-08-02 19:19:03.170628,71.89
1369,713,2026-02-09 19:19:03.170628,459.3
1370,229,2026-05-04 19:19:03.170628,37.81
1371,530,2026-02-27 19:19:03.170628,197.93
1372,815,2026-03-17 19:19:03.170628,481.5
1373,732,2026-06-11 19:19:03.170628,421.95
1374,349,2026-02-09 19:19:03.170628,42.43
1375,401,2026-04-11 19:19:03.170628,153.7
1376,249,2026-01-26 19:19:03.170628,108.9
1377,270,2025-11-04 19:19:03.170628,469.89
1378,62,2026-10-01 19:19:03.170628,113.19
1379,39,2026-01-08 19:19:03.170628,364.17
1380,657,2026-06-12 19:19:03.170628,332.48
1381,19,2026-03-28 19:19:03.170628,423.64
1382,728,2026-01-13 19:19:03.170628,74.41
1383,159,2026-04-05 19:19:03.170628,75.13
1384,3,2026-03-04 19:19:03.170628,86.15
1385,189,2026-03-15 19:19:03.170628,218.47
1386,636,2026-07-27 19:19:03.170628,265.55
1387,723,2026-01-16 19:19:03.170628,53.92
1388,752,2026-06-26 19:19:03.170628,325.85
1389,145,2026-03-04 19:19:03.170628,484.63
1390,403,2025-12-23 19:19:03.170628,446.87
1391,538,2026-09-09 19:19:03.170628,281.51
1392,701,2026-02-08 19:19:03.170628,90.29
1393,735,2026-06-07 19:19:03.170628,492.99
1394,578,2026-04-03 19:19:03.170628,177.92
1395,73,2026-04-18 19:19:03.170628,24.66
1396,905,2026-01-18 19:19:03.170628,32.68
1397,690,2026-08-19 19:19:03.170628,76.71
1398,558,2026-09-23 19:19:03.170628,411.11
1399,918,2026-09-17 19:19:03.170628,453.33
1400,703,2026-01-29 19:19:03.170628,13.49
1401,457,2026-01-16 19:19:03.170628,153.29
1402,294,2026-07-02 19:19:03.170628,169.77
1403,7,2026-05-21 19:19:03.170628,235.55
1404,565,2025-11-04 19:19:03.170628,455.87
1405,171,2025-11-19 19:19:03.170628,441.87
1406,726,2026-06-29 19:19:03.170628,397.12
1407,871,2026-05-11 19:19:03.170628,466.63
1408,848,2026-09-07 19:19:03.170628,348.55
1409,390,2026-06-27 19:19:03.170628,134.14
1410,988,2026-07-30 19:19:03.170628,367.84
1411,181,2026-08-12 19:19:03.170628,396.44
1412,416,2025-10-02 19:19:03.170628,426.08
1413,805,2025-10-29 19:19:03.170628,60.94
1414,946,2025-10-13 19:19:03.170628,409.11
1415,495,2026-05-19 19:19:03.170628,337.01
1416,969,2026-01-03 19:19:03.170628,122.41
1417,528,2026-01-03 19:19:03.170628,337.68
1418,356,2026-08-18 19:19:03.170628,421.93
1419,642,2026-08-20 19:19:03.170628,105.37
1420,278,2026-09-11 19:19:03.170628,320.77
1421,262,2026-02-09 19:19:03.170628,431.84
1422,626,2026-04-02 19:19:03.170628,104.86
1423,909,2026-04-30 19:19:03.170628,16.58
1424,130,2025-12-13 19:19:03.170628,107.18
1425,114,2025-12-26 19:19:03.170628,263.69
1426,839,2026-09-21 19:19:03.170628,39.87
1427,245,2026-03-13 19:19:03.170628,374.24
1428,342,2026-03-10 19:19:03.170628,274.95
1429,830,2026-09-13 19:19:03.170628,445.48
1430,422,2025-12-11 19:19:03.170628,152.79
1431,534,2026-07-02 19:19:03.170628,143.69
1432,901,2026-05-25 19:19:03.170628,110.07
1433,174,2026-01-06 19:19:03.170628,138.74
1434,918,2026-01-29 19:19:03.170628,16.86
1435,871,2026-05-22 19:19:03.170628,394.76
1436,819,2025-10-24 19:19:03.170628,192.77
1437,460,2025-11-21 19:19:03.170628,105.8
1438,232,2026-06-14 19:19:03.170628,468.64
1439,855,2026-03-01 19:19:03.170628,451.86
1440,858,2025-10-13 19:19:03.170628,398.39
1441,930,2026-02-09 19:19:03.170628,108.35
1442,134,2025-11-10 19:19:03.170628,334.86
1443,814,2026-02-01 19:19:03.170628,269.64
1444,783,2026-07-12 19:19:03.170628,495.16
1445,266,2026-06-22 19:19:03.170628,380.08
1446,777,2026-08-26 19:19:03.170628,454.28
1447,551,2026-06-24 19:19:03.170628,139.97
1448,421,2025-11-15 19:19:03.170628,499.06
1449,797,2025-10-03 19:19:03.170628,382.11
1450,798,2026-04-28 19:19:03.170628,215.84
1451,74,2026-03-08 19:19:03.170628,317.48
1452,233,2026-02-19 19:19:03.170628,151.86
1453,821,2025-12-06 19:19:03.170628,490.52
1454,798,2026-05-12 19:19:03.170628,243.3
1455,170,2026-07-13 19:19:03.170628,481.25
1456,782,2026-09-19 19:19:03.170628,290.27
1457,373,2026-04-14 19:19:03.170628,376.88
1458,662,2025-11-09 19:19:03.170628,209.14
1459,206,2025-10-03 19:19:03.170628,332.02
1460,383,2025-12-18 19:19:03.170628,86.64
1461,609,2026-06-01 19:19:03.170628,75.39
1462,605,2026-06-17 19:19:03.170628,417.04
1463,198,2025-11-25 19:19:03.170628,465.24
1464,431,2026-09-24 19:19:03.170628,305.97
1465,442,2026-05-22 19:19:03.170628,363.24
1466,362,2026-04-20 19:19:03.170628,102.13
1467,614,2026-09-20 19:19:03.170628,380.48
1468,987,2026-07-09 19:19:03.170628,151.37
1469,894,2025-10-14 19:19:03.170628,38.77
1470,40,2026-08-16 19:19:03.170628,10.28
1471,259,2026-07-06 19:19:03.170628,465.39
1472,255,2026-06-19 19:19:03.170628,250.61
1473,612,2026-05-30 19:19:03.170628,187.56
1474,388,2026-02-14 19:19:03.170628,334.12
1475,987,2025-12-15 19:19:03.170628,464.69
1476,728,2026-03-17 19:19:03.170628,483.75
1477,207,2026-06-30 19:19:03.170628,131.86
1478,504,2026-04-30 19:19:03.170628,191.67
1479,718,2026-02-08 19:19:03.170628,215.31
1480,751,2026-09-19 19:19:03.170628,83.66
1481,540,2025-10-11 19:19:03.170628,368.84
1482,51,2026-06-29 19:19:03.170628,83.65
1483,982,2026-08-08 19:19:03.170628,238.12
1484,514,2026-02-18 19:19:03.170628,94.23
1485,688,2025-10-03 19:19:03.170628,255.03
1486,439,2026-09-03 19:19:03.170628,217.83
1487,836,2026-07-04 19:19:03.170628,15.91
1488,124,2026-04-10 19:19:03.170628,16.81
1489,366,2026-08-17 19:19:03.171659,227.5
1490,557,2025-11-10 19:19:03.171659,465.64
1491,706,2026-08-14 19:19:03.171659,362.99
1492,122,2026-04-19 19:19:03.171659,179.7
1493,696,2026-03-03 19:19:03.171659,125.8
1494,581,2026-04-09 19:19:03.171659,498.18
1495,846,2025-10-11 19:19:03.171659,93.48
1496,937,2026-08-17 19:19:03.171659,92.85
1497,171,2026-09-29 19:19:03.171659,306.1
1498,669,2025-12-18 19:19:03.171659,394.89
1499,810,2025-12-03 19:19:03.171659,389.06
1500,504,2026-01-11 19:19:03.171659,494.64
1501,402,2026-05-21 19:19:03.171659,441.21
1502,699,2026-07-19 19:19:03.171659,21.53
1503,314,2026-05-30 19:19:03.171659,257.77
1504,305,2026-09-12 19:19:03.171659,346.87
1505,926,2026-07-04 19:19:03.171659,414.72
1506,525,2025-11-03 19:19:03.171659,310.17
1507,816,2026-08-07 19:19:03.171659,354.53
1508,662,2026-08-11 19:19:03.171659,334.87
1509,47,2025-12-14 19:19:03.171659,268.26
1510,458,2025-12-11 19:19:03.171659,168.45
1511,363,2026-06-06 19:19:03.171659,488.51
1512,410,2025-12-12 19:19:03.171659,250.2
1513,196,2025-12-31 19:19:03.171659,259.78
1514,228,2026-07-08 19:19:03.171659,177.37
1515,907,2026-04-21 19:19:03.171659,242.75
1516,6,2025-11-30 19:19:03.171659,189.99
1517,540,2025-12-03 19:19:03.171659,81.69
1518,86,2026-04-18 19:19:03.171659,217.2
1519,37,2026-02-25 19:19:03.171659,193.39
1520,274,2026-06-23 19:19:03.171659,310.31
1521,884,2025-10-03 19:19:03.171659,188.33
1522,546,2026-06-06 19:19:03.171659,173.6
1523,251,2026-09-28 19:19:03.171659,260.52
1524,343,2025-12-06 19:19:03.171659,178.77
1525,461,2026-03-01 19:19:03.171659,286.27
1526,942,2026-07-14 19:19:03.171659,488.32
1527,697,2026-07-01 19:19:03.171659,106.82
1528,83,2026-02-12 19:19:03.171659,139.63
1529,381,2025-11-05 19:19:03.171659,355.35
1530,75,2026-09-09 19:19:03.171659,13.79
1531,398,2026-05-19 19:19:03.171659,107.44
1532,117,2026-04-22 19:19:03.171659,279.31
1533,156,2026-09-07 19:19:03.171659,421.24
1534,812,2025-10-23 19:19:03.171659,270.81
1535,844,2026-06-03 19:19:03.171659,162.7
1536,978,2026-06-08 19:19:03.171659,20.69
1537,546,2026-08-09 19:19:03.171659,396.9
1538,57,2026-03-11 19:19:03.171659,171.14
1539,267,2026-05-29 19:19:03.171659,355.98
1540,659,2026-03-25 19:19:03.171659,30.3
1541,974,2026-07-22 19:19:03.171659,493.3
1542,541,2026-06-14 19:19:03.171659,367.94
1543,351,2026-03-19 19:19:03.171659,129.43
1544,425,2026-02-25 19:19:03.171659,432.41
1545,143,2026-08-07 19:19:03.171659,269.19
1546,496,2025-12-07 19:19:03.171659,52.9
1547,705,2026-04-12 19:19:03.171659,492.19
1548,758,2026-08-20 19:19:03.171659,265.67
1549,938,2026-03-10 19:19:03.171659,109.87
1550,346,2026-04-08 19:19:03.171659,96.1
1551,344,2026-05-04 19:19:03.171659,232.73
1552,508,2026-08-26 19:19:03.171659,342.21
1553,498,2025-11-28 19:19:03.171659,473.35
1554,664,2025-10-15 19:19:03.171659,380.51
1555,1000,2026-09-10 19:19:03.171659,399.57
1556,972,2026-02-14 19:19:03.171659,201.38
1557,753,2026-07-19 19:19:03.171659,35.33
1558,346,2026-09-03 19:19:03.171659,457.68
1559,458,2025-12-05 19:19:03.171659,346.28
1560,115,2026-03-19 19:19:03.171659,471.18
1561,197,2026-03-06 19:19:03.171659,181.46
1562,608,2025-10-19 19:19:03.171659,480.05
1563,80,2026-08-28 19:19:03.171659,383.33
1564,978,2026-06-24 19:19:03.171659,348.5
1565,832,2026-02-12 19:19:03.171659,280.08
1566,130,2025-12-31 19:19:03.171659,99.97
1567,374,2026-09-19 19:19:03.171659,191.17
1568,795,2025-12-02 19:19:03.171659,153.62
1569,610,2026-08-13 19:19:03.171659,82.87
1570,372,2026-03-26 19:19:03.171659,29.65
1571,431,2026-09-19 19:19:03.171659,165.51
1572,372,2026-02-04 19:19:03.171659,458.64
1573,568,2026-04-23 19:19:03.171659,184.06
1574,26,2026-05-08 19:19:03.171659,25.56
1575,299,2025-11-21 19:19:03.171659,394.09
1576,143,2026-03-01 19:19:03.171659,266.49
1577,367,2026-01-15 19:19:03.171659,491.03
1578,925,2026-05-01 19:19:03.171659,37.61
1579,459,2025-10-10 19:19:03.171659,244.59
1580,952,2026-04-14 19:19:03.171659,346.71
1581,84,2026-08-08 19:19:03.171659,138.5
1582,741,2026-07-13 19:19:03.171659,10.51
1583,4,2026-04-10 19:19:03.171659,256.51
1584,552,2026-03-27 19:19:03.171659,472.67
1585,390,2026-07-07 19:19:03.171659,276.52
1586,109,2025-10-05 19:19:03.171659,379.86
1587,787,2026-02-23 19:19:03.171659,403.49
1588,40,2026-06-15 19:19:03.171659,451.27
1589,147,2026-08-29 19:19:03.171659,81.62
1590,607,2025-12-04 19:19:03.171659,250.58
1591,749,2026-07-10 19:19:03.171659,493.42
1592,583,2026-08-02 19:19:03.171659,274.74
1593,300,2025-11-01 19:19:03.171659,119.62
1594,552,2026-09-07 19:19:03.171659,343.79
1595,651,2026-03-23 19:19:03.171659,20.69
1596,87,2026-06-11 19:19:03.171659,36.53
1597,486,2026-06-23 19:19:03.171659,251.01
1598,76,2026-07-08 19:19:03.171659,35.11
1599,377,2026-03-16 19:19:03.171659,451.65
1600,654,2025-11-04 19:19:03.171659,104.39
1601,930,2026-05-24 19:19:03.171659,15.49
1602,313,2026-01-30 19:19:03.171659,109.6
1603,904,2025-10-14 19:19:03.171659,72.92
1604,284,2026-05-30 19:19:03.171659,171.26
1605,200,2026-06-28 19:19:03.171659,326.66
1606,64,2025-11-10 19:19:03.171659,266.18
1607,228,2026-08-07 19:19:03.171659,407.12
1608,828,2026-09-19 19:19:03.171659,123.0
1609,200,2026-02-01 19:19:03.171659,356.14
1610,625,2026-07-20 19:19:03.171659,316.5
1611,962,2026-03-18 19:19:03.171659,426.76
1612,259,2025-10-29 19:19:03.171659,351.87
1613,391,2025-10-31 19:19:03.171659,346.8
1614,489,2025-12-21 19:19:03.171659,389.34
1615,537,2026-08-04 19:19:03.171659,290.88
1616,311,2026-07-03 19:19:03.171659,338.79
1617,291,2026-01-13 19:19:03.171659,202.08
1618,403,2026-06-23 19:19:03.171659,143.85
1619,736,2026-08-26 19:19:03.171659,368.85
1620,223,2026-10-01 19:19:03.171659,297.32
1621,107,2026-06-13 19:19:03.171659,122.63
1622,617,2026-07-25 19:19:03.171659,406.13
1623,427,2026-08-12 19:19:03.171659,401.75
1624,788,2026-08-27 19:19:03.171659,439.76
1625,705,2026-09-13 19:19:03.171659,429.05
1626,146,2026-01-16 19:19:03.171659,171.89
1627,106,2026-07-19 19:19:03.171659,375.58
1628,356,2026-07-09 19:19:03.171659,39.09
1629,915,2025-10-30 19:19:03.171659,45.66
1630,681,2026-08-05 19:19:03.171659,78.15
1631,242,2025-11-08 19:19:03.171659,452.56
1632,555,2026-05-17 19:19:03.171659,493.57
1633,232,2026-03-10 19:19:03.171659,58.36
1634,400,2026-06-09 19:19:03.171659,136.99
1635,263,2025-10-15 19:19:03.171659,70.07
1636,284,2026-03-19 19:19:03.171659,258.6
1637,291,2026-03-18 19:19:03.171659,431.76
1638,746,2026-04-23 19:19:03.171659,113.06
1639,631,2026-07-14 19:19:03.171659,379.31
1640,490,2026-03-10 19:19:03.171659,186.47
1641,17,2025-11-03 19:19:03.171659,359.2
1642,438,2026-06-06 19:19:03.171659,489.36
1643,359,2026-02-16 19:19:03.171659,438.97
1644,671,2026-02-21 19:19:03.171659,312.65
1645,800,2026-03-25 19:19:03.171659,136.92
1646,973,2026-08-16 19:19:03.171659,453.22
1647,928,2026-07-31 19:19:03.171659,103.4
1648,792,2026-08-31 19:19:03.171659,24.26
1649,759,2025-10-18 19:19:03.171659,357.45
1650,265,2025-10-17 19:19:03.171659,15.84
1651,252,2025-11-06 19:19:03.171659,490.22
1652,619,2025-12-29 19:19:03.171659,150.38
1653,750,2026-01-25 19:19:03.171659,230.42
1654,385,2025-11-05 19:19:03.171659,194.69
1655,205,2026-05-11 19:19:03.171659,22.73
1656,333,2026-04-09 19:19:03.171659,16.86
1657,799,2026-01-05 19:19:03.171659,474.36
1658,27,2026-07-21 19:19:03.171659,195.05
1659,540,2026-04-18 19:19:03.171659,18.83
1660,461,2025-12-04 19:19:03.171659,206.07
1661,640,2026-03-09 19:19:03.171659,243.18
1662,833,2026-03-13 19:19:03.171659,386.86
1663,722,2025-11-22 19:19:03.171659,216.41
1664,107,2026-04-19 19:19:03.171659,87.99
1665,586,2026-08-19 19:19:03.171659,453.07
1666,692,2026-09-15 19:19:03.171659,103.71
1667,62,2026-05-18 19:19:03.171659,486.72
1668,495,2026-09-18 19:19:03.171659,106.36
1669,294,2026-06-20 19:19:03.171659,473.52
1670,645,2026-05-09 19:19:03.171659,481.96
1671,649,2025-12-22 19:19:03.171659,453.75
1672,66,2026-03-25 19:19:03.171659,140.28
1673,648,2026-03-02 19:19:03.171659,129.67
1674,38,2026-10-01 19:19:03.171659,145.27
1675,445,2025-12-29 19:19:03.171659,238.32
1676,972,2026-05-14 19:19:03.171659,326.8
1677,499,2026-05-24 19:19:03.171659,94.4
1678,238,2026-07-27 19:19:03.171659,491.04
1679,635,2026-06-12 19:19:03.171659,42.82
1680,894,2025-12-07 19:19:03.171659,204.71
1681,460,2026-06-12 19:19:03.171659,14.37
1682,606,2026-01-30 19:19:03.171659,219.86
1683,777,2026-06-19 19:19:03.171659,33.87
1684,994,2025-12-05 19:19:03.171659,350.36
1685,97,2026-05-15 19:19:03.171659,444.5
1686,532,2025-11-17 19:19:03.171659,259.95
1687,802,2026-05-07 19:19:03.171659,257.7
1688,951,2025-11-24 19:19:03.171659,396.75
1689,58,2026-06-16 19:19:03.171659,128.52
1690,973,2026-09-14 19:19:03.171659,121.33
1691,705,2025-12-04 19:19:03.171659,413.77
1692,3,2026-04-25 19:19:03.171659,417.8
1693,800,2026-02-07 19:19:03.171659,81.86
1694,33,2025-10-24 19:19:03.171659,290.8
1695,224,2026-02-14 19:19:03.171659,211.2
1696,927,2026-05-30 19:19:03.171659,274.44
1697,406,2026-02-09 19:19:03.171659,379.57
1698,703,2026-09-10 19:19:03.171659,127.75
1699,477,2026-02-18 19:19:03.171659,440.7
1700,621,2026-07-25 19:19:03.171659,102.23
1701,939,2026-07-21 19:19:03.171659,46.83
1702,22,2026-07-08 19:19:03.171659,84.98
1703,955,2025-12-10 19:19:03.171659,304.06
1704,995,2026-06-21 19:19:03.171659,262.46
1705,125,2025-11-26 19:19:03.171659,349.99
1706,971,2025-11-25 19:19:03.171659,283.5
1707,229,2026-05-21 19:19:03.171659,177.47
1708,188,2025-12-20 19:19:03.171659,437.97
1709,199,2026-06-13 19:19:03.171659,416.92
1710,917,2026-07-27 19:19:03.171659,479.19
1711,806,2025-11-17 19:19:03.171659,405.68
1712,630,2026-07-25 19:19:03.171659,432.3
1713,230,2025-12-01 19:19:03.171659,206.64
1714,215,2026-08-27 19:19:03.171659,496.27
1715,184,2026-07-12 19:19:03.171659,235.55
1716,577,2026-01-15 19:19:03.171659,376.42
1717,220,2026-09-29 19:19:03.171659,123.16
1718,203,2025-12-19 19:19:03.171659,488.39
1719,999,2026-04-22 19:19:03.171659,302.79
1720,585,2026-01-19 19:19:03.171659,446.55
1721,816,2026-04-26 19:19:03.171659,498.44
1722,862,2026-01-28 19:19:03.171659,226.41
1723,380,2026-03-04 19:19:03.171659,262.59
1724,202,2026-03-15 19:19:03.171659,387.59
1725,98,2026-03-26 19:19:03.171659,285.95
1726,361,2026-08-26 19:19:03.171659,253.55
1727,677,2026-06-16 19:19:03.171659,382.78
1728,589,2025-12-22 19:19:03.171659,446.91
1729,244,2026-04-13 19:19:03.171659,135.97
1730,795,2026-01-14 19:19:03.171659,280.33
1731,456,2025-12-19 19:19:03.171659,350.29
1732,473,2025-10-08 19:19:03.171659,17.65
1733,631,2026-06-24 19:19:03.171659,194.12
1734,42,2025-12-03 19:19:03.171659,470.37
1735,676,2026-04-05 19:19:03.171659,401.52
1736,804,2026-05-17 19:19:03.171659,165.19
1737,68,2025-10-31 19:19:03.171659,283.88
1738,290,2026-06-11 19:19:03.171659,144.01
1739,359,2026-01-04 19:19:03.171659,61.32
1740,300,2026-01-22 19:19:03.171659,159.33
1741,695,2026-09-16 19:19:03.171659,82.61
1742,563,2025-11-20 19:19:03.171659,156.62
1743,916,2026-06-27 19:19:03.171659,263.54
1744,861,2026-05-08 19:19:03.171659,113.7
1745,56,2026-06-01 19:19:03.171659,360.62
1746,644,2026-08-08 19:19:03.171659,98.99
1747,231,2026-08-06 19:19:03.171659,490.38
1748,673,2026-09-04 19:19:03.171659,286.15
1749,244,2026-06-03 19:19:03.171659,47.85
1750,995,2026-02-03 19:19:03.171659,430.89
1751,728,2026-03-08 19:19:03.171659,227.42
1752,925,2025-12-07 19:19:03.171659,98.67
1753,5,2026-09-24 19:19:03.171659,474.79
1754,274,2025-12-15 19:19:03.171659,145.95
1755,201,2026-04-12 19:19:03.171659,310.46
1756,386,2025-12-27 19:19:03.171659,29.57
1757,952,2026-03-16 19:19:03.171659,50.32
1758,811,2025-10-07 19:19:03.171659,223.39
1759,634,2025-11-15 19:19:03.171659,470.94
1760,428,2025-12-03 19:19:03.171659,184.44
1761,779,2026-07-19 19:19:03.171659,52.97
1762,895,2026-01-09 19:19:03.171659,419.15
1763,527,2026-01-31 19:19:03.171659,408.62
1764,989,2026-01-28 19:19:03.171659,277.76
1765,161,2026-08-22 19:19:03.171659,362.0
1766,291,2025-10-21 19:19:03.171659,394.28
1767,209,2026-06-24 19:19:03.171659,494.7
1768,218,2026-07-22 19:19:03.171659,405.65
1769,839,2026-09-24 19:19:03.171659,424.78
1770,243,2025-10-08 19:19:03.172667,70.91
1771,461,2026-08-04 19:19:03.172667,172.69
1772,600,2026-01-23 19:19:03.172667,35.78
1773,639,2026-08-27 19:19:03.172667,388.91
1774,400,2025-11-15 19:19:03.172667,416.4
1775,572,2026-02-15 19:19:03.172667,52.0
1776,378,2026-08-25 19:19:03.172667,152.33
1777,500,2025-12-09 19:19:03.172667,185.05
1778,428,2025-11-30 19:19:03.172667,128.8
1779,88,2026-05-21 19:19:03.172667,13.04
1780,205,2026-09-26 19:19:03.172667,463.75
1781,156,2026-07-04 19:19:03.172667,347.92
1782,399,2025-11-27 19:19:03.172667,443.95
1783,332,2026-08-05 19:19:03.172667,421.69
1784,439,2026-02-19 19:19:03.172667,313.72
1785,398,2025-12-06 19:19:03.172667,300.87
1786,534,2025-10-16 19:19:03.172667,224.31
1787,749,2025-10-12 19:19:03.172667,137.25
1788,33,2026-01-11 19:19:03.172667,464.19
1789,939,2026-01-18 19:19:03.172667,229.45
1790,214,2026-07-01 19:19:03.172667,362.82
1791,77,2026-04-11 19:19:03.172667,102.95
1792,714,2025-10-18 19:19:03.172667,220.95
1793,29,2026-09-15 19:19:03.172667,244.95
1794,486,2026-07-11 19:19:03.172667,116.43
1795,665,2026-05-05 19:19:03.172667,69.8
1796,126,2026-09-02 19:19:03.172667,50.45
1797,655,2025-12-06 19:19:03.172667,131.0
1798,987,2026-04-29 19:19:03.172667,250.54
1799,306,2026-06-26 19:19:03.172667,353.35
1800,63,2026-09-17 19:19:03.172667,186.93
1801,695,2026-07-08 19:19:03.172667,477.24
1802,785,2026-09-09 19:19:03.172667,195.85
1803,307,2025-11-07 19:19:03.172667,183.75
1804,419,2025-11-14 19:19:03.172667,394.58
1805,20,2026-06-05 19:19:03.172667,254.01
1806,156,2026-06-08 19:19:03.172667,275.57
1807,741,2026-02-10 19:19:03.172667,166.93
1808,496,2026-02-25 19:19:03.172667,499.28
1809,654,2026-08-20 19:19:03.172667,147.47
1810,581,2026-09-16 19:19:03.172667,228.26
1811,784,2026-04-18 19:19:03.172667,244.06
1812,57,2026-06-29 19:19:03.172667,92.89
1813,201,2026-05-22 19:19:03.172667,163.01
1814,597,2026-07-17 19:19:03.172667,59.51
1815,70,2025-12-08 19:19:03.172667,300.78
1816,84,2026-02-18 19:19:03.172667,264.83
1817,934,2026-06-23 19:19:03.172667,342.4
1818,464,2026-03-15 19:19:03.172667,239.2
1819,443,2026-08-20 19:19:03.172667,19.91
1820,209,2026-06-18 19:19:03.172667,46.45
1821,554,2026-03-18 19:19:03.172667,229.47
1822,60,2026-03-06 19:19:03.172667,405.74
1823,221,2026-05-30 19:19:03.172667,98.01
1824,57,2026-02-28 19:19:03.172667,63.64
1825,547,2026-08-06 19:19:03.172667,166.27
1826,99,2025-12-09 19:19:03.172667,198.38
1827,545,2025-11-23 19:19:03.172667,115.39
1828,122,2026-02-01 19:19:03.172667,150.93
1829,361,2025-11-18 19:19:03.172667,460.59
1830,704,2025-12-07 19:19:03.172667,90.14
1831,752,2026-01-12 19:19:03.172667,415.84
1832,64,2026-09-26 19:19:03.172667,165.28
1833,177,2026-01-24 19:19:03.172667,477.79
1834,502,2026-03-24 19:19:03.172667,259.28
1835,589,2025-12-02 19:19:03.172667,253.23
1836,475,2026-09-17 19:19:03.172667,259.04
1837,944,2026-06-22 19:19:03.172667,281.99
1838,747,2026-04-03 19:19:03.172667,53.15
1839,922,2025-11-24 19:19:03.172667,382.72
1840,878,2026-05-13 19:19:03.172667,95.69
1841,140,2026-08-03 19:19:03.172667,375.86
1842,34,2026-04-05 19:19:03.172667,141.95
1843,442,2025-10-20 19:19:03.172667,243.13
1844,26,2026-09-08 19:19:03.172667,359.37
1845,125,2026-01-05 19:19:03.172667,459.03
1846,898,2026-03-18 19:19:03.172667,43.81
1847,447,2026-02-20 19:19:03.172667,391.45
1848,793,2025-11-30 19:19:03.172667,308.84
1849,718,2026-05-31 19:19:03.172667,248.72
1850,562,2026-04-03 19:19:03.172667,349.06
1851,727,2026-06-05 19:19:03.172667,35.76
1852,723,2025-11-27 19:19:03.172667,61.39
1853,181,2026-09-21 19:19:03.172667,265.24
1854,935,2025-11-26 19:19:03.172667,102.57
1855,26,2025-12-07 19:19:03.172667,177.54
1856,14,2026-08-29 19:19:03.172667,401.26
1857,61,2026-04-14 19:19:03.172667,431.57
1858,165,2026-09-26 19:19:03.172667,218.58
1859,119,2026-06-30 19:19:03.172667,225.96
1860,135,2026-01-14 19:19:03.172667,300.61
1861,687,2026-01-23 19:19:03.172667,446.5
1862,831,2025-11-23 19:19:03.172667,203.78
1863,595,2026-06-21 19:19:03.172667,213.41
1864,648,2026-06-16 19:19:03.172667,261.76
1865,655,2026-09-20 19:19:03.172667,304.35
1866,774,2026-08-17 19:19:03.172667,85.85
1867,631,2025-10-23 19:19:03.172667,91.11
1868,521,2026-04-29 19:19:03.172667,464.89
1869,437,2026-04-20 19:19:03.172667,184.43
1870,758,2026-05-14 19:19:03.172667,423.9
1871,860,2026-03-09 19:19:03.172667,476.95
1872,753,2026-03-17 19:19:03.172667,212.64
1873,911,2026-07-07 19:19:03.172667,494.54
1874,467,2025-12-06 19:19:03.172667,59.23
1875,369,2026-03-21 19:19:03.172667,476.9
1876,909,2026-05-13 19:19:03.172667,243.56
1877,478,2026-09-17 19:19:03.172667,485.94
1878,771,2026-05-24 19:19:03.172667,390.08
1879,28,2026-03-19 19:19:03.172667,264.0
1880,164,2026-02-26 19:19:03.172667,367.39
1881,986,2026-09-19 19:19:03.172667,140.94
1882,869,2026-07-27 19:19:03.172667,334.83
1883,303,2026-09-11 19:19:03.172667,115.6
1884,967,2026-08-31 19:19:03.172667,316.84
1885,410,2025-12-18 19:19:03.172667,14.92
1886,716,2026-08-01 19:19:03.172667,13.56
1887,26,2026-03-27 19:19:03.172667,368.88
1888,676,2026-05-13 19:19:03.172667,455.62
1889,998,2026-08-25 19:19:03.172667,122.25
1890,233,2025-10-11 19:19:03.172667,323.48
1891,318,2026-07-02 19:19:03.172667,291.51
1892,238,2026-02-07 19:19:03.172667,389.61
1893,311,2025-11-15 19:19:03.172667,284.95
1894,431,2025-11-28 19:19:03.172667,316.84
1895,844,2026-09-03 19:19:03.172667,473.0
1896,334,2025-10-16 19:19:03.172667,52.46
1897,752,2025-10-23 19:19:03.172667,38.96
1898,283,2026-03-09 19:19:03.172667,210.44
1899,483,2026-06-08 19:19:03.172667,23.37
1900,266,2026-01-27 19:19:03.172667,338.56
1901,57,2026-02-22 19:19:03.172667,473.06
1902,718,2026-01-14 19:19:03.172667,482.56
1903,392,2025-10-28 19:19:03.172667,188.9
1904,586,2026-01-15 19:19:03.172667,389.87
1905,486,2026-01-09 19:19:03.172667,65.2
1906,497,2026-04-20 19:19:03.172667,206.87
1907,185,2026-05-11 19:19:03.172667,213.26
1908,385,2026-05-06 19:19:03.172667,34.97
1909,995,2026-01-25 19:19:03.172667,206.16
1910,75,2026-07-16 19:19:03.172667,439.71
1911,897,2026-04-03 19:19:03.172667,174.97
1912,778,2026-01-11 19:19:03.172667,452.63
1913,54,2026-01-05 19:19:03.172667,492.76
1914,200,2026-04-08 19:19:03.172667,175.44
1915,450,2026-05-21 19:19:03.172667,143.13
1916,267,2026-08-16 19:19:03.172667,350.55
1917,521,2026-05-20 19:19:03.172667,285.8
1918,699,2026-08-12 19:19:03.172667,234.38
1919,806,2026-06-17 19:19:03.172667,95.38
1920,14,2026-08-29 19:19:03.172667,336.54
1921,318,2025-11-11 19:19:03.172667,226.74
1922,371,2025-11-10 19:19:03.172667,293.66
1923,851,2026-08-17 19:19:03.172667,169.68
1924,977,2026-01-21 19:19:03.172667,494.36
1925,531,2026-02-05 19:19:03.172667,232.69
1926,913,2026-02-21 19:19:03.172667,303.73
1927,211,2025-12-26 19:19:03.172667,184.7
1928,684,2025-12-22 19:19:03.172667,94.07
1929,306,2026-02-15 19:19:03.172667,188.16
1930,841,2026-05-23 19:19:03.172667,366.21
1931,725,2025-12-22 19:19:03.172667,486.51
1932,793,2026-09-14 19:19:03.172667,241.42
1933,203,2025-12-28 19:19:03.172667,490.72
1934,570,2025-11-10 19:19:03.172667,438.51
1935,548,2025-10-26 19:19:03.172667,297.5
1936,674,2025-11-21 19:19:03.172667,260.75
1937,593,2025-11-15 19:19:03.172667,18.51
1938,234,2026-09-29 19:19:03.172667,130.35
1939,409,2025-11-05 19:19:03.172667,329.83
1940,695,2025-12-05 19:19:03.172667,438.92
1941,636,2026-06-14 19:19:03.172667,22.38
1942,36,2025-11-24 19:19:03.172667,364.24
1943,985,2026-07-06 19:19:03.172667,411.1
1944,143,2026-07-27 19:19:03.172667,94.79
1945,960,2026-07-12 19:19:03.172667,205.37
1946,5,2026-08-17 19:19:03.172667,335.02
1947,214,2026-04-07 19:19:03.172667,164.92
1948,585,2026-08-25 19:19:03.172667,262.03
1949,813,2026-07-17 19:19:03.172667,348.95
1950,753,2026-03-20 19:19:03.172667,155.16
1951,874,2026-07-12 19:19:03.172667,497.19
1952,995,2026-09-02 19:19:03.172667,304.37
1953,374,2026-04-24 19:19:03.172667,430.7
1954,718,2026-01-15 19:19:03.172667,479.28
1955,533,2026-08-07 19:19:03.172667,271.06
1956,848,2026-07-08 19:19:03.172667,351.45
1957,580,2026-05-18 19:19:03.172667,420.57
1958,524,2025-10-06 19:19:03.172667,35.01
1959,308,2026-08-24 19:19:03.172667,465.86
1960,577,2026-04-26 19:19:03.172667,239.71
1961,987,2026-03-10 19:19:03.172667,446.12
1962,651,2025-11-02 19:19:03.172667,349.14
1963,434,2026-05-09 19:19:03.172667,261.95
1964,906,2026-06-02 19:19:03.172667,178.21
1965,740,2026-02-23 19:19:03.172667,429.29
1966,294,2026-09-14 19:19:03.172667,439.15
1967,148,2026-06-17 19:19:03.172667,142.86
1968,734,2026-08-23 19:19:03.172667,335.23
1969,648,2026-03-02 19:19:03.172667,105.59
1970,477,2026-09-11 19:19:03.172667,264.62
1971,268,2026-03-28 19:19:03.172667,316.94
1972,730,2026-01-04 19:19:03.172667,398.37
1973,263,2026-01-04 19:19:03.172667,433.11
1974,310,2026-08-09 19:19:03.172667,196.69
1975,784,2025-11-13 19:19:03.172667,346.26
1976,82,2026-04-02 19:19:03.172667,381.08
1977,330,2026-04-25 19:19:03.172667,129.06
1978,443,2026-04-16 19:19:03.172667,481.6
1979,424,2026-07-05 19:19:03.172667,202.85
1980,332,2025-11-27 19:19:03.172667,76.53
1981,104,2025-11-12 19:19:03.172667,126.96
1982,334,2026-06-06 19:19:03.172667,416.51
1983,413,2026-07-10 19:19:03.172667,392.92
1984,416,2026-01-23 19:19:03.172667,136.79
1985,603,2026-06-17 19:19:03.172667,489.78
1986,31,2026-07-17 19:19:03.172667,497.16
1987,587,2026-04-28 19:19:03.172667,278.23
1988,19,2026-01-17 19:19:03.172667,219.41
1989,298,2025-11-07 19:19:03.172667,286.76
1990,473,2025-11-22 19:19:03.172667,357.22
1991,374,2026-09-14 19:19:03.172667,469.29
1992,988,2026-07-07 19:19:03.172667,348.07
1993,774,2026-04-29 19:19:03.172667,443.45
1994,33,2026-01-14 19:19:03.172667,215.13
1995,970,2026-01-29 19:19:03.172667,497.63
1996,597,2026-07-02 19:19:03.172667,163.08
1997,75,2026-05-10 19:19:03.172667,473.0
1998,950,2026-08-02 19:19:03.172667,227.48
1999,594,2025-12-15 19:19:03.172667,334.0
2000,467,2025-11-19 19:19:03.172667,304.21
2001,492,2026-02-24 19:19:03.172667,234.29
2002,203,2026-05-01 19:19:03.172667,450.97
2003,704,2026-02-06 19:19:03.172667,416.44
2004,776,2025-12-10 19:19:03.172667,71.74
2005,815,2026-06-12 19:19:03.172667,489.27
2006,342,2025-10-08 19:19:03.172667,391.72
2007,139,2026-07-27 19:19:03.172667,20.34
2008,959,2025-11-30 19:19:03.172667,306.27
2009,331,2025-11-12 19:19:03.172667,346.17
2010,98,2026-05-02 19:19:03.172667,471.47
2011,116,2026-01-07 19:19:03.172667,279.55
2012,755,2026-08-19 19:19:03.172667,464.3
2013,449,2026-03-30 19:19:03.172667,453.74
2014,276,2026-03-26 19:19:03.172667,368.89
2015,781,2026-09-09 19:19:03.172667,193.25
2016,356,2026-03-15 19:19:03.172667,336.15
2017,34,2026-04-29 19:19:03.172667,433.24
2018,244,2025-10-21 19:19:03.172667,453.26
2019,84,2026-02-14 19:19:03.172667,475.21
2020,424,2026-09-02 19:19:03.172667,347.97
2021,760,2026-07-09 19:19:03.172667,493.35
2022,404,2025-12-30 19:19:03.172667,11.87
2023,3,2025-10-06 19:19:03.172667,373.43
2024,120,2026-02-14 19:19:03.172667,280.33
2025,230,2026-05-20 19:19:03.172667,198.77
2026,71,2026-05-31 19:19:03.172667,241.91
2027,415,2025-11-26 19:19:03.172667,405.22
2028,598,2025-10-27 19:19:03.172667,320.43
2029,188,2026-03-14 19:19:03.172667,275.11
2030,188,2025-12-10 19:19:03.172667,399.42
2031,776,2026-06-28 19:19:03.172667,54.33
2032,18,2025-10-24 19:19:03.172667,371.94
2033,420,2025-10-18 19:19:03.172667,31.3
2034,512,2026-07-24 19:19:03.173635,129.72
2035,204,2025-10-16 19:19:03.173635,478.71
2036,409,2026-02-01 19:19:03.173635,162.24
2037,366,2026-03-31 19:19:03.173635,428.16
2038,580,2026-01-11 19:19:03.173635,470.14
2039,618,2025-12-11 19:19:03.173635,51.4
2040,859,2026-01-06 19:19:03.173635,44.83
2041,11,2025-10-09 19:19:03.173635,56.41
2042,686,2026-03-30 19:19:03.173635,488.82
2043,368,2026-04-13 19:19:03.173635,375.87
2044,590,2026-03-12 19:19:03.173635,473.83
2045,410,2026-01-22 19:19:03.173635,467.17
2046,822,2025-10-15 19:19:03.173635,180.3
2047,364,2026-06-20 19:19:03.173635,94.8
2048,439,2026-06-28 19:19:03.173635,164.63
2049,944,2026-03-07 19:19:03.173635,391.98
2050,503,2026-02-11 19:19:03.173635,417.11
2051,23,2026-01-15 19:19:03.173635,16.37
2052,681,2026-09-21 19:19:03.173635,423.92
2053,543,2026-03-20 19:19:03.173635,80.86
2054,733,2026-09-07 19:19:03.173635,269.13
2055,503,2026-07-07 19:19:03.173635,132.23
2056,100,2025-12-05 19:19:03.173635,488.86
2057,3,2025-11-11 19:19:03.173635,74.37
2058,778,2026-04-04 19:19:03.173635,340.08
2059,719,2025-10-12 19:19:03.173635,132.44
2060,606,2025-10-12 19:19:03.173635,440.15
2061,933,2025-11-05 19:19:03.173635,163.37
2062,289,2025-12-31 19:19:03.173635,85.05
2063,334,2026-02-07 19:19:03.173635,494.56
2064,137,2026-09-23 19:19:03.173635,140.59
2065,935,2026-02-22 19:19:03.173635,496.19
2066,524,2026-08-27 19:19:03.173635,226.96
2067,588,2026-04-16 19:19:03.173635,46.24
2068,226,2026-02-05 19:19:03.173635,208.72
2069,820,2026-04-13 19:19:03.173635,183.76
2070,121,2025-10-24 19:19:03.173635,23.53
2071,761,2026-05-19 19:19:03.173635,104.65
2072,817,2026-07-04 19:19:03.173635,154.17
2073,882,2026-09-02 19:19:03.173635,17.85
2074,106,2025-10-17 19:19:03.173635,64.63
2075,452,2025-12-15 19:19:03.173635,440.33
2076,196,2026-07-31 19:19:03.173635,91.42
2077,961,2026-07-18 19:19:03.173635,345.53
2078,387,2026-09-14 19:19:03.173635,384.63
2079,701,2026-01-19 19:19:03.173635,100.39
2080,94,2026-09-11 19:19:03.173635,273.6
2081,988,2026-07-18 19:19:03.173635,353.87
2082,170,2026-09-10 19:19:03.173635,434.07
2083,655,2026-02-12 19:19:03.173635,82.03
2084,663,2025-10-12 19:19:03.173635,196.32
2085,751,2026-03-02 19:19:03.173635,246.54
2086,295,2025-10-27 19:19:03.173635,439.3
2087,149,2026-04-14 19:19:03.173635,391.98
2088,534,2025-12-10 19:19:03.173635,329.38
2089,502,2026-07-15 19:19:03.173635,325.94
2090,565,2026-03-10 19:19:03.173635,62.41
2091,619,2026-04-26 19:19:03.173635,495.21
2092,471,2026-03-31 19:19:03.173635,279.73
2093,107,2026-05-14 19:19:03.173635,83.76
2094,376,2026-05-01 19:19:03.173635,335.79
2095,37,2026-03-30 19:19:03.173635,226.86
2096,267,2026-07-02 19:19:03.173635,392.73
2097,970,2026-04-28 19:19:03.173635,32.04
2098,631,2025-11-27 19:19:03.173635,161.09
2099,631,2026-05-28 19:19:03.173635,290.3
2100,751,2026-08-18 19:19:03.173635,343.03
2101,715,2026-08-31 19:19:03.173635,416.34
2102,90,2025-12-14 19:19:03.173635,73.57
2103,659,2026-06-10 19:19:03.173635,231.12
2104,722,2026-02-27 19:19:03.173635,36.94
2105,573,2026-01-30 19:19:03.173635,379.93
2106,277,2026-07-25 19:19:03.173635,27.6
2107,381,2026-03-20 19:19:03.173635,329.3
2108,691,2026-07-02 19:19:03.173635,109.87
2109,910,2025-12-27 19:19:03.173635,454.83
2110,741,2026-05-10 19:19:03.173635,409.16
2111,626,2026-05-12 19:19:03.173635,112.47
2112,410,2026-08-29 19:19:03.173635,47.19
2113,401,2025-11-04 19:19:03.173635,458.78
2114,368,2026-02-23 19:19:03.173635,269.73
2115,453,2025-10-31 19:19:03.173635,180.02
2116,580,2026-06-08 19:19:03.173635,15.55
2117,705,2026-03-17 19:19:03.173635,13.57
2118,652,2026-05-21 19:19:03.173635,381.58
2119,977,2026-08-09 19:19:03.173635,120.7
2120,539,2026-03-18 19:19:03.173635,195.34
2121,500,2025-10-05 19:19:03.173635,79.26
2122,234,2025-11-08 19:19:03.173635,35.83
2123,708,2026-04-27 19:19:03.173635,363.93
2124,933,2026-05-20 19:19:03.173635,65.26
2125,667,2026-01-26 19:19:03.173635,265.8
2126,307,2025-11-11 19:19:03.173635,16.35
2127,574,2026-02-18 19:19:03.173635,327.3
2128,794,2026-01-05 19:19:03.173635,323.91
2129,29,2026-09-11 19:19:03.173635,385.98
2130,345,2026-06-01 19:19:03.173635,461.72
2131,386,2026-07-17 19:19:03.173635,340.8
2132,799,2026-06-03 19:19:03.173635,56.34
2133,834,2026-04-21 19:19:03.173635,469.6
2134,456,2026-01-16 19:19:03.173635,423.17
2135,453,2026-04-05 19:19:03.173635,230.2
2136,594,2026-08-03 19:19:03.173635,252.18
2137,185,2026-02-25 19:19:03.173635,119.25
2138,403,2026-04-03 19:19:03.173635,482.54
2139,628,2026-09-12 19:19:03.173635,32.89
2140,246,2026-04-03 19:19:03.173635,365.1
2141,188,2026-05-23 19:19:03.173635,113.3
2142,367,2025-10-09 19:19:03.173635,372.62
2143,621,2026-01-11 19:19:03.173635,408.11
2144,981,2025-10-23 19:19:03.173635,373.02
2145,941,2025-11-22 19:19:03.173635,152.91
2146,118,2026-03-16 19:19:03.173635,275.97
2147,577,2026-08-03 19:19:03.173635,100.62
2148,514,2025-10-26 19:19:03.173635,356.38
2149,401,2026-03-15 19:19:03.173635,132.53
2150,184,2026-07-11 19:19:03.173635,267.59
2151,330,2025-10-28 19:19:03.173635,302.92
2152,73,2026-08-19 19:19:03.173635,40.28
2153,998,2026-05-05 19:19:03.173635,139.02
2154,302,2026-03-03 19:19:03.173635,384.78
2155,9,2026-06-10 19:19:03.173635,318.86
2156,332,2026-02-09 19:19:03.173635,255.78
2157,672,2025-10-20 19:19:03.173635,46.65
2158,192,2026-07-21 19:19:03.173635,318.44
2159,238,2026-06-09 19:19:03.173635,453.23
2160,716,2025-11-12 19:19:03.173635,283.82
2161,2,2025-10-06 19:19:03.173635,227.77
2162,684,2026-09-04 19:19:03.173635,443.63
2163,533,2026-02-12 19:19:03.173635,247.01
2164,33,2025-12-29 19:19:03.173635,333.23
2165,817,2026-07-31 19:19:03.173635,139.79
2166,833,2025-12-29 19:19:03.173635,351.66
2167,357,2026-04-14 19:19:03.173635,92.88
2168,211,2026-09-24 19:19:03.173635,209.84
2169,57,2026-04-02 19:19:03.173635,71.77
2170,935,2025-10-04 19:19:03.173635,437.57
2171,510,2026-04-02 19:19:03.173635,426.37
2172,104,2026-07-09 19:19:03.173635,169.21
2173,618,2026-07-23 19:19:03.173635,38.85
2174,507,2025-12-25 19:19:03.173635,178.95
2175,117,2026-08-11 19:19:03.173635,73.82
2176,872,2026-04-28 19:19:03.173635,231.79
2177,628,2026-03-21 19:19:03.173635,256.3
2178,547,2025-11-07 19:19:03.173635,177.16
2179,864,2026-01-06 19:19:03.173635,386.38
2180,134,2026-09-18 19:19:03.173635,436.15
2181,117,2025-12-09 19:19:03.173635,403.22
2182,579,2025-10-29 19:19:03.173635,110.37
2183,174,2026-02-17 19:19:03.173635,90.23
2184,592,2026-05-14 19:19:03.173635,274.08
2185,216,2025-12-24 19:19:03.173635,267.67
2186,557,2026-08-11 19:19:03.173635,373.99
2187,819,2025-11-27 19:19:03.173635,259.34
2188,183,2026-09-17 19:19:03.173635,135.1
2189,444,2025-11-16 19:19:03.173635,473.19
2190,409,2026-05-28 19:19:03.173635,320.9
2191,722,2026-05-05 19:19:03.173635,459.06
2192,32,2026-01-23 19:19:03.173635,42.18
2193,145,2026-09-10 19:19:03.173635,313.91
2194,641,2025-11-10 19:19:03.173635,258.15
2195,199,2026-02-20 19:19:03.173635,417.77
2196,394,2025-12-24 19:19:03.173635,301.97
2197,594,2026-08-04 19:19:03.173635,304.95
2198,257,2026-02-20 19:19:03.173635,17.79
2199,533,2026-02-06 19:19:03.173635,495.5
2200,235,2026-04-11 19:19:03.173635,170.14
2201,269,2026-08-04 19:19:03.173635,46.15
2202,87,2025-10-23 19:19:03.173635,369.06
2203,813,2026-03-31 19:19:03.173635,392.11
2204,408,2026-08-11 19:19:03.173635,457.89
2205,173,2026-08-05 19:19:03.173635,346.05
2206,907,2026-05-06 19:19:03.173635,352.17
2207,51,2026-02-15 19:19:03.173635,243.38
2208,768,2026-09-25 19:19:03.173635,494.2
2209,760,2026-02-05 19:19:03.173635,295.53
2210,121,2026-07-19 19:19:03.173635,288.42
2211,815,2026-07-28 19:19:03.173635,358.6
2212,827,2026-07-04 19:19:03.173635,471.55
2213,330,2026-03-29 19:19:03.173635,180.25
2214,310,2026-08-18 19:19:03.173635,115.28
2215,807,2026-08-22 19:19:03.173635,362.92
2216,169,2026-08-06 19:19:03.173635,302.31
2217,761,2026-05-15 19:19:03.173635,127.09
2218,445,2026-08-04 19:19:03.173635,163.17
2219,731,2026-09-22 19:19:03.173635,477.0
2220,211,2026-01-22 19:19:03.173635,270.13
2221,190,2025-11-19 19:19:03.173635,499.32
2222,59,2026-09-08 19:19:03.173635,140.96
2223,351,2025-12-20 19:19:03.173635,102.27
2224,334,2026-02-19 19:19:03.173635,22.04
2225,230,2026-09-30 19:19:03.173635,201.03
2226,197,2026-01-14 19:19:03.173635,473.5
2227,868,2026-08-29 19:19:03.173635,370.92
2228,550,2026-09-28 19:19:03.173635,381.76
2229,776,2026-09-14 19:19:03.173635,433.14
2230,957,2026-01-29 19:19:03.173635,51.09
2231,6,2026-02-14 19:19:03.173635,179.01
2232,837,2025-10-31 19:19:03.173635,38.18
2233,2,2026-03-10 19:19:03.173635,231.3
2234,472,2026-02-01 19:19:03.173635,217.82
2235,581,2026-04-18 19:19:03.173635,473.99
2236,229,2025-11-07 19:19:03.173635,143.61
2237,414,2025-11-14 19:19:03.173635,25.36
2238,617,2026-01-13 19:19:03.173635,311.15
2239,654,2025-11-27 19:19:03.173635,224.51
2240,279,2025-11-16 19:19:03.173635,252.84
2241,699,2026-07-17 19:19:03.173635,434.54
2242,567,2025-10-16 19:19:03.173635,200.33
2243,979,2026-02-23 19:19:03.173635,114.7
2244,842,2026-05-16 19:19:03.173635,195.6
2245,969,2026-07-22 19:19:03.173635,197.55
2246,697,2026-06-30 19:19:03.173635,349.09
2247,968,2026-03-25 19:19:03.173635,72.76
2248,87,2026-02-21 19:19:03.173635,353.94
2249,950,2026-03-15 19:19:03.173635,431.15
2250,77,2026-07-11 19:19:03.173635,209.63
2251,613,2026-02-05 19:19:03.173635,328.31
2252,623,2026-06-21 19:19:03.173635,80.25
2253,165,2026-02-03 19:19:03.173635,256.78
2254,452,2025-11-11 19:19:03.173635,149.99
2255,650,2025-12-02 19:19:03.173635,332.12
2256,871,2026-02-25 19:19:03.173635,173.79
2257,772,2025-11-17 19:19:03.173635,76.1
2258,179,2026-09-26 19:19:03.173635,293.78
2259,538,2026-02-01 19:19:03.173635,144.75
2260,856,2026-04-06 19:19:03.173635,163.28
2261,54,2026-09-02 19:19:03.173635,102.89
2262,87,2026-01-07 19:19:03.173635,150.91
2263,688,2026-01-30 19:19:03.173635,266.22
2264,264,2025-12-30 19:19:03.173635,279.74
2265,6,2026-03-08 19:19:03.173635,30.36
2266,563,2026-09-02 19:19:03.173635,221.08
2267,198,2026-02-13 19:19:03.173635,280.4
2268,863,2025-10-19 19:19:03.173635,186.02
2269,219,2026-03-30 19:19:03.173635,32.63
2270,100,2026-05-12 19:19:03.173635,104.3
2271,419,2026-01-21 19:19:03.173635,254.29
2272,189,2025-12-02 19:19:03.173635,65.05
2273,444,2026-06-19 19:19:03.173635,449.58
2274,985,2026-09-03 19:19:03.173635,85.17
2275,643,2026-03-07 19:19:03.173635,101.54
2276,923,2025-11-14 19:19:03.173635,488.0
2277,834,2026-09-07 19:19:03.173635,438.81
2278,270,2026-05-23 19:19:03.173635,95.67
2279,176,2025-10-16 19:19:03.173635,434.31
2280,162,2026-01-20 19:19:03.173635,106.64
2281,566,2025-10-07 19:19:03.173635,215.16
2282,841,2025-10-15 19:19:03.173635,14.35
2283,608,2026-02-09 19:19:03.173635,195.96
2284,874,2026-07-28 19:19:03.173635,108.98
2285,871,2026-08-10 19:19:03.173635,125.95
2286,256,2026-03-05 19:19:03.173635,491.22
2287,814,2026-08-31 19:19:03.173635,150.44
2288,647,2026-06-17 19:19:03.173635,432.54
2289,165,2026-08-14 19:19:03.173635,306.65
2290,645,2026-01-27 19:19:03.173635,373.86
2291,753,2025-12-20 19:19:03.173635,240.39
2292,828,2026-01-16 19:19:03.173635,168.67
2293,537,2026-05-09 19:19:03.173635,492.97
2294,754,2026-06-06 19:19:03.173635,188.27
2295,666,2026-04-14 19:19:03.173635,177.45
2296,410,2026-04-19 19:19:03.173635,98.03
2297,847,2026-08-25 19:19:03.173635,58.41
2298,719,2026-03-09 19:19:03.173635,300.09
2299,971,2025-11-21 19:19:03.173635,13.58
2300,149,2026-06-11 19:19:03.173635,451.27
2301,602,2025-12-16 19:19:03.173635,252.5
2302,455,2026-06-07 19:19:03.173635,93.76
2303,210,2026-08-14 19:19:03.173635,391.97
2304,532,2026-06-06 19:19:03.173635,159.16
2305,726,2025-10-02 19:19:03.173635,228.78
2306,979,2025-11-02 19:19:03.173635,204.16
2307,996,2025-12-14 19:19:03.173635,61.93
2308,537,2026-09-17 19:19:03.173635,486.67
2309,720,2025-11-08 19:19:03.173635,416.71
2310,928,2026-05-17 19:19:03.173635,38.61
2311,521,2025-12-22 19:19:03.173635,425.87
2312,884,2026-07-21 19:19:03.173635,396.94
2313,464,2026-09-18 19:19:03.173635,389.21
2314,758,2026-01-31 19:19:03.173635,105.44
2315,31,2026-02-06 19:19:03.173635,56.75
2316,151,2026-02-11 19:19:03.173635,95.21
2317,932,2025-11-13 19:19:03.173635,320.06
2318,814,2026-01-02 19:19:03.173635,497.72
2319,980,2026-02-17 19:19:03.173635,309.79
2320,595,2026-09-26 19:19:03.173635,370.96
2321,962,2026-05-02 19:19:03.173635,270.66
2322,241,2026-04-19 19:19:03.173635,92.08
2323,84,2026-05-08 19:19:03.173635,226.54
2324,156,2026-06-23 19:19:03.173635,369.39
2325,417,2026-02-18 19:19:03.173635,28.93
2326,340,2026-03-07 19:19:03.173635,303.2
2327,145,2026-01-12 19:19:03.174662,242.26
2328,176,2026-06-08 19:19:03.174662,15.69
2329,724,2026-09-13 19:19:03.174662,151.19
2330,113,2026-01-24 19:19:03.174662,462.85
2331,360,2026-03-31 19:19:03.174662,388.15
2332,461,2026-05-09 19:19:03.174662,433.93
2333,406,2026-07-30 19:19:03.174662,294.21
2334,980,2026-05-23 19:19:03.174662,159.64
2335,599,2025-12-10 19:19:03.174662,297.38
2336,210,2026-03-08 19:19:03.174662,85.38
2337,557,2026-04-01 19:19:03.174662,483.37
2338,323,2026-02-22 19:19:03.174662,39.52
2339,296,2025-12-02 19:19:03.174662,271.27
2340,243,2026-09-25 19:19:03.174662,293.19
2341,869,2026-02-13 19:19:03.174662,28.16
2342,191,2025-11-23 19:19:03.174662,413.26
2343,280,2026-04-08 19:19:03.174662,355.7
2344,487,2025-10-30 19:19:03.174662,333.13
2345,583,2025-10-07 19:19:03.174662,161.95
2346,867,2026-07-19 19:19:03.174662,416.11
2347,262,2026-08-04 19:19:03.174662,250.06
2348,985,2026-04-24 19:19:03.174662,397.05
2349,765,2025-11-15 19:19:03.174662,142.94
2350,979,2026-03-21 19:19:03.174662,311.11
2351,732,2026-04-14 19:19:03.174662,210.37
2352,814,2026-07-02 19:19:03.174662,129.59
2353,959,2025-10-14 19:19:03.174662,297.59
2354,457,2025-12-14 19:19:03.174662,80.95
2355,283,2026-08-23 19:19:03.174662,468.84
2356,84,2026-06-17 19:19:03.174662,109.74
2357,238,2025-12-07 19:19:03.174662,440.49
2358,415,2025-12-18 19:19:03.174662,339.38
2359,818,2026-07-21 19:19:03.174662,482.61
2360,908,2026-01-19 19:19:03.174662,20.04
2361,55,2025-12-07 19:19:03.174662,241.39
2362,646,2025-11-16 19:19:03.174662,196.2
2363,600,2026-03-14 19:19:03.174662,88.98
2364,978,2026-08-28 19:19:03.174662,198.25
2365,797,2026-04-25 19:19:03.174662,281.72
2366,35,2025-10-08 19:19:03.174662,221.68
2367,216,2026-08-28 19:19:03.174662,190.81
2368,646,2025-10-30 19:19:03.174662,40.74
2369,506,2026-06-26 19:19:03.174662,203.5
2370,574,2026-08-24 19:19:03.174662,216.52
2371,459,2025-12-11 19:19:03.174662,336.18
2372,756,2026-08-11 19:19:03.174662,271.53
2373,894,2026-08-19 19:19:03.174662,308.8
2374,366,2026-09-27 19:19:03.174662,109.71
2375,481,2026-05-29 19:19:03.174662,68.75
2376,389,2026-03-09 19:19:03.174662,360.72
2377,516,2025-12-20 19:19:03.174662,452.31
2378,886,2026-02-17 19:19:03.174662,61.78
2379,781,2026-03-14 19:19:03.174662,376.7
2380,746,2026-07-04 19:19:03.174662,76.54
2381,37,2025-11-19 19:19:03.174662,99.52
2382,3,2026-07-07 19:19:03.174662,371.67
2383,711,2025-11-26 19:19:03.174662,301.81
2384,117,2026-04-03 19:19:03.174662,473.51
2385,856,2025-12-22 19:19:03.174662,72.56
2386,283,2026-01-30 19:19:03.174662,339.02
2387,230,2025-10-27 19:19:03.174662,449.4
2388,9,2026-08-18 19:19:03.174662,350.7
2389,682,2025-10-22 19:19:03.174662,58.77
2390,918,2026-06-30 19:19:03.174662,144.46
2391,455,2025-12-04 19:19:03.174662,458.12
2392,979,2026-02-28 19:19:03.174662,67.83
2393,394,2026-09-06 19:19:03.174662,461.17
2394,459,2026-06-29 19:19:03.174662,260.7
2395,387,2025-11-16 19:19:03.174662,62.71
2396,423,2025-12-15 19:19:03.174662,162.55
2397,860,2026-01-12 19:19:03.174662,236.76
2398,771,2026-03-08 19:19:03.174662,272.99
2399,864,2026-02-06 19:19:03.174662,189.92
2400,970,2025-10-23 19:19:03.174662,348.19
2401,941,2026-05-28 19:19:03.174662,194.52
2402,772,2025-12-16 19:19:03.174662,215.53
2403,379,2026-05-26 19:19:03.174662,125.17
2404,655,2025-12-03 19:19:03.174662,304.58
2405,786,2025-11-08 19:19:03.174662,263.42
2406,311,2025-10-31 19:19:03.174662,482.34
2407,415,2026-04-30 19:19:03.174662,135.97
2408,462,2026-09-18 19:19:03.174662,401.0
2409,849,2025-11-28 19:19:03.174662,166.88
2410,641,2026-06-13 19:19:03.174662,201.63
2411,872,2026-09-11 19:19:03.174662,381.98
2412,413,2026-06-02 19:19:03.174662,98.46
2413,891,2026-01-22 19:19:03.174662,80.84
2414,473,2026-09-22 19:19:03.174662,200.63
2415,712,2026-07-06 19:19:03.174662,472.06
2416,273,2025-11-12 19:19:03.174662,269.12
2417,370,2026-09-24 19:19:03.174662,336.19
2418,500,2026-03-01 19:19:03.174662,404.27
2419,123,2026-08-14 19:19:03.174662,475.91
2420,6,2025-12-21 19:19:03.174662,446.76
2421,237,2026-03-04 19:19:03.174662,395.98
2422,360,2026-08-16 19:19:03.174662,221.75
2423,515,2026-09-26 19:19:03.174662,147.49
2424,866,2026-05-12 19:19:03.174662,412.82
2425,452,2026-05-06 19:19:03.174662,440.23
2426,908,2026-02-18 19:19:03.174662,264.0
2427,786,2026-04-24 19:19:03.174662,208.41
2428,879,2025-11-16 19:19:03.174662,233.46
2429,382,2025-10-11 19:19:03.174662,228.74
2430,311,2026-01-23 19:19:03.174662,49.0
2431,192,2025-10-03 19:19:03.174662,96.15
2432,602,2026-09-12 19:19:03.174662,206.7
2433,585,2026-05-19 19:19:03.174662,418.84
2434,288,2026-08-16 19:19:03.174662,105.03
2435,493,2026-04-07 19:19:03.174662,168.11
2436,14,2026-03-06 19:19:03.174662,140.42
2437,738,2026-03-23 19:19:03.174662,216.83
2438,508,2026-02-25 19:19:03.174662,167.67
2439,44,2026-09-20 19:19:03.174662,322.77
2440,266,2025-11-01 19:19:03.174662,258.5
2441,60,2026-01-19 19:19:03.174662,57.17
2442,619,2026-07-16 19:19:03.174662,145.42
2443,899,2026-04-07 19:19:03.174662,32.93
2444,293,2026-07-22 19:19:03.174662,330.43
2445,569,2026-05-15 19:19:03.174662,418.74
2446,694,2026-08-22 19:19:03.174662,71.8
2447,486,2026-07-31 19:19:03.174662,10.54
2448,387,2026-07-04 19:19:03.174662,154.78
2449,208,2026-08-23 19:19:03.174662,267.13
2450,839,2026-07-28 19:19:03.174662,125.05
2451,4,2026-06-10 19:19:03.174662,492.1
2452,368,2025-11-11 19:19:03.174662,483.96
2453,564,2026-01-01 19:19:03.174662,31.6
2454,413,2025-11-15 19:19:03.174662,463.54
2455,232,2026-07-14 19:19:03.174662,359.72
2456,812,2026-09-25 19:19:03.174662,272.05
2457,314,2026-05-11 19:19:03.174662,418.64
2458,38,2026-07-08 19:19:03.174662,405.21
2459,506,2026-09-10 19:19:03.174662,33.2
2460,975,2026-06-19 19:19:03.174662,465.85
2461,109,2026-05-29 19:19:03.174662,12.67
2462,758,2025-10-18 19:19:03.174662,190.85
2463,517,2026-09-03 19:19:03.174662,73.87
2464,100,2025-10-14 19:19:03.174662,110.06
2465,602,2025-11-22 19:19:03.174662,19.58
2466,694,2026-07-21 19:19:03.174662,324.25
2467,733,2026-05-02 19:19:03.174662,385.79
2468,832,2026-05-24 19:19:03.174662,295.94
2469,414,2026-02-05 19:19:03.174662,27.0
2470,317,2025-12-20 19:19:03.174662,68.19
2471,405,2026-04-14 19:19:03.174662,54.49
2472,848,2025-12-20 19:19:03.174662,267.55
2473,755,2026-03-24 19:19:03.174662,256.43
2474,626,2026-05-05 19:19:03.174662,31.53
2475,642,2025-10-17 19:19:03.174662,22.58
2476,294,2026-08-06 19:19:03.174662,301.0
2477,406,2025-11-23 19:19:03.174662,445.49
2478,191,2025-10-15 19:19:03.174662,26.39
2479,804,2026-09-24 19:19:03.174662,403.83
2480,416,2026-06-28 19:19:03.174662,33.15
2481,767,2026-02-15 19:19:03.174662,419.19
2482,450,2026-01-17 19:19:03.174662,336.75
2483,196,2026-01-22 19:19:03.174662,108.28
2484,848,2026-09-27 19:19:03.174662,416.21
2485,732,2026-01-05 19:19:03.174662,397.63
2486,890,2026-08-23 19:19:03.174662,369.84
2487,583,2026-02-03 19:19:03.174662,13.58
2488,403,2026-05-23 19:19:03.174662,406.91
2489,1,2026-06-28 19:19:03.174662,255.38
2490,644,2026-05-15 19:19:03.174662,59.52
2491,287,2025-12-05 19:19:03.174662,279.35
2492,25,2026-03-03 19:19:03.174662,62.03
2493,560,2026-08-08 19:19:03.174662,490.26
2494,545,2026-08-04 19:19:03.174662,354.31
2495,641,2026-09-18 19:19:03.174662,443.51
2496,332,2026-01-14 19:19:03.174662,228.4
2497,105,2026-06-27 19:19:03.174662,279.16
2498,786,2025-11-12 19:19:03.174662,203.63
2499,389,2025-10-03 19:19:03.174662,166.52
2500,972,2026-08-23 19:19:03.174662,340.03
2501,491,2026-02-02 19:19:03.174662,17.26
2502,67,2026-02-19 19:19:03.174662,39.85
2503,588,2026-01-25 19:19:03.174662,477.17
2504,384,2026-08-22 19:19:03.174662,154.22
2505,405,2026-01-21 19:19:03.174662,372.9
2506,408,2025-12-15 19:19:03.174662,445.07
2507,802,2026-04-07 19:19:03.174662,340.37
2508,836,2025-10-26 19:19:03.174662,45.32
2509,38,2025-11-11 19:19:03.174662,10.3
2510,571,2026-04-28 19:19:03.174662,322.41
2511,459,2026-01-07 19:19:03.174662,247.71
2512,505,2026-05-03 19:19:03.174662,171.97
2513,88,2025-10-15 19:19:03.174662,203.32
2514,725,2026-09-18 19:19:03.174662,125.03
2515,786,2026-07-16 19:19:03.174662,19.26
2516,713,2025-12-25 19:19:03.174662,422.32
2517,652,2026-04-29 19:19:03.174662,380.03
2518,59,2025-12-14 19:19:03.174662,192.6
2519,78,2026-05-28 19:19:03.174662,22.54
2520,393,2026-06-19 19:19:03.174662,430.78
2521,105,2026-02-22 19:19:03.174662,75.62
2522,722,2026-06-29 19:19:03.174662,105.15
2523,865,2025-10-26 19:19:03.174662,179.94
2524,868,2026-05-23 19:19:03.174662,376.01
2525,665,2026-07-30 19:19:03.174662,467.04
2526,207,2025-10-02 19:19:03.174662,185.0
2527,474,2026-04-28 19:19:03.174662,478.59
2528,345,2026-03-23 19:19:03.174662,35.27
2529,761,2026-01-13 19:19:03.174662,26.5
2530,309,2026-07-11 19:19:03.174662,223.0
2531,738,2026-04-22 19:19:03.174662,94.73
2532,246,2026-03-31 19:19:03.174662,418.84
2533,53,2025-10-25 19:19:03.174662,240.48
2534,361,2026-06-05 19:19:03.174662,495.05
2535,257,2026-03-30 19:19:03.174662,35.31
2536,141,2026-04-17 19:19:03.174662,169.68
2537,544,2026-04-28 19:19:03.174662,61.84
2538,807,2026-04-07 19:19:03.174662,458.39
2539,793,2025-12-31 19:19:03.174662,469.96
2540,538,2026-01-04 19:19:03.174662,127.77
2541,46,2026-10-01 19:19:03.174662,365.93
2542,606,2025-10-03 19:19:03.174662,34.63
2543,403,2026-07-11 19:19:03.174662,127.14
2544,358,2026-03-10 19:19:03.174662,108.41
2545,547,2026-01-04 19:19:03.174662,76.93
2546,188,2026-08-27 19:19:03.174662,89.98
2547,889,2025-12-11 19:19:03.174662,326.49
2548,635,2026-06-19 19:19:03.174662,64.7
2549,106,2025-12-31 19:19:03.174662,211.46
2550,111,2026-04-22 19:19:03.174662,201.42
2551,192,2025-11-14 19:19:03.174662,122.92
2552,497,2026-04-16 19:19:03.174662,97.13
2553,669,2026-08-13 19:19:03.174662,301.82
2554,608,2026-05-06 19:19:03.174662,227.0
2555,455,2026-05-07 19:19:03.174662,357.17
2556,44,2025-12-02 19:19:03.174662,360.33
2557,906,2026-04-09 19:19:03.174662,404.47
2558,250,2026-01-18 19:19:03.174662,438.72
2559,653,2026-01-10 19:19:03.174662,170.84
2560,82,2026-01-13 19:19:03.174662,338.74
2561,140,2025-10-03 19:19:03.174662,218.09
2562,507,2026-03-27 19:19:03.174662,113.24
2563,203,2026-04-04 19:19:03.174662,308.68
2564,328,2026-02-11 19:19:03.174662,29.95
2565,252,2026-09-18 19:19:03.174662,153.3
2566,366,2026-05-14 19:19:03.174662,217.95
2567,57,2026-01-17 19:19:03.174662,374.76
2568,29,2026-03-28 19:19:03.174662,175.03
2569,347,2026-05-08 19:19:03.174662,180.91
2570,644,2026-06-23 19:19:03.174662,460.79
2571,880,2026-08-31 19:19:03.174662,72.51
2572,25,2026-05-01 19:19:03.174662,16.57
2573,461,2026-06-11 19:19:03.174662,14.63
2574,358,2026-08-01 19:19:03.174662,388.55
2575,854,2026-08-06 19:19:03.174662,258.44
2576,15,2026-06-11 19:19:03.174662,230.07
2577,603,2026-09-19 19:19:03.174662,334.38
2578,855,2025-11-14 19:19:03.174662,241.7
2579,495,2026-02-10 19:19:03.174662,426.39
2580,177,2026-03-23 19:19:03.174662,430.41
2581,82,2025-11-04 19:19:03.174662,221.59
2582,185,2026-08-24 19:19:03.174662,48.74
2583,207,2026-02-22 19:19:03.174662,266.35
2584,310,2026-09-06 19:19:03.174662,473.81
2585,581,2026-07-04 19:19:03.174662,266.94
2586,972,2025-12-22 19:19:03.174662,295.06
2587,174,2025-10-23 19:19:03.174662,204.68
2588,902,2026-07-20 19:19:03.174662,190.91
2589,903,2026-07-30 19:19:03.174662,56.76
2590,386,2026-07-11 19:19:03.174662,12.11
2591,504,2025-11-18 19:19:03.174662,63.78
2592,1,2026-05-03 19:19:03.174662,211.06
2593,924,2026-06-04 19:19:03.174662,303.49
2594,994,2026-03-02 19:19:03.174662,183.1
2595,8,2026-01-27 19:19:03.174662,304.28
2596,924,2026-07-07 19:19:03.174662,338.76
2597,170,2026-06-07 19:19:03.174662,421.35
2598,970,2026-06-17 19:19:03.174662,364.09
2599,680,2026-02-19 19:19:03.174662,80.26
2600,233,2026-08-27 19:19:03.174662,64.17
2601,962,2026-08-13 19:19:03.174662,46.4
2602,609,2026-02-17 19:19:03.174662,390.18
2603,425,2026-09-01 19:19:03.174662,495.45
2604,86,2026-08-06 19:19:03.174662,351.51
2605,8,2026-03-25 19:19:03.174662,314.9
2606,791,2025-10-02 19:19:03.174662,165.35
2607,530,2026-06-07 19:19:03.174662,12.74
2608,216,2026-06-22 19:19:03.174662,34.61
2609,695,2025-11-22 19:19:03.174662,47.77
2610,285,2026-09-09 19:19:03.174662,495.2
2611,947,2026-09-08 19:19:03.174662,57.89
2612,334,2025-11-01 19:19:03.174662,343.51
2613,362,2026-08-09 19:19:03.174662,28.32
2614,932,2025-11-30 19:19:03.175669,482.84
2615,864,2026-09-29 19:19:03.175669,64.47
2616,418,2026-06-15 19:19:03.175669,227.87
2617,301,2025-11-14 19:19:03.175669,384.44
2618,891,2026-06-28 19:19:03.175669,187.39
2619,231,2025-10-05 19:19:03.175669,396.88
2620,24,2025-10-02 19:19:03.175669,71.66
2621,257,2026-09-06 19:19:03.175669,396.83
2622,209,2026-08-08 19:19:03.175669,321.15
2623,196,2026-08-21 19:19:03.175669,343.02
2624,39,2026-02-15 19:19:03.175669,161.91
2625,131,2026-07-23 19:19:03.175669,157.27
2626,213,2026-02-12 19:19:03.175669,81.38
2627,641,2026-09-16 19:19:03.175669,157.39
2628,911,2025-10-21 19:19:03.175669,46.02
2629,580,2026-01-28 19:19:03.175669,358.51
2630,186,2025-12-03 19:19:03.175669,486.18
2631,688,2026-03-31 19:19:03.175669,468.96
2632,178,2026-09-06 19:19:03.175669,43.48
2633,401,2026-06-07 19:19:03.175669,438.15
2634,866,2026-01-25 19:19:03.175669,318.84
2635,244,2026-03-14 19:19:03.175669,336.09
2636,914,2026-09-29 19:19:03.175669,198.38
2637,459,2026-01-30 19:19:03.175669,250.11
2638,847,2026-02-27 19:19:03.175669,381.76
2639,936,2026-05-24 19:19:03.175669,107.79
2640,162,2026-06-22 19:19:03.175669,96.97
2641,989,2026-06-14 19:19:03.175669,346.05
2642,569,2026-09-11 19:19:03.175669,203.28
2643,769,2026-07-15 19:19:03.175669,455.03
2644,663,2026-05-27 19:19:03.175669,263.67
2645,255,2026-09-22 19:19:03.175669,337.45
2646,806,2026-07-03 19:19:03.175669,75.44
2647,637,2026-05-05 19:19:03.175669,221.5
2648,937,2026-02-08 19:19:03.175669,250.86
2649,709,2025-10-14 19:19:03.175669,384.52
2650,652,2026-01-16 19:19:03.175669,334.73
2651,608,2026-06-28 19:19:03.175669,480.68
2652,498,2026-03-14 19:19:03.175669,75.66
2653,403,2025-12-15 19:19:03.175669,162.05
2654,209,2026-09-22 19:19:03.175669,401.15
2655,174,2026-09-23 19:19:03.175669,314.33
2656,136,2026-03-29 19:19:03.175669,337.99
2657,54,2025-12-27 19:19:03.175669,497.37
2658,824,2026-02-13 19:19:03.175669,365.68
2659,368,2026-08-01 19:19:03.175669,387.85
2660,614,2026-04-09 19:19:03.175669,252.2
2661,770,2026-08-03 19:19:03.175669,189.2
2662,775,2026-01-24 19:19:03.175669,353.01
2663,737,2025-10-08 19:19:03.175669,161.41
2664,321,2026-08-15 19:19:03.175669,138.16
2665,999,2025-12-29 19:19:03.175669,372.82
2666,162,2026-09-16 19:19:03.175669,377.97
2667,401,2026-02-15 19:19:03.175669,129.31
2668,930,2026-01-17 19:19:03.175669,227.04
2669,258,2026-03-05 19:19:03.175669,15.23
2670,430,2025-10-09 19:19:03.175669,382.97
2671,8,2026-04-03 19:19:03.175669,70.95
2672,487,2026-08-31 19:19:03.175669,144.79
2673,87,2026-07-21 19:19:03.175669,27.35
2674,583,2026-01-22 19:19:03.175669,308.04
2675,284,2025-10-15 19:19:03.175669,47.32
2676,799,2026-01-16 19:19:03.175669,279.12
2677,587,2025-11-04 19:19:03.175669,178.61
2678,485,2026-05-31 19:19:03.175669,404.38
2679,549,2026-07-03 19:19:03.175669,498.97
2680,213,2026-01-13 19:19:03.175669,221.44
2681,846,2025-12-01 19:19:03.175669,66.26
2682,442,2026-05-04 19:19:03.175669,96.57
2683,93,2025-10-25 19:19:03.175669,208.11
2684,949,2025-10-22 19:19:03.175669,309.57
2685,147,2025-10-02 19:19:03.175669,67.22
2686,752,2025-11-12 19:19:03.175669,452.15
2687,435,2026-05-16 19:19:03.175669,328.11
2688,567,2025-11-10 19:19:03.175669,19.72
2689,634,2026-08-01 19:19:03.175669,287.29
2690,114,2025-11-07 19:19:03.175669,385.54
2691,600,2026-01-27 19:19:03.175669,476.69
2692,876,2025-12-26 19:19:03.175669,10.72
2693,820,2026-02-14 19:19:03.175669,123.87
2694,341,2026-02-16 19:19:03.175669,52.16
2695,199,2025-11-09 19:19:03.175669,460.48
2696,389,2026-02-10 19:19:03.175669,122.05
2697,584,2026-01-31 19:19:03.175669,228.63
2698,549,2026-06-30 19:19:03.175669,19.38
2699,706,2026-02-14 19:19:03.175669,253.84
2700,265,2026-05-31 19:19:03.175669,42.66
2701,98,2026-07-02 19:19:03.175669,17.73
2702,465,2025-10-05 19:19:03.175669,213.12
2703,561,2025-11-05 19:19:03.175669,485.47
2704,268,2026-07-03 19:19:03.175669,220.83
2705,980,2026-03-29 19:19:03.175669,113.7
2706,334,2026-03-26 19:19:03.175669,313.98
2707,230,2026-01-19 19:19:03.175669,298.19
2708,804,2026-06-20 19:19:03.175669,116.64
2709,834,2026-08-13 19:19:03.175669,23.38
2710,13,2026-03-11 19:19:03.175669,227.01
2711,679,2026-06-14 19:19:03.175669,361.1
2712,280,2026-06-04 19:19:03.175669,154.7
2713,538,2026-07-24 19:19:03.175669,139.1
2714,873,2026-04-30 19:19:03.175669,302.05
2715,422,2026-02-13 19:19:03.175669,434.58
2716,708,2026-09-23 19:19:03.175669,475.37
2717,486,2026-02-19 19:19:03.175669,263.29
2718,269,2026-08-25 19:19:03.175669,153.19
2719,241,2025-11-24 19:19:03.175669,405.37
2720,140,2025-11-13 19:19:03.175669,354.05
2721,641,2026-07-20 19:19:03.175669,121.97
2722,702,2026-04-05 19:19:03.175669,278.23
2723,287,2026-08-02 19:19:03.175669,467.88
2724,51,2026-04-20 19:19:03.175669,117.38
2725,93,2025-12-02 19:19:03.175669,77.94
2726,914,2026-08-15 19:19:03.175669,352.33
2727,578,2026-05-25 19:19:03.175669,404.87
2728,346,2026-01-23 19:19:03.175669,126.2
2729,158,2026-06-22 19:19:03.175669,85.17
2730,468,2026-01-04 19:19:03.175669,81.42
2731,259,2025-10-04 19:19:03.175669,85.76
2732,204,2025-10-02 19:19:03.175669,284.72
2733,650,2025-12-25 19:19:03.175669,336.56
2734,464,2026-07-19 19:19:03.175669,35.87
2735,580,2026-05-12 19:19:03.175669,217.22
2736,108,2025-11-25 19:19:03.175669,135.34
2737,95,2025-12-19 19:19:03.175669,303.64
2738,248,2026-09-05 19:19:03.175669,50.53
2739,976,2026-07-09 19:19:03.175669,353.97
2740,32,2026-05-27 19:19:03.175669,454.74
2741,524,2026-01-11 19:19:03.175669,210.23
2742,567,2026-05-29 19:19:03.175669,160.66
2743,385,2026-04-02 19:19:03.175669,75.76
2744,244,2026-03-10 19:19:03.175669,120.93
2745,300,2026-03-17 19:19:03.175669,402.0
2746,334,2026-08-27 19:19:03.175669,129.98
2747,16,2026-09-03 19:19:03.175669,135.96
2748,465,2026-01-25 19:19:03.175669,187.68
2749,140,2025-11-22 19:19:03.175669,108.5
2750,263,2026-03-19 19:19:03.175669,149.63
2751,476,2025-11-05 19:19:03.175669,41.72
2752,43,2026-02-09 19:19:03.175669,229.88
2753,52,2026-06-27 19:19:03.175669,435.78
2754,620,2026-08-28 19:19:03.175669,33.74
2755,975,2026-02-08 19:19:03.175669,412.07
2756,693,2026-05-23 19:19:03.175669,56.48
2757,879,2025-10-31 19:19:03.175669,319.28
2758,175,2025-10-13 19:19:03.175669,285.89
2759,947,2026-02-04 19:19:03.175669,59.41
2760,113,2026-07-11 19:19:03.175669,168.46
2761,595,2026-09-19 19:19:03.175669,42.13
2762,830,2026-06-01 19:19:03.175669,97.56
2763,955,2026-05-22 19:19:03.175669,294.37
2764,375,2026-06-01 19:19:03.175669,274.63
2765,95,2026-08-17 19:19:03.175669,230.44
2766,188,2026-09-04 19:19:03.175669,410.28
2767,210,2026-08-24 19:19:03.175669,478.23
2768,7,2026-05-18 19:19:03.175669,161.83
2769,296,2026-07-30 19:19:03.175669,180.49
2770,809,2026-09-11 19:19:03.175669,104.68
2771,490,2026-04-06 19:19:03.175669,391.75
2772,833,2026-09-14 19:19:03.175669,326.73
2773,153,2026-07-03 19:19:03.175669,417.83
2774,138,2026-06-19 19:19:03.175669,421.65
2775,340,2026-09-23 19:19:03.175669,448.15
2776,182,2026-07-19 19:19:03.175669,153.8
2777,728,2026-05-26 19:19:03.175669,118.28
2778,493,2026-08-22 19:19:03.175669,421.72
2779,120,2026-08-02 19:19:03.175669,181.59
2780,689,2025-10-07 19:19:03.175669,63.81
2781,987,2026-08-30 19:19:03.175669,310.95
2782,22,2025-10-27 19:19:03.175669,382.52
2783,674,2026-06-13 19:19:03.175669,16.97
2784,870,2026-10-01 19:19:03.175669,154.83
2785,87,2026-01-28 19:19:03.175669,190.48
2786,167,2026-01-05 19:19:03.175669,172.13
2787,551,2026-07-22 19:19:03.175669,282.27
2788,411,2026-05-06 19:19:03.175669,231.34
2789,83,2025-11-03 19:19:03.175669,105.27
2790,327,2026-02-04 19:19:03.175669,261.76
2791,629,2025-11-23 19:19:03.175669,205.32
2792,894,2026-03-03 19:19:03.175669,104.92
2793,765,2026-04-01 19:19:03.175669,158.69
2794,367,2026-09-01 19:19:03.175669,278.59
2795,121,2025-11-19 19:19:03.175669,342.19
2796,712,2026-05-24 19:19:03.175669,82.19
2797,161,2025-10-19 19:19:03.175669,421.98
2798,132,2026-03-08 19:19:03.175669,398.11
2799,294,2025-11-21 19:19:03.175669,16.65
2800,108,2026-09-20 19:19:03.175669,420.2
2801,667,2026-01-20 19:19:03.175669,181.55
2802,454,2025-11-15 19:19:03.175669,437.06
2803,456,2026-07-01 19:19:03.175669,47.78
2804,4,2026-04-04 19:19:03.175669,290.46
2805,443,2026-04-19 19:19:03.175669,337.3
2806,506,2025-10-07 19:19:03.175669,64.22
2807,93,2026-03-24 19:19:03.175669,71.43
2808,948,2025-10-02 19:19:03.175669,158.65
2809,131,2026-02-23 19:19:03.175669,178.8
2810,652,2026-02-27 19:19:03.175669,65.89
2811,542,2026-01-17 19:19:03.175669,329.07
2812,807,2026-03-22 19:19:03.175669,167.48
2813,167,2026-01-21 19:19:03.175669,31.09
2814,295,2026-08-27 19:19:03.175669,252.77
2815,108,2025-12-26 19:19:03.175669,392.57
2816,16,2026-04-17 19:19:03.175669,171.46
2817,427,2026-05-11 19:19:03.175669,285.5
2818,443,2026-02-07 19:19:03.175669,281.01
2819,162,2026-01-06 19:19:03.175669,297.03
2820,641,2026-04-01 19:19:03.175669,120.92
2821,565,2025-11-26 19:19:03.175669,30.92
2822,873,2026-08-16 19:19:03.175669,331.06
2823,739,2026-04-17 19:19:03.175669,46.98
2824,832,2026-08-27 19:19:03.175669,66.92
2825,146,2025-11-05 19:19:03.175669,267.8
2826,607,2026-01-01 19:19:03.175669,89.48
2827,593,2026-07-24 19:19:03.175669,356.29
2828,702,2026-03-03 19:19:03.175669,18.73
2829,266,2026-08-27 19:19:03.175669,166.57
2830,996,2026-04-27 19:19:03.175669,286.27
2831,333,2026-06-26 19:19:03.175669,214.86
2832,465,2026-07-22 19:19:03.175669,105.63
2833,147,2025-11-14 19:19:03.175669,139.73
2834,362,2026-05-17 19:19:03.175669,142.02
2835,663,2026-07-09 19:19:03.175669,103.24
2836,80,2026-03-13 19:19:03.175669,476.73
2837,459,2026-03-27 19:19:03.175669,382.95
2838,724,2026-01-24 19:19:03.175669,318.41
2839,280,2026-07-16 19:19:03.175669,445.77
2840,376,2026-04-05 19:19:03.175669,32.03
2841,83,2025-11-13 19:19:03.175669,410.61
2842,330,2025-11-28 19:19:03.175669,141.02
2843,575,2026-01-23 19:19:03.175669,37.13
2844,751,2026-08-20 19:19:03.175669,340.29
2845,925,2026-04-05 19:19:03.175669,316.12
2846,559,2025-10-10 19:19:03.175669,34.98
2847,257,2025-11-01 19:19:03.175669,53.28
2848,597,2025-11-18 19:19:03.175669,209.13
2849,42,2025-10-25 19:19:03.175669,47.46
2850,566,2026-01-22 19:19:03.175669,223.02
2851,551,2026-02-14 19:19:03.175669,299.52
2852,681,2025-10-19 19:19:03.175669,453.22
2853,183,2026-01-31 19:19:03.175669,94.44
2854,514,2026-07-11 19:19:03.175669,315.83
2855,63,2026-08-07 19:19:03.175669,153.34
2856,144,2025-12-30 19:19:03.175669,89.12
2857,280,2026-01-21 19:19:03.175669,53.35
2858,660,2026-04-22 19:19:03.175669,277.97
2859,931,2026-09-20 19:19:03.175669,456.02
2860,987,2026-05-16 19:19:03.175669,79.29
2861,969,2026-07-01 19:19:03.175669,97.45
2862,453,2026-09-14 19:19:03.175669,292.79
2863,533,2026-06-11 19:19:03.175669,10.93
2864,963,2026-01-11 19:19:03.175669,161.62
2865,59,2025-10-26 19:19:03.175669,23.75
2866,433,2026-07-17 19:19:03.175669,211.37
2867,165,2026-05-09 19:19:03.175669,154.81
2868,140,2026-09-01 19:19:03.175669,148.33
2869,17,2025-10-30 19:19:03.175669,139.71
2870,784,2025-12-15 19:19:03.175669,75.88
2871,651,2026-05-29 19:19:03.175669,285.84
2872,887,2026-01-12 19:19:03.175669,124.99
2873,482,2026-09-04 19:19:03.175669,115.6
2874,59,2025-10-10 19:19:03.175669,237.9
2875,419,2026-08-18 19:19:03.175669,332.76
2876,146,2026-05-07 19:19:03.175669,102.86
2877,596,2026-02-23 19:19:03.175669,237.67
2878,205,2026-02-24 19:19:03.175669,277.27
2879,918,2025-10-09 19:19:03.175669,81.33
2880,725,2026-06-18 19:19:03.175669,337.53
2881,459,2026-04-19 19:19:03.175669,200.8
2882,373,2026-04-23 19:19:03.175669,214.97
2883,421,2026-03-13 19:19:03.175669,385.23
2884,8,2026-03-26 19:19:03.175669,457.14
2885,242,2026-01-30 19:19:03.175669,483.99
2886,144,2026-03-08 19:19:03.175669,256.69
2887,652,2026-01-17 19:19:03.175669,431.12
2888,751,2025-12-27 19:19:03.176614,297.23
2889,679,2026-04-24 19:19:03.176614,32.91
2890,959,2026-08-17 19:19:03.176614,64.46
2891,428,2026-01-19 19:19:03.176614,327.42
2892,983,2025-12-15 19:19:03.176614,116.12
2893,384,2026-04-30 19:19:03.176614,342.52
2894,778,2026-05-25 19:19:03.176614,312.47
2895,471,2026-06-04 19:19:03.176614,174.95
2896,547,2026-08-11 19:19:03.176614,410.81
2897,741,2026-02-03 19:19:03.176614,450.71
2898,244,2026-07-25 19:19:03.176614,466.57
2899,70,2026-07-21 19:19:03.176614,219.93
2900,377,2026-03-09 19:19:03.176614,36.63
2901,419,2025-12-14 19:19:03.176614,264.72
2902,280,2026-03-27 19:19:03.176614,329.3
2903,316,2026-03-13 19:19:03.176614,318.39
2904,133,2026-09-11 19:19:03.176614,157.91
2905,721,2026-05-20 19:19:03.176614,339.31
2906,239,2026-09-01 19:19:03.176614,29.18
2907,351,2026-05-22 19:19:03.176614,437.84
2908,585,2026-03-13 19:19:03.176614,95.06
2909,324,2026-06-26 19:19:03.176614,313.88
2910,454,2025-12-08 19:19:03.176614,244.41
2911,555,2026-02-26 19:19:03.176614,345.23
2912,685,2026-07-23 19:19:03.176614,247.41
2913,177,2025-12-24 19:19:03.176614,103.41
2914,996,2025-12-26 19:19:03.176614,400.38
2915,3,2026-09-06 19:19:03.176614,343.61
2916,303,2026-07-26 19:19:03.176614,361.32
2917,449,2026-06-12 19:19:03.176614,330.81
2918,341,2026-05-23 19:19:03.176614,225.55
2919,435,2026-07-10 19:19:03.176614,215.34
2920,706,2025-12-29 19:19:03.176614,138.76
2921,378,2026-03-06 19:19:03.176614,321.36
2922,709,2026-09-01 19:19:03.176614,213.04
2923,933,2026-07-04 19:19:03.176614,293.57
2924,371,2025-10-12 19:19:03.176614,144.25
2925,261,2026-09-28 19:19:03.176614,37.39
2926,942,2026-03-20 19:19:03.176614,216.79
2927,625,2026-06-26 19:19:03.176614,63.53
2928,756,2026-08-19 19:19:03.176614,103.71
2929,857,2025-12-31 19:19:03.176614,221.31
2930,257,2026-09-09 19:19:03.176614,146.81
2931,933,2025-10-16 19:19:03.176614,110.12
2932,798,2025-12-25 19:19:03.176614,472.35
2933,389,2026-05-14 19:19:03.176614,158.3
2934,28,2026-06-20 19:19:03.176614,217.55
2935,202,2025-12-24 19:19:03.176614,187.35
2936,429,2026-04-02 19:19:03.176614,174.08
2937,494,2026-09-28 19:19:03.176614,409.87
2938,310,2026-04-15 19:19:03.176614,283.71
2939,714,2026-05-09 19:19:03.176614,304.63
2940,511,2026-05-27 19:19:03.176614,135.88
2941,91,2026-05-14 19:19:03.176614,425.4
2942,12,2026-05-15 19:19:03.176614,111.71
2943,318,2026-05-29 19:19:03.176614,450.89
2944,504,2025-10-14 19:19:03.176614,361.61
2945,643,2026-01-29 19:19:03.176614,350.0
2946,169,2025-11-20 19:19:03.176614,82.12
2947,4,2025-11-17 19:19:03.176614,444.54
2948,310,2025-12-27 19:19:03.176614,43.35
2949,381,2026-07-08 19:19:03.176614,169.71
2950,311,2025-12-08 19:19:03.176614,309.43
2951,692,2026-04-17 19:19:03.176614,133.29
2952,248,2026-05-13 19:19:03.176614,306.73
2953,365,2026-03-15 19:19:03.176614,441.88
2954,958,2025-11-12 19:19:03.176614,21.41
2955,740,2026-03-24 19:19:03.176614,360.37
2956,58,2026-05-11 19:19:03.176614,265.56
2957,934,2026-07-27 19:19:03.176614,381.92
2958,793,2026-04-23 19:19:03.176614,203.97
2959,63,2026-03-25 19:19:03.176614,137.62
2960,667,2026-08-25 19:19:03.176614,161.78
2961,998,2026-07-08 19:19:03.176614,52.81
2962,542,2025-12-08 19:19:03.176614,279.24
2963,365,2026-02-11 19:19:03.176614,344.76
2964,504,2026-06-09 19:19:03.176614,404.06
2965,126,2026-02-23 19:19:03.176614,239.01
2966,755,2026-07-20 19:19:03.176614,359.82
2967,242,2026-08-02 19:19:03.176614,87.62
2968,370,2026-03-05 19:19:03.176614,293.35
2969,251,2026-09-11 19:19:03.176614,309.21
2970,569,2026-04-30 19:19:03.176614,450.52
2971,707,2026-07-04 19:19:03.176614,462.87
2972,358,2026-06-15 19:19:03.176614,48.19
2973,476,2026-03-01 19:19:03.176614,164.27
2974,459,2026-08-12 19:19:03.176614,69.21
2975,1000,2025-11-01 19:19:03.176614,337.33
2976,631,2026-05-14 19:19:03.176614,440.31
2977,9,2026-04-26 19:19:03.176614,417.21
2978,622,2026-03-04 19:19:03.176614,401.1
2979,462,2026-09-22 19:19:03.176614,333.9
2980,584,2026-08-24 19:19:03.176614,249.77
2981,988,2026-03-11 19:19:03.176614,376.67
2982,452,2026-07-28 19:19:03.176614,189.95
2983,311,2026-02-14 19:19:03.176614,226.46
2984,756,2026-07-07 19:19:03.176614,175.39
2985,965,2026-09-16 19:19:03.176614,385.52
2986,454,2026-05-16 19:19:03.176614,246.87
2987,681,2026-06-25 19:19:03.176614,80.09
2988,911,2026-02-04 19:19:03.176614,122.4
2989,352,2025-11-13 19:19:03.176614,211.95
2990,113,2026-06-25 19:19:03.176614,360.65
2991,950,2026-06-25 19:19:03.176614,398.8
2992,857,2025-10-10 19:19:03.176614,392.29
2993,751,2026-06-27 19:19:03.176614,481.27
2994,116,2026-07-16 19:19:03.176614,31.3
2995,158,2026-05-31 19:19:03.176614,458.5
2996,812,2026-09-08 19:19:03.176614,469.26
2997,167,2025-12-06 19:19:03.176614,422.11
2998,25,2026-09-12 19:19:03.176614,45.11
2999,765,2026-08-15 19:19:03.176614,390.99
3000,285,2026-05-03 19:19:03.176614,251.12
3001,248,2026-06-25 19:19:03.176614,369.19
3002,790,2025-10-16 19:19:03.176614,312.49
3003,480,2025-12-23 19:19:03.176614,264.87
3004,272,2025-11-09 19:19:03.176614,157.66
3005,559,2025-12-19 19:19:03.176614,143.37
3006,861,2025-12-06 19:19:03.176614,343.37
3007,332,2026-01-01 19:19:03.176614,373.79
3008,786,2025-12-20 19:19:03.176614,180.68
3009,106,2026-05-12 19:19:03.176614,227.99
3010,183,2026-05-04 19:19:03.176614,401.31
3011,823,2025-10-29 19:19:03.176614,17.67
3012,520,2025-10-17 19:19:03.176614,46.58
3013,757,2026-04-01 19:19:03.176614,196.05
3014,535,2025-10-11 19:19:03.176614,379.88
3015,328,2026-04-12 19:19:03.176614,370.07
3016,400,2026-02-27 19:19:03.176614,442.32
3017,996,2026-08-28 19:19:03.176614,114.36
3018,263,2026-02-02 19:19:03.176614,432.04
3019,836,2026-06-11 19:19:03.176614,329.32
3020,741,2026-05-26 19:19:03.176614,320.42
3021,140,2026-06-09 19:19:03.176614,343.47
3022,342,2026-05-09 19:19:03.176614,413.15
3023,555,2025-10-08 19:19:03.176614,302.77
3024,198,2026-04-17 19:19:03.176614,499.04
3025,945,2026-08-21 19:19:03.176614,118.27
3026,593,2026-09-16 19:19:03.176614,431.79
3027,127,2026-03-20 19:19:03.176614,365.67
3028,774,2026-01-20 19:19:03.176614,134.68
3029,462,2025-11-22 19:19:03.176614,430.66
3030,462,2026-06-22 19:19:03.176614,127.03
3031,1000,2026-03-17 19:19:03.176614,454.69
3032,916,2026-02-08 19:19:03.176614,122.84
3033,250,2026-07-17 19:19:03.176614,435.72
3034,545,2026-08-19 19:19:03.176614,118.88
3035,327,2026-07-26 19:19:03.176614,42.62
3036,55,2025-10-23 19:19:03.176614,417.38
3037,92,2026-04-06 19:19:03.176614,38.1
3038,639,2025-10-07 19:19:03.176614,489.17
3039,115,2026-09-26 19:19:03.176614,390.45
3040,421,2026-06-02 19:19:03.176614,222.89
3041,668,2026-08-07 19:19:03.176614,238.1
3042,13,2026-08-10 19:19:03.176614,205.28
3043,274,2026-08-28 19:19:03.176614,32.91
3044,814,2026-09-04 19:19:03.176614,171.4
3045,567,2026-08-13 19:19:03.176614,306.76
3046,841,2025-10-26 19:19:03.176614,332.62
3047,154,2026-05-26 19:19:03.176614,411.55
3048,761,2025-10-21 19:19:03.176614,257.43
3049,566,2026-09-26 19:19:03.176614,427.07
3050,747,2025-11-15 19:19:03.176614,250.14
3051,454,2025-12-12 19:19:03.176614,349.95
3052,775,2026-04-21 19:19:03.176614,448.87
3053,211,2026-07-06 19:19:03.176614,89.95
3054,174,2026-08-18 19:19:03.176614,284.04
3055,174,2026-01-11 19:19:03.176614,372.68
3056,376,2026-10-01 19:19:03.176614,257.02
3057,471,2025-12-23 19:19:03.176614,327.29
3058,693,2026-04-08 19:19:03.176614,245.0
3059,953,2026-04-08 19:19:03.176614,20.7
3060,95,2026-07-17 19:19:03.176614,306.26
3061,912,2026-08-16 19:19:03.176614,332.53
3062,167,2025-10-23 19:19:03.176614,30.01
3063,547,2025-10-02 19:19:03.176614,485.5
3064,984,2026-09-13 19:19:03.176614,139.2
3065,769,2026-09-13 19:19:03.176614,187.9
3066,305,2026-08-12 19:19:03.176614,102.6
3067,371,2026-08-23 19:19:03.176614,483.3
3068,14,2026-05-31 19:19:03.176614,398.52
3069,848,2026-03-17 19:19:03.176614,144.03
3070,26,2025-10-23 19:19:03.176614,299.49
3071,261,2026-07-14 19:19:03.176614,46.99
3072,7,2026-07-13 19:19:03.176614,338.6
3073,26,2026-04-10 19:19:03.176614,461.89
3074,524,2025-11-21 19:19:03.176614,437.31
3075,426,2025-10-21 19:19:03.176614,105.01
3076,801,2026-05-11 19:19:03.176614,477.41
3077,935,2026-02-06 19:19:03.176614,54.04
3078,694,2026-08-13 19:19:03.176614,491.41
3079,668,2026-01-26 19:19:03.176614,360.84
3080,946,2026-05-26 19:19:03.176614,247.31
3081,902,2026-06-14 19:19:03.176614,318.59
3082,907,2026-03-12 19:19:03.176614,323.32
3083,8,2025-12-11 19:19:03.176614,215.3
3084,592,2026-09-02 19:19:03.176614,171.34
3085,467,2026-09-20 19:19:03.176614,281.76
3086,920,2026-09-24 19:19:03.176614,316.61
3087,415,2026-08-14 19:19:03.176614,490.42
3088,411,2025-10-29 19:19:03.176614,140.78
3089,201,2025-10-26 19:19:03.176614,482.88
3090,953,2026-09-15 19:19:03.176614,324.53
3091,976,2026-04-02 19:19:03.176614,73.21
3092,903,2026-06-23 19:19:03.176614,262.21
3093,647,2026-01-10 19:19:03.176614,58.06
3094,934,2025-10-14 19:19:03.176614,118.44
3095,86,2026-09-01 19:19:03.176614,62.02
3096,555,2026-07-24 19:19:03.176614,395.1
3097,633,2026-02-19 19:19:03.176614,483.31
3098,832,2026-07-03 19:19:03.176614,157.18
3099,95,2026-03-15 19:19:03.176614,371.01
3100,756,2026-06-22 19:19:03.176614,410.0
3101,180,2026-07-26 19:19:03.176614,19.74
3102,111,2026-08-29 19:19:03.176614,495.28
3103,355,2026-05-10 19:19:03.176614,179.28
3104,624,2026-01-03 19:19:03.176614,434.93
3105,630,2026-08-26 19:19:03.176614,216.92
3106,91,2026-04-02 19:19:03.176614,254.4
3107,473,2026-04-26 19:19:03.176614,386.88
3108,616,2026-07-31 19:19:03.176614,315.72
3109,638,2026-07-29 19:19:03.176614,267.81
3110,887,2026-05-25 19:19:03.176614,56.36
3111,38,2026-03-28 19:19:03.176614,261.95
3112,704,2026-05-21 19:19:03.176614,134.23
3113,816,2026-03-28 19:19:03.176614,136.36
3114,755,2026-04-05 19:19:03.176614,484.63
3115,16,2026-02-23 19:19:03.176614,174.12
3116,881,2026-03-13 19:19:03.176614,388.26
3117,19,2026-01-06 19:19:03.176614,198.97
3118,214,2026-06-09 19:19:03.176614,260.74
3119,508,2026-01-25 19:19:03.176614,50.94
3120,854,2026-07-26 19:19:03.176614,408.18
3121,822,2026-02-02 19:19:03.176614,84.25
3122,326,2026-07-10 19:19:03.176614,242.5
3123,82,2025-12-27 19:19:03.176614,192.8
3124,811,2026-07-02 19:19:03.176614,229.02
3125,835,2025-10-23 19:19:03.176614,188.5
3126,190,2026-03-30 19:19:03.176614,322.53
3127,925,2026-03-08 19:19:03.176614,204.01
3128,873,2025-10-15 19:19:03.176614,478.25
3129,103,2025-10-25 19:19:03.176614,252.57
3130,253,2026-09-27 19:19:03.176614,207.24
3131,264,2026-09-30 19:19:03.176614,55.85
3132,902,2025-12-05 19:19:03.176614,334.45
3133,892,2026-04-08 19:19:03.176614,290.21
3134,804,2026-06-12 19:19:03.176614,249.95
3135,998,2025-11-04 19:19:03.176614,140.0
3136,343,2025-11-19 19:19:03.176614,369.79
3137,414,2025-12-02 19:19:03.176614,156.02
3138,648,2026-08-06 19:19:03.176614,48.22
3139,920,2026-08-11 19:19:03.176614,210.09
3140,900,2026-01-18 19:19:03.176614,355.35
3141,875,2025-11-08 19:19:03.176614,314.02
3142,810,2025-12-22 19:19:03.176614,50.11
3143,233,2025-11-20 19:19:03.176614,53.33
3144,477,2026-08-12 19:19:03.176614,277.65
3145,847,2026-03-04 19:19:03.176614,63.79
3146,577,2026-04-20 19:19:03.176614,85.1
3147,723,2026-07-16 19:19:03.176614,36.19
3148,169,2025-12-09 19:19:03.176614,467.02
3149,464,2025-10-18 19:19:03.176614,188.17
3150,733,2026-05-21 19:19:03.176614,303.68
3151,738,2026-08-18 19:19:03.176614,308.25
3152,270,2026-02-06 19:19:03.176614,450.21
3153,193,2026-01-09 19:19:03.176614,198.38
3154,770,2025-11-21 19:19:03.176614,280.65
3155,448,2025-10-02 19:19:03.176614,104.65
3156,552,2025-10-29 19:19:03.176614,143.57
3157,536,2026-08-17 19:19:03.176614,32.95
3158,558,2026-07-20 19:19:03.176614,390.91
3159,795,2026-03-05 19:19:03.176614,98.68
3160,782,2026-02-05 19:19:03.176614,349.6
3161,98,2026-07-19 19:19:03.176614,37.67
3162,228,2026-03-17 19:19:03.176614,241.97
3163,382,2026-01-21 19:19:03.176614,61.18
3164,889,2026-04-05 19:19:03.176614,262.38
3165,302,2026-05-05 19:19:03.176614,213.77
3166,792,2026-03-22 19:19:03.176614,60.19
3167,733,2026-09-26 19:19:03.176614,72.92
3168,362,2025-12-10 19:19:03.176614,92.28
3169,988,2026-04-25 19:19:03.176614,449.91
3170,106,2026-01-04 19:19:03.176614,270.46
3171,873,2025-12-12 19:19:03.176614,415.25
3172,239,2026-09-21 19:19:03.176614,370.13
3173,474,2026-09-11 19:19:03.176614,313.97
3174,507,2026-01-06 19:19:03.176614,279.46
3175,841,2026-01-23 19:19:03.176614,342.87
3176,951,2025-10-12 19:19:03.176614,36.64
3177,48,2026-02-26 19:19:03.176614,298.42
3178,31,2026-04-04 19:19:03.176614,286.08
3179,938,2026-09-26 19:19:03.176614,282.98
3180,741,2026-05-25 19:19:03.177619,408.68
3181,548,2026-08-19 19:19:03.177619,90.97
3182,569,2025-10-18 19:19:03.177619,448.44
3183,528,2026-04-20 19:19:03.177619,386.76
3184,195,2026-01-25 19:19:03.177619,450.23
3185,187,2026-06-16 19:19:03.177619,248.26
3186,3,2026-07-16 19:19:03.177619,379.53
3187,319,2026-06-02 19:19:03.177619,223.02
3188,285,2025-12-16 19:19:03.177619,424.99
3189,249,2026-04-10 19:19:03.177619,172.3
3190,71,2026-09-15 19:19:03.177619,411.73
3191,181,2026-07-01 19:19:03.177619,60.25
3192,427,2026-07-06 19:19:03.177619,281.53
3193,4,2025-10-02 19:19:03.177619,168.3
3194,435,2026-01-10 19:19:03.177619,437.5
3195,283,2026-05-15 19:19:03.177619,309.47
3196,662,2026-09-22 19:19:03.177619,100.39
3197,701,2026-07-15 19:19:03.177619,378.33
3198,515,2026-02-07 19:19:03.177619,160.89
3199,249,2026-05-28 19:19:03.177619,115.62
3200,951,2026-08-27 19:19:03.177619,439.09
3201,2,2026-07-30 19:19:03.177619,101.29
3202,317,2026-07-06 19:19:03.177619,170.67
3203,7,2026-04-02 19:19:03.177619,111.12
3204,45,2026-09-25 19:19:03.177619,262.75
3205,878,2025-11-30 19:19:03.177619,81.12
3206,333,2026-06-20 19:19:03.177619,206.28
3207,99,2026-05-06 19:19:03.177619,322.01
3208,650,2026-03-23 19:19:03.177619,16.7
3209,294,2025-12-25 19:19:03.177619,128.95
3210,243,2026-08-06 19:19:03.177619,311.41
3211,89,2026-08-20 19:19:03.177619,414.61
3212,500,2025-12-21 19:19:03.177619,52.24
3213,900,2026-07-06 19:19:03.177619,280.6
3214,54,2026-06-08 19:19:03.177619,330.06
3215,52,2025-10-13 19:19:03.177619,50.32
3216,592,2026-01-14 19:19:03.177619,69.67
3217,717,2026-04-19 19:19:03.177619,186.39
3218,61,2026-06-29 19:19:03.177619,82.97
3219,18,2026-05-20 19:19:03.177619,143.28
3220,634,2026-05-22 19:19:03.177619,226.02
3221,757,2025-11-01 19:19:03.177619,448.82
3222,947,2026-01-13 19:19:03.177619,302.66
3223,837,2026-04-06 19:19:03.177619,232.76
3224,335,2025-11-23 19:19:03.177619,259.07
3225,954,2026-07-15 19:19:03.177619,349.93
3226,989,2026-04-08 19:19:03.177619,93.03
3227,245,2025-10-06 19:19:03.177619,399.36
3228,196,2025-11-17 19:19:03.177619,477.01
3229,215,2026-02-20 19:19:03.177619,83.63
3230,671,2025-12-28 19:19:03.177619,444.54
3231,786,2025-12-09 19:19:03.177619,335.99
3232,768,2025-12-21 19:19:03.177619,180.31
3233,941,2025-12-25 19:19:03.177619,372.15
3234,542,2025-11-22 19:19:03.177619,113.36
3235,51,2026-09-19 19:19:03.177619,492.24
3236,405,2026-05-25 19:19:03.177619,161.66
3237,566,2025-11-15 19:19:03.177619,318.19
3238,74,2026-06-05 19:19:03.177619,308.32
3239,937,2026-08-05 19:19:03.177619,216.92
3240,872,2026-03-16 19:19:03.177619,160.78
3241,561,2026-02-25 19:19:03.177619,157.72
3242,785,2026-04-22 19:19:03.177619,273.81
3243,122,2025-12-17 19:19:03.177619,240.37
3244,509,2026-06-17 19:19:03.177619,419.21
3245,848,2025-11-03 19:19:03.177619,167.42
3246,735,2026-04-16 19:19:03.177619,479.27
3247,312,2026-07-07 19:19:03.177619,290.98
3248,579,2025-11-21 19:19:03.177619,30.08
3249,762,2026-06-14 19:19:03.177619,436.98
3250,392,2025-10-09 19:19:03.177619,281.06
3251,995,2026-05-02 19:19:03.177619,125.48
3252,151,2026-09-14 19:19:03.177619,125.32
3253,285,2026-04-21 19:19:03.177619,67.95
3254,127,2026-05-21 19:19:03.177619,178.7
3255,305,2026-07-25 19:19:03.177619,482.11
3256,618,2026-01-16 19:19:03.177619,259.71
3257,907,2026-07-04 19:19:03.177619,78.25
3258,961,2026-05-13 19:19:03.177619,193.93
3259,933,2026-02-07 19:19:03.177619,250.81
3260,663,2026-04-02 19:19:03.177619,183.39
3261,728,2026-02-22 19:19:03.177619,268.16
3262,22,2026-08-14 19:19:03.177619,76.75
3263,298,2026-06-19 19:19:03.177619,295.74
3264,934,2026-04-09 19:19:03.177619,78.52
3265,41,2026-05-06 19:19:03.177619,55.37
3266,71,2026-03-25 19:19:03.177619,394.28
3267,191,2026-03-06 19:19:03.177619,139.72
3268,286,2026-06-18 19:19:03.177619,332.77
3269,164,2026-05-20 19:19:03.177619,48.67
3270,290,2025-10-26 19:19:03.177619,129.67
3271,984,2025-10-10 19:19:03.177619,189.87
3272,103,2026-08-26 19:19:03.177619,64.55
3273,345,2026-01-22 19:19:03.177619,231.63
3274,994,2026-08-21 19:19:03.177619,20.02
3275,65,2026-01-23 19:19:03.177619,153.11
3276,649,2026-02-11 19:19:03.177619,325.76
3277,404,2026-06-12 19:19:03.177619,41.42
3278,911,2026-03-03 19:19:03.177619,448.92
3279,599,2026-06-23 19:19:03.177619,322.2
3280,966,2025-11-06 19:19:03.177619,172.95
3281,115,2026-03-24 19:19:03.177619,111.22
3282,811,2025-11-03 19:19:03.177619,309.26
3283,971,2026-09-18 19:19:03.177619,376.89
3284,81,2026-03-24 19:19:03.177619,257.18
3285,5,2026-05-07 19:19:03.177619,212.14
3286,429,2026-03-05 19:19:03.177619,338.14
3287,75,2026-09-16 19:19:03.177619,77.88
3288,945,2025-11-12 19:19:03.177619,413.74
3289,331,2026-01-22 19:19:03.177619,53.17
3290,191,2026-02-16 19:19:03.177619,224.26
3291,722,2026-07-13 19:19:03.177619,241.79
3292,688,2026-01-23 19:19:03.177619,120.46
3293,691,2026-04-19 19:19:03.177619,159.71
3294,928,2026-02-12 19:19:03.177619,70.72
3295,776,2025-12-10 19:19:03.177619,224.43
3296,681,2025-12-01 19:19:03.177619,313.37
3297,756,2026-04-08 19:19:03.177619,493.39
3298,277,2026-06-29 19:19:03.177619,459.91
3299,620,2025-11-17 19:19:03.177619,82.44
3300,708,2026-09-14 19:19:03.177619,167.02
3301,907,2026-09-01 19:19:03.177619,320.56
3302,611,2026-04-10 19:19:03.177619,15.43
3303,736,2026-01-06 19:19:03.177619,268.91
3304,182,2026-09-23 19:19:03.177619,450.53
3305,955,2026-01-11 19:19:03.177619,327.33
3306,62,2026-08-24 19:19:03.177619,464.13
3307,971,2026-05-02 19:19:03.177619,355.99
3308,487,2025-12-01 19:19:03.177619,86.25
3309,75,2026-04-14 19:19:03.177619,69.71
3310,78,2026-03-19 19:19:03.177619,57.11
3311,917,2026-08-17 19:19:03.177619,70.02
3312,456,2026-03-08 19:19:03.177619,301.83
3313,390,2026-09-29 19:19:03.177619,312.84
3314,458,2026-02-24 19:19:03.177619,352.1
3315,790,2026-06-17 19:19:03.177619,80.71
3316,952,2026-07-11 19:19:03.177619,146.5
3317,997,2026-09-24 19:19:03.177619,357.84
3318,653,2026-07-12 19:19:03.177619,372.06
3319,637,2026-04-30 19:19:03.177619,73.09
3320,721,2025-12-10 19:19:03.177619,274.68
3321,407,2026-05-17 19:19:03.177619,97.83
3322,294,2025-11-29 19:19:03.177619,173.49
3323,993,2026-09-03 19:19:03.177619,320.15
3324,67,2026-08-08 19:19:03.177619,194.3
3325,446,2026-07-07 19:19:03.177619,327.85
3326,395,2026-01-24 19:19:03.177619,443.03
3327,426,2025-11-24 19:19:03.177619,181.27
3328,13,2025-11-18 19:19:03.177619,139.93
3329,853,2026-05-16 19:19:03.177619,463.97
3330,182,2026-09-12 19:19:03.177619,371.97
3331,459,2025-10-07 19:19:03.177619,207.26
3332,642,2026-08-28 19:19:03.177619,268.9
3333,116,2026-01-09 19:19:03.177619,90.28
3334,348,2026-07-02 19:19:03.177619,232.68
3335,109,2025-10-11 19:19:03.177619,328.02
3336,33,2026-05-09 19:19:03.177619,327.44
3337,271,2026-05-18 19:19:03.177619,442.39
3338,741,2026-01-02 19:19:03.177619,220.93
3339,496,2026-03-17 19:19:03.177619,246.97
3340,210,2025-11-01 19:19:03.177619,164.11
3341,681,2025-11-06 19:19:03.177619,202.32
3342,524,2026-05-07 19:19:03.177619,230.54
3343,364,2025-10-08 19:19:03.177619,95.39
3344,893,2026-06-14 19:19:03.177619,445.45
3345,688,2026-03-03 19:19:03.177619,407.39
3346,99,2025-10-07 19:19:03.177619,187.3
3347,206,2026-05-07 19:19:03.177619,95.67
3348,543,2026-01-12 19:19:03.177619,323.13
3349,586,2026-09-10 19:19:03.177619,45.4
3350,118,2026-08-28 19:19:03.177619,163.53
3351,726,2026-01-23 19:19:03.177619,486.46
3352,840,2025-12-12 19:19:03.177619,11.03
3353,949,2026-01-20 19:19:03.177619,73.85
3354,55,2026-01-31 19:19:03.177619,398.07
3355,340,2026-04-30 19:19:03.177619,441.65
3356,995,2026-08-18 19:19:03.177619,148.37
3357,853,2026-07-10 19:19:03.177619,58.47
3358,636,2025-10-20 19:19:03.177619,94.44
3359,615,2026-02-11 19:19:03.177619,18.29
3360,88,2026-06-10 19:19:03.177619,402.11
3361,282,2026-01-07 19:19:03.177619,212.29
3362,495,2026-09-22 19:19:03.177619,324.34
3363,578,2026-05-10 19:19:03.177619,308.18
3364,13,2025-10-24 19:19:03.177619,275.06
3365,923,2025-11-27 19:19:03.177619,372.8
3366,821,2026-01-12 19:19:03.177619,102.23
3367,284,2026-04-16 19:19:03.177619,327.97
3368,903,2026-03-23 19:19:03.177619,283.68
3369,448,2026-02-25 19:19:03.177619,341.02
3370,454,2026-01-30 19:19:03.177619,29.61
3371,839,2025-11-24 19:19:03.177619,211.41
3372,459,2026-08-22 19:19:03.177619,330.54
3373,147,2026-09-25 19:19:03.177619,198.46
3374,275,2026-06-05 19:19:03.177619,132.31
3375,882,2025-10-09 19:19:03.177619,417.77
3376,765,2026-07-31 19:19:03.177619,154.22
3377,649,2026-03-12 19:19:03.177619,238.18
3378,384,2026-04-16 19:19:03.177619,309.01
3379,155,2026-07-03 19:19:03.177619,354.2
3380,572,2026-06-13 19:19:03.177619,457.26
3381,451,2026-01-05 19:19:03.177619,196.83
3382,948,2026-02-27 19:19:03.177619,230.79
3383,695,2026-07-28 19:19:03.177619,239.45
3384,568,2026-07-30 19:19:03.177619,411.26
3385,7,2026-08-22 19:19:03.177619,77.21
3386,240,2025-11-17 19:19:03.177619,261.95
3387,690,2025-12-18 19:19:03.177619,134.97
3388,108,2025-11-06 19:19:03.177619,180.17
3389,291,2026-06-03 19:19:03.177619,241.31
3390,838,2026-06-05 19:19:03.177619,237.45
3391,684,2026-05-29 19:19:03.177619,462.25
3392,948,2026-05-07 19:19:03.177619,127.86
3393,188,2025-10-09 19:19:03.177619,199.4
3394,937,2026-06-04 19:19:03.177619,76.97
3395,622,2026-03-09 19:19:03.177619,90.49
3396,232,2026-06-19 19:19:03.177619,467.75
3397,909,2026-06-03 19:19:03.177619,13.71
3398,963,2025-12-30 19:19:03.177619,293.57
3399,882,2026-02-18 19:19:03.177619,87.08
3400,299,2025-10-21 19:19:03.177619,160.46
3401,976,2026-03-24 19:19:03.177619,346.47
3402,126,2026-02-09 19:19:03.177619,237.67
3403,445,2025-10-08 19:19:03.177619,137.43
3404,540,2026-05-13 19:19:03.177619,287.58
3405,355,2026-05-10 19:19:03.177619,131.31
3406,539,2026-02-11 19:19:03.177619,131.99
3407,189,2026-04-09 19:19:03.177619,72.04
3408,897,2026-09-29 19:19:03.177619,100.73
3409,733,2026-05-27 19:19:03.177619,203.39
3410,772,2026-07-08 19:19:03.177619,359.44
3411,502,2026-05-23 19:19:03.177619,479.51
3412,828,2026-01-13 19:19:03.177619,21.71
3413,302,2026-04-15 19:19:03.177619,321.28
3414,88,2026-02-18 19:19:03.177619,132.4
3415,618,2025-12-18 19:19:03.177619,12.43
3416,525,2026-03-29 19:19:03.177619,228.01
3417,883,2025-10-28 19:19:03.177619,421.15
3418,261,2026-05-13 19:19:03.177619,122.84
3419,915,2025-11-02 19:19:03.177619,262.85
3420,854,2026-07-04 19:19:03.177619,395.93
3421,571,2025-10-15 19:19:03.177619,495.39
3422,324,2026-05-12 19:19:03.177619,92.96
3423,197,2026-02-12 19:19:03.177619,13.42
3424,569,2026-07-20 19:19:03.177619,481.12
3425,739,2026-04-15 19:19:03.177619,313.81
3426,908,2026-05-05 19:19:03.177619,439.31
3427,616,2026-09-10 19:19:03.177619,354.11
3428,528,2026-07-23 19:19:03.177619,261.38
3429,137,2026-01-22 19:19:03.177619,223.93
3430,301,2026-02-10 19:19:03.177619,205.81
3431,909,2025-10-27 19:19:03.177619,93.73
3432,942,2026-06-30 19:19:03.177619,359.37
3433,191,2026-07-04 19:19:03.177619,350.96
3434,268,2025-11-27 19:19:03.177619,180.92
3435,12,2026-08-01 19:19:03.177619,18.92
3436,48,2026-07-02 19:19:03.177619,311.99
3437,392,2025-10-10 19:19:03.177619,495.72
3438,811,2025-11-03 19:19:03.177619,321.07
3439,898,2026-08-05 19:19:03.177619,120.06
3440,936,2026-02-21 19:19:03.177619,291.79
3441,239,2025-10-02 19:19:03.177619,46.31
3442,376,2026-02-13 19:19:03.177619,209.33
3443,493,2026-05-16 19:19:03.177619,453.89
3444,457,2026-04-26 19:19:03.177619,459.92
3445,811,2026-01-31 19:19:03.177619,484.26
3446,249,2026-09-16 19:19:03.177619,360.15
3447,488,2026-07-15 19:19:03.177619,258.74
3448,984,2026-09-22 19:19:03.177619,153.52
3449,963,2026-09-12 19:19:03.177619,71.74
3450,653,2025-12-30 19:19:03.177619,188.03
3451,894,2026-06-12 19:19:03.177619,299.51
3452,218,2026-09-02 19:19:03.177619,218.74
3453,433,2026-01-02 19:19:03.177619,260.7
3454,196,2025-12-20 19:19:03.177619,214.0
3455,145,2026-09-06 19:19:03.177619,93.0
3456,794,2026-03-16 19:19:03.177619,138.46
3457,573,2026-08-11 19:19:03.177619,273.88
3458,518,2025-10-12 19:19:03.177619,42.63
3459,785,2026-01-14 19:19:03.177619,52.05
3460,987,2025-11-10 19:19:03.177619,31.18
3461,39,2025-12-03 19:19:03.177619,19.4
3462,632,2025-11-07 19:19:03.177619,106.37
3463,928,2025-11-13 19:19:03.177619,181.69
3464,611,2026-08-06 19:19:03.177619,275.52
3465,48,2026-06-14 19:19:03.177619,494.41
3466,334,2026-03-30 19:19:03.177619,335.35
3467,936,2026-07-28 19:19:03.177619,371.89
3468,880,2026-06-25 19:19:03.177619,450.65
3469,866,2025-12-23 19:19:03.177619,107.2
3470,399,2025-12-29 19:19:03.177619,252.79
3471,7,2026-09-05 19:19:03.177619,32.08
3472,273,2026-08-03 19:19:03.177619,281.84
3473,140,2026-09-25 19:19:03.177619,168.63
3474,500,2025-12-27 19:19:03.177619,388.79
3475,32,2026-03-08 19:19:03.177619,241.18
3476,448,2026-06-24 19:19:03.177619,272.06
3477,816,2026-02-17 19:19:03.177619,284.39
3478,762,2026-07-26 19:19:03.177619,293.37
3479,988,2026-01-23 19:19:03.177619,459.94
3480,545,2026-02-03 19:19:03.177619,411.67
3481,534,2026-05-08 19:19:03.178681,469.78
3482,914,2025-12-04 19:19:03.178681,327.49
3483,391,2026-01-26 19:19:03.178681,23.46
3484,933,2026-09-14 19:19:03.178681,249.54
3485,174,2025-11-04 19:19:03.178681,485.24
3486,688,2026-08-29 19:19:03.178681,129.25
3487,659,2026-05-30 19:19:03.178681,302.99
3488,803,2026-06-29 19:19:03.178681,60.76
3489,645,2026-04-13 19:19:03.178681,198.31
3490,520,2026-09-25 19:19:03.178681,344.15
3491,543,2026-08-08 19:19:03.178681,234.05
3492,574,2026-07-01 19:19:03.178681,79.27
3493,154,2025-11-04 19:19:03.178681,85.88
3494,854,2025-11-26 19:19:03.178681,388.51
3495,279,2026-02-16 19:19:03.178681,271.23
3496,508,2025-10-18 19:19:03.178681,375.26
3497,93,2025-11-18 19:19:03.178681,496.38
3498,179,2026-01-22 19:19:03.178681,424.01
3499,603,2026-06-17 19:19:03.178681,317.46
3500,639,2026-01-26 19:19:03.178681,11.1
3501,595,2026-08-16 19:19:03.178681,20.67
3502,150,2026-01-15 19:19:03.178681,220.93
3503,152,2025-12-18 19:19:03.178681,102.84
3504,922,2026-08-11 19:19:03.178681,239.66
3505,159,2025-10-04 19:19:03.178681,428.7
3506,277,2025-10-13 19:19:03.178681,324.83
3507,390,2026-07-23 19:19:03.178681,123.26
3508,540,2026-01-02 19:19:03.178681,97.63
3509,831,2026-09-17 19:19:03.178681,362.83
3510,298,2026-03-01 19:19:03.178681,493.58
3511,985,2025-12-04 19:19:03.178681,81.59
3512,875,2026-04-29 19:19:03.178681,150.19
3513,908,2026-02-01 19:19:03.178681,140.38
3514,288,2026-02-06 19:19:03.178681,61.34
3515,32,2026-01-06 19:19:03.178681,432.06
3516,409,2025-10-02 19:19:03.178681,363.4
3517,365,2026-02-14 19:19:03.178681,42.83
3518,815,2026-07-03 19:19:03.178681,321.6
3519,523,2025-10-16 19:19:03.178681,177.07
3520,267,2026-02-21 19:19:03.178681,218.44
3521,805,2026-03-07 19:19:03.178681,323.63
3522,60,2025-10-21 19:19:03.178681,25.33
3523,192,2025-10-25 19:19:03.178681,185.27
3524,962,2026-02-27 19:19:03.178681,416.21
3525,967,2026-09-01 19:19:03.178681,406.2
3526,251,2026-05-10 19:19:03.178681,268.89
3527,804,2026-02-01 19:19:03.178681,279.37
3528,867,2026-07-29 19:19:03.178681,270.85
3529,216,2026-09-07 19:19:03.178681,255.23
3530,536,2026-03-13 19:19:03.178681,136.37
3531,26,2026-04-18 19:19:03.178681,438.56
3532,744,2025-10-12 19:19:03.178681,399.39
3533,451,2026-09-12 19:19:03.178681,348.36
3534,573,2026-09-30 19:19:03.178681,440.9
3535,931,2025-10-24 19:19:03.178681,136.67
3536,899,2026-06-03 19:19:03.178681,494.09
3537,530,2025-11-09 19:19:03.178681,214.47
3538,671,2026-04-11 19:19:03.178681,483.9
3539,34,2026-05-15 19:19:03.178681,284.47
3540,212,2026-08-16 19:19:03.178681,410.01
3541,506,2026-09-11 19:19:03.178681,135.22
3542,394,2025-10-21 19:19:03.178681,392.2
3543,338,2025-11-26 19:19:03.178681,112.37
3544,849,2026-02-23 19:19:03.178681,246.55
3545,536,2025-12-17 19:19:03.178681,438.76
3546,283,2026-07-01 19:19:03.178681,152.61
3547,450,2026-09-11 19:19:03.178681,19.94
3548,439,2026-09-01 19:19:03.178681,319.8
3549,183,2026-01-14 19:19:03.178681,319.8
3550,598,2025-12-02 19:19:03.178681,168.72
3551,992,2025-10-30 19:19:03.178681,10.6
3552,619,2026-08-26 19:19:03.178681,431.44
3553,249,2026-03-28 19:19:03.178681,356.4
3554,743,2026-05-11 19:19:03.178681,59.55
3555,974,2026-08-01 19:19:03.178681,314.43
3556,754,2026-04-11 19:19:03.178681,426.4
3557,25,2026-08-29 19:19:03.178681,231.97
3558,803,2026-01-15 19:19:03.178681,116.81
3559,257,2026-06-27 19:19:03.178681,299.04
3560,206,2026-03-15 19:19:03.178681,173.2
3561,395,2026-04-26 19:19:03.178681,208.72
3562,733,2026-05-16 19:19:03.178681,247.54
3563,389,2026-04-13 19:19:03.178681,140.54
3564,576,2026-01-31 19:19:03.178681,88.43
3565,602,2026-04-19 19:19:03.178681,314.84
3566,537,2026-05-28 19:19:03.178681,457.09
3567,341,2025-12-26 19:19:03.178681,190.94
3568,433,2026-01-29 19:19:03.178681,299.84
3569,844,2025-11-16 19:19:03.178681,126.65
3570,330,2026-01-01 19:19:03.178681,79.32
3571,845,2026-05-31 19:19:03.178681,436.24
3572,487,2025-10-28 19:19:03.178681,286.62
3573,684,2026-08-25 19:19:03.178681,353.52
3574,927,2025-12-11 19:19:03.178681,176.65
3575,895,2026-03-08 19:19:03.178681,245.3
3576,38,2025-12-17 19:19:03.178681,327.1
3577,731,2026-01-15 19:19:03.178681,77.18
3578,508,2025-12-10 19:19:03.178681,131.02
3579,843,2025-10-05 19:19:03.178681,262.47
3580,161,2026-05-21 19:19:03.178681,82.69
3581,637,2026-08-08 19:19:03.178681,482.04
3582,614,2026-09-13 19:19:03.178681,56.3
3583,342,2025-11-13 19:19:03.178681,292.06
3584,244,2025-12-17 19:19:03.178681,52.62
3585,692,2026-04-05 19:19:03.178681,284.11
3586,786,2026-04-26 19:19:03.178681,95.11
3587,890,2026-09-26 19:19:03.178681,190.33
3588,582,2026-02-10 19:19:03.178681,319.77
3589,599,2026-08-26 19:19:03.178681,278.59
3590,276,2025-11-24 19:19:03.178681,471.36
3591,827,2025-12-07 19:19:03.178681,310.17
3592,970,2026-01-15 19:19:03.178681,153.86
3593,919,2026-03-27 19:19:03.178681,32.36
3594,489,2026-09-23 19:19:03.178681,369.36
3595,642,2026-08-31 19:19:03.178681,124.77
3596,976,2025-10-26 19:19:03.178681,250.84
3597,961,2026-06-09 19:19:03.178681,81.64
3598,679,2025-11-15 19:19:03.178681,101.28
3599,857,2026-02-19 19:19:03.178681,437.05
3600,277,2025-11-30 19:19:03.178681,172.45
3601,266,2025-10-21 19:19:03.178681,55.62
3602,122,2026-02-05 19:19:03.178681,291.57
3603,309,2026-09-22 19:19:03.178681,165.7
3604,202,2026-03-19 19:19:03.178681,167.07
3605,440,2026-03-13 19:19:03.178681,379.96
3606,251,2026-02-21 19:19:03.178681,232.52
3607,6,2026-05-14 19:19:03.178681,353.99
3608,617,2025-11-12 19:19:03.178681,84.12
3609,501,2026-02-01 19:19:03.178681,169.87
3610,274,2026-09-07 19:19:03.178681,182.27
3611,359,2026-01-18 19:19:03.178681,376.62
3612,93,2025-11-21 19:19:03.178681,486.53
3613,809,2025-11-26 19:19:03.178681,65.8
3614,683,2026-09-26 19:19:03.178681,152.02
3615,236,2026-07-16 19:19:03.178681,268.8
3616,780,2026-05-24 19:19:03.178681,209.33
3617,799,2026-09-10 19:19:03.178681,42.68
3618,192,2026-02-16 19:19:03.178681,224.88
3619,68,2026-07-28 19:19:03.178681,66.3
3620,782,2026-05-31 19:19:03.178681,300.46
3621,626,2026-09-16 19:19:03.178681,364.7
3622,185,2026-06-11 19:19:03.178681,112.63
3623,693,2025-12-13 19:19:03.178681,173.05
3624,817,2026-10-01 19:19:03.178681,436.91
3625,146,2026-08-11 19:19:03.178681,195.53
3626,771,2025-12-26 19:19:03.178681,314.88
3627,362,2025-12-27 19:19:03.178681,453.92
3628,668,2026-04-26 19:19:03.178681,368.93
3629,704,2026-01-14 19:19:03.178681,57.73
3630,887,2026-07-26 19:19:03.178681,75.33
3631,808,2025-10-03 19:19:03.178681,451.25
3632,222,2026-03-10 19:19:03.178681,346.14
3633,366,2025-12-28 19:19:03.178681,383.53
3634,732,2025-12-22 19:19:03.178681,116.58
3635,640,2026-02-25 19:19:03.178681,425.16
3636,615,2026-09-10 19:19:03.178681,118.64
3637,933,2026-06-06 19:19:03.178681,460.81
3638,526,2026-06-29 19:19:03.178681,26.37
3639,486,2026-01-12 19:19:03.178681,456.19
3640,274,2026-08-23 19:19:03.178681,489.58
3641,312,2025-12-09 19:19:03.178681,54.62
3642,183,2026-07-14 19:19:03.178681,77.89
3643,261,2026-08-27 19:19:03.178681,368.73
3644,139,2026-03-17 19:19:03.178681,179.64
3645,734,2026-04-23 19:19:03.178681,328.95
3646,598,2026-09-22 19:19:03.178681,192.8
3647,294,2026-07-09 19:19:03.178681,102.4
3648,612,2025-12-28 19:19:03.178681,177.37
3649,555,2025-10-27 19:19:03.178681,288.79
3650,913,2026-01-12 19:19:03.178681,158.88
3651,382,2026-05-25 19:19:03.178681,267.23
3652,370,2025-12-28 19:19:03.178681,396.12
3653,854,2026-05-10 19:19:03.178681,201.15
3654,487,2026-02-22 19:19:03.178681,122.09
3655,456,2026-06-28 19:19:03.178681,485.39
3656,851,2025-11-22 19:19:03.178681,253.19
3657,564,2026-03-14 19:19:03.178681,60.26
3658,600,2025-12-01 19:19:03.178681,472.27
3659,404,2026-05-23 19:19:03.178681,140.22
3660,477,2026-08-06 19:19:03.178681,193.69
3661,384,2026-03-02 19:19:03.178681,196.64
3662,829,2026-08-09 19:19:03.178681,398.06
3663,812,2026-07-09 19:19:03.178681,345.12
3664,994,2026-08-15 19:19:03.178681,61.18
3665,983,2026-04-07 19:19:03.178681,338.56
3666,964,2026-02-11 19:19:03.178681,411.61
3667,516,2026-01-13 19:19:03.178681,95.92
3668,949,2026-07-12 19:19:03.178681,448.79
3669,907,2025-12-15 19:19:03.178681,122.18
3670,299,2026-02-24 19:19:03.178681,130.71
3671,406,2025-12-09 19:19:03.178681,404.86
3672,157,2026-07-29 19:19:03.178681,34.63
3673,183,2025-12-19 19:19:03.178681,366.04
3674,242,2025-10-31 19:19:03.178681,83.72
3675,470,2026-08-05 19:19:03.178681,318.37
3676,263,2026-01-06 19:19:03.178681,352.37
3677,896,2025-12-01 19:19:03.178681,89.44
3678,180,2026-05-11 19:19:03.178681,19.55
3679,726,2025-10-22 19:19:03.178681,189.02
3680,697,2026-05-31 19:19:03.178681,370.24
3681,386,2026-09-21 19:19:03.178681,121.02
3682,728,2026-06-28 19:19:03.178681,189.89
3683,528,2025-11-14 19:19:03.178681,210.36
3684,176,2026-08-30 19:19:03.178681,333.58
3685,158,2026-07-11 19:19:03.178681,430.82
3686,896,2026-05-22 19:19:03.178681,105.25
3687,84,2026-04-20 19:19:03.178681,201.76
3688,566,2026-01-20 19:19:03.178681,11.48
3689,175,2026-09-11 19:19:03.178681,374.56
3690,34,2025-11-27 19:19:03.178681,200.45
3691,507,2026-04-02 19:19:03.178681,131.23
3692,24,2026-02-15 19:19:03.178681,135.65
3693,569,2026-01-18 19:19:03.178681,94.42
3694,131,2026-02-15 19:19:03.178681,345.42
3695,446,2026-03-13 19:19:03.178681,128.39
3696,638,2026-04-02 19:19:03.178681,337.57
3697,169,2025-12-21 19:19:03.178681,123.81
3698,158,2026-04-01 19:19:03.178681,51.44
3699,549,2026-04-26 19:19:03.178681,347.95
3700,841,2026-08-07 19:19:03.178681,331.65
3701,866,2026-06-18 19:19:03.178681,450.59
3702,543,2026-08-09 19:19:03.178681,171.34
3703,66,2026-05-20 19:19:03.178681,97.75
3704,447,2026-08-10 19:19:03.178681,333.73
3705,944,2026-07-20 19:19:03.178681,215.38
3706,357,2026-05-13 19:19:03.178681,410.24
3707,913,2026-02-28 19:19:03.178681,269.32
3708,790,2026-02-07 19:19:03.178681,201.82
3709,380,2025-11-05 19:19:03.178681,328.3
3710,264,2026-05-15 19:19:03.178681,471.0
3711,470,2026-04-20 19:19:03.178681,482.76
3712,418,2025-11-01 19:19:03.178681,33.35
3713,649,2025-12-06 19:19:03.178681,256.77
3714,25,2026-09-02 19:19:03.178681,483.64
3715,352,2026-05-06 19:19:03.178681,336.7
3716,783,2026-07-06 19:19:03.178681,308.24
3717,634,2026-06-09 19:19:03.178681,29.73
3718,718,2026-05-14 19:19:03.178681,250.88
3719,88,2026-02-20 19:19:03.178681,106.18
3720,684,2026-09-05 19:19:03.178681,467.04
3721,679,2025-12-03 19:19:03.178681,276.69
3722,457,2025-10-03 19:19:03.178681,261.36
3723,924,2025-11-11 19:19:03.178681,141.88
3724,231,2026-02-28 19:19:03.178681,64.2
3725,500,2026-04-25 19:19:03.178681,25.19
3726,34,2026-01-18 19:19:03.178681,79.44
3727,911,2025-11-07 19:19:03.178681,143.7
3728,150,2026-01-13 19:19:03.178681,73.02
3729,399,2026-09-12 19:19:03.178681,236.74
3730,41,2026-05-29 19:19:03.178681,331.42
3731,429,2026-01-17 19:19:03.178681,64.84
3732,241,2025-11-17 19:19:03.178681,255.32
3733,497,2026-02-03 19:19:03.178681,18.09
3734,992,2026-08-22 19:19:03.178681,310.53
3735,653,2026-02-28 19:19:03.178681,54.62
3736,95,2025-12-19 19:19:03.178681,87.21
3737,293,2026-07-24 19:19:03.178681,218.57
3738,207,2025-11-20 19:19:03.178681,21.99
3739,868,2026-02-12 19:19:03.178681,192.54
3740,99,2026-09-08 19:19:03.178681,130.26
3741,391,2026-03-11 19:19:03.178681,401.39
3742,783,2025-11-29 19:19:03.178681,307.52
3743,369,2025-11-16 19:19:03.178681,66.46
3744,450,2025-10-08 19:19:03.178681,316.62
3745,779,2026-02-11 19:19:03.178681,116.61
3746,378,2026-08-07 19:19:03.178681,430.81
3747,74,2026-02-17 19:19:03.179615,488.47
3748,665,2025-12-12 19:19:03.179615,78.63
3749,491,2025-10-10 19:19:03.179615,288.82
3750,475,2025-11-10 19:19:03.179615,496.72
3751,364,2026-08-12 19:19:03.179615,113.91
3752,260,2025-10-08 19:19:03.179615,55.11
3753,275,2026-05-20 19:19:03.179615,440.8
3754,703,2026-02-02 19:19:03.179615,377.83
3755,668,2026-09-02 19:19:03.179615,63.79
3756,897,2026-06-05 19:19:03.179615,346.64
3757,256,2025-12-25 19:19:03.179615,335.43
3758,758,2026-01-11 19:19:03.179615,140.32
3759,78,2026-03-17 19:19:03.179615,271.08
3760,213,2025-11-19 19:19:03.179615,133.01
3761,408,2025-10-04 19:19:03.179615,76.03
3762,228,2026-08-30 19:19:03.179615,48.41
3763,864,2026-09-20 19:19:03.179615,292.85
3764,493,2026-02-17 19:19:03.179615,360.28
3765,779,2026-09-14 19:19:03.179615,392.0
3766,617,2026-08-12 19:19:03.179615,35.41
3767,46,2025-10-17 19:19:03.179615,331.47
3768,901,2026-05-30 19:19:03.179615,80.64
3769,182,2025-12-14 19:19:03.179615,438.08
3770,247,2026-07-05 19:19:03.179615,10.84
3771,203,2026-06-14 19:19:03.179615,326.7
3772,472,2025-11-09 19:19:03.179615,63.96
3773,524,2026-03-02 19:19:03.179615,431.88
3774,933,2026-09-07 19:19:03.179615,150.28
3775,873,2026-05-19 19:19:03.179615,328.02
3776,28,2026-07-13 19:19:03.179615,275.79
3777,84,2025-12-01 19:19:03.179615,321.3
3778,720,2026-06-23 19:19:03.179615,317.79
3779,542,2026-08-08 19:19:03.179615,163.28
3780,679,2026-09-03 19:19:03.179615,232.9
3781,720,2026-08-22 19:19:03.179615,44.2
3782,33,2026-07-18 19:19:03.179615,148.46
3783,105,2026-05-14 19:19:03.179615,411.34
3784,150,2026-06-02 19:19:03.179615,276.4
3785,622,2026-07-01 19:19:03.179615,288.4
3786,391,2025-11-27 19:19:03.179615,405.38
3787,636,2025-10-13 19:19:03.179615,317.79
3788,354,2025-12-12 19:19:03.179615,168.2
3789,654,2026-06-25 19:19:03.179615,385.42
3790,677,2026-07-13 19:19:03.179615,408.47
3791,793,2026-03-04 19:19:03.179615,183.53
3792,449,2026-02-06 19:19:03.179615,334.41
3793,1,2026-01-10 19:19:03.179615,476.8
3794,410,2026-09-24 19:19:03.179615,146.54
3795,306,2026-05-23 19:19:03.179615,454.31
3796,796,2026-04-05 19:19:03.179615,136.91
3797,177,2026-08-25 19:19:03.179615,14.93
3798,269,2026-06-19 19:19:03.179615,52.8
3799,11,2026-01-13 19:19:03.179615,72.54
3800,397,2026-07-28 19:19:03.179615,25.87
3801,788,2026-03-20 19:19:03.179615,148.14
3802,310,2026-07-06 19:19:03.179615,187.56
3803,138,2026-05-20 19:19:03.179615,362.65
3804,970,2025-10-15 19:19:03.179615,84.49
3805,244,2026-07-08 19:19:03.179615,386.82
3806,232,2025-11-03 19:19:03.179615,184.42
3807,452,2026-06-02 19:19:03.179615,495.59
3808,20,2026-02-21 19:19:03.179615,466.91
3809,189,2026-04-18 19:19:03.179615,359.9
3810,684,2026-03-05 19:19:03.179615,30.05
3811,747,2026-04-10 19:19:03.179615,447.66
3812,139,2025-11-30 19:19:03.179615,255.09
3813,244,2026-02-28 19:19:03.179615,306.66
3814,465,2026-05-19 19:19:03.179615,32.19
3815,940,2025-12-12 19:19:03.179615,211.74
3816,114,2026-02-23 19:19:03.179615,372.22
3817,863,2026-10-01 19:19:03.179615,262.5
3818,932,2025-12-30 19:19:03.179615,352.19
3819,650,2026-02-22 19:19:03.179615,207.88
3820,197,2026-09-26 19:19:03.179615,39.26
3821,935,2026-05-12 19:19:03.179615,246.54
3822,279,2026-09-25 19:19:03.179615,40.41
3823,17,2025-11-07 19:19:03.179615,158.22
3824,682,2026-07-25 19:19:03.179615,37.57
3825,562,2026-08-18 19:19:03.179615,184.67
3826,844,2026-01-17 19:19:03.179615,138.92
3827,856,2025-12-17 19:19:03.179615,287.74
3828,802,2026-08-04 19:19:03.179615,488.69
3829,500,2026-02-25 19:19:03.179615,443.38
3830,823,2025-10-30 19:19:03.179615,475.21
3831,676,2026-04-13 19:19:03.179615,166.99
3832,607,2025-11-01 19:19:03.179615,13.34
3833,24,2025-10-21 19:19:03.179615,99.42
3834,297,2026-09-30 19:19:03.179615,299.73
3835,158,2026-05-18 19:19:03.179615,313.4
3836,554,2026-01-14 19:19:03.179615,165.08
3837,610,2025-11-06 19:19:03.179615,468.08
3838,795,2026-05-24 19:19:03.179615,111.82
3839,395,2026-05-02 19:19:03.179615,217.85
3840,48,2026-09-21 19:19:03.179615,39.2
3841,269,2026-04-17 19:19:03.179615,476.54
3842,401,2025-12-24 19:19:03.179615,486.43
3843,935,2026-01-21 19:19:03.179615,307.84
3844,273,2025-12-10 19:19:03.179615,192.06
3845,573,2026-07-31 19:19:03.179615,360.8
3846,308,2026-01-29 19:19:03.179615,368.64
3847,992,2026-09-17 19:19:03.179615,437.19
3848,233,2026-03-09 19:19:03.179615,477.11
3849,656,2026-01-30 19:19:03.179615,160.21
3850,453,2025-10-03 19:19:03.179615,252.58
3851,693,2026-08-13 19:19:03.179615,192.93
3852,61,2026-04-29 19:19:03.179615,254.1
3853,504,2026-08-04 19:19:03.179615,75.17
3854,921,2026-04-06 19:19:03.179615,392.29
3855,321,2025-11-20 19:19:03.179615,388.5
3856,971,2026-06-27 19:19:03.179615,394.76
3857,7,2025-10-19 19:19:03.179615,225.52
3858,2,2026-01-30 19:19:03.179615,278.99
3859,86,2026-08-05 19:19:03.179615,92.21
3860,791,2026-07-25 19:19:03.179615,390.56
3861,311,2026-06-27 19:19:03.179615,105.06
3862,389,2026-03-08 19:19:03.179615,262.92
3863,94,2026-05-31 19:19:03.179615,322.41
3864,458,2026-02-09 19:19:03.179615,331.29
3865,780,2025-11-20 19:19:03.179615,171.24
3866,538,2026-09-28 19:19:03.179615,492.17
3867,870,2026-03-11 19:19:03.179615,97.65
3868,644,2026-08-06 19:19:03.179615,228.06
3869,713,2026-05-11 19:19:03.179615,309.96
3870,51,2026-05-27 19:19:03.179615,457.96
3871,574,2026-09-19 19:19:03.179615,173.15
3872,955,2026-08-27 19:19:03.179615,310.68
3873,830,2026-09-23 19:19:03.179615,387.05
3874,5,2025-12-31 19:19:03.179615,162.27
3875,160,2025-10-13 19:19:03.179615,100.43
3876,592,2026-07-25 19:19:03.179615,443.63
3877,495,2026-01-31 19:19:03.179615,241.88
3878,446,2026-05-03 19:19:03.179615,145.58
3879,154,2026-04-16 19:19:03.179615,143.34
3880,333,2026-01-24 19:19:03.179615,465.71
3881,459,2026-03-03 19:19:03.179615,224.41
3882,579,2026-03-02 19:19:03.179615,332.07
3883,711,2026-09-14 19:19:03.179615,272.34
3884,298,2025-12-14 19:19:03.179615,89.78
3885,673,2026-03-23 19:19:03.179615,330.29
3886,387,2026-04-22 19:19:03.179615,208.61
3887,835,2026-04-28 19:19:03.179615,345.46
3888,801,2026-08-23 19:19:03.179615,446.75
3889,820,2026-09-08 19:19:03.179615,278.9
3890,675,2026-03-22 19:19:03.179615,411.33
3891,343,2025-10-02 19:19:03.179615,460.82
3892,717,2026-06-25 19:19:03.179615,351.82
3893,301,2026-04-14 19:19:03.179615,44.74
3894,842,2025-12-16 19:19:03.179615,48.24
3895,861,2026-01-24 19:19:03.179615,161.29
3896,319,2026-04-11 19:19:03.179615,50.13
3897,958,2026-07-25 19:19:03.179615,21.56
3898,279,2025-12-14 19:19:03.179615,495.23
3899,559,2026-03-02 19:19:03.179615,317.35
3900,757,2026-09-19 19:19:03.179615,310.1
3901,400,2026-02-15 19:19:03.179615,346.51
3902,690,2026-08-05 19:19:03.179615,371.67
3903,430,2026-04-21 19:19:03.179615,114.47
3904,826,2025-12-08 19:19:03.179615,350.07
3905,253,2025-11-22 19:19:03.179615,266.22
3906,243,2026-01-24 19:19:03.179615,163.43
3907,94,2026-09-23 19:19:03.179615,54.35
3908,738,2026-09-23 19:19:03.179615,220.04
3909,805,2025-10-08 19:19:03.179615,50.56
3910,264,2026-07-09 19:19:03.179615,264.37
3911,711,2026-04-26 19:19:03.179615,347.29
3912,589,2026-03-05 19:19:03.179615,153.96
3913,474,2026-05-26 19:19:03.179615,257.1
3914,109,2026-08-20 19:19:03.179615,298.06
3915,251,2026-05-20 19:19:03.179615,472.2
3916,202,2026-01-07 19:19:03.179615,366.69
3917,141,2026-01-16 19:19:03.179615,416.93
3918,425,2025-11-11 19:19:03.179615,212.94
3919,971,2025-11-05 19:19:03.179615,29.76
3920,354,2026-03-22 19:19:03.179615,24.78
3921,316,2026-02-17 19:19:03.179615,437.84
3922,82,2026-03-25 19:19:03.179615,399.11
3923,409,2026-07-07 19:19:03.179615,365.82
3924,49,2026-06-09 19:19:03.179615,352.3
3925,761,2026-08-23 19:19:03.179615,150.41
3926,356,2026-07-07 19:19:03.179615,252.53
3927,781,2026-05-10 19:19:03.179615,467.19
3928,850,2025-10-26 19:19:03.179615,244.69
3929,15,2026-01-24 19:19:03.179615,472.38
3930,139,2026-02-23 19:19:03.179615,367.74
3931,752,2026-02-18 19:19:03.179615,469.11
3932,394,2026-02-28 19:19:03.179615,232.68
3933,1,2026-03-04 19:19:03.179615,207.84
3934,307,2026-05-08 19:19:03.179615,251.98
3935,77,2026-03-18 19:19:03.179615,334.05
3936,324,2026-01-29 19:19:03.179615,498.03
3937,664,2026-09-10 19:19:03.179615,269.19
3938,706,2026-09-15 19:19:03.179615,94.93
3939,422,2026-04-08 19:19:03.179615,306.6
3940,702,2026-03-14 19:19:03.179615,203.72
3941,926,2026-01-26 19:19:03.179615,246.55
3942,745,2025-10-22 19:19:03.179615,186.55
3943,667,2026-04-12 19:19:03.179615,269.37
3944,883,2026-08-03 19:19:03.179615,266.84
3945,390,2025-12-09 19:19:03.179615,39.62
3946,581,2025-12-15 19:19:03.179615,135.48
3947,509,2026-03-03 19:19:03.179615,109.05
3948,801,2026-04-30 19:19:03.179615,58.87
3949,768,2026-05-07 19:19:03.179615,449.06
3950,630,2026-07-23 19:19:03.179615,115.34
3951,65,2026-09-14 19:19:03.179615,68.53
3952,951,2026-09-12 19:19:03.179615,443.28
3953,63,2026-07-23 19:19:03.179615,398.84
3954,281,2025-11-07 19:19:03.179615,129.3
3955,580,2026-01-29 19:19:03.179615,128.31
3956,862,2026-01-19 19:19:03.179615,92.68
3957,46,2026-05-21 19:19:03.179615,436.71
3958,649,2026-07-31 19:19:03.179615,248.01
3959,593,2026-05-07 19:19:03.179615,220.85
3960,206,2025-10-31 19:19:03.179615,62.08
3961,126,2026-01-08 19:19:03.179615,31.22
3962,431,2026-01-18 19:19:03.179615,485.87
3963,158,2025-10-26 19:19:03.179615,66.66
3964,811,2026-01-07 19:19:03.179615,343.78
3965,632,2026-06-15 19:19:03.179615,178.37
3966,375,2026-08-30 19:19:03.179615,345.05
3967,644,2026-08-05 19:19:03.179615,329.09
3968,162,2025-12-26 19:19:03.179615,126.75
3969,425,2025-10-14 19:19:03.179615,222.95
3970,561,2026-04-07 19:19:03.179615,497.07
3971,683,2026-07-12 19:19:03.179615,358.72
3972,794,2026-08-01 19:19:03.179615,471.43
3973,169,2026-08-21 19:19:03.179615,357.46
3974,586,2026-07-01 19:19:03.179615,481.75
3975,564,2026-03-11 19:19:03.179615,32.82
3976,360,2026-04-25 19:19:03.179615,109.98
3977,853,2026-05-10 19:19:03.179615,15.18
3978,113,2025-12-29 19:19:03.179615,447.8
3979,710,2026-03-08 19:19:03.179615,495.32
3980,199,2026-03-23 19:19:03.179615,443.95
3981,505,2026-08-19 19:19:03.179615,377.05
3982,787,2026-09-01 19:19:03.179615,212.79
3983,627,2026-03-08 19:19:03.179615,263.74
3984,101,2026-07-30 19:19:03.179615,254.24
3985,994,2025-10-19 19:19:03.179615,165.83
3986,369,2025-10-25 19:19:03.179615,274.71
3987,859,2026-04-12 19:19:03.179615,194.74
3988,592,2026-03-03 19:19:03.179615,265.1
3989,572,2026-01-31 19:19:03.179615,335.03
3990,37,2025-12-18 19:19:03.179615,78.33
3991,510,2026-04-16 19:19:03.179615,100.83
3992,523,2026-08-18 19:19:03.179615,340.4
3993,687,2026-06-20 19:19:03.179615,225.21
3994,183,2026-09-19 19:19:03.179615,196.94
3995,245,2026-04-26 19:19:03.179615,365.34
3996,782,2026-07-22 19:19:03.179615,51.96
3997,954,2026-02-13 19:19:03.179615,345.81
3998,757,2026-09-07 19:19:03.179615,277.11
3999,323,2025-10-31 19:19:03.179615,62.35
4000,840,2026-08-21 19:19:03.179615,283.4
4001,426,2026-07-06 19:19:03.179615,432.41
4002,705,2026-04-03 19:19:03.179615,83.43
4003,35,2025-10-23 19:19:03.179615,235.33
4004,75,2026-02-01 19:19:03.179615,150.95
4005,834,2026-01-27 19:19:03.179615,394.1
4006,766,2026-06-29 19:19:03.179615,499.52
4007,177,2026-08-26 19:19:03.179615,453.06
4008,451,2026-01-31 19:19:03.179615,68.85
4009,180,2025-11-19 19:19:03.179615,27.64
4010,179,2026-04-01 19:19:03.179615,367.88
4011,239,2026-03-20 19:19:03.179615,89.68
4012,293,2026-02-08 19:19:03.179615,31.77
4013,100,2026-04-18 19:19:03.179615,155.26
4014,52,2026-02-18 19:19:03.179615,166.69
4015,599,2026-09-17 19:19:03.179615,444.38
4016,162,2026-05-26 19:19:03.179615,421.21
4017,943,2026-07-15 19:19:03.179615,26.1
4018,137,2026-09-23 19:19:03.179615,105.58
4019,813,2026-05-20 19:19:03.179615,333.59
4020,155,2026-04-15 19:19:03.179615,106.68
4021,291,2026-06-08 19:19:03.179615,451.87
4022,64,2026-10-01 19:19:03.179615,405.24
4023,319,2026-09-10 19:19:03.179615,383.53
4024,367,2026-09-23 19:19:03.179615,12.64
4025,608,2026-08-09 19:19:03.179615,100.62
4026,722,2025-11-13 19:19:03.179615,242.46
4027,428,2026-08-24 19:19:03.179615,58.59
4028,20,2026-06-15 19:19:03.179615,239.23
4029,706,2026-07-19 19:19:03.179615,219.52
4030,168,2026-06-25 19:19:03.179615,68.18
4031,139,2026-09-15 19:19:03.179615,148.88
4032,580,2026-06-03 19:19:03.179615,229.96
4033,132,2026-08-16 19:19:03.179615,246.39
4034,744,2026-02-08 19:19:03.179615,389.65
4035,718,2026-03-15 19:19:03.179615,99.92
4036,919,2026-01-31 19:19:03.179615,180.17
4037,654,2025-12-06 19:19:03.179615,59.33
4038,741,2026-05-14 19:19:03.180618,354.09
4039,563,2026-02-21 19:19:03.180618,32.27
4040,812,2026-09-29 19:19:03.180618,74.21
4041,298,2026-09-15 19:19:03.180618,407.99
4042,350,2025-12-02 19:19:03.180618,400.72
4043,408,2026-01-21 19:19:03.180618,219.5
4044,72,2025-12-22 19:19:03.180618,131.62
4045,644,2026-03-22 19:19:03.180618,393.77
4046,378,2026-09-18 19:19:03.180618,365.96
4047,101,2026-04-28 19:19:03.180618,75.42
4048,257,2026-09-03 19:19:03.180618,385.74
4049,820,2026-03-04 19:19:03.180618,344.45
4050,882,2026-01-26 19:19:03.180618,329.04
4051,300,2026-07-21 19:19:03.180618,155.08
4052,569,2026-03-18 19:19:03.180618,413.94
4053,759,2026-03-17 19:19:03.180618,314.95
4054,336,2026-06-09 19:19:03.180618,34.39
4055,415,2025-12-25 19:19:03.180618,263.79
4056,563,2026-01-06 19:19:03.180618,243.6
4057,972,2026-04-27 19:19:03.180618,406.43
4058,738,2026-03-19 19:19:03.180618,198.65
4059,880,2026-05-10 19:19:03.180618,377.13
4060,867,2025-10-14 19:19:03.180618,327.17
4061,44,2026-08-01 19:19:03.180618,29.81
4062,992,2026-04-07 19:19:03.180618,115.14
4063,779,2026-03-27 19:19:03.180618,285.14
4064,233,2025-10-14 19:19:03.180618,399.98
4065,143,2026-03-23 19:19:03.180618,271.41
4066,418,2025-10-22 19:19:03.180618,155.52
4067,821,2026-08-07 19:19:03.180618,315.5
4068,361,2026-01-27 19:19:03.180618,10.05
4069,733,2026-03-21 19:19:03.180618,431.07
4070,895,2026-02-04 19:19:03.180618,431.79
4071,841,2025-10-26 19:19:03.180618,443.58
4072,207,2026-05-16 19:19:03.180618,66.32
4073,264,2026-07-16 19:19:03.180618,288.57
4074,364,2026-01-08 19:19:03.180618,217.22
4075,428,2026-08-30 19:19:03.180618,32.1
4076,270,2026-02-21 19:19:03.180618,392.11
4077,592,2025-10-23 19:19:03.180618,145.59
4078,649,2025-12-04 19:19:03.180618,158.38
4079,677,2025-12-14 19:19:03.180618,106.62
4080,70,2026-01-27 19:19:03.180618,162.79
4081,753,2026-04-25 19:19:03.180618,165.89
4082,948,2026-05-25 19:19:03.180618,426.14
4083,815,2026-03-27 19:19:03.180618,230.8
4084,843,2026-03-31 19:19:03.180618,223.51
4085,120,2026-08-13 19:19:03.180618,407.54
4086,902,2026-09-16 19:19:03.180618,498.99
4087,150,2026-06-19 19:19:03.180618,398.84
4088,971,2026-06-03 19:19:03.180618,303.14
4089,694,2026-05-27 19:19:03.180618,130.92
4090,646,2026-06-29 19:19:03.180618,191.73
4091,693,2025-11-12 19:19:03.180618,482.57
4092,289,2025-10-14 19:19:03.180618,186.72
4093,620,2026-03-23 19:19:03.180618,96.49
4094,56,2026-05-15 19:19:03.180618,195.85
4095,961,2026-01-15 19:19:03.180618,182.39
4096,228,2026-03-31 19:19:03.180618,209.22
4097,992,2025-11-10 19:19:03.180618,190.23
4098,485,2025-10-05 19:19:03.180618,101.58
4099,852,2026-08-31 19:19:03.180618,99.46
4100,40,2026-05-04 19:19:03.180618,391.56
4101,673,2026-04-14 19:19:03.180618,222.23
4102,340,2025-11-25 19:19:03.180618,350.19
4103,920,2026-05-11 19:19:03.180618,85.63
4104,122,2026-07-19 19:19:03.180618,358.12
4105,237,2025-10-14 19:19:03.180618,427.71
4106,250,2026-07-25 19:19:03.180618,319.85
4107,764,2025-10-14 19:19:03.180618,152.38
4108,682,2026-01-05 19:19:03.180618,366.76
4109,296,2026-07-20 19:19:03.180618,107.17
4110,446,2026-04-04 19:19:03.180618,22.09
4111,631,2026-07-09 19:19:03.180618,295.86
4112,258,2026-02-11 19:19:03.180618,225.35
4113,158,2025-11-16 19:19:03.180618,367.22
4114,193,2026-01-26 19:19:03.180618,266.51
4115,93,2026-07-19 19:19:03.180618,441.51
4116,466,2026-01-03 19:19:03.180618,28.77
4117,502,2026-08-06 19:19:03.180618,404.74
4118,329,2026-07-12 19:19:03.180618,203.48
4119,537,2025-12-14 19:19:03.180618,367.12
4120,118,2025-10-02 19:19:03.180618,326.06
4121,357,2026-03-27 19:19:03.180618,383.65
4122,29,2025-10-19 19:19:03.180618,170.87
4123,731,2025-11-28 19:19:03.180618,355.9
4124,666,2026-08-12 19:19:03.180618,450.01
4125,139,2026-01-01 19:19:03.180618,343.69
4126,166,2026-07-18 19:19:03.180618,194.1
4127,354,2025-11-28 19:19:03.180618,77.99
4128,91,2026-01-24 19:19:03.180618,386.59
4129,449,2025-11-13 19:19:03.180618,108.74
4130,930,2025-11-16 19:19:03.180618,11.77
4131,510,2026-05-22 19:19:03.180618,35.93
4132,195,2026-07-24 19:19:03.180618,242.04
4133,632,2026-01-28 19:19:03.180618,483.49
4134,317,2026-08-02 19:19:03.180618,222.33
4135,976,2025-11-21 19:19:03.180618,222.19
4136,259,2026-02-16 19:19:03.180618,339.98
4137,257,2026-01-10 19:19:03.180618,148.52
4138,983,2026-06-09 19:19:03.180618,362.67
4139,855,2026-07-21 19:19:03.180618,46.97
4140,266,2026-02-17 19:19:03.180618,462.5
4141,541,2026-04-12 19:19:03.180618,231.81
4142,439,2026-08-13 19:19:03.180618,470.8
4143,791,2025-11-05 19:19:03.180618,66.96
4144,276,2025-10-28 19:19:03.180618,455.9
4145,147,2025-11-06 19:19:03.180618,221.59
4146,798,2026-07-17 19:19:03.180618,355.84
4147,379,2026-01-26 19:19:03.180618,421.7
4148,444,2025-11-12 19:19:03.180618,410.73
4149,3,2026-08-03 19:19:03.180618,466.29
4150,183,2026-04-14 19:19:03.180618,414.27
4151,198,2026-05-21 19:19:03.180618,355.16
4152,34,2025-11-22 19:19:03.180618,118.08
4153,458,2025-12-31 19:19:03.180618,36.24
4154,267,2026-02-28 19:19:03.180618,271.16
4155,604,2025-11-19 19:19:03.180618,31.05
4156,600,2025-12-26 19:19:03.180618,175.37
4157,961,2025-12-22 19:19:03.180618,184.55
4158,960,2026-06-27 19:19:03.180618,232.61
4159,724,2026-02-23 19:19:03.180618,105.33
4160,1,2026-08-05 19:19:03.180618,49.25
4161,711,2026-08-10 19:19:03.180618,404.45
4162,318,2025-11-07 19:19:03.180618,400.02
4163,18,2026-05-17 19:19:03.180618,435.58
4164,972,2025-11-12 19:19:03.180618,467.36
4165,840,2026-01-10 19:19:03.180618,255.27
4166,440,2025-10-22 19:19:03.180618,432.33
4167,656,2026-05-06 19:19:03.180618,176.57
4168,47,2025-11-19 19:19:03.180618,454.55
4169,390,2026-01-09 19:19:03.180618,369.04
4170,656,2025-11-26 19:19:03.180618,288.35
4171,17,2025-11-20 19:19:03.180618,440.34
4172,978,2026-08-31 19:19:03.180618,475.3
4173,630,2026-09-12 19:19:03.180618,484.06
4174,657,2026-06-23 19:19:03.180618,278.82
4175,37,2026-05-28 19:19:03.180618,347.58
4176,686,2025-12-23 19:19:03.180618,257.28
4177,583,2025-11-27 19:19:03.180618,352.47
4178,112,2026-09-29 19:19:03.180618,285.61
4179,918,2026-02-11 19:19:03.180618,258.78
4180,891,2026-05-14 19:19:03.180618,490.11
4181,87,2026-08-12 19:19:03.180618,459.61
4182,326,2025-10-19 19:19:03.180618,405.21
4183,410,2026-06-08 19:19:03.180618,141.6
4184,11,2026-08-05 19:19:03.180618,260.53
4185,847,2025-12-05 19:19:03.180618,24.74
4186,366,2026-04-28 19:19:03.180618,211.78
4187,976,2026-01-18 19:19:03.180618,404.1
4188,756,2025-10-26 19:19:03.180618,492.26
4189,869,2025-12-15 19:19:03.180618,187.88
4190,137,2026-07-21 19:19:03.180618,177.35
4191,337,2026-07-11 19:19:03.180618,53.93
4192,647,2026-07-09 19:19:03.180618,314.03
4193,870,2026-01-04 19:19:03.180618,493.5
4194,212,2025-10-30 19:19:03.180618,408.6
4195,854,2026-03-13 19:19:03.180618,333.62
4196,864,2026-01-26 19:19:03.180618,21.55
4197,255,2026-06-27 19:19:03.180618,293.6
4198,984,2026-06-04 19:19:03.180618,454.17
4199,121,2026-05-24 19:19:03.180618,395.67
4200,626,2026-06-06 19:19:03.180618,92.82
4201,336,2026-02-01 19:19:03.180618,422.06
4202,981,2026-03-15 19:19:03.180618,472.62
4203,885,2025-12-07 19:19:03.180618,230.4
4204,35,2026-05-29 19:19:03.180618,439.5
4205,67,2026-05-19 19:19:03.180618,162.66
4206,267,2025-12-22 19:19:03.180618,119.34
4207,668,2026-08-04 19:19:03.180618,319.53
4208,754,2026-09-15 19:19:03.180618,50.32
4209,606,2026-02-09 19:19:03.180618,298.02
4210,794,2026-07-19 19:19:03.180618,210.6
4211,707,2026-01-01 19:19:03.180618,91.2
4212,79,2026-08-23 19:19:03.180618,234.23
4213,848,2026-04-12 19:19:03.180618,91.24
4214,256,2026-07-10 19:19:03.180618,257.69
4215,709,2026-01-11 19:19:03.180618,74.68
4216,73,2026-01-18 19:19:03.180618,465.21
4217,542,2026-09-29 19:19:03.180618,135.91
4218,78,2026-08-26 19:19:03.180618,493.07
4219,470,2026-08-27 19:19:03.180618,449.2
4220,609,2026-01-17 19:19:03.180618,444.32
4221,641,2026-04-09 19:19:03.180618,334.97
4222,190,2026-03-13 19:19:03.180618,295.66
4223,415,2026-03-10 19:19:03.180618,310.96
4224,979,2026-06-19 19:19:03.180618,149.63
4225,353,2026-03-23 19:19:03.180618,201.13
4226,404,2026-01-08 19:19:03.180618,374.59
4227,915,2025-12-05 19:19:03.180618,160.25
4228,920,2026-07-16 19:19:03.180618,451.39
4229,996,2026-03-29 19:19:03.180618,194.71
4230,245,2026-04-14 19:19:03.180618,151.09
4231,631,2026-06-16 19:19:03.180618,252.75
4232,129,2026-08-27 19:19:03.180618,148.4
4233,164,2026-06-02 19:19:03.180618,67.39
4234,361,2026-06-11 19:19:03.180618,189.18
4235,767,2025-10-10 19:19:03.180618,178.69
4236,733,2025-10-28 19:19:03.180618,348.13
4237,701,2026-09-18 19:19:03.180618,373.42
4238,934,2025-12-11 19:19:03.180618,24.48
4239,344,2026-04-01 19:19:03.180618,81.24
4240,123,2025-10-14 19:19:03.180618,65.99
4241,341,2026-03-03 19:19:03.180618,418.51
4242,878,2026-08-24 19:19:03.180618,474.11
4243,606,2025-10-04 19:19:03.180618,96.68
4244,95,2025-12-31 19:19:03.180618,439.29
4245,359,2026-01-11 19:19:03.180618,365.61
4246,102,2026-03-16 19:19:03.180618,341.47
4247,53,2026-03-25 19:19:03.180618,253.71
4248,847,2026-02-16 19:19:03.180618,313.53
4249,434,2026-03-29 19:19:03.180618,305.95
4250,635,2026-05-31 19:19:03.180618,331.62
4251,905,2026-03-06 19:19:03.180618,423.73
4252,486,2026-07-10 19:19:03.180618,297.45
4253,662,2026-04-14 19:19:03.180618,381.3
4254,922,2026-03-30 19:19:03.180618,451.26
4255,189,2026-09-23 19:19:03.180618,61.98
4256,300,2026-01-15 19:19:03.180618,295.45
4257,35,2026-09-20 19:19:03.180618,212.36
4258,350,2026-02-23 19:19:03.180618,45.63
4259,145,2026-05-06 19:19:03.180618,123.71
4260,826,2025-11-26 19:19:03.180618,72.03
4261,188,2025-12-02 19:19:03.180618,377.91
4262,240,2026-09-29 19:19:03.180618,456.05
4263,289,2026-01-26 19:19:03.180618,254.64
4264,415,2026-08-31 19:19:03.180618,214.67
4265,107,2026-09-09 19:19:03.180618,265.22
4266,25,2026-03-14 19:19:03.180618,227.97
4267,686,2025-10-29 19:19:03.180618,335.52
4268,414,2026-06-26 19:19:03.180618,424.15
4269,872,2026-04-13 19:19:03.180618,282.76
4270,921,2026-04-17 19:19:03.180618,484.43
4271,599,2026-02-20 19:19:03.180618,44.1
4272,28,2026-02-08 19:19:03.180618,296.36
4273,476,2026-05-10 19:19:03.180618,122.43
4274,66,2025-12-23 19:19:03.180618,330.44
4275,77,2026-02-04 19:19:03.180618,383.77
4276,104,2026-08-02 19:19:03.180618,285.76
4277,651,2026-06-10 19:19:03.180618,183.33
4278,472,2025-11-12 19:19:03.180618,487.2
4279,416,2025-11-21 19:19:03.180618,161.31
4280,367,2026-03-13 19:19:03.180618,286.66
4281,524,2026-01-03 19:19:03.180618,394.27
4282,966,2025-11-29 19:19:03.180618,305.27
4283,828,2026-02-01 19:19:03.180618,464.61
4284,557,2026-02-12 19:19:03.180618,18.04
4285,71,2026-05-04 19:19:03.180618,386.88
4286,998,2026-03-06 19:19:03.180618,128.13
4287,403,2026-07-01 19:19:03.180618,222.82
4288,943,2025-12-03 19:19:03.180618,446.83
4289,805,2026-05-31 19:19:03.180618,381.84
4290,152,2026-04-14 19:19:03.180618,321.66
4291,446,2026-03-07 19:19:03.180618,422.43
4292,852,2026-05-22 19:19:03.180618,269.02
4293,876,2025-10-17 19:19:03.180618,165.13
4294,815,2026-03-07 19:19:03.180618,398.2
4295,786,2025-12-01 19:19:03.180618,334.41
4296,440,2026-04-13 19:19:03.180618,25.82
4297,701,2025-11-18 19:19:03.180618,70.84
4298,246,2026-04-24 19:19:03.180618,467.06
4299,663,2025-11-29 19:19:03.180618,16.28
4300,921,2026-09-16 19:19:03.180618,322.71
4301,362,2026-07-16 19:19:03.180618,289.43
4302,248,2026-04-19 19:19:03.180618,121.34
4303,393,2026-01-15 19:19:03.180618,437.58
4304,382,2025-10-23 19:19:03.180618,435.84
4305,110,2026-09-01 19:19:03.180618,122.57
4306,347,2026-08-25 19:19:03.180618,480.96
4307,762,2026-01-04 19:19:03.180618,203.49
4308,90,2026-02-28 19:19:03.180618,181.13
4309,561,2026-05-26 19:19:03.180618,206.23
4310,134,2025-10-26 19:19:03.180618,379.45
4311,389,2026-05-30 19:19:03.180618,180.61
4312,518,2026-08-06 19:19:03.180618,443.98
4313,389,2026-03-05 19:19:03.180618,187.62
4314,557,2026-06-23 19:19:03.180618,316.23
4315,87,2026-08-01 19:19:03.180618,58.1
4316,967,2025-12-07 19:19:03.180618,147.11
4317,156,2026-03-01 19:19:03.180618,291.1
4318,65,2026-04-30 19:19:03.180618,234.81
4319,25,2026-07-21 19:19:03.180618,193.29
4320,272,2026-02-22 19:19:03.180618,242.09
4321,537,2026-03-15 19:19:03.180618,307.97
4322,910,2026-06-05 19:19:03.180618,277.35
4323,791,2025-10-29 19:19:03.180618,113.32
4324,903,2026-01-26 19:19:03.180618,269.41
4325,391,2025-12-03 19:19:03.180618,316.32
4326,275,2026-08-06 19:19:03.180618,363.46
4327,220,2025-10-19 19:19:03.180618,199.05
4328,163,2026-03-03 19:19:03.180618,13.41
4329,262,2025-12-27 19:19:03.180618,322.93
4330,923,2026-04-13 19:19:03.180618,32.87
4331,954,2026-07-25 19:19:03.180618,323.1
4332,293,2026-07-07 19:19:03.180618,412.14
4333,134,2026-09-12 19:19:03.180618,386.98
4334,683,2026-06-14 19:19:03.180618,214.74
4335,32,2026-09-30 19:19:03.180618,466.85
4336,869,2025-11-01 19:19:03.180618,387.63
4337,975,2026-01-16 19:19:03.180618,49.54
4338,73,2025-11-30 19:19:03.180618,394.92
4339,225,2026-01-25 19:19:03.180618,328.79
4340,166,2026-02-04 19:19:03.181661,335.7
4341,666,2026-06-26 19:19:03.181661,450.13
4342,592,2026-01-31 19:19:03.181661,344.22
4343,258,2026-05-25 19:19:03.181661,342.28
4344,752,2025-12-12 19:19:03.181661,51.71
4345,939,2026-01-06 19:19:03.181661,496.67
4346,630,2026-01-23 19:19:03.181661,54.51
4347,512,2026-03-02 19:19:03.181661,238.01
4348,92,2026-01-23 19:19:03.181661,133.69
4349,31,2026-03-09 19:19:03.181661,436.13
4350,741,2026-06-29 19:19:03.181661,55.94
4351,741,2026-06-18 19:19:03.181661,200.89
4352,442,2026-05-25 19:19:03.181661,49.21
4353,211,2026-08-24 19:19:03.181661,457.95
4354,529,2025-12-12 19:19:03.181661,119.0
4355,118,2025-12-28 19:19:03.181661,372.82
4356,60,2026-07-08 19:19:03.181661,167.14
4357,712,2025-11-13 19:19:03.181661,438.7
4358,352,2025-10-26 19:19:03.181661,283.76
4359,77,2026-03-25 19:19:03.181661,494.76
4360,858,2026-06-07 19:19:03.181661,186.51
4361,534,2026-08-31 19:19:03.181661,269.54
4362,418,2026-08-20 19:19:03.181661,168.98
4363,775,2026-08-12 19:19:03.181661,366.97
4364,924,2025-12-17 19:19:03.181661,131.06
4365,417,2025-11-21 19:19:03.181661,390.35
4366,964,2026-05-25 19:19:03.181661,234.81
4367,935,2026-06-26 19:19:03.181661,83.97
4368,217,2026-08-07 19:19:03.181661,468.04
4369,572,2026-04-09 19:19:03.181661,370.87
4370,712,2026-04-01 19:19:03.181661,149.68
4371,624,2025-11-22 19:19:03.181661,13.27
4372,264,2026-09-25 19:19:03.181661,179.64
4373,824,2026-05-02 19:19:03.181661,431.42
4374,243,2026-03-18 19:19:03.181661,111.48
4375,125,2026-06-30 19:19:03.181661,386.24
4376,245,2026-03-09 19:19:03.181661,29.56
4377,608,2026-05-28 19:19:03.181661,84.09
4378,935,2025-12-09 19:19:03.181661,344.27
4379,961,2026-08-15 19:19:03.181661,397.12
4380,301,2025-12-05 19:19:03.181661,108.94
4381,398,2026-02-19 19:19:03.181661,137.12
4382,918,2026-05-22 19:19:03.181661,263.17
4383,473,2026-06-21 19:19:03.181661,419.24
4384,409,2026-04-04 19:19:03.181661,378.9
4385,112,2026-07-17 19:19:03.181661,46.9
4386,961,2026-09-06 19:19:03.181661,444.04
4387,434,2025-10-12 19:19:03.181661,440.4
4388,962,2026-08-16 19:19:03.181661,280.25
4389,155,2026-01-14 19:19:03.181661,81.43
4390,766,2026-01-04 19:19:03.181661,270.85
4391,783,2026-09-15 19:19:03.181661,139.19
4392,264,2026-05-07 19:19:03.181661,261.54
4393,510,2026-03-30 19:19:03.181661,375.2
4394,951,2026-06-20 19:19:03.181661,406.28
4395,183,2026-06-16 19:19:03.181661,411.67
4396,576,2026-02-08 19:19:03.181661,81.58
4397,836,2026-03-31 19:19:03.181661,224.89
4398,741,2026-06-29 19:19:03.181661,88.71
4399,580,2026-04-27 19:19:03.181661,465.86
4400,910,2025-10-18 19:19:03.181661,264.97
4401,12,2026-05-18 19:19:03.181661,487.4
4402,514,2025-12-03 19:19:03.181661,68.4
4403,550,2026-03-31 19:19:03.181661,171.53
4404,689,2025-10-11 19:19:03.181661,408.94
4405,940,2026-07-18 19:19:03.181661,301.58
4406,615,2026-02-07 19:19:03.181661,485.74
4407,174,2026-07-09 19:19:03.181661,164.59
4408,555,2026-01-03 19:19:03.181661,20.47
4409,861,2026-02-12 19:19:03.181661,435.08
4410,995,2026-01-21 19:19:03.181661,99.34
4411,192,2026-02-13 19:19:03.181661,47.59
4412,443,2026-03-13 19:19:03.181661,255.4
4413,95,2026-08-05 19:19:03.181661,300.43
4414,477,2025-12-16 19:19:03.181661,311.51
4415,707,2026-07-09 19:19:03.181661,239.71
4416,573,2026-05-12 19:19:03.181661,479.94
4417,4,2026-02-16 19:19:03.181661,123.54
4418,356,2026-04-14 19:19:03.181661,20.56
4419,159,2026-01-08 19:19:03.181661,308.52
4420,598,2025-10-08 19:19:03.181661,306.12
4421,126,2025-10-31 19:19:03.181661,278.71
4422,420,2026-03-02 19:19:03.181661,129.88
4423,786,2026-05-21 19:19:03.181661,219.05
4424,17,2026-07-23 19:19:03.181661,126.97
4425,205,2025-11-06 19:19:03.181661,486.85
4426,174,2025-12-01 19:19:03.181661,193.6
4427,365,2026-08-14 19:19:03.181661,134.66
4428,139,2025-12-22 19:19:03.181661,432.23
4429,122,2026-08-18 19:19:03.181661,111.2
4430,732,2026-01-13 19:19:03.181661,211.74
4431,978,2025-11-06 19:19:03.181661,21.85
4432,74,2026-02-13 19:19:03.181661,332.17
4433,667,2025-10-04 19:19:03.181661,491.17
4434,894,2025-10-15 19:19:03.181661,399.99
4435,626,2026-09-08 19:19:03.181661,231.76
4436,269,2026-04-15 19:19:03.181661,404.08
4437,107,2026-02-12 19:19:03.181661,159.32
4438,930,2025-10-21 19:19:03.181661,370.96
4439,437,2025-10-28 19:19:03.181661,284.01
4440,856,2026-07-13 19:19:03.181661,51.74
4441,391,2025-11-06 19:19:03.181661,339.28
4442,266,2026-01-08 19:19:03.181661,109.65
4443,840,2025-10-23 19:19:03.181661,179.08
4444,831,2026-06-14 19:19:03.181661,476.03
4445,597,2026-07-16 19:19:03.181661,122.8
4446,476,2026-06-08 19:19:03.181661,432.11
4447,75,2026-07-20 19:19:03.181661,346.11
4448,8,2026-09-22 19:19:03.181661,457.74
4449,308,2026-07-12 19:19:03.181661,203.06
4450,700,2026-01-28 19:19:03.181661,71.57
4451,935,2026-07-01 19:19:03.181661,326.49
4452,785,2026-08-04 19:19:03.181661,391.94
4453,43,2026-09-27 19:19:03.181661,68.88
4454,272,2026-05-08 19:19:03.181661,232.13
4455,56,2026-09-18 19:19:03.181661,285.19
4456,410,2025-11-16 19:19:03.181661,59.35
4457,723,2026-06-25 19:19:03.181661,209.72
4458,392,2026-02-27 19:19:03.181661,309.53
4459,90,2025-12-13 19:19:03.181661,370.84
4460,35,2025-10-22 19:19:03.181661,94.52
4461,491,2026-07-27 19:19:03.181661,295.39
4462,319,2025-12-13 19:19:03.181661,348.15
4463,23,2025-10-15 19:19:03.181661,118.35
4464,876,2026-05-15 19:19:03.181661,200.35
4465,610,2026-05-25 19:19:03.181661,266.06
4466,253,2025-12-26 19:19:03.181661,163.76
4467,554,2026-09-16 19:19:03.181661,392.81
4468,940,2026-02-02 19:19:03.181661,216.32
4469,243,2026-09-16 19:19:03.181661,249.94
4470,649,2026-03-31 19:19:03.181661,424.44
4471,561,2025-10-18 19:19:03.181661,429.76
4472,884,2026-07-23 19:19:03.181661,199.71
4473,904,2025-10-29 19:19:03.181661,481.45
4474,451,2026-08-06 19:19:03.181661,419.39
4475,774,2026-02-20 19:19:03.181661,458.39
4476,22,2026-06-04 19:19:03.181661,51.14
4477,493,2026-03-13 19:19:03.181661,159.65
4478,19,2026-08-18 19:19:03.181661,264.94
4479,381,2026-06-15 19:19:03.181661,310.87
4480,691,2026-05-08 19:19:03.181661,83.76
4481,152,2025-12-13 19:19:03.181661,315.93
4482,828,2026-07-18 19:19:03.181661,48.37
4483,438,2026-05-29 19:19:03.181661,349.55
4484,684,2026-05-20 19:19:03.181661,205.16
4485,205,2025-10-25 19:19:03.181661,298.45
4486,892,2026-09-26 19:19:03.181661,478.75
4487,867,2026-08-15 19:19:03.181661,126.36
4488,40,2026-01-12 19:19:03.181661,371.55
4489,429,2026-01-20 19:19:03.181661,110.29
4490,443,2026-09-12 19:19:03.181661,57.22
4491,285,2026-03-10 19:19:03.181661,151.54
4492,314,2026-02-22 19:19:03.181661,15.97
4493,777,2025-11-26 19:19:03.181661,238.2
4494,294,2025-10-10 19:19:03.181661,380.49
4495,205,2025-12-26 19:19:03.181661,398.0
4496,873,2026-05-04 19:19:03.181661,237.98
4497,707,2026-06-07 19:19:03.181661,63.16
4498,315,2025-12-15 19:19:03.181661,464.99
4499,931,2026-05-06 19:19:03.181661,332.02
4500,525,2026-09-16 19:19:03.181661,429.0
4501,977,2026-02-16 19:19:03.181661,488.19
4502,611,2026-03-10 19:19:03.181661,52.94
4503,984,2026-02-27 19:19:03.181661,415.41
4504,381,2025-11-19 19:19:03.181661,378.49
4505,224,2026-09-17 19:19:03.181661,185.87
4506,718,2025-10-16 19:19:03.181661,242.83
4507,153,2026-09-04 19:19:03.181661,408.31
4508,614,2025-10-30 19:19:03.181661,17.9
4509,89,2025-10-05 19:19:03.181661,294.05
4510,96,2026-03-15 19:19:03.181661,191.75
4511,182,2025-11-24 19:19:03.181661,35.75
4512,120,2026-03-26 19:19:03.181661,479.52
4513,526,2026-08-12 19:19:03.181661,39.59
4514,103,2025-11-12 19:19:03.181661,283.16
4515,999,2026-01-24 19:19:03.181661,461.6
4516,933,2026-01-09 19:19:03.181661,61.57
4517,476,2026-01-14 19:19:03.181661,410.7
4518,560,2025-11-15 19:19:03.181661,292.01
4519,3,2026-07-23 19:19:03.181661,86.8
4520,784,2026-05-17 19:19:03.181661,377.41
4521,431,2025-11-22 19:19:03.181661,128.06
4522,831,2026-01-01 19:19:03.181661,352.99
4523,671,2025-11-22 19:19:03.181661,118.93
4524,550,2026-08-20 19:19:03.181661,254.24
4525,139,2025-11-07 19:19:03.181661,176.83
4526,799,2026-04-13 19:19:03.181661,69.12
4527,353,2026-09-30 19:19:03.181661,11.73
4528,20,2025-11-09 19:19:03.181661,413.61
4529,711,2025-10-24 19:19:03.181661,48.89
4530,296,2026-05-16 19:19:03.181661,382.52
4531,363,2026-04-14 19:19:03.181661,333.31
4532,758,2026-09-25 19:19:03.181661,83.91
4533,90,2026-02-06 19:19:03.181661,391.71
4534,597,2026-05-25 19:19:03.181661,429.61
4535,815,2026-07-07 19:19:03.181661,259.55
4536,625,2025-12-16 19:19:03.181661,59.98
4537,925,2026-08-01 19:19:03.181661,72.94
4538,38,2026-05-30 19:19:03.181661,189.43
4539,134,2026-06-22 19:19:03.181661,30.77
4540,380,2026-04-28 19:19:03.181661,195.31
4541,155,2026-05-29 19:19:03.181661,353.04
4542,110,2026-07-24 19:19:03.181661,106.15
4543,377,2026-09-04 19:19:03.181661,39.64
4544,64,2026-08-09 19:19:03.181661,48.28
4545,939,2026-05-28 19:19:03.181661,141.99
4546,328,2026-01-12 19:19:03.181661,166.75
4547,699,2026-05-18 19:19:03.181661,391.42
4548,886,2026-03-10 19:19:03.181661,449.69
4549,285,2026-07-13 19:19:03.181661,335.55
4550,494,2026-05-07 19:19:03.181661,242.78
4551,73,2025-11-22 19:19:03.181661,335.95
4552,897,2025-10-11 19:19:03.181661,442.8
4553,901,2026-06-12 19:19:03.181661,258.62
4554,282,2026-08-12 19:19:03.181661,385.39
4555,417,2026-07-17 19:19:03.181661,424.71
4556,99,2026-02-18 19:19:03.181661,287.09
4557,600,2026-05-28 19:19:03.181661,221.12
4558,943,2026-01-22 19:19:03.181661,180.33
4559,711,2026-08-18 19:19:03.181661,413.19
4560,309,2026-05-24 19:19:03.181661,131.6
4561,354,2025-12-01 19:19:03.181661,159.41
4562,209,2026-06-08 19:19:03.181661,138.24
4563,814,2026-08-15 19:19:03.181661,405.54
4564,231,2026-09-08 19:19:03.181661,84.32
4565,562,2026-09-12 19:19:03.181661,201.99
4566,468,2025-11-22 19:19:03.181661,170.59
4567,921,2026-04-14 19:19:03.181661,106.79
4568,745,2026-05-19 19:19:03.181661,209.02
4569,287,2025-12-04 19:19:03.181661,110.26
4570,815,2026-03-09 19:19:03.181661,303.86
4571,875,2026-07-15 19:19:03.181661,408.61
4572,318,2026-01-25 19:19:03.181661,182.46
4573,856,2026-02-04 19:19:03.181661,387.45
4574,119,2026-05-03 19:19:03.181661,383.68
4575,767,2026-04-25 19:19:03.181661,61.86
4576,962,2025-11-13 19:19:03.181661,444.93
4577,129,2026-03-11 19:19:03.181661,322.32
4578,526,2026-03-23 19:19:03.181661,314.57
4579,149,2026-06-12 19:19:03.181661,308.52
4580,186,2025-10-24 19:19:03.181661,271.12
4581,32,2026-06-29 19:19:03.181661,347.73
4582,584,2026-07-21 19:19:03.181661,140.44
4583,34,2026-03-10 19:19:03.181661,182.14
4584,644,2026-02-09 19:19:03.181661,418.24
4585,838,2026-09-20 19:19:03.181661,188.13
4586,188,2025-11-26 19:19:03.181661,125.16
4587,850,2026-03-20 19:19:03.181661,452.03
4588,713,2026-02-15 19:19:03.181661,326.71
4589,226,2025-11-25 19:19:03.181661,332.82
4590,445,2026-01-03 19:19:03.181661,313.21
4591,700,2026-06-13 19:19:03.181661,185.67
4592,627,2025-10-10 19:19:03.181661,374.85
4593,904,2026-06-27 19:19:03.181661,222.67
4594,853,2026-05-06 19:19:03.181661,107.12
4595,669,2025-11-04 19:19:03.181661,490.6
4596,370,2026-08-01 19:19:03.181661,422.75
4597,332,2026-09-29 19:19:03.181661,48.0
4598,333,2026-07-06 19:19:03.181661,123.91
4599,768,2026-06-01 19:19:03.181661,425.71
4600,986,2026-09-05 19:19:03.181661,161.22
4601,674,2026-07-31 19:19:03.181661,345.07
4602,911,2026-07-17 19:19:03.181661,470.2
4603,305,2026-05-20 19:19:03.181661,56.97
4604,995,2026-05-09 19:19:03.181661,294.75
4605,852,2026-07-03 19:19:03.181661,305.85
4606,276,2026-07-28 19:19:03.181661,329.33
4607,639,2025-10-14 19:19:03.181661,199.74
4608,989,2026-06-11 19:19:03.181661,43.79
4609,768,2026-02-05 19:19:03.181661,149.21
4610,853,2025-11-11 19:19:03.181661,56.47
4611,541,2026-01-23 19:19:03.181661,296.59
4612,238,2026-08-24 19:19:03.181661,82.0
4613,334,2025-11-16 19:19:03.181661,402.87
4614,365,2026-05-03 19:19:03.181661,382.1
4615,588,2025-10-05 19:19:03.181661,147.9
4616,222,2026-08-25 19:19:03.181661,137.07
4617,154,2026-08-31 19:19:03.181661,273.83
4618,920,2026-02-15 19:19:03.181661,37.7
4619,544,2026-08-14 19:19:03.181661,245.87
4620,508,2025-11-25 19:19:03.181661,280.11
4621,67,2026-09-26 19:19:03.181661,258.1
4622,636,2026-07-17 19:19:03.181661,383.41
4623,27,2025-11-18 19:19:03.181661,303.48
4624,881,2026-05-15 19:19:03.181661,429.14
4625,299,2026-07-07 19:19:03.181661,221.53
4626,998,2026-04-14 19:19:03.181661,307.83
4627,30,2026-01-17 19:19:03.181661,62.51
4628,366,2026-05-10 19:19:03.181661,367.8
4629,968,2026-08-08 19:19:03.181661,447.39
4630,262,2026-03-16 19:19:03.181661,127.26
4631,997,2026-09-29 19:19:03.181661,99.86
4632,91,2025-12-21 19:19:03.181661,224.42
4633,175,2026-04-04 19:19:03.181661,38.67
4634,606,2025-12-21 19:19:03.181661,303.87
4635,915,2025-12-23 19:19:03.181661,429.27
4636,392,2026-03-14 19:19:03.181661,63.81
4637,242,2026-01-08 19:19:03.182675,265.24
4638,400,2025-11-08 19:19:03.182675,443.18
4639,886,2026-03-30 19:19:03.182675,137.48
4640,307,2026-09-15 19:19:03.182675,293.96
4641,741,2025-12-20 19:19:03.182675,217.61
4642,58,2026-05-22 19:19:03.182675,381.83
4643,57,2026-08-04 19:19:03.182675,425.38
4644,320,2026-07-30 19:19:03.182675,333.03
4645,230,2026-08-30 19:19:03.182675,193.24
4646,911,2026-03-10 19:19:03.182675,68.84
4647,135,2026-09-05 19:19:03.182675,437.7
4648,633,2026-04-02 19:19:03.182675,202.87
4649,884,2025-11-14 19:19:03.182675,475.65
4650,682,2025-12-21 19:19:03.182675,97.04
4651,763,2026-07-17 19:19:03.182675,11.34
4652,95,2026-07-29 19:19:03.182675,226.86
4653,443,2026-06-14 19:19:03.182675,102.98
4654,131,2026-08-13 19:19:03.182675,202.18
4655,965,2025-11-30 19:19:03.182675,434.01
4656,180,2026-04-29 19:19:03.182675,44.95
4657,705,2026-07-03 19:19:03.182675,180.92
4658,950,2026-03-31 19:19:03.182675,123.81
4659,592,2025-12-30 19:19:03.182675,461.41
4660,233,2026-07-09 19:19:03.182675,91.62
4661,669,2026-02-26 19:19:03.182675,76.65
4662,162,2026-04-02 19:19:03.182675,496.02
4663,811,2026-05-20 19:19:03.182675,19.65
4664,74,2025-11-03 19:19:03.182675,436.37
4665,942,2026-04-24 19:19:03.182675,225.82
4666,217,2025-11-16 19:19:03.182675,482.34
4667,637,2026-05-01 19:19:03.182675,405.84
4668,372,2026-04-15 19:19:03.182675,442.97
4669,35,2026-05-08 19:19:03.182675,95.56
4670,478,2026-05-15 19:19:03.182675,382.93
4671,546,2026-06-27 19:19:03.182675,23.3
4672,914,2026-08-01 19:19:03.182675,270.45
4673,16,2026-04-15 19:19:03.182675,451.22
4674,753,2026-02-17 19:19:03.182675,233.3
4675,6,2025-12-27 19:19:03.182675,94.27
4676,446,2026-01-06 19:19:03.182675,132.04
4677,952,2026-09-21 19:19:03.182675,53.4
4678,28,2025-10-31 19:19:03.182675,14.54
4679,604,2025-10-28 19:19:03.182675,78.13
4680,47,2026-01-14 19:19:03.182675,371.83
4681,50,2026-05-10 19:19:03.182675,357.78
4682,614,2026-07-20 19:19:03.182675,50.49
4683,571,2026-04-30 19:19:03.182675,142.33
4684,29,2026-05-26 19:19:03.182675,439.57
4685,627,2026-05-26 19:19:03.182675,349.69
4686,741,2026-08-27 19:19:03.182675,80.99
4687,158,2026-05-22 19:19:03.182675,476.5
4688,143,2026-06-20 19:19:03.182675,93.3
4689,629,2025-11-28 19:19:03.182675,451.07
4690,583,2025-11-08 19:19:03.182675,233.09
4691,947,2026-09-15 19:19:03.182675,439.42
4692,537,2025-12-12 19:19:03.182675,194.53
4693,124,2026-08-16 19:19:03.182675,411.85
4694,383,2025-11-24 19:19:03.182675,162.86
4695,229,2026-03-20 19:19:03.182675,11.19
4696,27,2026-05-26 19:19:03.182675,135.89
4697,153,2026-01-22 19:19:03.182675,306.87
4698,135,2026-01-23 19:19:03.182675,339.47
4699,564,2026-05-17 19:19:03.182675,125.2
4700,395,2026-08-29 19:19:03.182675,12.66
4701,205,2026-08-24 19:19:03.182675,363.83
4702,62,2025-10-16 19:19:03.182675,313.75
4703,845,2026-03-15 19:19:03.182675,20.01
4704,503,2026-05-16 19:19:03.182675,355.64
4705,650,2025-12-10 19:19:03.182675,337.13
4706,264,2026-05-27 19:19:03.182675,236.57
4707,536,2026-06-20 19:19:03.182675,27.77
4708,635,2026-02-27 19:19:03.182675,49.48
4709,819,2026-07-25 19:19:03.182675,271.6
4710,675,2026-03-29 19:19:03.182675,494.19
4711,896,2026-03-17 19:19:03.182675,263.8
4712,420,2026-06-20 19:19:03.182675,265.81
4713,44,2026-04-04 19:19:03.182675,337.02
4714,216,2026-04-27 19:19:03.182675,355.56
4715,6,2026-03-04 19:19:03.182675,250.25
4716,297,2025-11-03 19:19:03.182675,61.51
4717,626,2026-02-23 19:19:03.182675,323.24
4718,48,2025-12-16 19:19:03.182675,482.79
4719,783,2026-02-19 19:19:03.182675,116.72
4720,218,2026-04-29 19:19:03.182675,330.03
4721,817,2026-03-17 19:19:03.182675,91.95
4722,797,2026-08-01 19:19:03.182675,462.0
4723,224,2026-03-08 19:19:03.182675,355.38
4724,686,2026-06-18 19:19:03.182675,391.15
4725,136,2026-04-28 19:19:03.182675,186.62
4726,852,2026-09-30 19:19:03.182675,24.0
4727,503,2025-12-03 19:19:03.182675,286.16
4728,284,2026-01-09 19:19:03.182675,373.16
4729,630,2026-04-11 19:19:03.182675,271.05
4730,66,2025-10-30 19:19:03.182675,309.92
4731,69,2026-04-22 19:19:03.182675,30.11
4732,710,2025-12-04 19:19:03.182675,81.56
4733,264,2025-10-31 19:19:03.182675,28.22
4734,930,2025-10-17 19:19:03.182675,228.12
4735,911,2025-12-03 19:19:03.182675,300.59
4736,408,2026-03-22 19:19:03.182675,438.52
4737,686,2026-09-16 19:19:03.182675,103.59
4738,711,2026-04-30 19:19:03.182675,19.01
4739,309,2026-07-28 19:19:03.182675,58.29
4740,559,2026-08-01 19:19:03.182675,325.64
4741,145,2026-03-16 19:19:03.182675,246.49
4742,182,2025-10-30 19:19:03.182675,490.21
4743,406,2026-09-30 19:19:03.182675,244.32
4744,819,2026-06-20 19:19:03.182675,344.72
4745,277,2025-11-08 19:19:03.182675,63.6
4746,25,2025-10-13 19:19:03.182675,469.12
4747,918,2026-08-10 19:19:03.182675,420.96
4748,644,2026-04-25 19:19:03.182675,201.69
4749,661,2026-01-14 19:19:03.182675,171.5
4750,8,2025-11-02 19:19:03.182675,182.91
4751,474,2026-01-28 19:19:03.182675,371.68
4752,174,2025-11-17 19:19:03.182675,62.48
4753,845,2026-08-31 19:19:03.182675,342.85
4754,886,2026-07-27 19:19:03.182675,445.78
4755,433,2025-12-28 19:19:03.182675,111.31
4756,557,2026-02-26 19:19:03.182675,143.31
4757,729,2025-10-03 19:19:03.182675,479.5
4758,69,2025-10-06 19:19:03.182675,354.08
4759,91,2025-11-02 19:19:03.182675,416.8
4760,812,2025-10-07 19:19:03.182675,498.47
4761,151,2026-05-05 19:19:03.182675,278.54
4762,350,2026-04-19 19:19:03.182675,75.75
4763,746,2026-03-01 19:19:03.182675,363.96
4764,180,2026-02-17 19:19:03.182675,112.31
4765,692,2026-07-08 19:19:03.182675,423.2
4766,323,2026-05-10 19:19:03.182675,413.95
4767,619,2026-10-01 19:19:03.182675,337.03
4768,211,2026-04-15 19:19:03.182675,429.36
4769,467,2025-12-11 19:19:03.182675,245.64
4770,486,2025-10-08 19:19:03.182675,236.38
4771,210,2026-06-20 19:19:03.182675,127.53
4772,535,2026-03-07 19:19:03.182675,88.64
4773,724,2025-11-17 19:19:03.182675,478.97
4774,766,2026-04-15 19:19:03.182675,219.17
4775,543,2026-04-25 19:19:03.182675,63.53
4776,213,2026-05-28 19:19:03.182675,15.05
4777,446,2026-01-29 19:19:03.182675,323.52
4778,61,2025-10-09 19:19:03.182675,277.36
4779,992,2026-07-17 19:19:03.182675,457.25
4780,814,2026-05-06 19:19:03.182675,450.56
4781,576,2025-11-27 19:19:03.182675,84.73
4782,874,2026-05-17 19:19:03.182675,396.61
4783,860,2025-11-23 19:19:03.182675,380.22
4784,67,2026-02-21 19:19:03.182675,58.1
4785,764,2026-03-20 19:19:03.182675,232.63
4786,769,2026-09-21 19:19:03.182675,77.06
4787,460,2025-11-01 19:19:03.182675,375.75
4788,387,2026-04-06 19:19:03.182675,347.54
4789,254,2026-02-16 19:19:03.182675,404.32
4790,342,2026-02-07 19:19:03.182675,493.89
4791,809,2026-02-17 19:19:03.182675,56.57
4792,114,2025-11-13 19:19:03.182675,219.66
4793,550,2025-12-30 19:19:03.182675,241.59
4794,989,2025-12-29 19:19:03.182675,156.07
4795,412,2025-10-15 19:19:03.182675,214.54
4796,597,2025-11-08 19:19:03.182675,310.05
4797,330,2026-01-11 19:19:03.182675,322.91
4798,1,2025-12-18 19:19:03.182675,208.54
4799,106,2026-07-20 19:19:03.182675,320.15
4800,837,2026-07-12 19:19:03.182675,493.95
4801,753,2026-09-23 19:19:03.182675,333.78
4802,722,2026-05-04 19:19:03.182675,354.82
4803,296,2025-12-29 19:19:03.182675,322.79
4804,912,2026-08-18 19:19:03.182675,97.9
4805,116,2026-09-22 19:19:03.182675,451.26
4806,95,2026-01-10 19:19:03.182675,237.83
4807,590,2026-07-29 19:19:03.182675,222.96
4808,177,2026-06-07 19:19:03.182675,402.88
4809,438,2026-02-28 19:19:03.182675,362.48
4810,113,2026-06-28 19:19:03.182675,15.23
4811,736,2025-12-14 19:19:03.182675,115.43
4812,819,2026-07-05 19:19:03.182675,185.75
4813,272,2026-08-04 19:19:03.182675,176.96
4814,661,2026-08-02 19:19:03.182675,313.41
4815,320,2026-09-01 19:19:03.182675,401.47
4816,999,2025-11-29 19:19:03.182675,388.28
4817,775,2026-03-08 19:19:03.182675,486.2
4818,435,2026-07-09 19:19:03.182675,313.86
4819,417,2026-02-15 19:19:03.182675,140.93
4820,577,2026-01-25 19:19:03.182675,163.48
4821,256,2025-11-12 19:19:03.182675,422.05
4822,180,2026-05-24 19:19:03.182675,263.24
4823,896,2026-09-29 19:19:03.182675,307.04
4824,636,2026-09-09 19:19:03.182675,159.59
4825,530,2026-06-19 19:19:03.182675,116.05
4826,572,2026-09-04 19:19:03.182675,268.36
4827,61,2026-07-14 19:19:03.182675,374.36
4828,835,2026-07-09 19:19:03.182675,309.42
4829,402,2026-05-30 19:19:03.182675,72.17
4830,212,2026-05-12 19:19:03.182675,323.95
4831,921,2026-03-07 19:19:03.182675,27.69
4832,263,2026-05-01 19:19:03.182675,328.33
4833,563,2025-10-23 19:19:03.182675,172.97
4834,597,2026-05-30 19:19:03.182675,201.84
4835,374,2026-06-11 19:19:03.182675,232.23
4836,83,2025-10-12 19:19:03.182675,64.89
4837,158,2025-12-20 19:19:03.182675,122.76
4838,556,2026-04-21 19:19:03.182675,149.24
4839,183,2026-08-12 19:19:03.182675,60.92
4840,13,2025-12-24 19:19:03.182675,406.98
4841,25,2026-02-14 19:19:03.182675,294.87
4842,630,2026-04-01 19:19:03.182675,217.67
4843,300,2026-07-17 19:19:03.182675,121.32
4844,843,2026-09-11 19:19:03.182675,482.04
4845,347,2026-04-24 19:19:03.182675,396.11
4846,2,2026-06-07 19:19:03.182675,201.45
4847,501,2026-02-23 19:19:03.182675,284.89
4848,380,2026-02-15 19:19:03.182675,360.14
4849,544,2025-12-24 19:19:03.182675,83.28
4850,571,2025-12-21 19:19:03.182675,59.49
4851,721,2026-08-24 19:19:03.182675,270.26
4852,600,2026-03-10 19:19:03.182675,83.04
4853,48,2026-08-17 19:19:03.182675,319.0
4854,524,2026-01-13 19:19:03.182675,217.39
4855,150,2026-08-26 19:19:03.182675,256.08
4856,996,2025-10-04 19:19:03.182675,121.96
4857,792,2026-06-13 19:19:03.182675,486.0
4858,277,2026-03-06 19:19:03.182675,167.79
4859,691,2026-06-07 19:19:03.182675,142.55
4860,505,2026-07-23 19:19:03.182675,442.24
4861,772,2026-07-18 19:19:03.182675,450.46
4862,45,2025-10-18 19:19:03.182675,21.34
4863,873,2026-08-22 19:19:03.182675,431.48
4864,715,2026-07-29 19:19:03.182675,83.58
4865,516,2026-03-05 19:19:03.182675,253.96
4866,606,2026-07-22 19:19:03.182675,75.67
4867,209,2026-09-06 19:19:03.182675,174.01
4868,389,2026-05-31 19:19:03.182675,40.2
4869,605,2025-11-21 19:19:03.182675,112.78
4870,304,2025-12-30 19:19:03.182675,27.59
4871,350,2025-10-16 19:19:03.182675,208.96
4872,774,2026-09-06 19:19:03.182675,384.92
4873,273,2026-01-11 19:19:03.182675,224.75
4874,639,2025-11-25 19:19:03.182675,131.51
4875,105,2026-07-10 19:19:03.182675,73.51
4876,747,2026-01-09 19:19:03.182675,123.77
4877,98,2026-09-13 19:19:03.182675,340.98
4878,30,2026-04-08 19:19:03.182675,450.42
4879,663,2026-01-18 19:19:03.182675,216.6
4880,690,2026-06-14 19:19:03.182675,464.49
4881,221,2026-04-06 19:19:03.182675,444.85
4882,386,2026-02-04 19:19:03.182675,265.37
4883,20,2026-01-30 19:19:03.182675,128.22
4884,921,2026-07-29 19:19:03.182675,250.22
4885,184,2026-05-04 19:19:03.182675,312.29
4886,717,2026-09-09 19:19:03.182675,61.45
4887,791,2026-06-12 19:19:03.182675,400.16
4888,519,2025-12-21 19:19:03.182675,254.63
4889,601,2026-09-11 19:19:03.182675,183.68
4890,555,2026-08-25 19:19:03.182675,107.37
4891,777,2026-06-03 19:19:03.182675,319.99
4892,641,2026-04-30 19:19:03.182675,258.18
4893,421,2025-11-16 19:19:03.182675,173.79
4894,55,2026-06-17 19:19:03.182675,131.66
4895,594,2025-10-25 19:19:03.182675,86.57
4896,156,2025-10-27 19:19:03.182675,374.22
4897,859,2026-05-12 19:19:03.182675,250.89
4898,349,2026-07-24 19:19:03.182675,253.17
4899,286,2025-10-08 19:19:03.182675,487.72
4900,278,2026-05-10 19:19:03.182675,360.86
4901,216,2026-08-15 19:19:03.182675,201.82
4902,716,2026-07-17 19:19:03.182675,343.39
4903,253,2026-02-23 19:19:03.182675,425.66
4904,363,2026-04-13 19:19:03.183620,340.1
4905,361,2026-02-17 19:19:03.183620,484.63
4906,889,2025-11-21 19:19:03.183620,56.84
4907,282,2026-09-08 19:19:03.183620,342.86
4908,230,2025-12-07 19:19:03.183620,58.92
4909,30,2026-08-18 19:19:03.183620,274.0
4910,572,2026-05-21 19:19:03.183620,412.87
4911,544,2026-03-30 19:19:03.183620,379.8
4912,952,2026-01-31 19:19:03.183620,178.49
4913,406,2025-10-09 19:19:03.183620,66.68
4914,320,2026-03-15 19:19:03.183620,86.08
4915,838,2026-07-23 19:19:03.183620,215.57
4916,731,2026-09-03 19:19:03.183620,102.9
4917,853,2026-05-14 19:19:03.183620,306.38
4918,234,2026-02-05 19:19:03.183620,214.71
4919,520,2026-06-05 19:19:03.183620,427.93
4920,840,2026-01-31 19:19:03.183620,275.83
4921,556,2026-07-04 19:19:03.183620,161.98
4922,453,2026-08-13 19:19:03.183620,467.32
4923,414,2026-04-16 19:19:03.183620,265.5
4924,375,2025-10-11 19:19:03.183620,92.29
4925,662,2026-04-23 19:19:03.183620,385.01
4926,76,2026-05-11 19:19:03.183620,337.37
4927,390,2026-04-06 19:19:03.183620,296.97
4928,878,2025-10-20 19:19:03.183620,353.31
4929,700,2026-08-23 19:19:03.183620,58.57
4930,100,2026-03-11 19:19:03.183620,431.02
4931,248,2026-02-24 19:19:03.183620,134.4
4932,150,2026-04-30 19:19:03.183620,225.36
4933,751,2026-02-20 19:19:03.183620,482.96
4934,990,2026-04-18 19:19:03.183620,330.77
4935,649,2025-10-09 19:19:03.183620,175.52
4936,395,2026-05-05 19:19:03.183620,354.69
4937,474,2025-11-07 19:19:03.183620,369.08
4938,479,2026-07-31 19:19:03.183620,181.39
4939,225,2026-06-29 19:19:03.183620,144.95
4940,93,2026-03-08 19:19:03.183620,221.87
4941,410,2025-11-09 19:19:03.183620,387.7
4942,617,2026-06-17 19:19:03.183620,181.55
4943,189,2026-09-08 19:19:03.183620,499.9
4944,143,2025-12-02 19:19:03.183620,101.53
4945,686,2026-03-05 19:19:03.183620,131.91
4946,904,2026-03-03 19:19:03.183620,215.53
4947,353,2026-05-19 19:19:03.183620,258.29
4948,138,2026-06-06 19:19:03.183620,169.89
4949,263,2026-05-07 19:19:03.183620,290.97
4950,695,2026-03-22 19:19:03.183620,376.71
4951,420,2026-07-03 19:19:03.183620,443.07
4952,116,2026-06-25 19:19:03.183620,262.24
4953,801,2026-09-22 19:19:03.183620,302.7
4954,50,2025-10-03 19:19:03.183620,156.05
4955,503,2025-11-11 19:19:03.183620,51.16
4956,779,2026-01-20 19:19:03.183620,370.38
4957,22,2025-11-15 19:19:03.183620,142.47
4958,11,2026-09-05 19:19:03.183620,395.8
4959,587,2026-03-16 19:19:03.183620,135.71
4960,685,2026-06-14 19:19:03.183620,434.02
4961,723,2026-02-18 19:19:03.183620,347.1
4962,666,2026-01-20 19:19:03.183620,405.93
4963,773,2025-10-23 19:19:03.183620,385.71
4964,365,2025-11-16 19:19:03.183620,186.85
4965,941,2026-03-16 19:19:03.183620,155.94
4966,806,2026-02-19 19:19:03.183620,235.54
4967,124,2025-12-26 19:19:03.183620,22.55
4968,348,2026-06-22 19:19:03.183620,112.67
4969,942,2026-06-26 19:19:03.183620,193.57
4970,638,2026-03-11 19:19:03.183620,236.13
4971,521,2025-11-19 19:19:03.183620,33.49
4972,842,2026-09-25 19:19:03.183620,149.3
4973,811,2025-10-31 19:19:03.183620,355.57
4974,867,2025-11-28 19:19:03.183620,479.51
4975,966,2026-08-22 19:19:03.183620,496.16
4976,841,2026-07-30 19:19:03.183620,275.35
4977,544,2026-05-10 19:19:03.183620,123.46
4978,22,2026-08-26 19:19:03.183620,284.01
4979,532,2026-04-19 19:19:03.183620,92.09
4980,622,2025-10-13 19:19:03.183620,55.67
4981,395,2026-05-04 19:19:03.183620,182.69
4982,16,2026-07-08 19:19:03.183620,17.14
4983,883,2025-10-06 19:19:03.183620,213.31
4984,617,2026-02-14 19:19:03.183620,129.07
4985,594,2025-10-04 19:19:03.183620,305.15
4986,393,2025-11-26 19:19:03.183620,165.03
4987,469,2025-11-11 19:19:03.183620,27.07
4988,823,2026-09-30 19:19:03.183620,323.58
4989,350,2026-02-20 19:19:03.183620,252.82
4990,97,2025-10-10 19:19:03.183620,287.85
4991,453,2026-08-04 19:19:03.183620,345.66
4992,721,2026-07-14 19:19:03.183620,338.25
4993,665,2026-05-15 19:19:03.183620,275.3
4994,654,2026-07-06 19:19:03.183620,276.49
4995,380,2026-02-17 19:19:03.183620,73.66
4996,826,2025-12-01 19:19:03.183620,89.35
4997,653,2025-10-21 19:19:03.183620,60.79
4998,521,2025-12-24 19:19:03.183620,177.23
4999,771,2026-09-02 19:19:03.183620,190.35
5000,519,2026-09-05 19:19:03.183620,152.94
5001,829,2025-11-25 19:19:03.183620,190.32
5002,937,2025-10-21 19:19:03.183620,335.52
5003,344,2026-06-30 19:19:03.183620,75.5
5004,277,2026-01-29 19:19:03.183620,171.28
5005,415,2026-04-29 19:19:03.183620,15.39
5006,591,2025-11-15 19:19:03.183620,84.11
5007,82,2026-01-12 19:19:03.183620,12.98
5008,928,2026-04-30 19:19:03.183620,287.89
5009,589,2026-04-17 19:19:03.183620,446.07
5010,31,2026-02-07 19:19:03.183620,322.43
5011,956,2026-06-14 19:19:03.183620,219.39
5012,772,2026-07-27 19:19:03.183620,114.98
5013,300,2025-12-11 19:19:03.183620,223.3
5014,387,2026-08-08 19:19:03.183620,341.55
5015,852,2026-02-11 19:19:03.183620,25.22
5016,753,2025-10-09 19:19:03.183620,473.92
5017,440,2025-10-30 19:19:03.183620,188.56
5018,57,2026-08-28 19:19:03.183620,191.73
5019,849,2025-10-07 19:19:03.183620,474.94
5020,236,2025-12-03 19:19:03.183620,228.66
5021,734,2026-04-17 19:19:03.183620,264.51
5022,856,2025-10-17 19:19:03.183620,256.35
5023,806,2026-08-07 19:19:03.183620,146.99
5024,548,2026-04-26 19:19:03.183620,337.76
5025,468,2026-05-07 19:19:03.183620,20.23
5026,865,2026-05-10 19:19:03.183620,440.72
5027,998,2026-07-29 19:19:03.183620,426.44
5028,993,2025-12-01 19:19:03.183620,483.41
5029,210,2026-06-20 19:19:03.183620,357.31
5030,944,2026-03-21 19:19:03.183620,484.48
5031,319,2025-12-25 19:19:03.183620,40.48
5032,678,2026-03-31 19:19:03.183620,263.73
5033,20,2026-01-01 19:19:03.183620,133.14
5034,93,2026-02-05 19:19:03.183620,315.54
5035,238,2026-06-20 19:19:03.183620,442.27
5036,294,2025-10-08 19:19:03.183620,260.17
5037,449,2025-10-21 19:19:03.183620,29.63
5038,135,2026-08-14 19:19:03.183620,180.96
5039,572,2026-07-08 19:19:03.183620,166.64
5040,392,2026-06-21 19:19:03.183620,441.7
5041,73,2026-01-09 19:19:03.183620,209.58
5042,28,2026-07-13 19:19:03.183620,379.56
5043,829,2026-08-29 19:19:03.183620,321.8
5044,421,2026-09-21 19:19:03.183620,250.24
5045,740,2026-01-21 19:19:03.183620,472.87
5046,679,2026-06-07 19:19:03.183620,356.6
5047,355,2026-03-30 19:19:03.183620,90.16
5048,875,2026-06-05 19:19:03.183620,205.36
5049,284,2026-08-10 19:19:03.183620,197.19
5050,718,2025-10-07 19:19:03.183620,265.27
5051,52,2026-05-19 19:19:03.183620,490.03
5052,47,2026-01-09 19:19:03.183620,96.86
5053,277,2026-01-06 19:19:03.183620,174.41
5054,452,2026-04-12 19:19:03.183620,302.34
5055,734,2026-02-23 19:19:03.183620,269.42
5056,774,2026-08-25 19:19:03.183620,237.59
5057,750,2026-07-13 19:19:03.183620,242.79
5058,839,2026-01-23 19:19:03.183620,97.86
5059,743,2026-06-05 19:19:03.183620,459.97
5060,76,2026-10-01 19:19:03.183620,401.07
5061,583,2025-10-15 19:19:03.183620,229.21
5062,74,2026-08-11 19:19:03.183620,216.1
5063,264,2026-09-16 19:19:03.183620,350.45
5064,290,2026-04-12 19:19:03.183620,243.19
5065,64,2025-10-04 19:19:03.183620,74.01
5066,38,2026-03-23 19:19:03.183620,337.0
5067,253,2025-12-03 19:19:03.183620,338.17
5068,973,2026-09-03 19:19:03.183620,71.76
5069,279,2026-05-20 19:19:03.183620,75.15
5070,975,2026-05-22 19:19:03.183620,68.37
5071,230,2026-07-18 19:19:03.183620,229.18
5072,604,2026-03-25 19:19:03.183620,164.21
5073,344,2026-02-05 19:19:03.183620,344.33
5074,353,2026-09-28 19:19:03.183620,31.17
5075,960,2026-09-02 19:19:03.183620,343.52
5076,767,2026-02-18 19:19:03.183620,296.43
5077,322,2026-05-04 19:19:03.183620,11.13
5078,359,2026-04-11 19:19:03.183620,64.1
5079,945,2026-05-30 19:19:03.183620,281.55
5080,296,2026-08-04 19:19:03.183620,264.95
5081,556,2026-06-14 19:19:03.183620,59.22
5082,924,2026-06-10 19:19:03.183620,87.2
5083,211,2025-12-05 19:19:03.183620,52.29
5084,923,2026-06-15 19:19:03.183620,376.35
5085,39,2025-12-24 19:19:03.183620,423.74
5086,701,2026-08-09 19:19:03.183620,126.21
5087,695,2026-04-17 19:19:03.183620,140.2
5088,566,2026-09-28 19:19:03.183620,353.27
5089,969,2025-11-30 19:19:03.183620,150.14
5090,914,2026-04-14 19:19:03.183620,389.79
5091,496,2026-08-27 19:19:03.183620,268.16
5092,215,2026-08-22 19:19:03.183620,86.25
5093,849,2026-01-18 19:19:03.183620,328.25
5094,530,2026-08-02 19:19:03.183620,153.27
5095,807,2026-03-28 19:19:03.183620,160.23
5096,332,2025-12-28 19:19:03.183620,384.46
5097,273,2026-04-22 19:19:03.183620,286.84
5098,732,2026-03-13 19:19:03.183620,257.19
5099,667,2025-12-08 19:19:03.183620,469.08
5100,187,2026-04-19 19:19:03.183620,356.14
5101,470,2026-09-20 19:19:03.183620,99.88
5102,841,2026-09-01 19:19:03.183620,441.46
5103,786,2026-02-10 19:19:03.183620,329.86
5104,95,2026-02-09 19:19:03.183620,486.2
5105,308,2026-03-24 19:19:03.183620,381.05
5106,684,2026-09-23 19:19:03.183620,396.24
5107,358,2026-04-11 19:19:03.183620,309.07
5108,710,2026-09-11 19:19:03.183620,138.55
5109,905,2025-12-09 19:19:03.183620,401.97
5110,955,2026-07-14 19:19:03.183620,101.13
5111,384,2026-01-05 19:19:03.183620,343.95
5112,882,2026-01-16 19:19:03.183620,397.81
5113,749,2026-09-14 19:19:03.183620,410.26
5114,792,2026-08-20 19:19:03.183620,115.56
5115,782,2026-04-06 19:19:03.183620,128.78
5116,132,2025-10-31 19:19:03.183620,66.07
5117,128,2026-06-12 19:19:03.183620,149.81
5118,118,2026-08-22 19:19:03.183620,48.43
5119,424,2026-06-24 19:19:03.183620,138.18
5120,319,2025-10-04 19:19:03.183620,227.41
5121,789,2025-10-15 19:19:03.183620,76.57
5122,635,2025-12-10 19:19:03.183620,340.1
5123,484,2026-09-25 19:19:03.183620,359.68
5124,509,2026-02-07 19:19:03.183620,383.41
5125,349,2026-04-13 19:19:03.183620,215.6
5126,265,2026-03-20 19:19:03.183620,63.07
5127,673,2026-05-28 19:19:03.183620,389.31
5128,658,2025-12-14 19:19:03.183620,294.95
5129,890,2025-11-15 19:19:03.183620,429.38
5130,345,2025-10-29 19:19:03.183620,201.55
5131,564,2026-07-01 19:19:03.183620,216.66
5132,675,2026-02-21 19:19:03.183620,375.18
5133,842,2026-08-28 19:19:03.183620,125.45
5134,922,2026-03-09 19:19:03.183620,339.32
5135,913,2026-04-08 19:19:03.183620,345.58
5136,931,2026-04-22 19:19:03.183620,186.63
5137,705,2026-06-17 19:19:03.183620,33.08
5138,250,2025-11-07 19:19:03.183620,189.92
5139,428,2026-09-24 19:19:03.183620,198.67
5140,64,2025-11-16 19:19:03.183620,452.45
5141,58,2026-08-17 19:19:03.183620,470.22
5142,438,2026-06-02 19:19:03.183620,161.4
5143,194,2025-10-28 19:19:03.183620,408.27
5144,621,2026-08-08 19:19:03.183620,226.28
5145,889,2026-08-21 19:19:03.183620,333.76
5146,817,2026-08-30 19:19:03.183620,17.83
5147,927,2026-04-11 19:19:03.183620,354.39
5148,792,2026-01-18 19:19:03.183620,47.49
5149,885,2025-10-18 19:19:03.183620,349.2
5150,847,2026-03-25 19:19:03.183620,82.24
5151,135,2026-09-09 19:19:03.183620,109.54
5152,21,2026-02-19 19:19:03.183620,250.19
5153,933,2025-10-08 19:19:03.183620,396.73
5154,493,2025-11-06 19:19:03.183620,473.86
5155,972,2026-05-26 19:19:03.183620,30.71
5156,849,2026-05-11 19:19:03.183620,322.89
5157,737,2026-01-19 19:19:03.183620,472.09
5158,619,2025-10-09 19:19:03.183620,287.95
5159,59,2026-01-29 19:19:03.183620,355.28
5160,378,2025-12-19 19:19:03.183620,68.58
5161,310,2026-04-29 19:19:03.183620,109.98
5162,580,2025-10-14 19:19:03.183620,436.67
5163,986,2026-04-08 19:19:03.183620,385.99
5164,770,2026-05-12 19:19:03.183620,153.37
5165,494,2025-12-13 19:19:03.183620,139.77
5166,675,2026-09-27 19:19:03.183620,106.21
5167,184,2026-04-06 19:19:03.183620,417.54
5168,910,2026-09-20 19:19:03.183620,38.26
5169,956,2026-05-07 19:19:03.183620,104.97
5170,836,2026-08-05 19:19:03.183620,285.63
5171,730,2025-10-09 19:19:03.183620,453.56
5172,330,2026-02-26 19:19:03.183620,45.79
5173,414,2025-11-14 19:19:03.183620,372.68
5174,338,2026-02-06 19:19:03.183620,172.56
5175,751,2026-04-30 19:19:03.183620,286.57
5176,624,2026-01-13 19:19:03.183620,180.33
5177,383,2026-07-11 19:19:03.183620,352.69
5178,240,2026-01-18 19:19:03.183620,270.55
5179,607,2026-04-29 19:19:03.183620,161.83
5180,323,2026-02-12 19:19:03.183620,39.08
5181,90,2025-11-05 19:19:03.183620,285.16
5182,881,2026-06-30 19:19:03.183620,94.83
5183,513,2026-09-15 19:19:03.183620,362.41
5184,883,2025-10-12 19:19:03.183620,469.61
5185,149,2025-12-10 19:19:03.183620,458.08
5186,344,2026-02-21 19:19:03.183620,220.48
5187,914,2026-03-31 19:19:03.183620,406.63
5188,993,2025-12-23 19:19:03.183620,238.31
5189,141,2025-12-24 19:19:03.183620,202.9
5190,535,2026-08-03 19:19:03.183620,42.3
5191,268,2026-01-23 19:19:03.183620,348.17
5192,943,2026-09-23 19:19:03.183620,201.55
5193,777,2025-12-08 19:19:03.183620,356.81
5194,519,2026-01-10 19:19:03.184624,458.6
5195,210,2026-04-18 19:19:03.184624,70.52
5196,563,2026-03-04 19:19:03.184624,322.16
5197,4,2025-12-18 19:19:03.184624,137.82
5198,703,2025-12-04 19:19:03.184624,143.88
5199,674,2026-05-07 19:19:03.184624,293.39
5200,102,2025-12-29 19:19:03.184624,333.8
5201,806,2025-12-04 19:19:03.184624,105.31
5202,224,2026-02-18 19:19:03.184624,70.98
5203,795,2026-02-14 19:19:03.184624,499.14
5204,183,2025-12-18 19:19:03.184624,88.21
5205,700,2025-12-07 19:19:03.184624,234.16
5206,393,2026-04-27 19:19:03.184624,92.33
5207,37,2026-05-08 19:19:03.184624,347.81
5208,919,2026-02-15 19:19:03.184624,463.86
5209,426,2026-07-30 19:19:03.184624,311.2
5210,448,2026-09-26 19:19:03.184624,103.51
5211,23,2026-05-12 19:19:03.184624,342.88
5212,583,2026-01-16 19:19:03.184624,82.91
5213,535,2026-07-06 19:19:03.184624,417.82
5214,666,2026-07-29 19:19:03.184624,485.0
5215,228,2026-05-17 19:19:03.184624,182.64
5216,822,2026-06-30 19:19:03.184624,153.9
5217,516,2025-10-14 19:19:03.184624,139.65
5218,393,2025-12-12 19:19:03.184624,235.79
5219,327,2026-05-30 19:19:03.184624,202.37
5220,934,2026-05-22 19:19:03.184624,327.34
5221,166,2026-07-19 19:19:03.184624,238.44
5222,307,2026-06-04 19:19:03.184624,273.62
5223,565,2026-04-08 19:19:03.184624,130.04
5224,435,2026-07-10 19:19:03.184624,237.4
5225,230,2026-08-23 19:19:03.184624,236.59
5226,22,2026-03-15 19:19:03.184624,43.74
5227,693,2026-09-20 19:19:03.184624,489.25
5228,194,2026-05-16 19:19:03.184624,33.64
5229,660,2026-06-24 19:19:03.184624,256.13
5230,667,2026-02-28 19:19:03.184624,157.04
5231,59,2025-12-03 19:19:03.184624,420.16
5232,638,2026-04-24 19:19:03.184624,323.62
5233,83,2026-02-12 19:19:03.184624,330.29
5234,376,2026-04-21 19:19:03.184624,272.62
5235,81,2026-07-28 19:19:03.184624,16.15
5236,396,2025-12-12 19:19:03.184624,135.13
5237,519,2026-07-29 19:19:03.184624,167.15
5238,887,2025-12-25 19:19:03.184624,139.67
5239,847,2025-10-08 19:19:03.184624,492.18
5240,442,2026-05-24 19:19:03.184624,168.92
5241,680,2026-09-19 19:19:03.184624,288.82
5242,943,2026-05-14 19:19:03.184624,431.28
5243,124,2026-02-01 19:19:03.184624,237.38
5244,324,2026-06-22 19:19:03.184624,399.07
5245,55,2026-06-29 19:19:03.184624,317.54
5246,866,2026-08-26 19:19:03.184624,192.03
5247,719,2025-11-03 19:19:03.184624,339.5
5248,338,2026-07-06 19:19:03.184624,73.2
5249,701,2026-08-27 19:19:03.184624,305.33
5250,918,2025-12-01 19:19:03.184624,149.06
5251,385,2026-01-25 19:19:03.184624,294.61
5252,367,2026-03-11 19:19:03.184624,452.69
5253,192,2026-06-12 19:19:03.184624,439.86
5254,112,2026-01-06 19:19:03.184624,293.21
5255,744,2025-12-20 19:19:03.184624,211.92
5256,704,2026-04-28 19:19:03.184624,137.7
5257,279,2025-10-08 19:19:03.184624,53.9
5258,566,2026-02-20 19:19:03.184624,326.01
5259,782,2026-05-07 19:19:03.184624,318.66
5260,850,2026-06-02 19:19:03.184624,337.07
5261,81,2026-05-21 19:19:03.184624,264.61
5262,701,2026-06-26 19:19:03.184624,437.16
5263,471,2026-07-04 19:19:03.184624,451.56
5264,146,2026-06-07 19:19:03.184624,224.41
5265,871,2026-06-27 19:19:03.184624,128.91
5266,652,2026-01-23 19:19:03.184624,428.27
5267,990,2025-10-04 19:19:03.184624,269.11
5268,54,2026-02-24 19:19:03.184624,75.53
5269,590,2026-01-12 19:19:03.184624,471.93
5270,292,2026-06-30 19:19:03.184624,52.64
5271,143,2026-06-27 19:19:03.184624,490.13
5272,407,2025-10-03 19:19:03.184624,274.51
5273,730,2026-05-23 19:19:03.184624,236.43
5274,455,2026-04-11 19:19:03.184624,142.01
5275,508,2026-05-26 19:19:03.184624,266.27
5276,313,2026-02-11 19:19:03.184624,378.66
5277,781,2026-08-26 19:19:03.184624,310.74
5278,900,2026-04-14 19:19:03.184624,468.99
5279,708,2025-11-10 19:19:03.184624,479.11
5280,87,2026-05-21 19:19:03.184624,173.22
5281,422,2025-11-21 19:19:03.184624,359.05
5282,791,2026-07-13 19:19:03.184624,442.03
5283,435,2026-05-27 19:19:03.184624,247.12
5284,823,2026-08-20 19:19:03.184624,270.28
5285,657,2026-09-25 19:19:03.184624,158.52
5286,111,2025-11-09 19:19:03.184624,204.85
5287,639,2026-01-04 19:19:03.184624,157.33
5288,661,2026-04-04 19:19:03.184624,133.67
5289,172,2025-10-08 19:19:03.184624,34.35
5290,143,2025-12-04 19:19:03.184624,256.61
5291,715,2026-08-09 19:19:03.184624,188.13
5292,671,2026-03-28 19:19:03.184624,312.4
5293,981,2025-11-30 19:19:03.184624,345.62
5294,832,2026-05-15 19:19:03.184624,193.21
5295,434,2026-04-14 19:19:03.184624,335.07
5296,44,2025-11-28 19:19:03.184624,92.42
5297,330,2026-08-16 19:19:03.184624,54.46
5298,586,2026-05-18 19:19:03.184624,298.03
5299,831,2026-06-07 19:19:03.184624,466.69
5300,882,2026-02-24 19:19:03.184624,45.78
5301,828,2026-04-27 19:19:03.184624,426.33
5302,818,2026-03-17 19:19:03.184624,311.34
5303,422,2025-12-12 19:19:03.184624,426.42
5304,525,2026-05-15 19:19:03.184624,199.28
5305,31,2026-07-24 19:19:03.184624,230.97
5306,410,2026-03-17 19:19:03.184624,62.53
5307,151,2026-07-05 19:19:03.184624,376.91
5308,826,2026-08-20 19:19:03.184624,321.43
5309,656,2026-07-27 19:19:03.184624,482.05
5310,709,2025-10-30 19:19:03.184624,316.13
5311,492,2026-06-04 19:19:03.184624,399.93
5312,888,2026-06-30 19:19:03.184624,429.32
5313,528,2026-07-24 19:19:03.184624,157.89
5314,519,2026-05-06 19:19:03.184624,401.54
5315,476,2026-07-20 19:19:03.184624,357.51
5316,546,2025-12-03 19:19:03.184624,306.59
5317,133,2026-03-04 19:19:03.184624,64.79
5318,199,2025-12-21 19:19:03.184624,296.46
5319,498,2026-09-08 19:19:03.184624,392.82
5320,20,2026-05-30 19:19:03.184624,102.2
5321,742,2025-11-16 19:19:03.184624,131.89
5322,409,2026-07-30 19:19:03.184624,32.53
5323,56,2026-08-31 19:19:03.184624,85.0
5324,910,2026-03-01 19:19:03.184624,110.47
5325,819,2026-03-10 19:19:03.184624,273.12
5326,727,2026-04-26 19:19:03.184624,412.04
5327,733,2026-09-18 19:19:03.184624,172.09
5328,368,2026-03-10 19:19:03.184624,354.91
5329,372,2026-09-04 19:19:03.184624,347.02
5330,50,2026-01-02 19:19:03.184624,256.66
5331,377,2026-01-22 19:19:03.184624,364.89
5332,709,2025-10-29 19:19:03.184624,431.69
5333,316,2026-06-10 19:19:03.184624,480.21
5334,361,2026-05-19 19:19:03.184624,374.72
5335,106,2026-05-31 19:19:03.184624,318.9
5336,233,2025-12-19 19:19:03.184624,172.56
5337,450,2026-02-12 19:19:03.184624,455.76
5338,887,2025-11-11 19:19:03.184624,369.7
5339,226,2026-07-19 19:19:03.184624,177.8
5340,784,2026-05-26 19:19:03.184624,261.78
5341,493,2026-06-19 19:19:03.184624,483.89
5342,622,2026-01-10 19:19:03.184624,327.11
5343,49,2025-12-16 19:19:03.184624,391.24
5344,458,2026-07-26 19:19:03.184624,189.1
5345,180,2026-04-09 19:19:03.184624,64.49
5346,871,2025-11-02 19:19:03.184624,480.46
5347,817,2026-03-20 19:19:03.184624,108.71
5348,334,2026-04-06 19:19:03.184624,460.41
5349,586,2025-11-01 19:19:03.184624,492.28
5350,766,2026-07-22 19:19:03.184624,235.26
5351,644,2025-11-05 19:19:03.184624,176.56
5352,342,2026-07-02 19:19:03.184624,212.24
5353,168,2026-09-21 19:19:03.184624,447.65
5354,329,2026-01-11 19:19:03.184624,64.28
5355,739,2026-04-01 19:19:03.184624,431.7
5356,960,2025-10-03 19:19:03.184624,405.46
5357,172,2025-10-16 19:19:03.184624,442.38
5358,378,2025-11-11 19:19:03.184624,482.63
5359,250,2025-10-22 19:19:03.184624,24.29
5360,185,2025-12-01 19:19:03.184624,178.18
5361,669,2026-06-04 19:19:03.184624,377.09
5362,558,2026-01-21 19:19:03.184624,439.24
5363,463,2026-08-14 19:19:03.184624,415.14
5364,306,2025-10-11 19:19:03.184624,265.87
5365,96,2025-10-22 19:19:03.184624,499.58
5366,249,2026-06-21 19:19:03.184624,80.12
5367,191,2026-08-19 19:19:03.184624,442.28
5368,190,2026-07-21 19:19:03.184624,110.41
5369,834,2026-09-21 19:19:03.184624,293.99
5370,269,2026-06-04 19:19:03.184624,223.91
5371,970,2025-12-23 19:19:03.184624,436.79
5372,86,2025-10-20 19:19:03.184624,79.77
5373,1000,2026-09-01 19:19:03.184624,496.19
5374,995,2025-11-14 19:19:03.184624,445.86
5375,91,2025-12-24 19:19:03.184624,263.77
5376,106,2026-07-26 19:19:03.184624,83.02
5377,1,2026-03-31 19:19:03.184624,467.39
5378,119,2026-05-31 19:19:03.184624,115.95
5379,788,2025-12-17 19:19:03.184624,221.43
5380,860,2026-02-18 19:19:03.184624,351.03
5381,316,2025-12-27 19:19:03.184624,80.2
5382,566,2026-01-21 19:19:03.184624,484.51
5383,257,2025-11-03 19:19:03.184624,48.79
5384,571,2026-06-12 19:19:03.184624,36.79
5385,504,2026-05-19 19:19:03.184624,417.54
5386,508,2026-01-23 19:19:03.184624,255.64
5387,545,2026-09-02 19:19:03.184624,327.89
5388,384,2025-10-15 19:19:03.184624,208.72
5389,424,2026-02-06 19:19:03.184624,256.81
5390,166,2025-12-07 19:19:03.184624,90.41
5391,666,2025-12-06 19:19:03.184624,97.91
5392,644,2026-05-07 19:19:03.184624,208.73
5393,780,2026-01-24 19:19:03.184624,289.17
5394,123,2026-05-23 19:19:03.184624,445.62
5395,170,2026-01-19 19:19:03.184624,201.43
5396,458,2026-04-28 19:19:03.184624,242.78
5397,72,2026-04-07 19:19:03.184624,425.47
5398,490,2026-07-28 19:19:03.184624,60.32
5399,285,2026-03-12 19:19:03.184624,71.91
5400,914,2026-01-05 19:19:03.184624,50.08
5401,705,2025-12-27 19:19:03.184624,473.8
5402,704,2025-12-14 19:19:03.184624,323.25
5403,863,2026-05-07 19:19:03.184624,275.83
5404,518,2026-05-18 19:19:03.184624,88.3
5405,252,2025-12-05 19:19:03.184624,294.58
5406,60,2025-10-15 19:19:03.184624,74.88
5407,511,2026-08-27 19:19:03.184624,400.68
5408,820,2026-01-20 19:19:03.184624,299.38
5409,312,2026-05-03 19:19:03.184624,351.59
5410,384,2026-04-13 19:19:03.184624,330.55
5411,253,2026-01-20 19:19:03.184624,369.57
5412,380,2026-05-02 19:19:03.184624,51.97
5413,411,2025-12-15 19:19:03.184624,339.7
5414,926,2026-02-08 19:19:03.184624,145.2
5415,390,2026-07-21 19:19:03.184624,481.46
5416,978,2026-06-18 19:19:03.184624,487.83
5417,592,2026-04-13 19:19:03.184624,387.92
5418,426,2026-03-17 19:19:03.184624,46.73
5419,880,2026-04-18 19:19:03.184624,36.09
5420,197,2026-05-03 19:19:03.184624,57.13
5421,973,2025-12-06 19:19:03.184624,492.59
5422,513,2026-01-08 19:19:03.184624,379.07
5423,33,2025-12-21 19:19:03.184624,80.2
5424,227,2026-04-19 19:19:03.184624,121.1
5425,43,2026-01-05 19:19:03.184624,304.67
5426,998,2026-04-27 19:19:03.184624,121.57
5427,640,2026-04-01 19:19:03.184624,142.55
5428,907,2026-01-04 19:19:03.184624,135.83
5429,577,2026-01-19 19:19:03.184624,56.76
5430,979,2026-07-24 19:19:03.184624,390.98
5431,818,2026-04-06 19:19:03.184624,477.13
5432,202,2026-07-05 19:19:03.184624,26.03
5433,832,2025-10-29 19:19:03.184624,496.01
5434,420,2026-08-17 19:19:03.184624,13.94
5435,303,2026-09-16 19:19:03.184624,76.61
5436,244,2026-02-26 19:19:03.184624,447.19
5437,593,2025-11-04 19:19:03.184624,99.29
5438,183,2026-02-21 19:19:03.184624,223.9
5439,458,2026-04-21 19:19:03.184624,239.39
5440,340,2026-09-05 19:19:03.184624,48.54
5441,223,2026-03-06 19:19:03.184624,55.65
5442,724,2025-11-15 19:19:03.184624,164.09
5443,513,2026-02-05 19:19:03.184624,300.87
5444,440,2026-05-04 19:19:03.184624,99.75
5445,973,2026-04-05 19:19:03.184624,364.38
5446,360,2026-06-15 19:19:03.184624,52.42
5447,179,2026-05-07 19:19:03.184624,402.61
5448,11,2026-03-24 19:19:03.184624,491.14
5449,70,2026-04-03 19:19:03.184624,495.35
5450,270,2026-05-10 19:19:03.184624,64.11
5451,238,2026-03-23 19:19:03.184624,88.21
5452,238,2026-03-16 19:19:03.184624,274.19
5453,158,2026-01-09 19:19:03.184624,477.64
5454,80,2026-07-12 19:19:03.184624,213.94
5455,345,2026-06-11 19:19:03.184624,11.1
5456,48,2026-06-02 19:19:03.184624,233.21
5457,225,2026-02-03 19:19:03.184624,180.86
5458,972,2026-01-30 19:19:03.184624,214.92
5459,443,2026-06-16 19:19:03.184624,131.16
5460,75,2026-09-22 19:19:03.184624,79.47
5461,864,2026-04-01 19:19:03.184624,394.45
5462,25,2025-11-01 19:19:03.184624,318.35
5463,95,2025-10-22 19:19:03.184624,258.27
5464,762,2026-01-09 19:19:03.184624,420.01
5465,536,2026-05-01 19:19:03.184624,458.04
5466,220,2026-04-21 19:19:03.184624,147.64
5467,492,2026-02-10 19:19:03.184624,12.38
5468,800,2025-10-14 19:19:03.184624,362.84
5469,939,2026-08-03 19:19:03.184624,109.05
5470,314,2026-01-08 19:19:03.184624,269.21
5471,902,2025-10-23 19:19:03.184624,441.02
5472,825,2026-01-08 19:19:03.184624,433.97
5473,132,2026-04-06 19:19:03.184624,481.69
5474,811,2026-08-18 19:19:03.184624,461.49
5475,654,2025-11-02 19:19:03.184624,35.42
5476,53,2026-02-11 19:19:03.184624,74.46
5477,48,2026-06-07 19:19:03.184624,214.31
5478,266,2026-05-26 19:19:03.184624,441.38
5479,3,2026-06-19 19:19:03.184624,486.48
5480,19,2026-08-23 19:19:03.184624,480.19
5481,67,2026-08-30 19:19:03.184624,280.66
5482,580,2026-08-04 19:19:03.184624,114.63
5483,107,2026-09-30 19:19:03.185620,388.55
5484,560,2026-07-31 19:19:03.185620,285.16
5485,952,2026-08-08 19:19:03.185620,177.93
5486,733,2026-04-18 19:19:03.185620,265.77
5487,222,2025-11-29 19:19:03.185620,338.88
5488,488,2026-05-22 19:19:03.185620,345.07
5489,178,2026-03-28 19:19:03.185620,370.7
5490,516,2026-08-12 19:19:03.185620,12.06
5491,869,2025-11-05 19:19:03.185620,229.27
5492,777,2026-03-03 19:19:03.185620,324.52
5493,590,2025-11-22 19:19:03.185620,273.04
5494,518,2025-12-05 19:19:03.185620,291.15
5495,256,2025-12-08 19:19:03.185620,295.89
5496,245,2025-11-07 19:19:03.185620,481.84
5497,28,2026-09-22 19:19:03.185620,98.36
5498,19,2026-03-12 19:19:03.185620,238.21
5499,664,2026-09-08 19:19:03.185620,475.72
5500,26,2026-05-02 19:19:03.185620,445.2
5501,628,2026-04-02 19:19:03.185620,318.04
5502,348,2025-11-20 19:19:03.185620,425.91
5503,918,2026-02-17 19:19:03.185620,438.5
5504,978,2026-02-23 19:19:03.185620,210.98
5505,347,2025-12-16 19:19:03.185620,477.27
5506,46,2025-11-18 19:19:03.185620,93.22
5507,956,2026-04-30 19:19:03.185620,232.25
5508,848,2026-09-15 19:19:03.185620,463.45
5509,491,2026-01-19 19:19:03.185620,456.22
5510,52,2026-02-13 19:19:03.185620,171.63
5511,361,2025-11-25 19:19:03.185620,37.74
5512,728,2026-05-11 19:19:03.185620,196.87
5513,118,2026-04-20 19:19:03.185620,342.67
5514,270,2025-12-15 19:19:03.185620,20.49
5515,190,2026-04-14 19:19:03.185620,269.83
5516,804,2026-05-26 19:19:03.185620,282.46
5517,953,2026-07-08 19:19:03.185620,332.21
5518,71,2026-03-22 19:19:03.185620,194.55
5519,357,2026-09-01 19:19:03.185620,428.04
5520,470,2026-07-19 19:19:03.185620,486.96
5521,3,2026-06-27 19:19:03.185620,140.15
5522,613,2026-02-12 19:19:03.185620,123.26
5523,307,2026-08-16 19:19:03.185620,290.99
5524,151,2025-12-06 19:19:03.185620,50.24
5525,348,2025-10-14 19:19:03.185620,464.73
5526,517,2025-12-12 19:19:03.185620,488.03
5527,105,2026-04-14 19:19:03.185620,49.52
5528,515,2026-04-16 19:19:03.185620,368.54
5529,252,2026-01-06 19:19:03.185620,187.86
5530,701,2026-08-31 19:19:03.185620,144.34
5531,285,2026-01-01 19:19:03.185620,41.67
5532,796,2026-06-09 19:19:03.185620,182.53
5533,174,2026-06-03 19:19:03.185620,279.86
5534,14,2026-08-21 19:19:03.185620,404.69
5535,728,2026-01-10 19:19:03.185620,288.25
5536,895,2026-07-20 19:19:03.185620,362.46
5537,813,2026-01-22 19:19:03.185620,451.38
5538,219,2026-09-10 19:19:03.185620,132.66
5539,561,2026-02-04 19:19:03.185620,438.37
5540,232,2026-06-29 19:19:03.185620,36.64
5541,120,2026-06-13 19:19:03.185620,350.1
5542,268,2025-11-16 19:19:03.185620,219.02
5543,595,2026-06-15 19:19:03.185620,367.18
5544,282,2025-10-02 19:19:03.185620,382.29
5545,102,2026-01-07 19:19:03.185620,19.51
5546,649,2026-09-14 19:19:03.185620,132.93
5547,403,2026-08-25 19:19:03.185620,129.71
5548,75,2025-10-02 19:19:03.185620,280.71
5549,499,2025-12-20 19:19:03.185620,261.5
5550,119,2026-02-01 19:19:03.185620,159.19
5551,425,2025-10-06 19:19:03.185620,467.2
5552,429,2025-10-24 19:19:03.185620,323.25
5553,180,2026-08-20 19:19:03.185620,401.81
5554,670,2026-08-13 19:19:03.185620,404.42
5555,187,2026-08-23 19:19:03.185620,440.21
5556,512,2026-08-23 19:19:03.185620,84.44
5557,325,2026-07-06 19:19:03.185620,280.03
5558,611,2026-06-05 19:19:03.185620,226.91
5559,799,2026-01-31 19:19:03.185620,39.34
5560,841,2026-01-12 19:19:03.185620,80.73
5561,410,2025-10-13 19:19:03.185620,129.43
5562,707,2026-06-13 19:19:03.185620,363.57
5563,455,2025-10-12 19:19:03.185620,418.86
5564,287,2026-05-09 19:19:03.185620,472.7
5565,642,2026-05-28 19:19:03.185620,97.13
5566,92,2025-11-04 19:19:03.185620,421.95
5567,764,2026-04-30 19:19:03.185620,27.3
5568,438,2025-12-15 19:19:03.185620,454.94
5569,6,2026-08-04 19:19:03.185620,181.42
5570,242,2026-06-07 19:19:03.185620,467.45
5571,810,2026-02-06 19:19:03.185620,499.71
5572,697,2026-02-05 19:19:03.185620,111.69
5573,532,2026-06-26 19:19:03.185620,412.08
5574,84,2026-07-18 19:19:03.185620,355.28
5575,224,2026-09-16 19:19:03.185620,257.89
5576,597,2026-04-08 19:19:03.185620,231.85
5577,648,2026-05-30 19:19:03.185620,318.11
5578,491,2026-04-08 19:19:03.185620,153.44
5579,284,2025-12-06 19:19:03.185620,236.21
5580,869,2026-03-03 19:19:03.185620,109.55
5581,625,2026-02-24 19:19:03.185620,97.96
5582,274,2026-08-30 19:19:03.185620,338.89
5583,890,2026-05-11 19:19:03.185620,49.98
5584,519,2025-10-11 19:19:03.185620,467.95
5585,969,2026-03-02 19:19:03.185620,148.03
5586,978,2025-12-12 19:19:03.185620,369.42
5587,175,2026-07-05 19:19:03.185620,26.14
5588,907,2026-08-12 19:19:03.185620,478.85
5589,336,2026-01-28 19:19:03.185620,463.97
5590,582,2026-01-08 19:19:03.185620,280.31
5591,140,2026-07-01 19:19:03.185620,66.03
5592,450,2025-12-14 19:19:03.185620,442.96
5593,642,2025-11-23 19:19:03.185620,22.17
5594,762,2026-04-11 19:19:03.185620,378.9
5595,865,2026-03-21 19:19:03.185620,471.2
5596,375,2026-03-16 19:19:03.185620,330.0
5597,254,2026-07-24 19:19:03.185620,256.94
5598,582,2026-02-09 19:19:03.185620,184.96
5599,780,2026-05-22 19:19:03.185620,322.14
5600,753,2026-01-30 19:19:03.185620,69.55
5601,845,2026-01-17 19:19:03.185620,470.32
5602,683,2026-08-21 19:19:03.185620,224.71
5603,858,2026-08-09 19:19:03.185620,129.61
5604,889,2026-06-01 19:19:03.185620,148.7
5605,481,2026-04-04 19:19:03.185620,230.26
5606,470,2026-03-16 19:19:03.185620,326.95
5607,340,2026-05-22 19:19:03.185620,160.77
5608,363,2026-02-14 19:19:03.185620,290.75
5609,977,2025-10-29 19:19:03.185620,489.62
5610,366,2025-11-30 19:19:03.185620,15.34
5611,83,2026-08-29 19:19:03.185620,235.53
5612,626,2026-03-07 19:19:03.185620,435.68
5613,803,2026-05-01 19:19:03.185620,123.9
5614,703,2026-05-11 19:19:03.185620,62.53
5615,961,2026-06-08 19:19:03.185620,454.47
5616,81,2026-08-24 19:19:03.185620,43.72
5617,40,2025-12-04 19:19:03.185620,429.0
5618,822,2025-10-27 19:19:03.185620,12.66
5619,572,2026-06-07 19:19:03.185620,76.86
5620,469,2026-09-06 19:19:03.185620,251.03
5621,147,2026-07-28 19:19:03.185620,144.66
5622,696,2026-02-09 19:19:03.185620,262.22
5623,48,2026-02-11 19:19:03.185620,322.08
5624,869,2026-07-11 19:19:03.185620,141.25
5625,653,2026-05-02 19:19:03.185620,159.05
5626,701,2026-06-03 19:19:03.185620,221.86
5627,967,2026-08-28 19:19:03.185620,62.47
5628,94,2025-12-22 19:19:03.185620,104.52
5629,678,2026-06-02 19:19:03.185620,415.01
5630,169,2026-01-03 19:19:03.185620,147.06
5631,218,2026-05-20 19:19:03.185620,203.69
5632,880,2026-04-09 19:19:03.185620,65.62
5633,983,2026-04-27 19:19:03.185620,33.95
5634,180,2026-02-12 19:19:03.185620,199.4
5635,416,2026-01-10 19:19:03.185620,310.61
5636,920,2025-11-04 19:19:03.185620,345.4
5637,962,2026-01-27 19:19:03.185620,82.07
5638,916,2026-05-11 19:19:03.185620,387.82
5639,269,2026-03-03 19:19:03.185620,427.77
5640,670,2025-11-29 19:19:03.185620,139.08
5641,525,2026-04-06 19:19:03.185620,422.99
5642,814,2026-04-10 19:19:03.185620,124.07
5643,516,2026-05-14 19:19:03.185620,430.03
5644,153,2026-03-02 19:19:03.185620,55.21
5645,333,2026-08-24 19:19:03.185620,79.78
5646,494,2026-04-02 19:19:03.185620,419.98
5647,733,2025-10-13 19:19:03.185620,449.96
5648,345,2026-04-04 19:19:03.185620,148.63
5649,940,2026-07-24 19:19:03.185620,165.61
5650,713,2026-09-26 19:19:03.185620,366.24
5651,998,2025-11-07 19:19:03.185620,232.12
5652,895,2026-02-21 19:19:03.185620,376.35
5653,868,2025-12-30 19:19:03.185620,331.76
5654,189,2026-02-02 19:19:03.185620,233.78
5655,656,2026-02-13 19:19:03.185620,78.17
5656,560,2026-03-09 19:19:03.185620,445.35
5657,508,2026-06-26 19:19:03.185620,204.77
5658,97,2025-11-28 19:19:03.185620,137.45
5659,613,2026-09-26 19:19:03.185620,348.84
5660,547,2026-04-25 19:19:03.185620,343.82
5661,67,2025-10-19 19:19:03.185620,147.21
5662,535,2025-12-02 19:19:03.185620,495.6
5663,771,2026-05-05 19:19:03.185620,53.53
5664,366,2026-09-22 19:19:03.185620,485.56
5665,848,2026-01-31 19:19:03.185620,199.15
5666,430,2025-10-17 19:19:03.185620,415.65
5667,156,2026-06-14 19:19:03.185620,363.15
5668,772,2026-09-21 19:19:03.185620,202.22
5669,260,2026-08-06 19:19:03.185620,35.63
5670,61,2025-12-31 19:19:03.185620,344.39
5671,281,2026-02-27 19:19:03.185620,333.41
5672,587,2026-01-22 19:19:03.185620,337.03
5673,377,2026-04-17 19:19:03.185620,203.1
5674,478,2025-10-16 19:19:03.185620,119.2
5675,879,2026-09-14 19:19:03.185620,25.39
5676,70,2026-03-11 19:19:03.185620,324.63
5677,578,2026-04-03 19:19:03.185620,86.81
5678,852,2026-08-03 19:19:03.185620,161.1
5679,399,2025-12-11 19:19:03.185620,145.2
5680,911,2026-07-21 19:19:03.185620,239.26
5681,744,2026-05-15 19:19:03.185620,211.63
5682,466,2026-03-25 19:19:03.185620,310.69
5683,43,2026-06-03 19:19:03.185620,454.41
5684,880,2026-07-24 19:19:03.185620,244.65
5685,875,2025-12-18 19:19:03.185620,47.64
5686,974,2026-09-04 19:19:03.185620,285.98
5687,222,2026-05-27 19:19:03.185620,159.18
5688,130,2026-06-07 19:19:03.185620,439.22
5689,311,2026-09-29 19:19:03.185620,121.72
5690,589,2025-11-09 19:19:03.185620,140.0
5691,582,2025-11-14 19:19:03.185620,148.65
5692,264,2026-08-03 19:19:03.185620,458.43
5693,511,2026-04-22 19:19:03.185620,140.21
5694,844,2026-07-31 19:19:03.185620,46.66
5695,265,2026-05-16 19:19:03.185620,40.52
5696,781,2026-08-27 19:19:03.185620,319.38
5697,988,2025-12-25 19:19:03.185620,486.99
5698,879,2026-04-03 19:19:03.185620,37.34
5699,373,2026-02-17 19:19:03.185620,101.18
5700,800,2025-12-03 19:19:03.185620,445.8
5701,80,2026-04-09 19:19:03.185620,206.91
5702,107,2026-06-08 19:19:03.185620,392.23
5703,253,2025-12-14 19:19:03.185620,17.7
5704,101,2025-10-25 19:19:03.185620,365.52
5705,646,2026-04-13 19:19:03.185620,13.88
5706,960,2026-03-29 19:19:03.185620,125.63
5707,269,2026-01-02 19:19:03.185620,67.94
5708,611,2026-03-29 19:19:03.185620,496.02
5709,921,2026-04-17 19:19:03.185620,99.81
5710,211,2026-04-03 19:19:03.185620,124.49
5711,699,2026-03-31 19:19:03.185620,383.11
5712,166,2025-11-10 19:19:03.185620,48.92
5713,63,2025-10-27 19:19:03.185620,235.93
5714,51,2025-12-29 19:19:03.185620,234.75
5715,54,2025-10-24 19:19:03.185620,386.44
5716,540,2026-04-26 19:19:03.185620,292.31
5717,862,2026-03-18 19:19:03.185620,239.1
5718,31,2025-12-30 19:19:03.185620,262.24
5719,991,2026-03-07 19:19:03.185620,104.96
5720,670,2026-02-21 19:19:03.185620,427.6
5721,808,2025-10-14 19:19:03.185620,124.07
5722,134,2025-11-07 19:19:03.185620,248.29
5723,293,2025-11-20 19:19:03.185620,459.38
5724,75,2026-05-01 19:19:03.185620,442.19
5725,588,2025-10-21 19:19:03.185620,441.23
5726,375,2026-09-01 19:19:03.185620,429.83
5727,794,2025-11-11 19:19:03.185620,204.54
5728,362,2026-02-19 19:19:03.185620,237.36
5729,712,2025-10-31 19:19:03.185620,219.46
5730,176,2026-01-10 19:19:03.185620,425.33
5731,238,2026-04-23 19:19:03.185620,497.91
5732,182,2025-10-16 19:19:03.185620,317.68
5733,937,2026-02-06 19:19:03.185620,244.52
5734,580,2025-10-29 19:19:03.185620,186.26
5735,483,2025-12-28 19:19:03.185620,184.73
5736,196,2026-08-04 19:19:03.185620,24.1
5737,438,2026-01-16 19:19:03.185620,428.9
5738,737,2026-03-31 19:19:03.185620,21.24
5739,929,2025-12-06 19:19:03.185620,224.97
5740,126,2025-10-23 19:19:03.185620,204.91
5741,40,2026-02-07 19:19:03.185620,448.98
5742,871,2026-01-22 19:19:03.185620,25.85
5743,246,2026-04-19 19:19:03.185620,221.28
5744,473,2026-03-31 19:19:03.185620,318.77
5745,414,2026-05-24 19:19:03.185620,21.2
5746,820,2026-09-29 19:19:03.185620,204.13
5747,279,2026-06-08 19:19:03.185620,389.69
5748,792,2026-06-02 19:19:03.185620,67.59
5749,507,2025-12-20 19:19:03.185620,272.28
5750,817,2026-01-13 19:19:03.185620,445.06
5751,77,2025-10-19 19:19:03.185620,467.7
5752,743,2025-12-22 19:19:03.185620,470.84
5753,356,2026-06-11 19:19:03.185620,470.07
5754,156,2025-10-06 19:19:03.185620,269.54
5755,162,2026-03-12 19:19:03.185620,90.99
5756,753,2025-10-07 19:19:03.185620,307.78
5757,587,2026-02-23 19:19:03.185620,337.11
5758,580,2026-09-15 19:19:03.185620,378.65
5759,263,2026-07-14 19:19:03.185620,100.21
5760,736,2026-09-08 19:19:03.185620,416.04
5761,681,2025-11-17 19:19:03.185620,256.75
5762,967,2025-11-06 19:19:03.185620,438.68
5763,755,2026-02-27 19:19:03.185620,84.17
5764,599,2026-09-07 19:19:03.185620,175.67
5765,961,2026-05-08 19:19:03.185620,140.78
5766,40,2026-09-26 19:19:03.185620,272.57
5767,976,2026-08-23 19:19:03.185620,245.18
5768,583,2026-07-11 19:19:03.185620,370.67
5769,636,2026-07-25 19:19:03.185620,66.87
5770,718,2026-07-06 19:19:03.185620,262.78
5771,891,2025-11-20 19:19:03.185620,298.41
5772,357,2026-02-24 19:19:03.185620,298.84
5773,43,2026-06-13 19:19:03.185620,340.1
5774,559,2026-09-04 19:19:03.185620,368.77
5775,251,2026-05-11 19:19:03.185620,226.61
5776,637,2026-02-23 19:19:03.185620,19.35
5777,229,2026-03-08 19:19:03.185620,94.56
5778,24,2025-11-10 19:19:03.185620,297.18
5779,980,2026-04-16 19:19:03.185620,358.3
5780,29,2026-07-01 19:19:03.185620,377.87
5781,36,2025-11-18 19:19:03.185620,63.58
5782,865,2026-04-22 19:19:03.186640,26.34
5783,914,2026-01-04 19:19:03.186640,221.68
5784,958,2025-12-03 19:19:03.186640,79.3
5785,876,2025-11-02 19:19:03.186640,137.27
5786,994,2026-07-03 19:19:03.186640,177.79
5787,321,2025-12-16 19:19:03.186640,126.85
5788,193,2026-06-25 19:19:03.186640,463.47
5789,477,2026-05-25 19:19:03.186640,134.8
5790,88,2026-09-03 19:19:03.186640,395.7
5791,496,2026-09-30 19:19:03.186640,292.32
5792,883,2026-05-18 19:19:03.186640,348.67
5793,506,2026-01-06 19:19:03.186640,259.78
5794,503,2026-07-30 19:19:03.186640,103.41
5795,837,2025-11-29 19:19:03.186640,440.24
5796,859,2026-01-05 19:19:03.186640,173.98
5797,216,2026-01-07 19:19:03.186640,396.38
5798,357,2026-03-01 19:19:03.186640,114.83
5799,326,2026-08-24 19:19:03.186640,66.92
5800,770,2026-05-31 19:19:03.186640,318.24
5801,497,2026-08-05 19:19:03.186640,282.74
5802,66,2026-08-28 19:19:03.186640,260.75
5803,81,2026-08-16 19:19:03.186640,52.14
5804,701,2026-06-27 19:19:03.186640,30.43
5805,840,2025-11-27 19:19:03.186640,473.63
5806,232,2025-10-05 19:19:03.186640,490.77
5807,838,2026-09-13 19:19:03.186640,388.18
5808,346,2025-10-19 19:19:03.186640,264.04
5809,168,2025-10-15 19:19:03.186640,228.13
5810,977,2026-08-28 19:19:03.186640,187.43
5811,756,2025-11-01 19:19:03.186640,55.74
5812,519,2026-05-28 19:19:03.186640,41.75
5813,422,2026-05-28 19:19:03.186640,332.84
5814,34,2025-10-25 19:19:03.186640,129.59
5815,89,2026-09-28 19:19:03.186640,419.22
5816,953,2026-02-05 19:19:03.186640,468.31
5817,146,2026-01-28 19:19:03.186640,423.73
5818,984,2026-07-17 19:19:03.186640,343.78
5819,423,2026-01-18 19:19:03.186640,466.68
5820,906,2026-01-04 19:19:03.186640,160.74
5821,65,2026-08-23 19:19:03.186640,309.36
5822,419,2025-11-18 19:19:03.186640,150.46
5823,825,2026-05-12 19:19:03.186640,228.2
5824,741,2026-04-14 19:19:03.186640,255.43
5825,108,2026-06-24 19:19:03.186640,402.25
5826,754,2026-03-26 19:19:03.186640,316.6
5827,311,2025-10-06 19:19:03.186640,62.44
5828,366,2026-10-01 19:19:03.186640,245.09
5829,17,2026-08-01 19:19:03.186640,81.77
5830,497,2026-03-07 19:19:03.186640,463.49
5831,342,2026-07-22 19:19:03.186640,241.62
5832,908,2026-06-03 19:19:03.186640,211.96
5833,767,2026-03-05 19:19:03.186640,443.11
5834,379,2026-05-11 19:19:03.186640,355.78
5835,872,2025-12-23 19:19:03.186640,278.69
5836,239,2025-12-02 19:19:03.186640,342.24
5837,981,2026-07-08 19:19:03.186640,134.41
5838,251,2025-11-04 19:19:03.186640,296.08
5839,571,2026-07-15 19:19:03.186640,240.95
5840,573,2025-11-22 19:19:03.186640,296.53
5841,565,2026-01-13 19:19:03.186640,302.91
5842,49,2026-09-15 19:19:03.186640,466.06
5843,503,2026-03-29 19:19:03.186640,191.81
5844,451,2025-10-04 19:19:03.186640,124.06
5845,800,2026-06-05 19:19:03.186640,28.08
5846,861,2026-06-05 19:19:03.186640,241.71
5847,401,2025-12-18 19:19:03.186640,10.52
5848,120,2026-01-14 19:19:03.186640,180.74
5849,214,2026-06-06 19:19:03.186640,313.27
5850,299,2025-12-29 19:19:03.186640,484.13
5851,88,2026-01-15 19:19:03.186640,218.25
5852,818,2026-04-10 19:19:03.186640,200.48
5853,651,2025-11-10 19:19:03.186640,163.88
5854,869,2026-01-08 19:19:03.186640,389.17
5855,245,2026-09-14 19:19:03.186640,317.64
5856,287,2025-11-15 19:19:03.186640,285.62
5857,593,2026-02-21 19:19:03.186640,452.75
5858,209,2026-10-01 19:19:03.186640,79.84
5859,497,2025-12-10 19:19:03.186640,146.78
5860,385,2026-07-05 19:19:03.186640,183.56
5861,492,2026-02-28 19:19:03.186640,186.19
5862,764,2025-10-02 19:19:03.186640,477.53
5863,51,2026-05-09 19:19:03.186640,277.14
5864,571,2026-05-05 19:19:03.186640,485.85
5865,915,2025-12-14 19:19:03.186640,450.01
5866,653,2025-12-26 19:19:03.186640,100.09
5867,278,2025-10-14 19:19:03.186640,231.69
5868,325,2026-09-17 19:19:03.186640,261.38
5869,19,2026-01-31 19:19:03.186640,454.24
5870,948,2026-02-28 19:19:03.186640,278.09
5871,129,2026-08-15 19:19:03.186640,92.69
5872,561,2026-01-26 19:19:03.186640,176.22
5873,758,2026-01-17 19:19:03.186640,495.53
5874,312,2026-08-15 19:19:03.186640,92.33
5875,690,2026-07-04 19:19:03.186640,68.3
5876,618,2026-07-14 19:19:03.186640,278.21
5877,563,2026-07-04 19:19:03.186640,24.62
5878,639,2025-10-31 19:19:03.186640,495.3
5879,697,2026-07-05 19:19:03.186640,478.84
5880,120,2026-07-09 19:19:03.186640,106.46
5881,164,2026-04-24 19:19:03.186640,424.65
5882,637,2026-03-17 19:19:03.186640,469.92
5883,879,2026-03-24 19:19:03.186640,382.37
5884,180,2026-05-13 19:19:03.186640,80.89
5885,166,2026-08-07 19:19:03.186640,297.49
5886,295,2026-03-18 19:19:03.186640,112.54
5887,226,2026-02-22 19:19:03.186640,128.38
5888,843,2026-07-24 19:19:03.186640,493.33
5889,150,2026-09-21 19:19:03.186640,316.29
5890,140,2026-08-06 19:19:03.186640,163.0
5891,798,2025-10-24 19:19:03.186640,463.94
5892,28,2026-01-09 19:19:03.186640,135.64
5893,532,2026-03-14 19:19:03.186640,13.15
5894,270,2026-06-23 19:19:03.186640,22.96
5895,764,2026-05-17 19:19:03.186640,136.36
5896,764,2026-09-23 19:19:03.186640,391.92
5897,829,2026-05-23 19:19:03.186640,165.58
5898,221,2026-01-19 19:19:03.186640,479.77
5899,630,2026-07-18 19:19:03.186640,308.72
5900,29,2025-12-17 19:19:03.186640,428.12
5901,808,2026-09-15 19:19:03.186640,184.61
5902,398,2026-02-07 19:19:03.186640,234.92
5903,86,2025-12-23 19:19:03.186640,389.76
5904,854,2026-05-23 19:19:03.186640,184.09
5905,962,2025-12-22 19:19:03.186640,136.47
5906,724,2026-03-13 19:19:03.186640,462.73
5907,794,2026-08-01 19:19:03.186640,322.73
5908,905,2026-03-02 19:19:03.186640,406.44
5909,2,2026-07-25 19:19:03.186640,21.21
5910,416,2026-02-10 19:19:03.186640,216.53
5911,605,2026-03-16 19:19:03.186640,130.31
5912,898,2026-03-28 19:19:03.186640,187.76
5913,593,2026-07-19 19:19:03.186640,70.49
5914,209,2026-01-08 19:19:03.186640,26.37
5915,990,2026-08-15 19:19:03.186640,44.9
5916,299,2026-03-01 19:19:03.186640,475.1
5917,918,2025-11-09 19:19:03.186640,273.89
5918,846,2025-11-06 19:19:03.186640,450.22
5919,636,2026-06-20 19:19:03.186640,136.14
5920,425,2026-06-02 19:19:03.186640,156.11
5921,851,2026-08-22 19:19:03.186640,474.47
5922,835,2026-09-09 19:19:03.186640,12.06
5923,500,2026-09-06 19:19:03.186640,229.74
5924,396,2026-02-07 19:19:03.186640,332.17
5925,610,2025-11-26 19:19:03.186640,76.65
5926,877,2025-10-18 19:19:03.186640,228.15
5927,28,2025-10-05 19:19:03.186640,72.62
5928,231,2025-12-17 19:19:03.186640,94.42
5929,291,2026-04-16 19:19:03.186640,486.91
5930,872,2026-03-01 19:19:03.186640,215.08
5931,242,2026-06-25 19:19:03.186640,56.0
5932,418,2026-03-23 19:19:03.186640,143.65
5933,49,2026-04-08 19:19:03.186640,396.19
5934,302,2026-08-02 19:19:03.186640,375.39
5935,741,2025-12-31 19:19:03.186640,30.2
5936,795,2026-04-25 19:19:03.186640,163.83
5937,745,2026-02-17 19:19:03.186640,417.33
5938,742,2025-12-28 19:19:03.186640,187.65
5939,147,2026-06-29 19:19:03.186640,188.51
5940,549,2025-12-10 19:19:03.186640,310.15
5941,23,2026-06-17 19:19:03.186640,332.18
5942,141,2025-12-29 19:19:03.186640,277.95
5943,990,2026-03-11 19:19:03.186640,137.15
5944,955,2025-12-31 19:19:03.186640,244.16
5945,993,2025-10-14 19:19:03.186640,343.26
5946,564,2026-01-01 19:19:03.186640,489.35
5947,489,2026-04-12 19:19:03.186640,423.81
5948,912,2026-03-20 19:19:03.186640,381.57
5949,594,2026-09-04 19:19:03.186640,82.99
5950,21,2026-01-26 19:19:03.186640,263.02
5951,544,2026-02-27 19:19:03.186640,319.33
5952,114,2026-06-21 19:19:03.186640,355.45
5953,698,2025-12-06 19:19:03.186640,232.37
5954,721,2025-12-23 19:19:03.186640,89.44
5955,371,2026-04-01 19:19:03.186640,74.63
5956,928,2026-07-25 19:19:03.186640,79.67
5957,975,2026-08-04 19:19:03.186640,489.76
5958,41,2025-12-07 19:19:03.186640,63.02
5959,718,2025-12-04 19:19:03.186640,218.95
5960,95,2025-11-12 19:19:03.186640,321.79
5961,918,2026-02-14 19:19:03.186640,374.39
5962,994,2026-07-10 19:19:03.186640,467.08
5963,247,2026-08-02 19:19:03.186640,281.08
5964,869,2026-01-19 19:19:03.186640,489.08
5965,750,2026-05-17 19:19:03.186640,93.7
5966,463,2025-12-02 19:19:03.186640,308.02
5967,721,2026-08-29 19:19:03.186640,298.04
5968,123,2025-10-18 19:19:03.186640,225.8
5969,422,2026-08-07 19:19:03.186640,123.29
5970,166,2026-03-09 19:19:03.186640,155.17
5971,829,2026-04-05 19:19:03.186640,78.93
5972,371,2025-10-10 19:19:03.186640,309.95
5973,563,2026-02-04 19:19:03.186640,197.5
5974,141,2026-08-22 19:19:03.186640,29.97
5975,251,2026-02-19 19:19:03.186640,22.13
5976,338,2026-07-02 19:19:03.186640,317.27
5977,677,2026-08-20 19:19:03.186640,402.8
5978,428,2026-09-11 19:19:03.186640,110.99
5979,145,2026-06-09 19:19:03.186640,360.62
5980,299,2026-02-02 19:19:03.186640,301.58
5981,884,2026-05-07 19:19:03.186640,452.92
5982,17,2025-12-15 19:19:03.186640,288.87
5983,272,2026-07-26 19:19:03.186640,381.63
5984,119,2026-09-03 19:19:03.186640,77.06
5985,227,2025-10-05 19:19:03.186640,470.85
5986,424,2026-04-08 19:19:03.186640,317.44
5987,888,2026-07-17 19:19:03.186640,152.8
5988,41,2026-09-16 19:19:03.186640,217.23
5989,840,2025-10-12 19:19:03.186640,42.25
5990,345,2026-01-08 19:19:03.186640,200.43
5991,334,2026-05-27 19:19:03.186640,12.11
5992,736,2026-05-31 19:19:03.186640,76.41
5993,7,2026-01-30 19:19:03.186640,425.1
5994,757,2026-03-23 19:19:03.186640,440.7
5995,483,2026-02-09 19:19:03.186640,98.92
5996,992,2025-12-05 19:19:03.186640,346.47
5997,17,2026-05-20 19:19:03.186640,208.45
5998,931,2026-08-07 19:19:03.186640,381.64
5999,216,2026-04-02 19:19:03.186640,90.65
6000,640,2026-01-15 19:19:03.186640,484.64
6001,788,2025-12-05 19:19:03.186640,450.41
6002,884,2026-01-04 19:19:03.186640,142.21
6003,131,2026-04-03 19:19:03.186640,301.76
6004,927,2026-01-14 19:19:03.186640,34.62
6005,274,2026-04-28 19:19:03.186640,35.46
6006,774,2026-09-17 19:19:03.186640,458.24
6007,66,2026-06-03 19:19:03.186640,122.01
6008,522,2025-10-27 19:19:03.186640,67.37
6009,492,2026-03-20 19:19:03.186640,391.61
6010,367,2026-05-28 19:19:03.186640,84.09
6011,156,2026-06-17 19:19:03.186640,364.23
6012,727,2025-11-01 19:19:03.186640,320.94
6013,439,2026-03-30 19:19:03.186640,428.47
6014,931,2026-05-19 19:19:03.186640,383.28
6015,875,2025-11-10 19:19:03.186640,42.1
6016,309,2025-10-27 19:19:03.186640,447.52
6017,130,2026-09-15 19:19:03.186640,255.31
6018,436,2026-06-30 19:19:03.186640,384.27
6019,301,2026-07-10 19:19:03.186640,317.4
6020,297,2026-03-16 19:19:03.186640,198.97
6021,229,2025-11-27 19:19:03.186640,455.17
6022,665,2026-02-12 19:19:03.186640,56.69
6023,516,2025-12-27 19:19:03.186640,329.43
6024,414,2026-03-02 19:19:03.186640,310.29
6025,668,2026-01-12 19:19:03.186640,364.89
6026,152,2025-10-23 19:19:03.186640,233.25
6027,957,2026-02-09 19:19:03.186640,314.37
6028,282,2026-04-05 19:19:03.186640,289.97
6029,165,2026-08-21 19:19:03.186640,225.04
6030,195,2026-02-06 19:19:03.186640,209.75
6031,719,2026-09-07 19:19:03.186640,198.94
6032,87,2025-10-23 19:19:03.186640,439.54
6033,568,2025-11-07 19:19:03.186640,176.77
6034,171,2025-10-17 19:19:03.186640,111.09
6035,379,2025-11-02 19:19:03.186640,164.05
6036,761,2026-06-04 19:19:03.186640,414.4
6037,161,2026-03-01 19:19:03.186640,86.11
6038,549,2026-07-20 19:19:03.186640,275.68
6039,625,2026-08-04 19:19:03.186640,444.06
6040,122,2025-10-26 19:19:03.186640,150.78
6041,200,2026-02-18 19:19:03.186640,383.27
6042,589,2026-04-07 19:19:03.186640,369.36
6043,617,2026-07-07 19:19:03.186640,20.1
6044,774,2026-07-23 19:19:03.186640,64.04
6045,950,2026-03-20 19:19:03.186640,46.35
6046,310,2025-10-22 19:19:03.186640,195.1
6047,394,2026-01-07 19:19:03.186640,474.75
6048,346,2026-05-05 19:19:03.186640,71.47
6049,275,2026-07-04 19:19:03.186640,402.79
6050,90,2026-01-09 19:19:03.186640,209.57
6051,922,2026-07-22 19:19:03.186640,49.93
6052,215,2026-05-18 19:19:03.186640,231.68
6053,833,2026-02-02 19:19:03.186640,208.15
6054,172,2026-08-23 19:19:03.186640,360.34
6055,543,2026-07-23 19:19:03.186640,291.61
6056,315,2026-03-20 19:19:03.186640,161.42
6057,822,2025-10-14 19:19:03.186640,224.51
6058,906,2026-08-18 19:19:03.186640,400.11
6059,22,2026-08-13 19:19:03.186640,100.43
6060,650,2026-01-28 19:19:03.186640,58.2
6061,791,2026-02-22 19:19:03.186640,471.53
6062,466,2026-07-03 19:19:03.186640,31.42
6063,431,2026-08-04 19:19:03.186640,330.66
6064,396,2026-08-17 19:19:03.186640,278.29
6065,370,2026-08-13 19:19:03.187620,204.25
6066,568,2026-02-19 19:19:03.187620,365.58
6067,544,2026-03-08 19:19:03.187620,166.51
6068,557,2025-10-05 19:19:03.187620,492.57
6069,9,2026-03-18 19:19:03.187620,429.22
6070,100,2026-04-06 19:19:03.187620,169.92
6071,238,2026-04-29 19:19:03.187620,290.88
6072,232,2026-01-09 19:19:03.187620,450.38
6073,568,2025-12-11 19:19:03.187620,397.14
6074,421,2026-02-16 19:19:03.187620,24.08
6075,71,2026-04-22 19:19:03.187620,107.39
6076,646,2026-06-15 19:19:03.187620,341.48
6077,484,2026-09-30 19:19:03.187620,168.45
6078,502,2025-10-29 19:19:03.187620,34.9
6079,10,2026-06-21 19:19:03.187620,240.92
6080,948,2026-07-05 19:19:03.187620,479.46
6081,502,2026-02-06 19:19:03.187620,34.53
6082,860,2026-03-01 19:19:03.187620,221.17
6083,368,2025-10-03 19:19:03.187620,51.63
6084,525,2026-07-06 19:19:03.187620,95.69
6085,373,2026-03-22 19:19:03.187620,39.36
6086,760,2025-12-14 19:19:03.187620,184.19
6087,662,2026-05-24 19:19:03.187620,145.59
6088,9,2026-04-14 19:19:03.187620,415.41
6089,375,2026-07-16 19:19:03.187620,380.89
6090,31,2026-03-21 19:19:03.187620,302.03
6091,351,2026-07-30 19:19:03.187620,37.57
6092,470,2026-02-24 19:19:03.187620,221.84
6093,126,2026-02-12 19:19:03.187620,247.24
6094,601,2025-12-18 19:19:03.187620,96.6
6095,319,2026-04-04 19:19:03.187620,259.02
6096,448,2025-12-07 19:19:03.187620,49.92
6097,629,2026-05-07 19:19:03.187620,30.7
6098,695,2025-10-05 19:19:03.187620,261.53
6099,197,2025-11-23 19:19:03.187620,391.44
6100,732,2026-09-17 19:19:03.187620,471.53
6101,47,2026-09-14 19:19:03.187620,84.49
6102,40,2025-12-11 19:19:03.187620,181.66
6103,618,2026-05-29 19:19:03.187620,440.19
6104,212,2026-04-24 19:19:03.187620,499.17
6105,665,2026-02-24 19:19:03.187620,318.7
6106,855,2025-11-20 19:19:03.187620,325.05
6107,881,2026-03-11 19:19:03.187620,10.02
6108,182,2025-11-14 19:19:03.187620,333.52
6109,716,2026-05-03 19:19:03.187620,186.01
6110,610,2026-08-31 19:19:03.187620,15.43
6111,454,2025-12-04 19:19:03.187620,489.0
6112,754,2025-10-03 19:19:03.187620,314.79
6113,926,2025-10-27 19:19:03.187620,178.93
6114,263,2025-12-27 19:19:03.187620,157.16
6115,416,2026-05-17 19:19:03.187620,43.52
6116,229,2026-04-09 19:19:03.187620,78.74
6117,879,2026-07-07 19:19:03.187620,498.39
6118,617,2025-12-17 19:19:03.187620,187.37
6119,272,2025-10-16 19:19:03.187620,27.32
6120,867,2026-09-19 19:19:03.187620,382.0
6121,644,2026-06-21 19:19:03.187620,464.86
6122,204,2025-11-20 19:19:03.187620,15.98
6123,450,2026-08-11 19:19:03.187620,368.2
6124,854,2025-10-07 19:19:03.187620,336.12
6125,657,2026-01-02 19:19:03.187620,261.94
6126,476,2026-06-02 19:19:03.187620,363.03
6127,383,2025-10-19 19:19:03.187620,84.06
6128,711,2026-01-14 19:19:03.187620,332.8
6129,394,2025-10-03 19:19:03.187620,304.57
6130,515,2026-07-18 19:19:03.187620,418.79
6131,180,2025-12-31 19:19:03.187620,65.05
6132,645,2026-09-17 19:19:03.187620,92.68
6133,895,2026-08-04 19:19:03.187620,468.72
6134,116,2025-10-18 19:19:03.187620,218.62
6135,811,2026-01-25 19:19:03.187620,470.29
6136,643,2026-08-07 19:19:03.187620,130.08
6137,586,2026-09-23 19:19:03.187620,17.54
6138,65,2026-05-01 19:19:03.187620,389.8
6139,129,2026-03-02 19:19:03.187620,45.26
6140,141,2026-06-03 19:19:03.187620,328.38
6141,605,2026-08-12 19:19:03.187620,407.56
6142,379,2026-07-29 19:19:03.187620,273.99
6143,69,2026-09-01 19:19:03.187620,233.77
6144,542,2026-01-09 19:19:03.187620,220.51
6145,524,2026-02-03 19:19:03.187620,25.67
6146,343,2025-12-21 19:19:03.187620,98.92
6147,311,2026-06-03 19:19:03.187620,43.83
6148,526,2026-03-14 19:19:03.187620,213.47
6149,805,2025-12-20 19:19:03.187620,253.5
6150,33,2026-08-11 19:19:03.187620,41.9
6151,16,2026-01-22 19:19:03.187620,202.8
6152,246,2026-03-03 19:19:03.187620,48.43
6153,744,2026-08-29 19:19:03.187620,207.82
6154,797,2026-01-16 19:19:03.187620,471.53
6155,387,2026-09-28 19:19:03.187620,483.82
6156,310,2026-08-31 19:19:03.187620,413.78
6157,546,2025-11-16 19:19:03.187620,456.25
6158,355,2025-12-25 19:19:03.187620,377.09
6159,886,2026-04-17 19:19:03.187620,444.5
6160,986,2025-12-21 19:19:03.187620,194.74
6161,563,2026-01-13 19:19:03.187620,313.38
6162,612,2026-02-03 19:19:03.187620,38.11
6163,998,2026-05-20 19:19:03.187620,341.17
6164,152,2026-06-28 19:19:03.187620,213.01
6165,583,2026-08-31 19:19:03.187620,244.15
6166,638,2026-01-27 19:19:03.187620,271.43
6167,494,2025-12-03 19:19:03.187620,67.35
6168,340,2026-01-22 19:19:03.187620,440.28
6169,924,2025-10-26 19:19:03.187620,300.0
6170,932,2026-04-26 19:19:03.187620,376.55
6171,509,2026-08-30 19:19:03.187620,346.92
6172,997,2026-06-11 19:19:03.187620,408.21
6173,694,2025-11-13 19:19:03.187620,487.3
6174,443,2026-05-29 19:19:03.187620,326.7
6175,565,2026-08-25 19:19:03.187620,154.11
6176,741,2025-11-16 19:19:03.187620,473.48
6177,924,2026-09-13 19:19:03.187620,172.59
6178,188,2025-12-12 19:19:03.187620,281.29
6179,46,2025-12-15 19:19:03.187620,80.18
6180,685,2026-05-08 19:19:03.187620,55.57
6181,498,2026-01-09 19:19:03.187620,77.11
6182,746,2025-12-28 19:19:03.187620,194.5
6183,63,2026-06-18 19:19:03.187620,41.24
6184,151,2026-07-06 19:19:03.187620,415.85
6185,892,2026-03-01 19:19:03.187620,185.0
6186,449,2026-01-18 19:19:03.187620,377.07
6187,896,2026-07-02 19:19:03.187620,10.65
6188,837,2025-10-08 19:19:03.187620,17.23
6189,724,2026-07-11 19:19:03.187620,179.03
6190,537,2026-06-17 19:19:03.187620,414.81
6191,470,2026-04-04 19:19:03.187620,270.97
6192,272,2026-04-26 19:19:03.187620,478.75
6193,178,2026-08-31 19:19:03.187620,27.78
6194,270,2025-12-24 19:19:03.187620,423.86
6195,626,2026-05-07 19:19:03.187620,299.79
6196,433,2026-05-22 19:19:03.187620,110.78
6197,935,2026-09-09 19:19:03.187620,384.16
6198,832,2026-04-01 19:19:03.187620,330.63
6199,292,2026-09-23 19:19:03.187620,214.13
6200,270,2025-12-28 19:19:03.187620,100.85
6201,743,2026-01-29 19:19:03.187620,381.74
6202,186,2025-10-02 19:19:03.187620,10.36
6203,568,2026-07-31 19:19:03.187620,133.59
6204,560,2026-08-11 19:19:03.187620,315.81
6205,891,2026-06-22 19:19:03.187620,58.68
6206,69,2026-01-07 19:19:03.187620,14.13
6207,221,2026-08-26 19:19:03.187620,230.54
6208,290,2026-05-29 19:19:03.187620,258.18
6209,258,2026-01-03 19:19:03.187620,436.81
6210,841,2026-02-20 19:19:03.187620,43.98
6211,801,2026-09-20 19:19:03.187620,243.06
6212,603,2026-08-17 19:19:03.187620,68.63
6213,718,2026-05-10 19:19:03.187620,467.26
6214,916,2025-12-08 19:19:03.187620,147.38
6215,9,2026-02-24 19:19:03.187620,141.89
6216,581,2026-01-11 19:19:03.187620,427.12
6217,758,2025-10-15 19:19:03.187620,336.85
6218,56,2026-02-26 19:19:03.187620,99.0
6219,486,2026-05-21 19:19:03.187620,350.5
6220,895,2026-05-19 19:19:03.187620,165.13
6221,715,2025-11-12 19:19:03.187620,139.02
6222,488,2026-08-30 19:19:03.187620,364.64
6223,553,2026-08-08 19:19:03.187620,264.02
6224,2,2025-10-11 19:19:03.187620,335.66
6225,541,2026-02-13 19:19:03.187620,382.41
6226,589,2026-01-04 19:19:03.187620,39.17
6227,840,2026-09-10 19:19:03.187620,243.58
6228,934,2026-06-21 19:19:03.187620,105.55
6229,517,2026-04-11 19:19:03.187620,282.19
6230,873,2025-12-12 19:19:03.187620,494.51
6231,816,2026-04-03 19:19:03.187620,432.22
6232,681,2025-12-22 19:19:03.187620,381.87
6233,108,2026-07-06 19:19:03.187620,184.27
6234,469,2026-07-02 19:19:03.187620,102.63
6235,349,2025-10-16 19:19:03.187620,358.19
6236,848,2026-05-17 19:19:03.187620,365.98
6237,132,2026-07-06 19:19:03.187620,463.48
6238,978,2026-08-23 19:19:03.187620,209.66
6239,490,2025-10-20 19:19:03.187620,367.06
6240,76,2026-08-27 19:19:03.187620,307.18
6241,680,2026-05-10 19:19:03.187620,122.21
6242,578,2026-05-28 19:19:03.187620,365.34
6243,860,2025-10-17 19:19:03.187620,64.53
6244,623,2026-03-20 19:19:03.187620,108.68
6245,376,2026-03-21 19:19:03.187620,367.59
6246,32,2026-08-18 19:19:03.187620,343.25
6247,728,2026-01-23 19:19:03.187620,267.36
6248,654,2026-05-22 19:19:03.187620,98.7
6249,706,2026-06-04 19:19:03.187620,102.17
6250,68,2025-12-06 19:19:03.187620,223.66
6251,518,2026-02-13 19:19:03.187620,107.24
6252,565,2026-02-18 19:19:03.187620,241.69
6253,21,2026-06-03 19:19:03.187620,147.18
6254,65,2026-06-27 19:19:03.187620,85.95
6255,816,2025-10-30 19:19:03.187620,135.85
6256,986,2026-01-28 19:19:03.187620,441.55
6257,893,2025-11-05 19:19:03.187620,337.59
6258,96,2026-04-06 19:19:03.187620,394.26
6259,37,2026-02-24 19:19:03.187620,104.94
6260,573,2026-06-18 19:19:03.187620,475.06
6261,796,2026-08-27 19:19:03.187620,235.63
6262,959,2025-10-13 19:19:03.187620,85.53
6263,978,2025-10-09 19:19:03.187620,374.86
6264,689,2026-03-31 19:19:03.187620,296.9
6265,392,2026-06-15 19:19:03.187620,247.95
6266,289,2026-03-04 19:19:03.187620,431.81
6267,993,2026-03-30 19:19:03.187620,390.31
6268,388,2025-12-31 19:19:03.187620,79.84
6269,353,2026-08-02 19:19:03.187620,498.75
6270,631,2026-08-24 19:19:03.187620,161.98
6271,429,2025-10-30 19:19:03.187620,441.26
6272,467,2025-12-27 19:19:03.187620,461.79
6273,492,2026-05-07 19:19:03.187620,366.69
6274,580,2026-01-21 19:19:03.187620,29.46
6275,937,2025-12-05 19:19:03.187620,461.91
6276,162,2026-06-15 19:19:03.187620,441.04
6277,718,2026-01-02 19:19:03.187620,88.93
6278,54,2026-08-22 19:19:03.187620,158.77
6279,474,2025-12-15 19:19:03.187620,307.29
6280,339,2025-11-02 19:19:03.187620,431.9
6281,614,2026-05-06 19:19:03.187620,232.31
6282,549,2026-04-30 19:19:03.187620,112.56
6283,184,2026-05-07 19:19:03.187620,436.41
6284,537,2026-02-02 19:19:03.187620,63.9
6285,756,2025-10-03 19:19:03.187620,362.3
6286,346,2025-12-28 19:19:03.187620,495.66
6287,365,2025-10-31 19:19:03.187620,128.67
6288,836,2026-09-21 19:19:03.187620,454.45
6289,908,2026-08-15 19:19:03.187620,105.75
6290,648,2026-04-25 19:19:03.187620,291.81
6291,37,2026-08-11 19:19:03.187620,148.47
6292,584,2025-10-20 19:19:03.187620,259.3
6293,981,2026-03-07 19:19:03.187620,122.42
6294,803,2025-11-13 19:19:03.187620,66.55
6295,363,2026-03-10 19:19:03.187620,228.36
6296,190,2026-09-24 19:19:03.187620,141.15
6297,970,2026-07-13 19:19:03.187620,400.47
6298,914,2025-10-18 19:19:03.187620,90.43
6299,789,2026-03-28 19:19:03.187620,54.82
6300,836,2025-12-18 19:19:03.187620,483.83
6301,857,2026-04-30 19:19:03.187620,196.81
6302,319,2026-05-03 19:19:03.187620,281.26
6303,937,2026-03-28 19:19:03.187620,40.1
6304,586,2026-09-16 19:19:03.187620,180.68
6305,533,2026-03-10 19:19:03.187620,458.93
6306,124,2026-01-12 19:19:03.187620,203.15
6307,798,2025-11-08 19:19:03.187620,268.84
6308,855,2026-03-02 19:19:03.187620,31.72
6309,2,2026-03-02 19:19:03.187620,96.8
6310,103,2026-03-13 19:19:03.187620,232.47
6311,487,2026-05-11 19:19:03.187620,215.45
6312,817,2026-09-07 19:19:03.187620,24.54
6313,815,2026-01-03 19:19:03.187620,388.9
6314,365,2026-07-27 19:19:03.187620,488.78
6315,149,2025-12-06 19:19:03.187620,441.35
6316,751,2026-03-14 19:19:03.187620,10.25
6317,26,2026-03-19 19:19:03.187620,464.48
6318,440,2026-03-05 19:19:03.187620,290.86
6319,704,2025-11-04 19:19:03.187620,422.03
6320,539,2026-08-19 19:19:03.187620,276.3
6321,567,2025-12-18 19:19:03.187620,316.31
6322,909,2026-05-30 19:19:03.187620,499.23
6323,180,2025-11-01 19:19:03.187620,237.4
6324,976,2025-10-14 19:19:03.187620,497.62
6325,198,2026-07-22 19:19:03.187620,102.13
6326,7,2025-12-12 19:19:03.187620,202.47
6327,119,2026-07-22 19:19:03.187620,205.45
6328,212,2026-06-08 19:19:03.187620,341.07
6329,329,2026-05-02 19:19:03.187620,49.53
6330,954,2026-04-06 19:19:03.187620,228.95
6331,298,2026-04-16 19:19:03.187620,308.45
6332,826,2026-07-25 19:19:03.187620,151.25
6333,903,2025-12-14 19:19:03.187620,258.42
6334,952,2026-06-10 19:19:03.187620,55.77
6335,499,2026-09-21 19:19:03.187620,335.64
6336,726,2025-11-10 19:19:03.187620,158.35
6337,439,2026-07-02 19:19:03.187620,108.91
6338,222,2025-11-03 19:19:03.187620,409.95
6339,703,2026-04-27 19:19:03.187620,242.32
6340,97,2026-07-23 19:19:03.187620,371.94
6341,208,2026-04-11 19:19:03.187620,10.85
6342,554,2026-01-26 19:19:03.187620,489.31
6343,890,2026-05-19 19:19:03.187620,201.19
6344,597,2026-06-13 19:19:03.187620,469.9
6345,59,2026-04-10 19:19:03.187620,334.1
6346,853,2025-10-17 19:19:03.187620,271.26
6347,185,2026-08-02 19:19:03.187620,70.05
6348,507,2026-05-15 19:19:03.187620,243.43
6349,530,2025-12-05 19:19:03.187620,462.54
6350,226,2026-09-20 19:19:03.187620,484.5
6351,84,2025-12-18 19:19:03.187620,387.81
6352,543,2026-08-29 19:19:03.187620,38.27
6353,941,2025-11-18 19:19:03.187620,464.06
6354,653,2025-10-05 19:19:03.187620,34.53
6355,75,2026-03-25 19:19:03.187620,83.27
6356,358,2025-10-10 19:19:03.187620,407.88
6357,36,2026-07-26 19:19:03.187620,403.88
6358,9,2026-05-06 19:19:03.187620,408.54
6359,71,2026-01-18 19:19:03.187620,87.2
6360,114,2026-07-19 19:19:03.187620,323.62
6361,570,2025-10-03 19:19:03.187620,33.81
6362,429,2025-10-07 19:19:03.187620,296.88
6363,685,2026-04-26 19:19:03.187620,178.41
6364,438,2026-04-03 19:19:03.187620,100.59
6365,514,2026-05-16 19:19:03.187620,381.86
6366,697,2026-04-30 19:19:03.187620,240.52
6367,535,2026-01-20 19:19:03.187620,134.22
6368,151,2026-06-28 19:19:03.187620,66.6
6369,178,2026-02-19 19:19:03.187620,137.33
6370,609,2026-06-16 19:19:03.187620,35.6
6371,948,2026-05-14 19:19:03.187620,152.51
6372,144,2026-06-03 19:19:03.187620,160.0
6373,928,2026-08-10 19:19:03.187620,98.1
6374,831,2026-02-01 19:19:03.188681,340.19
6375,652,2026-06-28 19:19:03.188681,264.62
6376,341,2026-02-18 19:19:03.188681,155.04
6377,602,2026-10-01 19:19:03.188681,101.05
6378,126,2025-10-22 19:19:03.188681,173.67
6379,578,2026-02-28 19:19:03.188681,215.32
6380,311,2026-06-20 19:19:03.188681,454.93
6381,502,2025-11-09 19:19:03.188681,189.55
6382,954,2025-10-28 19:19:03.188681,228.11
6383,933,2025-10-18 19:19:03.188681,229.84
6384,328,2026-03-02 19:19:03.188681,44.19
6385,546,2026-02-17 19:19:03.188681,433.56
6386,143,2026-05-07 19:19:03.188681,183.09
6387,888,2026-09-19 19:19:03.188681,148.52
6388,482,2025-10-10 19:19:03.188681,487.12
6389,660,2026-06-16 19:19:03.188681,75.2
6390,386,2025-12-29 19:19:03.188681,82.35
6391,294,2026-07-28 19:19:03.188681,76.04
6392,685,2025-12-04 19:19:03.188681,278.83
6393,241,2026-09-30 19:19:03.188681,92.27
6394,568,2026-07-25 19:19:03.188681,412.75
6395,480,2025-10-25 19:19:03.188681,483.07
6396,797,2026-01-08 19:19:03.188681,343.12
6397,91,2025-12-31 19:19:03.188681,428.13
6398,980,2026-07-01 19:19:03.188681,301.93
6399,213,2026-06-04 19:19:03.188681,402.09
6400,935,2025-11-21 19:19:03.188681,87.32
6401,973,2025-12-14 19:19:03.188681,393.83
6402,183,2026-05-12 19:19:03.188681,125.7
6403,837,2026-02-07 19:19:03.188681,94.9
6404,282,2026-09-30 19:19:03.188681,272.09
6405,485,2026-02-13 19:19:03.188681,300.1
6406,351,2025-11-17 19:19:03.188681,66.99
6407,933,2026-01-08 19:19:03.188681,227.21
6408,45,2025-11-12 19:19:03.188681,292.42
6409,670,2026-07-26 19:19:03.188681,75.84
6410,854,2026-08-04 19:19:03.188681,193.77
6411,968,2025-12-01 19:19:03.188681,204.22
6412,541,2026-06-26 19:19:03.188681,123.72
6413,270,2026-08-16 19:19:03.188681,483.16
6414,493,2026-03-27 19:19:03.188681,423.39
6415,132,2026-01-22 19:19:03.188681,25.81
6416,909,2026-09-05 19:19:03.188681,431.15
6417,143,2026-01-12 19:19:03.188681,223.58
6418,244,2026-04-10 19:19:03.188681,266.9
6419,963,2026-02-06 19:19:03.188681,464.09
6420,942,2026-05-17 19:19:03.188681,417.67
6421,339,2025-12-15 19:19:03.188681,29.2
6422,280,2026-09-20 19:19:03.188681,345.42
6423,140,2026-04-05 19:19:03.188681,278.47
6424,874,2026-03-06 19:19:03.188681,171.18
6425,417,2026-03-11 19:19:03.188681,325.82
6426,801,2026-09-06 19:19:03.188681,297.95
6427,372,2026-01-05 19:19:03.188681,234.99
6428,591,2025-11-10 19:19:03.188681,265.77
6429,334,2026-02-11 19:19:03.188681,328.16
6430,535,2025-12-15 19:19:03.188681,424.63
6431,670,2026-07-14 19:19:03.188681,214.14
6432,732,2026-01-16 19:19:03.188681,331.79
6433,840,2026-05-20 19:19:03.188681,64.29
6434,32,2026-04-11 19:19:03.188681,185.25
6435,884,2026-03-22 19:19:03.188681,279.87
6436,1000,2026-06-17 19:19:03.188681,233.17
6437,685,2026-05-23 19:19:03.188681,74.5
6438,13,2025-12-21 19:19:03.188681,291.34
6439,615,2026-02-23 19:19:03.188681,316.58
6440,56,2026-06-10 19:19:03.188681,217.96
6441,804,2026-06-10 19:19:03.188681,238.92
6442,417,2025-10-02 19:19:03.188681,93.61
6443,398,2026-03-01 19:19:03.188681,352.26
6444,640,2026-03-19 19:19:03.188681,117.47
6445,276,2026-04-27 19:19:03.188681,376.75
6446,677,2026-03-25 19:19:03.188681,259.03
6447,995,2026-05-23 19:19:03.188681,50.46
6448,160,2025-12-30 19:19:03.188681,425.98
6449,412,2026-06-22 19:19:03.188681,453.22
6450,54,2026-07-04 19:19:03.188681,271.79
6451,149,2026-08-07 19:19:03.188681,205.3
6452,371,2026-07-16 19:19:03.188681,202.92
6453,163,2026-05-28 19:19:03.188681,259.71
6454,109,2026-03-15 19:19:03.188681,278.59
6455,688,2026-02-26 19:19:03.188681,152.2
6456,333,2026-09-25 19:19:03.188681,127.08
6457,283,2026-05-09 19:19:03.188681,202.16
6458,417,2026-02-17 19:19:03.188681,130.32
6459,414,2026-09-26 19:19:03.188681,208.57
6460,458,2026-08-12 19:19:03.188681,99.79
6461,104,2025-11-25 19:19:03.188681,183.18
6462,592,2026-09-13 19:19:03.188681,15.38
6463,184,2026-03-30 19:19:03.188681,250.39
6464,407,2025-10-13 19:19:03.188681,135.09
6465,5,2026-07-10 19:19:03.188681,409.18
6466,792,2026-07-07 19:19:03.188681,372.28
6467,726,2026-02-08 19:19:03.188681,465.31
6468,326,2025-11-20 19:19:03.188681,340.88
6469,786,2026-05-27 19:19:03.188681,175.18
6470,719,2026-07-10 19:19:03.188681,119.22
6471,444,2025-10-03 19:19:03.188681,100.59
6472,159,2026-09-12 19:19:03.188681,196.48
6473,926,2026-06-08 19:19:03.188681,178.47
6474,415,2026-03-20 19:19:03.188681,79.67
6475,745,2025-11-07 19:19:03.188681,490.01
6476,715,2026-01-08 19:19:03.188681,72.74
6477,749,2025-12-08 19:19:03.188681,192.5
6478,167,2026-03-16 19:19:03.188681,292.69
6479,849,2025-11-28 19:19:03.188681,404.3
6480,369,2026-05-08 19:19:03.188681,336.64
6481,289,2026-05-01 19:19:03.188681,358.55
6482,589,2026-02-10 19:19:03.188681,427.92
6483,750,2025-12-23 19:19:03.188681,478.17
6484,972,2026-03-07 19:19:03.188681,439.89
6485,567,2026-09-29 19:19:03.188681,328.46
6486,871,2026-08-28 19:19:03.188681,208.07
6487,406,2026-06-17 19:19:03.188681,61.34
6488,276,2026-05-25 19:19:03.188681,170.0
6489,580,2025-12-27 19:19:03.188681,350.24
6490,769,2026-05-09 19:19:03.188681,230.06
6491,1,2026-08-22 19:19:03.188681,436.51
6492,544,2026-09-29 19:19:03.188681,172.58
6493,530,2026-03-30 19:19:03.188681,68.05
6494,490,2026-03-31 19:19:03.188681,409.18
6495,635,2026-02-26 19:19:03.188681,289.39
6496,186,2025-10-29 19:19:03.188681,427.78
6497,280,2025-12-06 19:19:03.188681,452.22
6498,786,2026-05-12 19:19:03.188681,214.98
6499,17,2026-06-24 19:19:03.188681,215.07
6500,437,2026-05-09 19:19:03.188681,30.76
6501,556,2025-12-17 19:19:03.188681,271.98
6502,644,2026-02-05 19:19:03.188681,493.08
6503,373,2026-09-10 19:19:03.188681,203.8
6504,655,2025-10-22 19:19:03.188681,146.2
6505,835,2025-12-16 19:19:03.188681,262.31
6506,20,2025-11-25 19:19:03.188681,155.68
6507,643,2026-09-23 19:19:03.188681,22.76
6508,582,2025-12-27 19:19:03.188681,497.99
6509,857,2026-01-15 19:19:03.188681,197.13
6510,500,2026-07-16 19:19:03.188681,151.78
6511,591,2026-04-21 19:19:03.188681,391.15
6512,940,2026-07-30 19:19:03.188681,316.73
6513,482,2026-09-16 19:19:03.188681,252.6
6514,499,2025-12-20 19:19:03.188681,12.39
6515,41,2026-02-07 19:19:03.188681,386.4
6516,122,2026-06-06 19:19:03.188681,15.08
6517,629,2026-03-28 19:19:03.188681,181.37
6518,923,2026-08-29 19:19:03.188681,366.49
6519,824,2026-06-18 19:19:03.188681,68.01
6520,850,2026-01-05 19:19:03.188681,437.46
6521,713,2026-03-22 19:19:03.188681,234.78
6522,319,2025-12-02 19:19:03.188681,216.83
6523,464,2025-11-30 19:19:03.188681,496.1
6524,549,2026-08-28 19:19:03.188681,162.9
6525,479,2026-07-06 19:19:03.188681,227.57
6526,465,2026-05-28 19:19:03.188681,58.51
6527,42,2025-11-09 19:19:03.188681,326.39
6528,525,2026-05-15 19:19:03.188681,492.63
6529,806,2026-07-14 19:19:03.188681,306.99
6530,808,2026-03-26 19:19:03.188681,77.84
6531,329,2026-09-21 19:19:03.188681,259.5
6532,1,2026-04-27 19:19:03.188681,20.0
6533,233,2025-10-10 19:19:03.188681,37.33
6534,335,2026-07-29 19:19:03.188681,121.47
6535,622,2026-03-30 19:19:03.188681,223.6
6536,788,2025-10-31 19:19:03.188681,16.99
6537,271,2025-12-31 19:19:03.188681,311.8
6538,666,2025-10-30 19:19:03.188681,222.89
6539,139,2026-02-25 19:19:03.188681,343.65
6540,617,2026-07-04 19:19:03.188681,477.96
6541,287,2025-10-23 19:19:03.188681,115.56
6542,15,2025-10-22 19:19:03.188681,260.5
6543,703,2026-04-22 19:19:03.188681,213.05
6544,800,2026-05-14 19:19:03.188681,248.18
6545,961,2025-10-17 19:19:03.188681,337.65
6546,176,2026-04-24 19:19:03.188681,85.04
6547,579,2026-07-12 19:19:03.188681,56.17
6548,4,2025-12-22 19:19:03.188681,85.58
6549,764,2026-09-17 19:19:03.188681,460.08
6550,82,2025-11-18 19:19:03.188681,342.35
6551,14,2025-11-22 19:19:03.188681,169.39
6552,588,2025-11-14 19:19:03.188681,273.29
6553,676,2026-03-13 19:19:03.188681,99.98
6554,264,2026-09-13 19:19:03.188681,425.44
6555,630,2025-12-13 19:19:03.188681,103.87
6556,447,2025-11-22 19:19:03.188681,186.73
6557,926,2026-05-07 19:19:03.188681,114.48
6558,7,2026-02-18 19:19:03.188681,73.53
6559,989,2026-05-08 19:19:03.188681,441.29
6560,445,2026-06-25 19:19:03.188681,367.44
6561,518,2026-06-27 19:19:03.188681,32.88
6562,32,2026-03-23 19:19:03.188681,99.3
6563,801,2025-12-02 19:19:03.188681,11.61
6564,14,2026-02-15 19:19:03.188681,36.44
6565,262,2026-03-22 19:19:03.188681,340.02
6566,119,2026-06-08 19:19:03.188681,84.41
6567,473,2026-01-10 19:19:03.188681,456.79
6568,958,2026-05-10 19:19:03.188681,72.56
6569,338,2026-04-23 19:19:03.188681,324.44
6570,134,2026-05-19 19:19:03.188681,136.89
6571,25,2026-01-27 19:19:03.188681,486.78
6572,924,2026-02-12 19:19:03.188681,363.42
6573,678,2026-06-28 19:19:03.188681,43.11
6574,302,2026-09-30 19:19:03.188681,156.72
6575,217,2026-08-05 19:19:03.188681,444.61
6576,145,2026-09-01 19:19:03.188681,250.86
6577,578,2026-09-11 19:19:03.188681,356.87
6578,548,2026-03-01 19:19:03.188681,210.85
6579,689,2026-08-30 19:19:03.188681,22.3
6580,741,2025-10-24 19:19:03.188681,223.7
6581,88,2026-04-22 19:19:03.188681,251.12
6582,33,2026-09-04 19:19:03.188681,435.69
6583,521,2025-10-18 19:19:03.188681,353.52
6584,774,2025-11-25 19:19:03.188681,489.4
6585,904,2026-08-29 19:19:03.188681,430.08
6586,830,2026-08-22 19:19:03.188681,337.76
6587,48,2026-05-21 19:19:03.188681,44.75
6588,943,2026-08-15 19:19:03.188681,306.51
6589,200,2026-08-08 19:19:03.188681,119.04
6590,232,2026-04-19 19:19:03.188681,469.6
6591,401,2026-03-01 19:19:03.188681,220.1
6592,513,2026-03-13 19:19:03.188681,90.65
6593,607,2025-10-24 19:19:03.188681,74.07
6594,15,2025-12-10 19:19:03.188681,37.33
6595,249,2026-04-07 19:19:03.188681,181.45
6596,513,2026-05-16 19:19:03.188681,404.8
6597,58,2026-07-18 19:19:03.188681,148.46
6598,555,2026-05-20 19:19:03.188681,331.7
6599,99,2025-11-04 19:19:03.188681,464.12
6600,944,2025-11-29 19:19:03.188681,65.05
6601,751,2026-08-16 19:19:03.188681,23.88
6602,26,2025-12-30 19:19:03.188681,236.55
6603,300,2025-10-28 19:19:03.188681,255.21
6604,721,2026-06-01 19:19:03.188681,39.91
6605,97,2026-09-10 19:19:03.188681,294.25
6606,993,2025-12-09 19:19:03.188681,392.24
6607,346,2026-01-27 19:19:03.188681,310.6
6608,143,2026-07-12 19:19:03.188681,353.86
6609,871,2025-11-05 19:19:03.188681,271.51
6610,398,2026-06-01 19:19:03.188681,323.58
6611,779,2026-04-17 19:19:03.188681,439.71
6612,83,2026-08-06 19:19:03.188681,330.52
6613,582,2025-12-10 19:19:03.188681,334.33
6614,648,2025-11-26 19:19:03.188681,28.82
6615,619,2025-12-30 19:19:03.188681,241.27
6616,807,2026-03-04 19:19:03.188681,354.51
6617,8,2025-12-27 19:19:03.188681,402.67
6618,335,2026-02-20 19:19:03.188681,109.43
6619,547,2026-04-26 19:19:03.188681,317.43
6620,412,2026-08-04 19:19:03.188681,187.59
6621,761,2025-11-08 19:19:03.188681,328.95
6622,86,2026-01-08 19:19:03.188681,184.73
6623,477,2026-03-11 19:19:03.188681,56.36
6624,147,2025-11-19 19:19:03.188681,404.57
6625,677,2026-06-24 19:19:03.188681,295.18
6626,626,2026-08-19 19:19:03.188681,224.95
6627,28,2026-06-18 19:19:03.188681,102.49
6628,4,2026-02-11 19:19:03.188681,436.4
6629,429,2026-05-19 19:19:03.188681,361.92
6630,389,2026-08-14 19:19:03.188681,359.99
6631,64,2026-08-13 19:19:03.188681,141.0
6632,820,2025-11-17 19:19:03.188681,428.19
6633,497,2026-01-19 19:19:03.188681,91.29
6634,617,2026-02-15 19:19:03.188681,476.08
6635,509,2026-07-21 19:19:03.188681,184.72
6636,950,2026-07-03 19:19:03.188681,255.27
6637,907,2026-05-27 19:19:03.188681,129.1
6638,580,2025-10-28 19:19:03.188681,118.69
6639,420,2026-01-08 19:19:03.188681,182.64
6640,951,2025-11-14 19:19:03.188681,149.36
6641,957,2025-11-06 19:19:03.188681,183.34
6642,878,2025-12-03 19:19:03.188681,305.92
6643,128,2025-10-05 19:19:03.188681,327.78
6644,227,2026-09-30 19:19:03.188681,205.4
6645,943,2025-11-22 19:19:03.188681,485.91
6646,542,2026-05-12 19:19:03.188681,365.13
6647,655,2026-08-12 19:19:03.188681,360.22
6648,126,2026-05-08 19:19:03.188681,202.19
6649,818,2026-05-30 19:19:03.188681,65.03
6650,839,2026-01-30 19:19:03.188681,211.02
6651,601,2026-03-04 19:19:03.188681,282.04
6652,842,2025-12-02 19:19:03.188681,143.73
6653,528,2025-11-06 19:19:03.188681,418.22
6654,769,2026-09-04 19:19:03.188681,27.05
6655,339,2026-06-16 19:19:03.188681,88.28
6656,387,2026-03-10 19:19:03.188681,237.52
6657,416,2025-12-03 19:19:03.188681,402.37
6658,98,2026-04-23 19:19:03.188681,43.89
6659,915,2026-08-10 19:19:03.188681,211.21
6660,525,2026-07-03 19:19:03.188681,11.58
6661,236,2026-01-07 19:19:03.188681,416.21
6662,231,2025-10-18 19:19:03.188681,65.34
6663,376,2026-01-13 19:19:03.188681,141.32
6664,945,2025-11-22 19:19:03.188681,424.03
6665,32,2026-05-26 19:19:03.188681,217.43
6666,932,2026-04-16 19:19:03.188681,459.95
6667,283,2025-11-22 19:19:03.188681,113.82
6668,592,2026-09-14 19:19:03.189709,471.45
6669,694,2026-09-27 19:19:03.189709,163.44
6670,820,2026-09-25 19:19:03.189709,206.24
6671,455,2026-09-21 19:19:03.189709,81.84
6672,474,2026-04-06 19:19:03.189709,201.04
6673,143,2025-11-15 19:19:03.189709,88.17
6674,905,2025-12-13 19:19:03.189709,260.58
6675,375,2025-10-25 19:19:03.189709,81.23
6676,117,2026-06-14 19:19:03.189709,364.7
6677,983,2026-01-25 19:19:03.189709,387.57
6678,292,2026-07-07 19:19:03.189709,203.2
6679,120,2026-07-04 19:19:03.189709,257.89
6680,239,2025-11-18 19:19:03.189709,231.8
6681,196,2025-12-16 19:19:03.189709,487.26
6682,327,2025-12-26 19:19:03.189709,477.38
6683,200,2026-08-29 19:19:03.189709,82.45
6684,767,2025-11-28 19:19:03.189709,268.33
6685,348,2026-05-13 19:19:03.189709,181.26
6686,485,2026-03-18 19:19:03.189709,496.85
6687,299,2026-05-09 19:19:03.189709,135.32
6688,107,2026-09-07 19:19:03.189709,477.95
6689,347,2026-04-15 19:19:03.189709,267.76
6690,93,2026-08-21 19:19:03.189709,186.06
6691,660,2026-09-15 19:19:03.189709,483.08
6692,679,2026-08-27 19:19:03.189709,110.09
6693,94,2025-12-22 19:19:03.189709,341.39
6694,739,2025-12-09 19:19:03.189709,45.43
6695,269,2025-10-08 19:19:03.189709,83.82
6696,107,2026-07-17 19:19:03.189709,145.27
6697,243,2025-10-10 19:19:03.189709,434.57
6698,809,2026-05-19 19:19:03.189709,402.94
6699,201,2025-11-13 19:19:03.189709,492.86
6700,252,2026-06-12 19:19:03.189709,346.49
6701,349,2026-08-10 19:19:03.189709,417.33
6702,80,2025-11-30 19:19:03.189709,195.54
6703,916,2026-06-28 19:19:03.189709,246.63
6704,410,2026-02-21 19:19:03.189709,201.89
6705,715,2025-12-09 19:19:03.189709,460.65
6706,960,2025-10-22 19:19:03.189709,353.95
6707,132,2026-01-14 19:19:03.189709,201.26
6708,114,2026-02-28 19:19:03.189709,200.1
6709,934,2025-11-07 19:19:03.189709,80.38
6710,182,2026-06-11 19:19:03.189709,451.83
6711,593,2025-11-25 19:19:03.189709,204.98
6712,95,2025-10-08 19:19:03.189709,145.44
6713,404,2026-04-20 19:19:03.189709,419.27
6714,869,2026-06-13 19:19:03.189709,132.19
6715,451,2026-07-18 19:19:03.189709,437.2
6716,753,2025-11-26 19:19:03.189709,273.67
6717,87,2026-02-24 19:19:03.189709,408.23
6718,68,2026-02-12 19:19:03.189709,108.13
6719,544,2025-10-03 19:19:03.189709,375.46
6720,611,2026-04-22 19:19:03.189709,371.93
6721,967,2026-09-14 19:19:03.189709,499.22
6722,739,2025-12-18 19:19:03.189709,173.16
6723,270,2026-06-07 19:19:03.189709,356.52
6724,802,2026-04-02 19:19:03.189709,352.85
6725,136,2026-06-12 19:19:03.189709,178.57
6726,655,2026-04-13 19:19:03.189709,112.44
6727,113,2026-09-02 19:19:03.189709,171.44
6728,742,2026-05-06 19:19:03.189709,34.97
6729,22,2026-02-18 19:19:03.189709,468.34
6730,720,2026-02-24 19:19:03.189709,436.58
6731,34,2026-03-15 19:19:03.189709,353.97
6732,241,2026-09-19 19:19:03.189709,109.46
6733,317,2026-04-06 19:19:03.189709,56.79
6734,809,2025-11-24 19:19:03.189709,81.7
6735,936,2026-04-04 19:19:03.189709,88.95
6736,472,2026-04-26 19:19:03.189709,415.34
6737,669,2026-04-28 19:19:03.189709,54.38
6738,714,2026-09-19 19:19:03.189709,420.13
6739,874,2026-06-07 19:19:03.189709,317.81
6740,945,2026-05-16 19:19:03.189709,88.76
6741,964,2026-09-16 19:19:03.189709,308.43
6742,809,2026-05-29 19:19:03.189709,257.02
6743,391,2025-11-01 19:19:03.189709,159.66
6744,725,2026-06-26 19:19:03.189709,457.6
6745,934,2026-04-02 19:19:03.189709,14.85
6746,325,2025-11-17 19:19:03.189709,103.38
6747,588,2026-09-09 19:19:03.189709,142.76
6748,802,2026-09-14 19:19:03.189709,28.65
6749,152,2026-04-30 19:19:03.189709,67.56
6750,607,2026-03-25 19:19:03.189709,47.21
6751,119,2026-04-16 19:19:03.189709,447.94
6752,179,2026-01-10 19:19:03.189709,48.37
6753,360,2026-09-25 19:19:03.189709,306.91
6754,157,2026-08-16 19:19:03.189709,163.96
6755,797,2026-02-05 19:19:03.189709,118.75
6756,679,2026-07-03 19:19:03.189709,296.49
6757,763,2026-08-23 19:19:03.189709,200.76
6758,254,2026-04-14 19:19:03.189709,133.31
6759,165,2026-02-12 19:19:03.189709,298.18
6760,701,2026-03-08 19:19:03.189709,174.35
6761,389,2026-01-21 19:19:03.189709,24.39
6762,591,2026-09-10 19:19:03.189709,173.0
6763,714,2026-01-20 19:19:03.189709,14.99
6764,585,2026-01-05 19:19:03.189709,497.21
6765,995,2026-07-14 19:19:03.189709,219.26
6766,703,2026-08-28 19:19:03.189709,13.97
6767,193,2025-10-03 19:19:03.189709,190.16
6768,481,2025-10-19 19:19:03.189709,150.36
6769,549,2025-10-07 19:19:03.189709,499.98
6770,567,2026-02-16 19:19:03.189709,364.8
6771,542,2026-07-07 19:19:03.189709,174.14
6772,206,2026-09-19 19:19:03.189709,465.67
6773,316,2026-05-07 19:19:03.189709,496.72
6774,925,2026-04-22 19:19:03.189709,71.47
6775,882,2025-12-31 19:19:03.189709,499.31
6776,391,2026-05-15 19:19:03.189709,95.14
6777,555,2025-11-18 19:19:03.189709,112.68
6778,280,2026-02-05 19:19:03.189709,107.27
6779,33,2025-11-18 19:19:03.189709,339.56
6780,239,2026-09-06 19:19:03.189709,224.46
6781,1000,2026-07-30 19:19:03.189709,316.82
6782,291,2025-10-27 19:19:03.189709,83.92
6783,913,2025-10-13 19:19:03.189709,272.1
6784,459,2025-12-28 19:19:03.189709,23.29
6785,598,2026-08-28 19:19:03.189709,280.67
6786,836,2025-12-06 19:19:03.189709,399.5
6787,171,2026-08-03 19:19:03.189709,176.72
6788,47,2026-08-06 19:19:03.189709,393.57
6789,327,2026-08-22 19:19:03.189709,352.04
6790,42,2025-11-12 19:19:03.189709,458.94
6791,663,2026-07-22 19:19:03.189709,69.76
6792,213,2026-01-06 19:19:03.189709,24.35
6793,48,2026-09-21 19:19:03.189709,266.21
6794,75,2025-11-07 19:19:03.189709,194.02
6795,618,2025-12-29 19:19:03.189709,372.64
6796,911,2026-03-16 19:19:03.189709,136.7
6797,68,2026-08-18 19:19:03.189709,456.52
6798,476,2025-10-24 19:19:03.189709,155.15
6799,166,2026-04-13 19:19:03.189709,252.74
6800,427,2026-08-24 19:19:03.189709,336.99
6801,453,2025-10-04 19:19:03.189709,234.63
6802,182,2026-06-27 19:19:03.189709,55.8
6803,285,2026-01-13 19:19:03.189709,283.89
6804,429,2026-06-10 19:19:03.189709,365.77
6805,97,2026-09-16 19:19:03.189709,339.62
6806,728,2026-03-17 19:19:03.189709,279.6
6807,478,2025-12-21 19:19:03.189709,100.48
6808,150,2026-01-03 19:19:03.189709,198.15
6809,840,2025-10-28 19:19:03.189709,278.85
6810,846,2026-01-16 19:19:03.189709,449.91
6811,336,2026-03-04 19:19:03.189709,276.9
6812,340,2026-05-20 19:19:03.189709,300.03
6813,211,2026-07-15 19:19:03.189709,198.31
6814,339,2026-08-12 19:19:03.189709,133.81
6815,361,2026-08-16 19:19:03.189709,351.03
6816,541,2026-02-09 19:19:03.189709,386.4
6817,191,2026-09-25 19:19:03.189709,42.77
6818,281,2026-04-06 19:19:03.189709,478.21
6819,325,2026-06-12 19:19:03.189709,41.42
6820,176,2026-01-03 19:19:03.189709,323.63
6821,884,2026-01-24 19:19:03.189709,386.91
6822,337,2026-07-26 19:19:03.189709,424.27
6823,976,2026-06-25 19:19:03.189709,150.82
6824,240,2025-10-09 19:19:03.189709,137.29
6825,270,2026-06-18 19:19:03.189709,41.92
6826,855,2025-12-07 19:19:03.189709,409.47
6827,722,2025-12-29 19:19:03.189709,278.28
6828,66,2025-12-23 19:19:03.189709,348.18
6829,680,2025-12-21 19:19:03.189709,199.93
6830,399,2025-11-21 19:19:03.189709,399.67
6831,356,2026-03-20 19:19:03.189709,344.79
6832,715,2026-05-08 19:19:03.189709,336.74
6833,856,2026-09-23 19:19:03.189709,320.0
6834,586,2026-04-24 19:19:03.189709,58.73
6835,174,2026-03-24 19:19:03.189709,441.25
6836,249,2026-06-13 19:19:03.189709,25.31
6837,567,2026-01-08 19:19:03.189709,310.6
6838,905,2026-08-13 19:19:03.189709,465.69
6839,945,2026-04-20 19:19:03.189709,303.59
6840,929,2026-09-20 19:19:03.189709,415.99
6841,581,2026-09-13 19:19:03.189709,142.54
6842,450,2025-10-18 19:19:03.189709,476.48
6843,941,2025-11-26 19:19:03.189709,247.17
6844,374,2026-08-18 19:19:03.189709,189.22
6845,10,2025-11-16 19:19:03.189709,166.73
6846,292,2026-05-07 19:19:03.189709,92.55
6847,762,2026-09-15 19:19:03.189709,232.04
6848,200,2026-08-24 19:19:03.189709,363.81
6849,901,2026-08-12 19:19:03.189709,45.1
6850,32,2025-12-16 19:19:03.189709,337.41
6851,192,2026-09-03 19:19:03.189709,257.92
6852,92,2026-04-25 19:19:03.189709,160.57
6853,287,2025-10-08 19:19:03.189709,349.7
6854,419,2026-01-24 19:19:03.189709,416.87
6855,221,2026-09-02 19:19:03.189709,383.69
6856,567,2026-03-01 19:19:03.189709,494.55
6857,868,2026-08-01 19:19:03.189709,120.24
6858,423,2026-07-10 19:19:03.189709,102.88
6859,488,2026-06-01 19:19:03.189709,380.82
6860,425,2026-04-16 19:19:03.189709,305.78
6861,114,2026-09-20 19:19:03.189709,400.24
6862,753,2026-06-10 19:19:03.189709,230.88
6863,851,2025-10-30 19:19:03.189709,268.5
6864,554,2026-01-26 19:19:03.189709,422.21
6865,334,2026-04-19 19:19:03.189709,196.67
6866,961,2026-06-08 19:19:03.189709,447.22
6867,212,2026-06-15 19:19:03.189709,222.85
6868,27,2026-01-24 19:19:03.189709,290.68
6869,889,2026-07-18 19:19:03.189709,449.88
6870,893,2025-12-07 19:19:03.189709,32.91
6871,150,2026-05-17 19:19:03.189709,492.33
6872,92,2026-07-13 19:19:03.189709,281.22
6873,881,2026-02-04 19:19:03.189709,103.41
6874,179,2025-12-18 19:19:03.189709,404.53
6875,793,2026-09-08 19:19:03.189709,468.73
6876,473,2026-07-17 19:19:03.189709,362.51
6877,738,2026-01-06 19:19:03.189709,194.57
6878,173,2026-05-12 19:19:03.189709,83.39
6879,760,2025-11-30 19:19:03.189709,233.06
6880,324,2025-10-03 19:19:03.189709,268.15
6881,477,2025-11-15 19:19:03.189709,269.72
6882,555,2026-02-05 19:19:03.189709,499.25
6883,562,2025-12-16 19:19:03.189709,92.51
6884,870,2025-12-07 19:19:03.189709,10.85
6885,989,2026-05-27 19:19:03.189709,35.08
6886,352,2026-01-26 19:19:03.189709,463.94
6887,985,2026-08-09 19:19:03.189709,462.27
6888,493,2026-01-16 19:19:03.189709,141.22
6889,610,2026-09-14 19:19:03.189709,262.54
6890,773,2026-09-24 19:19:03.189709,414.77
6891,733,2026-04-15 19:19:03.189709,432.01
6892,63,2026-07-22 19:19:03.189709,76.91
6893,509,2026-03-29 19:19:03.189709,179.11
6894,321,2026-07-13 19:19:03.189709,342.32
6895,902,2026-07-18 19:19:03.189709,377.57
6896,122,2025-11-28 19:19:03.189709,76.68
6897,385,2026-02-05 19:19:03.189709,150.57
6898,903,2026-08-02 19:19:03.189709,415.43
6899,610,2026-01-12 19:19:03.189709,111.37
6900,949,2025-11-02 19:19:03.189709,252.63
6901,226,2026-06-01 19:19:03.189709,406.83
6902,579,2025-10-14 19:19:03.189709,94.33
6903,283,2026-04-09 19:19:03.189709,121.54
6904,339,2026-02-20 19:19:03.189709,107.33
6905,116,2026-01-04 19:19:03.189709,19.23
6906,494,2026-04-27 19:19:03.189709,174.95
6907,894,2026-06-25 19:19:03.189709,207.45
6908,419,2026-02-19 19:19:03.189709,22.16
6909,245,2026-01-20 19:19:03.189709,136.5
6910,463,2025-11-09 19:19:03.189709,138.26
6911,5,2026-05-02 19:19:03.189709,171.99
6912,455,2026-09-27 19:19:03.189709,453.0
6913,113,2025-11-18 19:19:03.189709,465.78
6914,755,2026-08-05 19:19:03.189709,16.11
6915,275,2025-12-22 19:19:03.189709,398.87
6916,526,2026-08-20 19:19:03.189709,89.97
6917,508,2026-07-18 19:19:03.189709,101.14
6918,342,2026-08-07 19:19:03.189709,133.68
6919,322,2026-02-16 19:19:03.189709,242.98
6920,932,2026-03-04 19:19:03.189709,241.87
6921,313,2026-06-04 19:19:03.189709,102.24
6922,540,2025-11-06 19:19:03.189709,270.06
6923,151,2025-12-16 19:19:03.189709,110.24
6924,359,2026-01-27 19:19:03.189709,332.52
6925,966,2026-06-28 19:19:03.189709,476.94
6926,131,2026-07-31 19:19:03.189709,359.23
6927,728,2025-11-04 19:19:03.189709,202.79
6928,140,2026-03-06 19:19:03.189709,86.82
6929,66,2026-09-07 19:19:03.189709,63.6
6930,565,2025-12-25 19:19:03.189709,362.18
6931,639,2026-04-20 19:19:03.189709,475.45
6932,300,2025-11-30 19:19:03.189709,62.03
6933,322,2026-03-07 19:19:03.189709,490.35
6934,721,2026-09-03 19:19:03.189709,417.4
6935,884,2026-02-20 19:19:03.189709,170.26
6936,925,2026-04-08 19:19:03.189709,59.76
6937,389,2025-10-08 19:19:03.189709,26.87
6938,366,2026-08-15 19:19:03.189709,323.97
6939,578,2025-10-07 19:19:03.189709,265.16
6940,62,2026-08-09 19:19:03.189709,289.07
6941,341,2025-11-16 19:19:03.189709,389.81
6942,17,2026-08-08 19:19:03.189709,306.41
6943,257,2026-04-02 19:19:03.189709,369.23
6944,556,2026-03-08 19:19:03.189709,300.97
6945,56,2026-03-04 19:19:03.189709,132.89
6946,597,2026-01-06 19:19:03.189709,242.95
6947,689,2026-09-09 19:19:03.189709,414.74
6948,52,2025-12-31 19:19:03.189709,416.88
6949,880,2026-07-04 19:19:03.189709,91.57
6950,848,2025-11-20 19:19:03.189709,471.22
6951,837,2026-05-15 19:19:03.189709,263.41
6952,136,2026-09-22 19:19:03.189709,493.21
6953,26,2026-07-18 19:19:03.189709,392.7
6954,746,2026-02-21 19:19:03.190698,270.81
6955,732,2026-05-09 19:19:03.190698,361.94
6956,200,2026-01-23 19:19:03.190698,164.18
6957,841,2026-05-30 19:19:03.190698,498.47
6958,5,2026-09-23 19:19:03.190698,272.66
6959,516,2025-10-23 19:19:03.190698,339.03
6960,993,2026-05-11 19:19:03.190698,63.18
6961,364,2025-10-10 19:19:03.190698,443.05
6962,865,2025-12-29 19:19:03.190698,448.95
6963,379,2026-02-15 19:19:03.190698,388.26
6964,285,2025-10-22 19:19:03.190698,267.21
6965,2,2025-11-14 19:19:03.190698,272.33
6966,756,2026-05-26 19:19:03.190698,336.31
6967,130,2026-04-15 19:19:03.190698,106.03
6968,932,2026-06-26 19:19:03.190698,224.91
6969,497,2025-11-13 19:19:03.190698,84.44
6970,366,2026-06-03 19:19:03.190698,278.39
6971,2,2026-03-16 19:19:03.190698,45.57
6972,114,2026-05-10 19:19:03.190698,188.33
6973,978,2025-10-28 19:19:03.190698,10.94
6974,594,2025-12-30 19:19:03.190698,441.59
6975,32,2025-12-10 19:19:03.190698,180.02
6976,380,2026-06-02 19:19:03.190698,24.32
6977,802,2025-12-12 19:19:03.190698,155.8
6978,616,2026-06-12 19:19:03.190698,97.19
6979,420,2026-05-21 19:19:03.190698,157.03
6980,335,2025-11-18 19:19:03.190698,386.47
6981,465,2026-07-24 19:19:03.190698,43.06
6982,624,2026-03-08 19:19:03.190698,68.02
6983,270,2026-09-11 19:19:03.190698,436.64
6984,911,2026-03-31 19:19:03.190698,223.81
6985,248,2026-05-19 19:19:03.190698,344.67
6986,312,2026-01-21 19:19:03.190698,96.73
6987,350,2026-05-18 19:19:03.190698,129.85
6988,69,2025-12-15 19:19:03.190698,392.21
6989,440,2026-04-09 19:19:03.190698,227.71
6990,150,2026-02-25 19:19:03.190698,205.44
6991,657,2026-03-25 19:19:03.190698,320.69
6992,933,2026-02-24 19:19:03.190698,101.9
6993,432,2026-02-18 19:19:03.190698,344.3
6994,793,2026-02-05 19:19:03.190698,92.49
6995,804,2026-05-14 19:19:03.190698,381.34
6996,962,2026-05-24 19:19:03.190698,170.25
6997,999,2026-09-28 19:19:03.190698,176.97
6998,232,2026-06-02 19:19:03.190698,408.13
6999,425,2026-02-27 19:19:03.190698,343.02
7000,952,2026-05-26 19:19:03.190698,17.27
7001,6,2026-02-21 19:19:03.190698,94.47
7002,523,2026-01-05 19:19:03.190698,114.65
7003,137,2026-08-31 19:19:03.190698,255.9
7004,954,2026-02-24 19:19:03.190698,88.65
7005,461,2026-03-11 19:19:03.190698,442.66
7006,473,2026-02-13 19:19:03.190698,65.25
7007,242,2025-10-22 19:19:03.190698,471.07
7008,915,2026-02-06 19:19:03.190698,475.15
7009,137,2025-10-04 19:19:03.190698,446.88
7010,900,2025-11-09 19:19:03.190698,389.89
7011,956,2026-09-03 19:19:03.190698,94.89
7012,851,2026-07-28 19:19:03.190698,350.98
7013,120,2026-05-04 19:19:03.190698,170.9
7014,710,2026-06-02 19:19:03.190698,286.36
7015,517,2026-09-23 19:19:03.190698,233.65
7016,761,2026-02-24 19:19:03.190698,419.38
7017,759,2026-07-23 19:19:03.190698,400.09
7018,391,2026-06-02 19:19:03.190698,362.11
7019,140,2025-12-29 19:19:03.190698,208.35
7020,1000,2026-03-06 19:19:03.190698,368.94
7021,965,2026-08-28 19:19:03.190698,356.32
7022,766,2026-01-03 19:19:03.190698,439.01
7023,66,2026-04-25 19:19:03.190698,495.65
7024,598,2026-02-09 19:19:03.190698,448.54
7025,474,2026-05-07 19:19:03.190698,371.61
7026,878,2026-03-17 19:19:03.190698,327.01
7027,934,2026-09-27 19:19:03.190698,34.85
7028,394,2026-04-15 19:19:03.190698,215.81
7029,468,2025-10-21 19:19:03.190698,28.07
7030,661,2026-05-25 19:19:03.190698,11.86
7031,580,2026-04-12 19:19:03.190698,125.72
7032,175,2026-04-17 19:19:03.190698,138.14
7033,541,2026-05-04 19:19:03.190698,256.32
7034,310,2026-02-03 19:19:03.190698,43.82
7035,518,2026-07-20 19:19:03.190698,136.75
7036,597,2026-06-23 19:19:03.190698,371.59
7037,376,2026-01-30 19:19:03.190698,50.8
7038,626,2026-04-09 19:19:03.190698,365.29
7039,719,2026-03-31 19:19:03.190698,387.42
7040,406,2025-10-25 19:19:03.190698,89.45
7041,970,2026-03-03 19:19:03.190698,492.8
7042,456,2026-07-11 19:19:03.190698,13.25
7043,695,2026-07-22 19:19:03.190698,51.51
7044,999,2026-04-22 19:19:03.190698,37.56
7045,289,2025-10-02 19:19:03.190698,439.1
7046,723,2025-12-29 19:19:03.190698,473.3
7047,527,2026-05-08 19:19:03.190698,451.8
7048,585,2026-01-20 19:19:03.190698,45.64
7049,701,2026-02-14 19:19:03.190698,97.6
7050,310,2026-07-08 19:19:03.190698,460.61
7051,82,2026-02-17 19:19:03.190698,468.39
7052,729,2025-12-27 19:19:03.190698,128.48
7053,361,2025-12-22 19:19:03.190698,310.57
7054,333,2026-09-04 19:19:03.190698,341.74
7055,607,2026-09-14 19:19:03.190698,296.06
7056,200,2026-02-10 19:19:03.190698,235.27
7057,215,2026-07-31 19:19:03.190698,153.94
7058,386,2026-02-01 19:19:03.190698,352.56
7059,743,2026-07-31 19:19:03.190698,389.92
7060,910,2026-07-27 19:19:03.190698,240.14
7061,39,2026-03-14 19:19:03.190698,295.26
7062,325,2026-08-19 19:19:03.190698,269.96
7063,129,2026-07-24 19:19:03.190698,345.89
7064,592,2025-12-13 19:19:03.190698,155.15
7065,136,2025-11-03 19:19:03.190698,361.39
7066,229,2025-11-16 19:19:03.190698,217.89
7067,483,2026-06-16 19:19:03.190698,43.52
7068,345,2026-06-01 19:19:03.190698,490.07
7069,987,2026-04-03 19:19:03.190698,10.64
7070,208,2026-06-26 19:19:03.190698,47.22
7071,279,2026-04-01 19:19:03.190698,340.19
7072,262,2026-07-22 19:19:03.190698,184.26
7073,492,2026-06-10 19:19:03.190698,36.38
7074,187,2026-03-25 19:19:03.190698,373.43
7075,454,2025-12-18 19:19:03.190698,377.94
7076,267,2026-08-29 19:19:03.190698,419.49
7077,58,2026-02-28 19:19:03.190698,326.96
7078,791,2026-04-18 19:19:03.190698,234.24
7079,564,2025-12-21 19:19:03.190698,180.28
7080,728,2026-09-07 19:19:03.190698,362.81
7081,755,2025-10-25 19:19:03.190698,428.13
7082,723,2026-01-13 19:19:03.190698,186.06
7083,314,2026-01-13 19:19:03.190698,380.0
7084,425,2026-05-08 19:19:03.190698,74.22
7085,32,2026-08-09 19:19:03.190698,49.77
7086,226,2026-08-02 19:19:03.190698,362.61
7087,594,2026-04-26 19:19:03.190698,375.44
7088,185,2025-10-05 19:19:03.190698,104.95
7089,365,2026-06-12 19:19:03.190698,295.39
7090,555,2026-04-11 19:19:03.190698,417.4
7091,676,2025-11-11 19:19:03.190698,457.38
7092,726,2026-04-01 19:19:03.190698,457.29
7093,717,2025-11-12 19:19:03.190698,145.89
7094,669,2026-08-03 19:19:03.190698,165.45
7095,761,2026-07-15 19:19:03.190698,475.54
7096,681,2026-09-02 19:19:03.190698,247.11
7097,384,2025-11-25 19:19:03.190698,301.73
7098,971,2025-11-06 19:19:03.190698,381.94
7099,704,2025-10-18 19:19:03.190698,114.97
7100,808,2026-09-07 19:19:03.190698,293.78
7101,475,2026-04-14 19:19:03.190698,73.0
7102,689,2026-05-14 19:19:03.190698,261.93
7103,176,2026-08-06 19:19:03.190698,231.83
7104,673,2026-04-25 19:19:03.190698,276.57
7105,14,2026-08-25 19:19:03.190698,404.11
7106,578,2025-12-12 19:19:03.190698,390.42
7107,766,2025-12-16 19:19:03.190698,197.58
7108,184,2025-10-31 19:19:03.190698,391.44
7109,663,2026-02-27 19:19:03.190698,210.51
7110,305,2025-10-26 19:19:03.190698,360.05
7111,556,2025-11-07 19:19:03.190698,234.12
7112,935,2026-09-25 19:19:03.190698,254.09
7113,62,2026-08-06 19:19:03.190698,59.21
7114,342,2026-03-16 19:19:03.190698,284.53
7115,972,2026-03-05 19:19:03.190698,324.5
7116,364,2025-12-16 19:19:03.190698,267.66
7117,401,2026-04-02 19:19:03.190698,483.73
7118,45,2026-08-10 19:19:03.190698,347.17
7119,366,2026-05-10 19:19:03.190698,67.97
7120,844,2026-08-09 19:19:03.190698,473.13
7121,229,2026-04-05 19:19:03.190698,341.94
7122,461,2025-11-11 19:19:03.190698,233.12
7123,295,2026-02-11 19:19:03.190698,415.98
7124,238,2026-04-14 19:19:03.190698,200.71
7125,681,2025-10-26 19:19:03.190698,162.62
7126,183,2026-04-18 19:19:03.190698,175.19
7127,149,2026-01-07 19:19:03.190698,80.76
7128,479,2026-06-07 19:19:03.190698,490.09
7129,126,2026-05-11 19:19:03.190698,137.22
7130,56,2025-10-06 19:19:03.190698,438.28
7131,474,2026-05-28 19:19:03.190698,131.48
7132,897,2025-12-18 19:19:03.190698,360.39
7133,971,2026-07-16 19:19:03.190698,246.62
7134,635,2026-06-02 19:19:03.190698,471.17
7135,377,2026-06-23 19:19:03.190698,151.39
7136,491,2026-08-22 19:19:03.190698,367.14
7137,169,2026-08-04 19:19:03.190698,219.57
7138,763,2026-01-05 19:19:03.190698,380.69
7139,240,2025-11-19 19:19:03.190698,470.96
7140,929,2026-08-12 19:19:03.190698,356.96
7141,80,2026-07-22 19:19:03.190698,81.09
7142,527,2025-10-09 19:19:03.190698,219.9
7143,604,2026-06-11 19:19:03.190698,476.78
7144,234,2026-07-24 19:19:03.190698,428.06
7145,331,2026-05-21 19:19:03.190698,364.97
7146,199,2026-06-13 19:19:03.190698,362.43
7147,135,2026-05-06 19:19:03.190698,457.47
7148,129,2025-12-18 19:19:03.190698,84.17
7149,659,2025-11-04 19:19:03.190698,147.54
7150,511,2026-03-25 19:19:03.190698,290.27
7151,518,2026-06-13 19:19:03.190698,436.26
7152,428,2025-10-14 19:19:03.190698,439.91
7153,201,2026-03-07 19:19:03.190698,166.04
7154,525,2025-12-02 19:19:03.190698,465.38
7155,736,2026-05-04 19:19:03.190698,498.85
7156,232,2026-06-16 19:19:03.190698,446.07
7157,593,2026-02-16 19:19:03.190698,193.5
7158,845,2026-04-18 19:19:03.190698,187.4
7159,452,2026-06-04 19:19:03.190698,155.99
7160,437,2026-04-24 19:19:03.190698,416.5
7161,988,2026-03-04 19:19:03.190698,468.62
7162,43,2026-09-23 19:19:03.190698,204.3
7163,199,2026-05-21 19:19:03.190698,115.88
7164,477,2026-03-31 19:19:03.190698,386.06
7165,143,2025-10-26 19:19:03.190698,381.11
7166,240,2026-01-26 19:19:03.190698,288.49
7167,771,2026-09-26 19:19:03.190698,127.33
7168,714,2026-07-23 19:19:03.190698,116.38
7169,924,2025-11-01 19:19:03.190698,390.3
7170,989,2026-03-16 19:19:03.190698,165.67
7171,437,2026-08-21 19:19:03.190698,375.95
7172,753,2026-09-16 19:19:03.190698,488.17
7173,128,2025-12-30 19:19:03.190698,308.14
7174,80,2025-12-07 19:19:03.190698,382.41
7175,701,2026-02-25 19:19:03.190698,356.67
7176,458,2026-05-03 19:19:03.190698,397.65
7177,127,2026-04-10 19:19:03.190698,155.55
7178,838,2026-02-17 19:19:03.190698,404.85
7179,120,2026-07-16 19:19:03.190698,431.73
7180,716,2025-11-01 19:19:03.190698,89.17
7181,746,2025-11-29 19:19:03.190698,109.32
7182,931,2026-08-01 19:19:03.190698,82.75
7183,283,2026-01-22 19:19:03.190698,260.18
7184,711,2026-07-26 19:19:03.190698,184.3
7185,499,2025-12-15 19:19:03.190698,197.77
7186,473,2026-01-28 19:19:03.190698,467.95
7187,489,2025-11-24 19:19:03.190698,268.14
7188,825,2026-03-05 19:19:03.190698,70.03
7189,37,2026-08-14 19:19:03.190698,64.43
7190,79,2026-03-25 19:19:03.190698,412.05
7191,715,2025-12-08 19:19:03.190698,160.99
7192,470,2026-09-08 19:19:03.190698,247.03
7193,520,2026-05-03 19:19:03.190698,148.71
7194,423,2025-10-28 19:19:03.190698,103.71
7195,142,2025-12-12 19:19:03.190698,297.56
7196,966,2025-10-30 19:19:03.190698,277.91
7197,599,2026-01-06 19:19:03.190698,468.1
7198,107,2026-03-22 19:19:03.190698,268.03
7199,609,2025-12-09 19:19:03.190698,307.07
7200,70,2025-10-27 19:19:03.190698,116.09
7201,144,2026-03-01 19:19:03.190698,339.85
7202,139,2025-10-16 19:19:03.190698,339.17
7203,808,2025-11-14 19:19:03.190698,314.28
7204,344,2025-10-09 19:19:03.190698,74.4
7205,288,2026-09-18 19:19:03.190698,67.96
7206,207,2025-12-14 19:19:03.190698,279.28
7207,442,2026-09-20 19:19:03.190698,122.24
7208,733,2025-11-19 19:19:03.190698,154.72
7209,3,2026-03-31 19:19:03.190698,420.65
7210,40,2026-08-31 19:19:03.190698,204.47
7211,616,2026-04-08 19:19:03.190698,491.37
7212,713,2026-01-26 19:19:03.190698,33.75
7213,955,2025-10-10 19:19:03.190698,125.67
7214,68,2026-08-18 19:19:03.190698,209.16
7215,512,2025-12-30 19:19:03.190698,273.49
7216,957,2026-05-18 19:19:03.190698,32.69
7217,92,2026-09-29 19:19:03.190698,217.78
7218,652,2026-02-15 19:19:03.190698,148.82
7219,7,2026-04-20 19:19:03.190698,130.57
7220,622,2025-11-05 19:19:03.190698,473.33
7221,754,2026-03-13 19:19:03.190698,194.91
7222,904,2026-05-24 19:19:03.190698,134.65
7223,772,2026-03-02 19:19:03.190698,418.86
7224,976,2026-09-15 19:19:03.190698,488.79
7225,324,2026-07-03 19:19:03.190698,273.48
7226,352,2026-06-09 19:19:03.190698,349.54
7227,675,2025-12-16 19:19:03.190698,428.92
7228,25,2026-06-20 19:19:03.190698,427.09
7229,964,2025-11-23 19:19:03.190698,269.6
7230,528,2026-09-16 19:19:03.190698,269.08
7231,940,2026-09-14 19:19:03.190698,299.26
7232,294,2025-11-30 19:19:03.190698,453.17
7233,288,2026-08-04 19:19:03.190698,17.56
7234,884,2026-01-09 19:19:03.190698,317.18
7235,417,2026-08-26 19:19:03.190698,145.81
7236,404,2026-10-01 19:19:03.190698,479.46
7237,183,2026-04-07 19:19:03.190698,114.99
7238,798,2026-05-09 19:19:03.190698,366.36
7239,219,2025-11-24 19:19:03.190698,39.06
7240,520,2026-08-19 19:19:03.190698,215.35
7241,75,2026-01-12 19:19:03.191680,80.96
7242,58,2026-07-17 19:19:03.191680,260.81
7243,216,2026-07-31 19:19:03.191680,217.82
7244,299,2025-12-18 19:19:03.191680,281.3
7245,382,2026-09-13 19:19:03.191680,104.91
7246,186,2025-11-07 19:19:03.191680,270.77
7247,687,2026-05-15 19:19:03.191680,172.68
7248,946,2026-01-16 19:19:03.191680,371.18
7249,903,2026-04-07 19:19:03.191680,443.76
7250,47,2026-08-04 19:19:03.191680,367.77
7251,221,2025-10-13 19:19:03.191680,229.64
7252,389,2025-10-05 19:19:03.191680,384.74
7253,953,2025-10-20 19:19:03.191680,136.13
7254,867,2026-03-05 19:19:03.191680,293.83
7255,327,2025-11-17 19:19:03.191680,126.87
7256,19,2026-06-22 19:19:03.191680,333.1
7257,842,2026-07-29 19:19:03.191680,292.87
7258,441,2026-02-02 19:19:03.191680,223.86
7259,856,2025-11-06 19:19:03.191680,273.45
7260,748,2026-01-28 19:19:03.191680,101.28
7261,297,2025-12-01 19:19:03.191680,271.55
7262,808,2026-08-21 19:19:03.191680,494.98
7263,522,2026-08-24 19:19:03.191680,456.23
7264,55,2026-05-19 19:19:03.191680,419.76
7265,537,2026-01-11 19:19:03.191680,453.88
7266,311,2026-09-27 19:19:03.191680,49.36
7267,803,2026-02-02 19:19:03.191680,316.35
7268,875,2025-11-22 19:19:03.191680,354.45
7269,216,2026-07-23 19:19:03.191680,68.56
7270,882,2026-07-03 19:19:03.191680,400.04
7271,286,2025-12-04 19:19:03.191680,296.9
7272,992,2025-10-19 19:19:03.191680,415.79
7273,861,2026-01-07 19:19:03.191680,11.43
7274,967,2026-03-28 19:19:03.191680,77.14
7275,813,2026-07-08 19:19:03.191680,225.26
7276,751,2025-11-21 19:19:03.191680,194.23
7277,244,2025-10-17 19:19:03.191680,454.82
7278,227,2026-01-19 19:19:03.191680,189.48
7279,115,2026-05-27 19:19:03.191680,373.89
7280,937,2026-04-23 19:19:03.191680,464.38
7281,548,2025-10-23 19:19:03.191680,296.17
7282,945,2025-12-25 19:19:03.191680,242.77
7283,284,2026-04-27 19:19:03.191680,314.85
7284,733,2026-04-25 19:19:03.191680,476.85
7285,252,2026-04-25 19:19:03.191680,334.44
7286,180,2026-06-01 19:19:03.191680,237.66
7287,524,2026-06-25 19:19:03.191680,394.43
7288,835,2026-09-18 19:19:03.191680,441.07
7289,642,2026-08-28 19:19:03.191680,494.25
7290,392,2026-08-26 19:19:03.191680,98.63
7291,985,2026-03-06 19:19:03.191680,351.07
7292,800,2026-07-10 19:19:03.191680,243.32
7293,51,2025-12-10 19:19:03.191680,287.68
7294,331,2026-07-12 19:19:03.191680,226.95
7295,935,2026-08-07 19:19:03.191680,232.23
7296,174,2026-03-04 19:19:03.191680,134.7
7297,411,2026-01-05 19:19:03.191680,431.9
7298,47,2026-04-12 19:19:03.191680,272.13
7299,535,2026-04-15 19:19:03.191680,102.93
7300,973,2026-04-28 19:19:03.191680,335.63
7301,8,2026-03-12 19:19:03.191680,132.99
7302,602,2025-11-28 19:19:03.191680,149.57
7303,849,2026-04-21 19:19:03.191680,153.53
7304,868,2026-08-22 19:19:03.191680,50.95
7305,837,2026-07-07 19:19:03.191680,251.42
7306,466,2026-04-28 19:19:03.191680,384.92
7307,927,2026-09-27 19:19:03.191680,420.9
7308,988,2026-04-09 19:19:03.191680,180.34
7309,719,2025-12-13 19:19:03.191680,272.24
7310,983,2026-03-12 19:19:03.191680,25.13
7311,434,2026-09-12 19:19:03.191680,194.46
7312,625,2026-09-16 19:19:03.191680,190.07
7313,640,2026-08-15 19:19:03.191680,363.99
7314,612,2026-09-26 19:19:03.191680,193.79
7315,960,2025-11-29 19:19:03.191680,209.24
7316,461,2025-11-18 19:19:03.191680,54.1
7317,126,2026-02-21 19:19:03.191680,437.18
7318,668,2026-02-24 19:19:03.191680,300.11
7319,85,2026-01-09 19:19:03.191680,112.0
7320,962,2026-08-02 19:19:03.191680,140.84
7321,93,2025-12-19 19:19:03.191680,20.72
7322,104,2026-03-28 19:19:03.191680,38.23
7323,303,2026-05-12 19:19:03.191680,381.17
7324,729,2026-04-14 19:19:03.191680,28.24
7325,286,2025-11-20 19:19:03.191680,135.9
7326,35,2026-09-04 19:19:03.191680,266.54
7327,403,2026-09-22 19:19:03.191680,74.55
7328,950,2026-07-13 19:19:03.191680,24.82
7329,200,2026-01-21 19:19:03.191680,382.39
7330,186,2026-02-23 19:19:03.191680,22.8
7331,587,2026-09-14 19:19:03.191680,136.36
7332,288,2026-03-09 19:19:03.191680,400.69
7333,899,2026-07-12 19:19:03.191680,72.25
7334,348,2026-05-26 19:19:03.191680,401.75
7335,793,2026-03-13 19:19:03.191680,437.96
7336,758,2026-06-19 19:19:03.191680,127.33
7337,759,2026-09-10 19:19:03.191680,326.46
7338,98,2025-11-26 19:19:03.191680,13.07
7339,842,2025-12-12 19:19:03.191680,432.57
7340,554,2026-09-15 19:19:03.191680,204.63
7341,879,2026-03-17 19:19:03.191680,228.47
7342,473,2026-06-07 19:19:03.191680,491.68
7343,973,2025-12-04 19:19:03.191680,243.75
7344,948,2026-04-27 19:19:03.191680,412.71
7345,865,2026-03-01 19:19:03.191680,304.89
7346,22,2026-01-06 19:19:03.191680,335.63
7347,242,2026-04-12 19:19:03.191680,356.74
7348,536,2026-09-08 19:19:03.191680,152.87
7349,193,2025-12-23 19:19:03.191680,414.41
7350,19,2026-08-26 19:19:03.191680,239.2
7351,313,2026-02-09 19:19:03.191680,97.51
7352,936,2026-04-09 19:19:03.191680,400.71
7353,133,2026-05-19 19:19:03.191680,100.2
7354,476,2026-08-08 19:19:03.191680,428.39
7355,991,2026-01-24 19:19:03.191680,56.77
7356,209,2025-12-12 19:19:03.191680,57.48
7357,131,2026-03-18 19:19:03.191680,339.64
7358,364,2026-01-07 19:19:03.191680,146.02
7359,978,2026-03-14 19:19:03.191680,145.66
7360,856,2025-12-18 19:19:03.191680,415.55
7361,589,2026-01-21 19:19:03.191680,333.38
7362,316,2026-04-16 19:19:03.191680,222.05
7363,504,2026-02-21 19:19:03.191680,497.96
7364,75,2026-01-25 19:19:03.191680,148.67
7365,75,2025-12-23 19:19:03.191680,184.8
7366,325,2026-02-15 19:19:03.191680,245.74
7367,708,2025-11-04 19:19:03.191680,16.91
7368,362,2026-04-09 19:19:03.191680,52.2
7369,612,2026-09-19 19:19:03.191680,224.1
7370,651,2026-03-28 19:19:03.191680,102.58
7371,763,2026-07-05 19:19:03.191680,289.69
7372,276,2026-08-31 19:19:03.191680,311.12
7373,602,2026-09-22 19:19:03.191680,58.15
7374,301,2026-08-14 19:19:03.191680,257.18
7375,909,2026-06-06 19:19:03.191680,158.03
7376,681,2026-01-09 19:19:03.191680,146.52
7377,335,2026-09-18 19:19:03.191680,430.85
7378,608,2026-06-27 19:19:03.191680,213.17
7379,525,2026-06-06 19:19:03.191680,34.19
7380,383,2025-10-18 19:19:03.191680,193.89
7381,262,2025-11-14 19:19:03.191680,419.78
7382,290,2025-10-18 19:19:03.191680,406.0
7383,770,2026-07-11 19:19:03.191680,233.89
7384,808,2026-09-04 19:19:03.191680,196.25
7385,328,2025-10-20 19:19:03.191680,127.32
7386,955,2026-01-22 19:19:03.191680,315.31
7387,62,2025-11-05 19:19:03.191680,13.95
7388,220,2026-04-13 19:19:03.191680,278.56
7389,347,2026-02-06 19:19:03.191680,179.61
7390,378,2026-07-06 19:19:03.191680,386.05
7391,642,2026-01-30 19:19:03.191680,431.17
7392,767,2026-09-04 19:19:03.191680,465.59
7393,861,2026-05-21 19:19:03.191680,233.99
7394,359,2025-12-11 19:19:03.191680,240.68
7395,939,2026-09-26 19:19:03.191680,395.84
7396,487,2026-06-01 19:19:03.191680,375.54
7397,811,2026-03-16 19:19:03.191680,192.26
7398,782,2026-02-07 19:19:03.191680,21.69
7399,648,2026-06-14 19:19:03.191680,327.85
7400,749,2025-12-24 19:19:03.191680,378.79
7401,123,2026-02-20 19:19:03.191680,391.21
7402,96,2026-01-22 19:19:03.191680,428.13
7403,67,2025-11-06 19:19:03.191680,169.12
7404,411,2026-09-24 19:19:03.191680,220.24
7405,856,2026-05-17 19:19:03.191680,35.74
7406,357,2026-04-12 19:19:03.191680,60.22
7407,411,2025-12-18 19:19:03.191680,142.17
7408,644,2025-10-07 19:19:03.191680,401.58
7409,531,2025-11-27 19:19:03.191680,293.39
7410,316,2026-06-01 19:19:03.191680,24.08
7411,190,2025-12-06 19:19:03.191680,55.48
7412,732,2025-10-12 19:19:03.191680,290.26
7413,885,2026-09-22 19:19:03.191680,22.96
7414,203,2025-10-19 19:19:03.191680,324.11
7415,834,2026-03-28 19:19:03.191680,423.07
7416,182,2026-08-12 19:19:03.191680,151.64
7417,212,2026-04-28 19:19:03.191680,322.65
7418,826,2026-05-16 19:19:03.191680,338.39
7419,96,2026-01-28 19:19:03.191680,443.1
7420,699,2025-12-11 19:19:03.191680,475.33
7421,918,2025-10-31 19:19:03.191680,315.38
7422,145,2025-11-01 19:19:03.191680,445.29
7423,219,2026-04-11 19:19:03.191680,56.03
7424,780,2025-10-11 19:19:03.191680,230.03
7425,82,2025-11-25 19:19:03.191680,180.52
7426,664,2026-07-14 19:19:03.191680,447.44
7427,49,2026-07-07 19:19:03.191680,94.02
7428,967,2026-05-31 19:19:03.191680,274.63
7429,769,2026-05-02 19:19:03.191680,53.64
7430,386,2026-06-14 19:19:03.191680,315.38
7431,765,2025-10-25 19:19:03.191680,135.97
7432,181,2025-10-22 19:19:03.191680,361.17
7433,64,2025-10-25 19:19:03.191680,45.46
7434,156,2026-07-28 19:19:03.191680,367.23
7435,624,2026-02-19 19:19:03.191680,390.91
7436,787,2025-10-04 19:19:03.191680,194.93
7437,199,2026-09-13 19:19:03.191680,187.3
7438,515,2026-06-16 19:19:03.191680,478.4
7439,187,2026-08-07 19:19:03.191680,164.99
7440,623,2026-01-22 19:19:03.191680,433.32
7441,910,2025-12-07 19:19:03.191680,432.41
7442,115,2026-03-03 19:19:03.191680,422.66
7443,808,2025-12-17 19:19:03.191680,140.55
7444,71,2026-03-02 19:19:03.191680,270.3
7445,841,2026-01-08 19:19:03.191680,218.48
7446,815,2026-05-08 19:19:03.191680,362.34
7447,652,2026-08-03 19:19:03.191680,444.2
7448,956,2026-03-13 19:19:03.191680,464.86
7449,382,2025-12-06 19:19:03.191680,439.17
7450,695,2026-09-22 19:19:03.191680,180.41
7451,729,2026-03-12 19:19:03.191680,402.52
7452,81,2026-09-21 19:19:03.191680,365.26
7453,771,2026-05-03 19:19:03.191680,194.83
7454,746,2026-09-24 19:19:03.191680,476.24
7455,604,2025-12-10 19:19:03.191680,127.23
7456,981,2026-03-02 19:19:03.191680,342.15
7457,430,2026-04-21 19:19:03.191680,55.65
7458,220,2026-04-12 19:19:03.191680,208.86
7459,687,2026-09-07 19:19:03.191680,370.53
7460,29,2026-05-02 19:19:03.191680,201.6
7461,177,2025-10-07 19:19:03.191680,420.42
7462,784,2026-03-10 19:19:03.191680,411.88
7463,879,2026-05-02 19:19:03.191680,221.16
7464,34,2026-08-13 19:19:03.191680,287.71
7465,364,2026-09-21 19:19:03.191680,328.96
7466,635,2026-05-09 19:19:03.191680,241.96
7467,835,2026-03-24 19:19:03.191680,404.79
7468,750,2026-06-23 19:19:03.191680,21.92
7469,957,2026-09-08 19:19:03.191680,425.62
7470,381,2026-08-08 19:19:03.191680,470.49
7471,667,2026-01-28 19:19:03.191680,303.87
7472,910,2025-10-27 19:19:03.191680,228.16
7473,188,2026-01-14 19:19:03.191680,155.48
7474,994,2026-07-26 19:19:03.191680,149.82
7475,474,2026-03-23 19:19:03.191680,42.57
7476,836,2025-10-08 19:19:03.191680,495.69
7477,115,2026-05-26 19:19:03.191680,102.99
7478,931,2026-01-22 19:19:03.191680,271.13
7479,622,2026-06-21 19:19:03.191680,10.63
7480,321,2025-10-15 19:19:03.191680,43.0
7481,288,2026-06-06 19:19:03.191680,386.75
7482,940,2026-03-16 19:19:03.191680,336.13
7483,939,2026-03-17 19:19:03.191680,349.26
7484,250,2026-01-04 19:19:03.191680,311.85
7485,518,2026-04-04 19:19:03.191680,356.09
7486,88,2025-10-09 19:19:03.191680,422.93
7487,105,2026-03-06 19:19:03.191680,69.05
7488,651,2026-01-16 19:19:03.191680,358.63
7489,693,2025-12-14 19:19:03.191680,193.42
7490,478,2025-12-20 19:19:03.191680,167.7
7491,477,2026-01-12 19:19:03.191680,145.42
7492,338,2026-04-29 19:19:03.191680,204.03
7493,840,2026-04-11 19:19:03.191680,169.54
7494,14,2026-08-05 19:19:03.191680,232.18
7495,698,2026-04-23 19:19:03.191680,343.8
7496,436,2026-07-30 19:19:03.191680,461.55
7497,735,2026-06-15 19:19:03.191680,366.27
7498,70,2026-03-10 19:19:03.191680,292.75
7499,524,2026-01-02 19:19:03.191680,145.15
7500,422,2025-11-27 19:19:03.191680,333.62
7501,817,2025-11-27 19:19:03.191680,102.89
7502,659,2026-09-07 19:19:03.191680,150.61
7503,715,2026-09-21 19:19:03.191680,199.95
7504,717,2026-01-07 19:19:03.191680,243.15
7505,141,2026-08-24 19:19:03.191680,263.4
7506,123,2026-08-16 19:19:03.191680,324.75
7507,696,2026-08-05 19:19:03.191680,99.07
7508,70,2026-02-14 19:19:03.191680,55.0
7509,513,2026-09-30 19:19:03.191680,142.02
7510,989,2026-06-19 19:19:03.191680,473.92
7511,182,2025-11-25 19:19:03.191680,39.6
7512,23,2026-09-07 19:19:03.191680,79.8
7513,392,2026-09-25 19:19:03.191680,341.72
7514,279,2026-08-02 19:19:03.191680,287.39
7515,161,2026-06-19 19:19:03.191680,186.26
7516,952,2026-06-09 19:19:03.191680,203.15
7517,624,2026-01-13 19:19:03.191680,417.25
7518,731,2026-02-02 19:19:03.191680,133.19
7519,298,2026-08-01 19:19:03.191680,34.77
7520,168,2026-04-09 19:19:03.191680,343.79
7521,980,2026-01-16 19:19:03.191680,401.25
7522,47,2025-12-22 19:19:03.191680,290.93
7523,772,2026-02-08 19:19:03.191680,339.23
7524,179,2026-03-08 19:19:03.191680,98.56
7525,328,2025-10-20 19:19:03.191680,65.09
7526,342,2025-10-20 19:19:03.191680,183.09
7527,662,2026-08-15 19:19:03.191680,376.06
7528,495,2026-07-22 19:19:03.191680,170.8
7529,98,2026-09-08 19:19:03.191680,15.63
7530,876,2026-09-22 19:19:03.191680,250.54
7531,491,2026-02-20 19:19:03.191680,315.94
7532,174,2026-07-01 19:19:03.191680,134.13
7533,644,2025-11-22 19:19:03.191680,451.39
7534,677,2026-08-01 19:19:03.191680,297.84
7535,501,2026-02-04 19:19:03.191680,336.88
7536,365,2026-01-21 19:19:03.191680,175.44
7537,80,2026-06-13 19:19:03.191680,150.67
7538,722,2026-04-07 19:19:03.191680,161.51
7539,81,2026-04-02 19:19:03.191680,75.04
7540,748,2026-06-08 19:19:03.191680,129.41
7541,795,2026-08-02 19:19:03.191680,38.93
7542,188,2026-08-10 19:19:03.191680,79.11
7543,756,2026-02-20 19:19:03.191680,219.18
7544,107,2026-02-14 19:19:03.191680,363.76
7545,596,2026-09-09 19:19:03.191680,228.41
7546,939,2026-06-29 19:19:03.192720,258.98
7547,59,2026-01-11 19:19:03.192720,149.95
7548,467,2026-07-17 19:19:03.192720,294.53
7549,673,2025-11-16 19:19:03.192720,448.78
7550,699,2026-06-19 19:19:03.192720,67.46
7551,561,2026-05-25 19:19:03.192720,30.52
7552,83,2026-07-09 19:19:03.192720,499.23
7553,660,2025-12-06 19:19:03.192720,115.16
7554,417,2026-08-23 19:19:03.192720,222.14
7555,91,2025-10-30 19:19:03.192720,483.38
7556,363,2025-11-16 19:19:03.192720,357.39
7557,284,2026-07-08 19:19:03.192720,359.95
7558,619,2026-09-25 19:19:03.192720,134.27
7559,641,2025-11-16 19:19:03.192720,338.9
7560,580,2026-04-05 19:19:03.192720,452.19
7561,219,2026-01-10 19:19:03.192720,210.48
7562,270,2026-05-06 19:19:03.192720,138.99
7563,350,2025-11-18 19:19:03.192720,135.53
7564,592,2026-04-15 19:19:03.192720,151.7
7565,545,2026-02-12 19:19:03.192720,486.44
7566,736,2026-01-12 19:19:03.192720,11.98
7567,729,2026-07-02 19:19:03.192720,161.1
7568,742,2026-05-19 19:19:03.192720,271.98
7569,223,2025-11-19 19:19:03.192720,383.83
7570,430,2025-10-02 19:19:03.192720,469.72
7571,62,2026-05-06 19:19:03.192720,327.81
7572,1000,2026-06-17 19:19:03.192720,425.6
7573,229,2026-07-27 19:19:03.192720,485.96
7574,862,2026-03-24 19:19:03.192720,245.86
7575,618,2026-07-02 19:19:03.192720,329.7
7576,392,2026-02-11 19:19:03.192720,115.56
7577,715,2026-06-07 19:19:03.192720,486.39
7578,907,2026-02-07 19:19:03.192720,82.93
7579,101,2025-11-24 19:19:03.192720,272.33
7580,715,2026-05-19 19:19:03.192720,271.85
7581,701,2026-03-02 19:19:03.192720,326.38
7582,546,2025-10-10 19:19:03.192720,459.5
7583,658,2026-09-21 19:19:03.192720,220.6
7584,61,2025-12-26 19:19:03.192720,135.29
7585,967,2026-04-27 19:19:03.192720,365.96
7586,816,2026-09-21 19:19:03.192720,199.6
7587,661,2026-06-10 19:19:03.192720,139.75
7588,138,2026-05-13 19:19:03.192720,50.49
7589,901,2026-09-07 19:19:03.192720,404.53
7590,296,2026-05-07 19:19:03.192720,359.56
7591,942,2026-04-29 19:19:03.192720,456.32
7592,808,2026-08-27 19:19:03.192720,240.97
7593,395,2025-12-28 19:19:03.192720,58.68
7594,305,2026-01-09 19:19:03.192720,271.8
7595,88,2026-01-15 19:19:03.192720,400.11
7596,623,2026-02-16 19:19:03.192720,122.85
7597,25,2026-05-02 19:19:03.192720,177.8
7598,627,2026-03-27 19:19:03.192720,472.46
7599,668,2026-01-15 19:19:03.192720,225.14
7600,546,2025-12-27 19:19:03.192720,399.04
7601,151,2026-07-11 19:19:03.192720,337.4
7602,86,2025-12-29 19:19:03.192720,226.64
7603,239,2026-01-25 19:19:03.192720,339.27
7604,341,2026-06-13 19:19:03.192720,127.9
7605,532,2026-01-01 19:19:03.192720,114.49
7606,167,2026-07-27 19:19:03.192720,399.1
7607,693,2025-10-22 19:19:03.192720,446.19
7608,687,2026-05-21 19:19:03.192720,36.21
7609,912,2026-09-07 19:19:03.192720,229.41
7610,822,2026-01-16 19:19:03.192720,127.95
7611,437,2026-02-02 19:19:03.192720,31.22
7612,932,2026-07-26 19:19:03.192720,370.74
7613,284,2025-10-03 19:19:03.192720,43.52
7614,874,2026-09-12 19:19:03.192720,243.17
7615,534,2025-12-15 19:19:03.192720,11.93
7616,846,2025-11-03 19:19:03.192720,447.25
7617,986,2026-02-13 19:19:03.192720,494.02
7618,362,2026-07-27 19:19:03.192720,75.51
7619,792,2026-04-03 19:19:03.192720,241.89
7620,755,2026-06-28 19:19:03.192720,285.27
7621,838,2026-09-27 19:19:03.192720,260.15
7622,288,2026-06-19 19:19:03.192720,451.09
7623,992,2026-07-09 19:19:03.192720,35.58
7624,868,2026-05-16 19:19:03.192720,292.7
7625,697,2026-07-04 19:19:03.192720,59.43
7626,27,2025-12-18 19:19:03.192720,474.39
7627,128,2025-10-22 19:19:03.192720,428.53
7628,990,2026-09-23 19:19:03.192720,455.98
7629,559,2026-03-05 19:19:03.192720,318.92
7630,845,2025-12-09 19:19:03.192720,434.56
7631,999,2026-07-15 19:19:03.192720,190.67
7632,645,2025-12-12 19:19:03.192720,179.99
7633,907,2026-03-20 19:19:03.192720,480.92
7634,796,2026-07-16 19:19:03.192720,494.37
7635,795,2026-08-13 19:19:03.192720,314.84
7636,232,2025-10-27 19:19:03.192720,190.59
7637,85,2025-10-31 19:19:03.192720,58.1
7638,584,2026-02-08 19:19:03.192720,57.37
7639,541,2026-05-07 19:19:03.192720,129.07
7640,131,2026-08-27 19:19:03.192720,329.18
7641,946,2026-07-10 19:19:03.192720,201.91
7642,447,2025-11-24 19:19:03.192720,467.34
7643,937,2026-06-18 19:19:03.192720,299.44
7644,778,2026-06-19 19:19:03.192720,394.87
7645,422,2026-04-29 19:19:03.192720,409.01
7646,839,2026-05-23 19:19:03.192720,494.84
7647,467,2026-05-22 19:19:03.192720,81.57
7648,486,2025-11-24 19:19:03.192720,203.43
7649,531,2026-04-10 19:19:03.192720,40.44
7650,440,2026-09-27 19:19:03.192720,244.32
7651,667,2025-10-24 19:19:03.192720,158.32
7652,548,2026-09-14 19:19:03.192720,164.91
7653,641,2026-09-16 19:19:03.192720,129.56
7654,781,2026-06-30 19:19:03.192720,155.63
7655,693,2026-08-03 19:19:03.192720,264.94
7656,517,2026-02-06 19:19:03.192720,141.15
7657,141,2025-11-11 19:19:03.192720,42.66
7658,457,2025-12-02 19:19:03.192720,368.04
7659,192,2025-11-22 19:19:03.192720,488.44
7660,409,2026-01-17 19:19:03.192720,82.12
7661,82,2026-07-04 19:19:03.192720,226.06
7662,902,2026-02-10 19:19:03.192720,325.87
7663,973,2026-02-20 19:19:03.192720,191.03
7664,568,2025-11-09 19:19:03.192720,262.46
7665,698,2025-12-27 19:19:03.192720,29.22
7666,712,2025-12-11 19:19:03.192720,251.26
7667,830,2026-05-14 19:19:03.192720,491.23
7668,813,2026-02-25 19:19:03.192720,200.57
7669,89,2026-09-30 19:19:03.192720,264.62
7670,600,2026-02-20 19:19:03.192720,192.75
7671,337,2026-08-01 19:19:03.192720,402.15
7672,232,2026-02-04 19:19:03.192720,14.63
7673,920,2026-08-12 19:19:03.192720,12.13
7674,343,2026-01-27 19:19:03.192720,203.85
7675,802,2026-08-23 19:19:03.192720,297.88
7676,632,2025-12-23 19:19:03.192720,246.25
7677,455,2026-03-27 19:19:03.192720,12.23
7678,942,2026-08-05 19:19:03.192720,499.04
7679,805,2026-04-12 19:19:03.192720,160.31
7680,737,2025-10-17 19:19:03.192720,364.51
7681,166,2026-07-20 19:19:03.192720,270.48
7682,951,2025-11-22 19:19:03.192720,316.22
7683,778,2026-03-02 19:19:03.192720,106.95
7684,738,2026-09-12 19:19:03.192720,436.46
7685,289,2025-12-21 19:19:03.192720,276.75
7686,351,2026-05-09 19:19:03.192720,266.95
7687,362,2025-11-20 19:19:03.192720,156.98
7688,697,2026-06-01 19:19:03.192720,286.73
7689,34,2025-10-11 19:19:03.192720,92.94
7690,186,2026-01-25 19:19:03.192720,380.9
7691,923,2025-10-07 19:19:03.192720,385.48
7692,564,2026-01-14 19:19:03.192720,270.68
7693,498,2026-04-11 19:19:03.192720,237.65
7694,730,2025-10-29 19:19:03.192720,164.61
7695,264,2026-06-09 19:19:03.192720,67.53
7696,215,2026-03-08 19:19:03.192720,45.57
7697,926,2026-03-10 19:19:03.192720,294.26
7698,229,2026-02-15 19:19:03.192720,227.4
7699,59,2026-06-16 19:19:03.192720,47.76
7700,813,2026-03-19 19:19:03.192720,271.48
7701,970,2026-02-25 19:19:03.192720,429.56
7702,81,2026-05-05 19:19:03.192720,125.49
7703,500,2026-09-29 19:19:03.192720,125.09
7704,165,2026-04-05 19:19:03.192720,193.12
7705,40,2026-06-08 19:19:03.192720,473.34
7706,929,2026-01-30 19:19:03.192720,408.75
7707,706,2026-06-22 19:19:03.192720,477.14
7708,149,2025-11-10 19:19:03.192720,171.22
7709,383,2026-05-27 19:19:03.192720,180.3
7710,658,2026-07-14 19:19:03.192720,349.27
7711,649,2026-06-05 19:19:03.192720,115.71
7712,656,2026-09-05 19:19:03.192720,165.97
7713,75,2026-09-02 19:19:03.192720,373.75
7714,883,2026-03-24 19:19:03.192720,351.83
7715,155,2026-03-03 19:19:03.192720,303.38
7716,440,2026-04-03 19:19:03.192720,407.1
7717,380,2026-07-21 19:19:03.192720,289.32
7718,736,2025-10-17 19:19:03.192720,315.94
7719,192,2026-03-25 19:19:03.192720,416.1
7720,411,2026-03-10 19:19:03.192720,479.17
7721,134,2026-04-07 19:19:03.192720,108.51
7722,676,2026-08-08 19:19:03.192720,122.14
7723,320,2026-04-01 19:19:03.192720,492.18
7724,489,2026-03-23 19:19:03.192720,209.68
7725,788,2026-02-02 19:19:03.192720,194.89
7726,321,2025-11-14 19:19:03.192720,448.35
7727,930,2026-07-15 19:19:03.192720,475.71
7728,82,2026-01-09 19:19:03.192720,439.72
7729,185,2026-03-06 19:19:03.192720,75.58
7730,838,2025-10-11 19:19:03.192720,371.43
7731,968,2026-07-18 19:19:03.192720,409.68
7732,960,2025-11-20 19:19:03.192720,416.66
7733,30,2026-08-02 19:19:03.192720,198.78
7734,527,2026-08-04 19:19:03.192720,446.76
7735,594,2026-04-13 19:19:03.192720,455.58
7736,653,2025-11-19 19:19:03.192720,132.35
7737,17,2026-05-06 19:19:03.192720,235.22
7738,467,2025-12-08 19:19:03.192720,127.56
7739,194,2026-02-14 19:19:03.192720,186.17
7740,854,2026-01-30 19:19:03.192720,498.28
7741,92,2026-04-16 19:19:03.192720,432.64
7742,393,2026-01-19 19:19:03.192720,48.52
7743,903,2026-06-10 19:19:03.192720,461.35
7744,981,2026-01-24 19:19:03.192720,429.27
7745,186,2025-12-23 19:19:03.192720,248.93
7746,681,2026-08-14 19:19:03.192720,230.9
7747,753,2026-08-30 19:19:03.192720,422.32
7748,529,2026-01-28 19:19:03.192720,256.85
7749,137,2026-05-07 19:19:03.192720,260.09
7750,414,2025-10-06 19:19:03.192720,406.17
7751,370,2025-10-04 19:19:03.192720,371.91
7752,929,2026-02-16 19:19:03.192720,329.16
7753,340,2026-01-11 19:19:03.192720,495.56
7754,827,2026-07-23 19:19:03.192720,351.34
7755,756,2026-09-03 19:19:03.192720,209.14
7756,382,2026-01-31 19:19:03.192720,82.09
7757,970,2025-11-17 19:19:03.192720,445.23
7758,665,2026-01-08 19:19:03.192720,323.73
7759,735,2026-02-20 19:19:03.192720,452.91
7760,198,2025-11-01 19:19:03.192720,262.27
7761,718,2026-08-05 19:19:03.192720,351.44
7762,367,2025-10-12 19:19:03.192720,482.3
7763,65,2026-05-24 19:19:03.192720,332.05
7764,931,2026-04-10 19:19:03.192720,112.34
7765,408,2025-12-13 19:19:03.192720,161.4
7766,288,2025-12-17 19:19:03.192720,132.84
7767,501,2025-11-05 19:19:03.192720,81.76
7768,803,2026-09-13 19:19:03.192720,305.54
7769,456,2026-07-12 19:19:03.192720,89.33
7770,348,2025-12-17 19:19:03.192720,232.32
7771,979,2026-06-01 19:19:03.192720,53.21
7772,257,2026-01-05 19:19:03.192720,410.2
7773,55,2026-04-11 19:19:03.192720,18.32
7774,767,2026-01-14 19:19:03.192720,457.05
7775,385,2026-01-05 19:19:03.192720,112.07
7776,723,2026-05-05 19:19:03.192720,46.12
7777,89,2026-05-30 19:19:03.192720,477.39
7778,696,2025-12-20 19:19:03.192720,144.59
7779,961,2026-02-15 19:19:03.192720,458.62
7780,315,2026-01-18 19:19:03.192720,354.48
7781,420,2025-11-08 19:19:03.192720,49.56
7782,355,2025-12-05 19:19:03.192720,253.91
7783,555,2026-05-08 19:19:03.192720,212.23
7784,934,2026-06-21 19:19:03.192720,187.97
7785,208,2026-03-21 19:19:03.192720,372.34
7786,671,2026-09-21 19:19:03.192720,207.1
7787,541,2026-07-20 19:19:03.192720,123.15
7788,707,2026-04-19 19:19:03.192720,39.33
7789,29,2026-01-05 19:19:03.192720,102.84
7790,766,2025-11-04 19:19:03.192720,31.99
7791,95,2026-08-24 19:19:03.192720,362.88
7792,68,2026-09-01 19:19:03.192720,325.08
7793,662,2026-05-13 19:19:03.192720,23.65
7794,123,2026-04-16 19:19:03.192720,203.26
7795,970,2026-03-16 19:19:03.192720,267.16
7796,304,2026-01-18 19:19:03.192720,438.86
7797,971,2025-10-24 19:19:03.192720,46.24
7798,174,2026-03-16 19:19:03.192720,73.53
7799,936,2026-06-08 19:19:03.192720,145.11
7800,27,2026-05-29 19:19:03.192720,187.61
7801,119,2026-02-15 19:19:03.192720,333.18
7802,253,2026-05-14 19:19:03.192720,434.89
7803,773,2026-03-02 19:19:03.192720,276.38
7804,539,2026-07-15 19:19:03.192720,252.3
7805,740,2025-10-02 19:19:03.192720,320.82
7806,19,2026-01-15 19:19:03.192720,469.5
7807,173,2026-07-13 19:19:03.192720,63.43
7808,651,2026-08-15 19:19:03.192720,466.32
7809,442,2026-06-18 19:19:03.192720,231.55
7810,668,2025-12-18 19:19:03.192720,382.9
7811,92,2026-04-06 19:19:03.192720,453.58
7812,262,2026-01-26 19:19:03.192720,212.88
7813,381,2026-06-01 19:19:03.192720,394.85
7814,194,2026-04-07 19:19:03.192720,339.91
7815,536,2025-11-30 19:19:03.192720,388.45
7816,987,2026-03-05 19:19:03.192720,355.5
7817,296,2025-10-23 19:19:03.192720,314.38
7818,866,2025-10-10 19:19:03.192720,197.22
7819,554,2025-12-23 19:19:03.192720,34.92
7820,165,2025-10-21 19:19:03.192720,246.83
7821,1000,2026-06-05 19:19:03.192720,102.73
7822,839,2026-03-18 19:19:03.192720,192.26
7823,538,2026-09-13 19:19:03.192720,406.78
7824,612,2026-03-10 19:19:03.192720,484.93
7825,607,2026-09-30 19:19:03.193673,39.14
7826,637,2026-06-30 19:19:03.193673,171.61
7827,397,2026-03-20 19:19:03.193673,176.86
7828,259,2026-07-05 19:19:03.193673,397.94
7829,976,2026-08-02 19:19:03.193673,478.75
7830,167,2026-06-21 19:19:03.193673,351.04
7831,689,2026-01-12 19:19:03.193673,143.77
7832,844,2026-03-18 19:19:03.193673,251.26
7833,688,2026-02-05 19:19:03.193673,176.11
7834,502,2026-09-18 19:19:03.193673,63.21
7835,561,2025-12-19 19:19:03.193673,432.91
7836,900,2026-04-04 19:19:03.193673,404.58
7837,785,2025-12-11 19:19:03.193673,89.49
7838,483,2025-12-15 19:19:03.193673,246.8
7839,19,2026-04-01 19:19:03.193673,409.61
7840,841,2025-11-11 19:19:03.193673,497.61
7841,41,2026-08-10 19:19:03.193673,398.47
7842,332,2025-11-26 19:19:03.193673,190.42
7843,177,2026-07-30 19:19:03.193673,121.42
7844,642,2026-03-06 19:19:03.193673,370.64
7845,310,2026-06-30 19:19:03.193673,450.41
7846,155,2025-10-22 19:19:03.193673,120.4
7847,161,2026-07-11 19:19:03.193673,141.33
7848,264,2026-04-01 19:19:03.193673,385.79
7849,786,2026-01-31 19:19:03.193673,187.96
7850,757,2026-07-24 19:19:03.193673,335.1
7851,437,2026-07-14 19:19:03.193673,97.69
7852,742,2026-06-01 19:19:03.193673,498.97
7853,308,2026-06-09 19:19:03.193673,217.3
7854,192,2026-06-30 19:19:03.193673,464.41
7855,495,2026-04-26 19:19:03.193673,418.01
7856,673,2026-06-05 19:19:03.193673,296.45
7857,720,2026-01-10 19:19:03.193673,383.99
7858,329,2026-06-29 19:19:03.193673,237.03
7859,545,2026-03-28 19:19:03.193673,398.26
7860,261,2026-06-20 19:19:03.193673,219.62
7861,223,2026-01-19 19:19:03.193673,347.71
7862,846,2026-07-28 19:19:03.193673,439.66
7863,685,2025-11-04 19:19:03.193673,429.45
7864,537,2026-08-22 19:19:03.193673,60.93
7865,914,2026-06-16 19:19:03.193673,341.71
7866,730,2026-06-07 19:19:03.193673,56.25
7867,414,2026-04-04 19:19:03.193673,430.5
7868,996,2026-07-19 19:19:03.193673,312.04
7869,962,2025-12-05 19:19:03.193673,344.57
7870,30,2026-07-12 19:19:03.193673,431.68
7871,905,2026-03-10 19:19:03.193673,379.89
7872,681,2026-06-27 19:19:03.193673,40.95
7873,952,2026-08-31 19:19:03.193673,341.78
7874,487,2026-03-16 19:19:03.193673,30.88
7875,576,2026-02-04 19:19:03.193673,76.3
7876,369,2026-09-21 19:19:03.193673,11.65
7877,654,2026-01-28 19:19:03.193673,461.05
7878,806,2026-03-09 19:19:03.193673,471.43
7879,592,2026-02-08 19:19:03.193673,241.69
7880,427,2026-04-02 19:19:03.193673,272.42
7881,240,2026-03-27 19:19:03.193673,256.19
7882,740,2026-07-30 19:19:03.193673,118.45
7883,269,2026-05-16 19:19:03.193673,367.95
7884,507,2026-02-11 19:19:03.193673,143.23
7885,661,2025-12-03 19:19:03.193673,97.74
7886,754,2025-11-15 19:19:03.193673,462.27
7887,402,2026-06-10 19:19:03.193673,142.14
7888,51,2026-05-23 19:19:03.193673,447.26
7889,6,2026-04-05 19:19:03.193673,41.35
7890,463,2026-06-11 19:19:03.193673,170.19
7891,473,2026-09-12 19:19:03.193673,227.62
7892,931,2026-06-24 19:19:03.193673,150.22
7893,421,2026-09-19 19:19:03.193673,156.06
7894,468,2026-01-19 19:19:03.193673,170.77
7895,314,2025-10-14 19:19:03.193673,88.51
7896,878,2026-09-14 19:19:03.193673,360.58
7897,169,2026-04-09 19:19:03.193673,113.59
7898,466,2025-12-19 19:19:03.193673,113.9
7899,892,2026-06-28 19:19:03.193673,207.75
7900,498,2026-04-16 19:19:03.193673,164.36
7901,573,2026-03-15 19:19:03.193673,298.39
7902,839,2026-05-02 19:19:03.193673,260.43
7903,359,2026-09-27 19:19:03.193673,372.22
7904,394,2025-10-28 19:19:03.193673,141.63
7905,787,2025-10-08 19:19:03.193673,144.44
7906,339,2026-09-24 19:19:03.193673,201.63
7907,114,2026-02-14 19:19:03.193673,199.64
7908,856,2026-01-18 19:19:03.193673,193.07
7909,345,2026-03-26 19:19:03.193673,233.14
7910,624,2026-09-16 19:19:03.193673,407.05
7911,674,2025-12-27 19:19:03.193673,492.46
7912,66,2025-10-28 19:19:03.193673,441.82
7913,809,2026-08-08 19:19:03.193673,487.02
7914,439,2026-08-22 19:19:03.193673,134.46
7915,740,2026-05-30 19:19:03.193673,330.19
7916,28,2026-01-26 19:19:03.193673,489.87
7917,801,2026-03-23 19:19:03.193673,128.55
7918,283,2026-07-31 19:19:03.193673,89.52
7919,253,2026-02-21 19:19:03.193673,118.1
7920,694,2026-03-31 19:19:03.193673,445.48
7921,169,2026-05-17 19:19:03.193673,483.83
7922,902,2025-12-07 19:19:03.193673,423.66
7923,751,2026-01-19 19:19:03.193673,216.2
7924,761,2025-10-11 19:19:03.193673,127.67
7925,798,2026-03-05 19:19:03.193673,109.97
7926,425,2025-12-07 19:19:03.193673,47.7
7927,279,2026-04-26 19:19:03.193673,475.64
7928,14,2026-01-17 19:19:03.193673,118.43
7929,141,2025-11-19 19:19:03.193673,144.7
7930,579,2026-01-26 19:19:03.193673,345.75
7931,826,2026-08-29 19:19:03.193673,300.41
7932,564,2026-05-02 19:19:03.193673,16.35
7933,247,2026-04-03 19:19:03.193673,314.1
7934,103,2026-03-26 19:19:03.193673,454.33
7935,603,2026-07-16 19:19:03.193673,212.44
7936,209,2026-09-21 19:19:03.193673,159.87
7937,796,2025-11-23 19:19:03.193673,164.48
7938,220,2026-08-02 19:19:03.193673,352.15
7939,975,2025-11-10 19:19:03.193673,237.18
7940,706,2026-01-22 19:19:03.193673,152.91
7941,900,2026-01-23 19:19:03.193673,401.7
7942,285,2026-05-03 19:19:03.193673,176.15
7943,860,2026-08-07 19:19:03.193673,36.76
7944,633,2026-06-28 19:19:03.193673,73.71
7945,278,2026-01-08 19:19:03.193673,413.01
7946,575,2026-01-20 19:19:03.193673,419.62
7947,872,2025-11-13 19:19:03.193673,337.79
7948,102,2026-06-05 19:19:03.193673,128.46
7949,316,2026-09-30 19:19:03.193673,311.66
7950,677,2026-01-16 19:19:03.193673,487.3
7951,764,2025-12-20 19:19:03.193673,363.36
7952,696,2026-04-18 19:19:03.193673,140.1
7953,205,2026-01-25 19:19:03.193673,433.7
7954,144,2025-11-19 19:19:03.193673,209.7
7955,711,2026-01-07 19:19:03.193673,158.48
7956,443,2026-07-27 19:19:03.193673,177.44
7957,554,2026-08-23 19:19:03.193673,160.47
7958,641,2025-11-28 19:19:03.193673,312.21
7959,958,2026-03-02 19:19:03.193673,437.53
7960,85,2026-01-24 19:19:03.193673,65.78
7961,161,2025-12-25 19:19:03.193673,145.24
7962,552,2026-05-08 19:19:03.193673,377.69
7963,662,2025-12-27 19:19:03.193673,218.34
7964,792,2026-08-26 19:19:03.193673,219.83
7965,341,2026-02-18 19:19:03.193673,419.94
7966,355,2026-08-03 19:19:03.193673,46.43
7967,803,2026-05-01 19:19:03.193673,270.68
7968,140,2026-03-26 19:19:03.193673,363.24
7969,242,2026-08-23 19:19:03.193673,193.6
7970,856,2025-11-09 19:19:03.193673,104.37
7971,477,2026-05-21 19:19:03.193673,248.34
7972,768,2026-05-13 19:19:03.193673,243.49
7973,153,2026-03-21 19:19:03.193673,361.94
7974,764,2026-04-20 19:19:03.193673,382.68
7975,538,2025-12-10 19:19:03.193673,70.14
7976,73,2026-06-08 19:19:03.193673,194.46
7977,229,2026-06-03 19:19:03.193673,72.8
7978,291,2026-04-13 19:19:03.193673,90.37
7979,155,2025-10-13 19:19:03.193673,45.14
7980,892,2025-10-17 19:19:03.193673,487.55
7981,752,2026-03-11 19:19:03.193673,138.37
7982,650,2026-10-01 19:19:03.193673,69.37
7983,172,2026-06-21 19:19:03.193673,321.08
7984,535,2026-05-08 19:19:03.193673,304.6
7985,869,2025-10-25 19:19:03.193673,285.39
7986,67,2026-08-30 19:19:03.193673,254.77
7987,967,2026-05-24 19:19:03.193673,476.37
7988,688,2026-05-18 19:19:03.193673,440.26
7989,210,2026-09-15 19:19:03.193673,498.13
7990,219,2026-07-24 19:19:03.193673,458.4
7991,291,2026-02-02 19:19:03.193673,376.15
7992,979,2026-03-17 19:19:03.193673,219.14
7993,340,2025-10-26 19:19:03.193673,433.01
7994,268,2026-03-26 19:19:03.193673,16.46
7995,496,2026-04-19 19:19:03.193673,343.88
7996,853,2025-11-07 19:19:03.193673,125.26
7997,628,2026-07-01 19:19:03.193673,428.65
7998,999,2026-08-30 19:19:03.193673,205.4
7999,58,2026-07-20 19:19:03.193673,431.66
8000,762,2026-02-23 19:19:03.193673,263.27
8001,499,2025-12-02 19:19:03.193673,350.37
8002,794,2025-11-06 19:19:03.193673,412.39
8003,63,2025-12-12 19:19:03.193673,119.27
8004,422,2026-07-21 19:19:03.193673,436.34
8005,78,2026-05-08 19:19:03.193673,22.18
8006,869,2026-05-13 19:19:03.193673,50.5
8007,76,2025-12-30 19:19:03.193673,132.85
8008,263,2026-03-06 19:19:03.193673,339.09
8009,207,2026-07-13 19:19:03.193673,230.83
8010,119,2026-05-11 19:19:03.193673,139.35
8011,956,2026-08-07 19:19:03.193673,105.33
8012,966,2026-05-12 19:19:03.193673,20.92
8013,796,2026-05-09 19:19:03.193673,292.92
8014,864,2025-10-22 19:19:03.193673,249.0
8015,357,2026-09-12 19:19:03.193673,164.26
8016,644,2026-07-17 19:19:03.193673,68.25
8017,470,2026-02-27 19:19:03.193673,60.78
8018,516,2025-12-16 19:19:03.193673,216.89
8019,190,2026-04-15 19:19:03.193673,193.19
8020,101,2025-10-04 19:19:03.193673,24.39
8021,211,2025-11-28 19:19:03.193673,342.35
8022,760,2026-08-03 19:19:03.193673,14.87
8023,245,2026-08-27 19:19:03.193673,360.1
8024,486,2026-05-13 19:19:03.193673,292.9
8025,266,2025-12-11 19:19:03.193673,210.84
8026,501,2025-11-02 19:19:03.193673,441.3
8027,236,2026-04-20 19:19:03.193673,48.04
8028,133,2025-12-04 19:19:03.193673,96.81
8029,563,2026-01-19 19:19:03.193673,464.25
8030,249,2026-03-03 19:19:03.193673,70.29
8031,40,2026-05-09 19:19:03.193673,150.38
8032,791,2026-07-03 19:19:03.193673,242.78
8033,912,2025-10-31 19:19:03.193673,59.13
8034,1000,2026-09-10 19:19:03.193673,328.58
8035,20,2026-03-08 19:19:03.193673,436.86
8036,263,2025-12-17 19:19:03.193673,464.88
8037,575,2026-04-03 19:19:03.193673,211.2
8038,732,2026-04-29 19:19:03.193673,128.98
8039,482,2026-04-26 19:19:03.193673,298.65
8040,739,2025-11-11 19:19:03.193673,496.53
8041,429,2026-08-31 19:19:03.193673,258.95
8042,466,2025-11-17 19:19:03.193673,487.49
8043,70,2025-11-30 19:19:03.193673,176.5
8044,555,2026-07-28 19:19:03.193673,379.41
8045,242,2026-03-27 19:19:03.193673,63.73
8046,424,2026-09-01 19:19:03.193673,293.01
8047,55,2025-10-27 19:19:03.193673,243.13
8048,435,2026-09-12 19:19:03.193673,146.29
8049,276,2025-12-08 19:19:03.193673,65.29
8050,622,2026-06-26 19:19:03.193673,283.66
8051,808,2026-04-26 19:19:03.193673,317.59
8052,373,2025-12-08 19:19:03.193673,120.43
8053,867,2026-08-10 19:19:03.193673,497.97
8054,49,2026-01-11 19:19:03.193673,487.28
8055,945,2026-03-20 19:19:03.193673,408.47
8056,573,2026-09-27 19:19:03.193673,420.86
8057,367,2026-05-25 19:19:03.193673,325.76
8058,928,2026-06-08 19:19:03.193673,413.02
8059,39,2026-03-02 19:19:03.193673,356.27
8060,669,2026-08-06 19:19:03.193673,60.62
8061,813,2026-04-05 19:19:03.193673,383.3
8062,401,2026-05-19 19:19:03.193673,154.22
8063,652,2026-06-27 19:19:03.193673,183.57
8064,679,2026-03-03 19:19:03.193673,238.95
8065,46,2026-06-20 19:19:03.193673,317.5
8066,408,2025-10-21 19:19:03.193673,230.15
8067,213,2025-11-12 19:19:03.193673,70.62
8068,212,2026-03-27 19:19:03.193673,292.69
8069,592,2025-10-02 19:19:03.193673,435.16
8070,964,2025-11-26 19:19:03.193673,279.93
8071,151,2026-01-29 19:19:03.193673,451.54
8072,200,2026-09-17 19:19:03.193673,168.46
8073,150,2026-07-17 19:19:03.193673,77.39
8074,249,2025-12-24 19:19:03.193673,94.33
8075,701,2025-11-30 19:19:03.193673,249.66
8076,908,2025-12-07 19:19:03.193673,109.52
8077,65,2026-01-10 19:19:03.193673,155.8
8078,640,2026-02-09 19:19:03.193673,279.05
8079,79,2026-01-05 19:19:03.193673,112.33
8080,635,2025-12-17 19:19:03.193673,155.04
8081,403,2026-04-02 19:19:03.193673,403.48
8082,42,2025-10-16 19:19:03.193673,260.64
8083,264,2026-09-14 19:19:03.193673,362.49
8084,283,2026-06-07 19:19:03.193673,280.01
8085,29,2026-03-04 19:19:03.193673,323.56
8086,927,2025-12-10 19:19:03.193673,194.36
8087,352,2025-10-08 19:19:03.193673,373.02
8088,261,2026-06-27 19:19:03.193673,337.33
8089,455,2026-06-18 19:19:03.193673,177.82
8090,879,2026-05-13 19:19:03.193673,318.06
8091,113,2026-07-06 19:19:03.193673,205.5
8092,127,2025-10-20 19:19:03.193673,489.28
8093,481,2025-11-01 19:19:03.193673,253.05
8094,996,2025-10-02 19:19:03.193673,83.07
8095,161,2026-09-30 19:19:03.193673,458.35
8096,938,2026-03-24 19:19:03.194678,376.88
8097,226,2025-12-14 19:19:03.194678,68.38
8098,947,2026-03-04 19:19:03.194678,146.08
8099,653,2026-09-25 19:19:03.194678,444.19
8100,782,2025-10-16 19:19:03.194678,257.63
8101,646,2026-03-19 19:19:03.194678,99.58
8102,116,2026-08-14 19:19:03.194678,489.47
8103,810,2026-05-15 19:19:03.194678,462.93
8104,442,2026-05-14 19:19:03.194678,66.57
8105,133,2025-12-26 19:19:03.194678,338.67
8106,485,2026-08-08 19:19:03.194678,382.61
8107,494,2026-01-21 19:19:03.194678,263.15
8108,152,2025-12-10 19:19:03.194678,333.6
8109,745,2026-05-04 19:19:03.194678,350.7
8110,649,2025-12-04 19:19:03.194678,336.39
8111,684,2026-09-20 19:19:03.194678,290.24
8112,928,2026-07-06 19:19:03.194678,267.25
8113,798,2026-04-03 19:19:03.194678,215.6
8114,815,2026-04-21 19:19:03.194678,467.45
8115,710,2025-10-22 19:19:03.194678,155.42
8116,998,2026-01-24 19:19:03.194678,395.1
8117,858,2026-01-07 19:19:03.194678,48.15
8118,569,2026-06-04 19:19:03.194678,72.73
8119,911,2026-09-05 19:19:03.194678,342.72
8120,999,2026-01-22 19:19:03.194678,399.0
8121,415,2025-12-13 19:19:03.194678,383.89
8122,219,2026-01-24 19:19:03.194678,37.76
8123,12,2026-09-06 19:19:03.194678,86.91
8124,742,2026-02-10 19:19:03.194678,483.59
8125,725,2026-04-09 19:19:03.194678,295.76
8126,120,2026-07-23 19:19:03.194678,249.71
8127,497,2026-03-28 19:19:03.194678,32.79
8128,356,2025-11-04 19:19:03.194678,363.05
8129,108,2025-10-18 19:19:03.194678,230.15
8130,889,2026-04-21 19:19:03.194678,146.59
8131,108,2025-11-06 19:19:03.194678,295.29
8132,514,2026-08-03 19:19:03.194678,333.28
8133,696,2026-02-18 19:19:03.194678,488.49
8134,672,2026-01-16 19:19:03.194678,104.16
8135,857,2026-01-01 19:19:03.194678,80.11
8136,407,2026-01-15 19:19:03.194678,150.85
8137,646,2026-05-01 19:19:03.194678,163.09
8138,627,2025-12-06 19:19:03.194678,280.52
8139,673,2026-02-01 19:19:03.194678,179.37
8140,83,2025-12-02 19:19:03.194678,461.86
8141,33,2026-07-15 19:19:03.194678,146.17
8142,772,2026-01-11 19:19:03.194678,166.11
8143,451,2026-06-29 19:19:03.194678,195.88
8144,866,2026-09-16 19:19:03.194678,44.43
8145,761,2026-08-11 19:19:03.194678,93.81
8146,938,2026-07-30 19:19:03.194678,296.09
8147,227,2026-01-02 19:19:03.194678,339.95
8148,886,2026-08-05 19:19:03.194678,239.91
8149,906,2026-07-07 19:19:03.194678,106.73
8150,624,2025-12-20 19:19:03.194678,395.27
8151,191,2026-06-04 19:19:03.194678,484.87
8152,755,2026-07-02 19:19:03.194678,421.7
8153,515,2025-10-30 19:19:03.194678,461.44
8154,486,2026-01-06 19:19:03.194678,306.56
8155,42,2026-02-16 19:19:03.194678,181.87
8156,100,2026-03-08 19:19:03.194678,468.25
8157,736,2025-11-23 19:19:03.194678,348.51
8158,46,2026-08-28 19:19:03.194678,76.63
8159,625,2026-06-18 19:19:03.194678,332.06
8160,767,2026-07-28 19:19:03.194678,36.08
8161,604,2026-09-12 19:19:03.194678,199.22
8162,549,2026-08-23 19:19:03.194678,429.41
8163,656,2025-10-30 19:19:03.194678,309.96
8164,302,2025-10-31 19:19:03.194678,163.77
8165,695,2026-08-15 19:19:03.194678,378.41
8166,993,2025-12-21 19:19:03.194678,36.8
8167,566,2026-03-06 19:19:03.194678,351.96
8168,683,2026-06-11 19:19:03.194678,390.9
8169,136,2026-02-27 19:19:03.194678,336.06
8170,768,2025-11-17 19:19:03.194678,113.92
8171,320,2025-11-17 19:19:03.194678,479.73
8172,357,2026-07-09 19:19:03.194678,484.11
8173,218,2026-03-27 19:19:03.194678,344.66
8174,119,2026-07-27 19:19:03.194678,59.15
8175,612,2026-03-16 19:19:03.194678,157.57
8176,169,2025-10-31 19:19:03.194678,428.95
8177,871,2026-05-29 19:19:03.194678,230.99
8178,814,2026-03-17 19:19:03.194678,331.27
8179,195,2026-04-17 19:19:03.194678,402.53
8180,71,2026-06-09 19:19:03.194678,387.54
8181,307,2026-04-07 19:19:03.194678,479.95
8182,830,2026-01-19 19:19:03.194678,438.96
8183,220,2026-05-25 19:19:03.194678,328.03
8184,234,2026-05-31 19:19:03.194678,289.89
8185,960,2025-12-08 19:19:03.194678,342.19
8186,773,2026-06-24 19:19:03.194678,99.89
8187,162,2026-07-20 19:19:03.194678,457.51
8188,123,2025-12-25 19:19:03.194678,195.6
8189,221,2026-06-12 19:19:03.194678,484.59
8190,838,2026-09-24 19:19:03.194678,248.53
8191,366,2026-08-22 19:19:03.194678,249.29
8192,525,2026-02-10 19:19:03.194678,221.49
8193,67,2025-10-29 19:19:03.194678,18.27
8194,376,2025-10-04 19:19:03.194678,178.43
8195,982,2026-01-30 19:19:03.194678,421.65
8196,48,2026-09-12 19:19:03.194678,336.53
8197,333,2026-09-23 19:19:03.194678,209.81
8198,156,2026-08-20 19:19:03.194678,343.24
8199,374,2025-12-08 19:19:03.194678,230.96
8200,796,2025-11-28 19:19:03.194678,167.73
8201,326,2025-11-19 19:19:03.194678,159.3
8202,602,2026-02-26 19:19:03.194678,261.46
8203,976,2026-06-17 19:19:03.194678,301.22
8204,293,2026-03-26 19:19:03.194678,235.26
8205,394,2025-11-30 19:19:03.194678,305.25
8206,674,2026-05-30 19:19:03.194678,481.86
8207,52,2026-09-07 19:19:03.194678,359.83
8208,467,2026-02-01 19:19:03.194678,469.72
8209,115,2026-02-23 19:19:03.194678,229.71
8210,767,2026-01-16 19:19:03.194678,467.18
8211,966,2025-12-24 19:19:03.194678,458.9
8212,453,2026-06-08 19:19:03.194678,202.6
8213,743,2026-09-01 19:19:03.194678,338.86
8214,682,2025-11-22 19:19:03.194678,208.53
8215,422,2025-11-05 19:19:03.194678,193.28
8216,768,2026-05-27 19:19:03.194678,149.04
8217,844,2026-03-10 19:19:03.194678,256.91
8218,497,2026-04-27 19:19:03.194678,189.28
8219,625,2026-04-01 19:19:03.194678,431.47
8220,960,2025-11-01 19:19:03.194678,241.64
8221,330,2026-09-20 19:19:03.194678,357.19
8222,514,2025-11-10 19:19:03.194678,116.32
8223,231,2026-03-17 19:19:03.194678,213.05
8224,757,2026-09-02 19:19:03.194678,408.27
8225,704,2026-01-15 19:19:03.194678,191.98
8226,249,2026-04-30 19:19:03.194678,408.07
8227,614,2025-12-17 19:19:03.194678,323.02
8228,359,2025-10-21 19:19:03.194678,495.64
8229,688,2025-12-13 19:19:03.194678,98.06
8230,726,2026-08-07 19:19:03.194678,110.21
8231,132,2026-02-16 19:19:03.194678,102.62
8232,83,2026-01-15 19:19:03.194678,452.44
8233,192,2025-10-03 19:19:03.194678,493.79
8234,231,2026-08-17 19:19:03.194678,335.07
8235,382,2026-08-02 19:19:03.194678,415.36
8236,814,2025-10-29 19:19:03.194678,19.22
8237,781,2026-03-07 19:19:03.194678,329.66
8238,873,2026-01-06 19:19:03.194678,302.76
8239,162,2026-07-13 19:19:03.194678,418.43
8240,970,2026-07-17 19:19:03.194678,73.41
8241,559,2026-04-07 19:19:03.194678,401.28
8242,490,2026-03-06 19:19:03.194678,248.22
8243,720,2026-05-29 19:19:03.194678,53.96
8244,467,2026-01-12 19:19:03.194678,403.42
8245,274,2026-06-20 19:19:03.194678,110.39
8246,715,2026-09-04 19:19:03.194678,314.48
8247,966,2026-04-05 19:19:03.194678,473.26
8248,551,2025-10-09 19:19:03.194678,32.6
8249,43,2026-02-23 19:19:03.194678,195.38
8250,359,2026-01-01 19:19:03.194678,249.38
8251,141,2026-06-22 19:19:03.194678,13.52
8252,644,2026-06-10 19:19:03.194678,240.64
8253,896,2025-12-16 19:19:03.194678,343.77
8254,651,2026-01-07 19:19:03.194678,245.38
8255,542,2026-08-10 19:19:03.194678,374.04
8256,418,2026-04-19 19:19:03.194678,60.8
8257,722,2025-12-08 19:19:03.194678,191.11
8258,495,2026-06-05 19:19:03.194678,197.88
8259,970,2026-01-02 19:19:03.194678,420.17
8260,703,2026-02-06 19:19:03.194678,388.66
8261,39,2026-07-24 19:19:03.194678,353.32
8262,422,2026-01-14 19:19:03.194678,210.97
8263,944,2026-07-27 19:19:03.194678,348.6
8264,467,2025-11-03 19:19:03.194678,319.1
8265,480,2026-02-28 19:19:03.194678,18.63
8266,258,2026-06-22 19:19:03.194678,333.61
8267,90,2025-11-10 19:19:03.194678,456.48
8268,103,2025-11-24 19:19:03.194678,211.57
8269,441,2026-09-16 19:19:03.194678,342.37
8270,546,2026-06-03 19:19:03.194678,273.17
8271,73,2026-01-30 19:19:03.194678,399.88
8272,880,2025-10-23 19:19:03.194678,102.22
8273,496,2026-04-20 19:19:03.194678,83.99
8274,781,2026-08-12 19:19:03.194678,215.14
8275,515,2026-01-07 19:19:03.194678,219.85
8276,845,2026-03-08 19:19:03.194678,160.22
8277,90,2026-01-18 19:19:03.194678,70.68
8278,984,2026-05-22 19:19:03.194678,144.43
8279,810,2026-02-28 19:19:03.194678,186.33
8280,101,2025-10-18 19:19:03.194678,488.97
8281,312,2026-08-31 19:19:03.194678,114.07
8282,737,2026-07-10 19:19:03.194678,163.57
8283,590,2026-04-02 19:19:03.194678,484.45
8284,585,2026-03-03 19:19:03.194678,219.74
8285,174,2026-02-11 19:19:03.194678,438.94
8286,5,2026-06-13 19:19:03.194678,332.88
8287,555,2026-03-13 19:19:03.194678,189.61
8288,896,2026-07-14 19:19:03.194678,345.56
8289,561,2026-04-22 19:19:03.194678,344.56
8290,856,2026-07-14 19:19:03.194678,199.34
8291,149,2026-05-29 19:19:03.194678,410.3
8292,81,2026-09-11 19:19:03.194678,488.48
8293,769,2026-01-22 19:19:03.194678,66.84
8294,298,2025-10-21 19:19:03.194678,474.52
8295,259,2026-04-22 19:19:03.194678,38.82
8296,709,2025-12-05 19:19:03.194678,403.5
8297,860,2026-01-04 19:19:03.194678,449.32
8298,44,2026-01-19 19:19:03.194678,56.06
8299,441,2026-08-22 19:19:03.194678,472.24
8300,721,2025-11-21 19:19:03.194678,285.86
8301,144,2026-07-25 19:19:03.194678,295.54
8302,258,2026-03-14 19:19:03.194678,466.22
8303,507,2026-05-21 19:19:03.194678,403.1
8304,982,2026-05-28 19:19:03.194678,80.53
8305,257,2026-04-19 19:19:03.194678,207.02
8306,36,2026-05-19 19:19:03.194678,350.31
8307,830,2025-12-09 19:19:03.194678,76.47
8308,492,2026-02-15 19:19:03.194678,295.03
8309,204,2025-12-27 19:19:03.194678,155.06
8310,349,2026-06-28 19:19:03.194678,256.86
8311,862,2026-07-18 19:19:03.194678,453.61
8312,765,2026-02-07 19:19:03.194678,182.5
8313,285,2026-07-04 19:19:03.194678,200.11
8314,526,2026-04-08 19:19:03.194678,445.86
8315,949,2026-03-07 19:19:03.194678,343.14
8316,709,2026-09-21 19:19:03.194678,150.76
8317,961,2026-05-14 19:19:03.194678,338.28
8318,511,2026-06-02 19:19:03.194678,371.99
8319,674,2026-02-01 19:19:03.194678,55.98
8320,305,2026-05-11 19:19:03.194678,244.21
8321,252,2026-05-24 19:19:03.194678,426.12
8322,587,2026-08-21 19:19:03.194678,443.15
8323,787,2026-02-13 19:19:03.194678,105.46
8324,438,2026-05-31 19:19:03.194678,239.37
8325,530,2026-06-25 19:19:03.194678,285.7
8326,690,2026-03-06 19:19:03.194678,258.35
8327,535,2025-12-22 19:19:03.194678,412.41
8328,599,2026-08-23 19:19:03.194678,382.12
8329,871,2026-08-06 19:19:03.194678,291.41
8330,700,2026-07-14 19:19:03.194678,398.99
8331,286,2026-06-29 19:19:03.194678,394.36
8332,507,2026-06-12 19:19:03.194678,74.17
8333,733,2026-09-11 19:19:03.194678,333.07
8334,23,2026-05-19 19:19:03.194678,218.94
8335,398,2026-08-15 19:19:03.194678,151.08
8336,728,2026-08-12 19:19:03.194678,11.7
8337,768,2026-05-20 19:19:03.194678,88.62
8338,902,2026-05-24 19:19:03.194678,290.01
8339,926,2026-03-07 19:19:03.194678,182.4
8340,734,2026-06-10 19:19:03.194678,216.35
8341,355,2025-11-21 19:19:03.194678,288.81
8342,746,2026-05-14 19:19:03.194678,52.12
8343,926,2025-12-17 19:19:03.194678,428.3
8344,453,2026-05-02 19:19:03.194678,455.37
8345,222,2026-09-26 19:19:03.194678,433.01
8346,668,2026-03-04 19:19:03.194678,38.26
8347,421,2026-04-05 19:19:03.194678,456.24
8348,341,2026-08-09 19:19:03.194678,413.88
8349,463,2026-02-24 19:19:03.194678,66.64
8350,296,2026-02-09 19:19:03.194678,381.92
8351,970,2026-06-28 19:19:03.194678,194.19
8352,160,2026-03-11 19:19:03.194678,315.81
8353,333,2026-02-05 19:19:03.194678,75.03
8354,989,2026-01-27 19:19:03.194678,463.94
8355,256,2025-11-22 19:19:03.194678,198.32
8356,604,2025-12-13 19:19:03.194678,77.14
8357,351,2025-10-15 19:19:03.194678,495.35
8358,914,2025-10-31 19:19:03.194678,492.67
8359,70,2026-03-03 19:19:03.194678,29.09
8360,229,2025-10-13 19:19:03.194678,362.68
8361,282,2026-09-07 19:19:03.194678,249.95
8362,922,2026-04-16 19:19:03.194678,322.01
8363,473,2026-05-10 19:19:03.194678,158.43
8364,278,2026-06-03 19:19:03.194678,441.24
8365,905,2025-12-31 19:19:03.194678,156.9
8366,521,2025-11-07 19:19:03.194678,310.83
8367,238,2026-07-26 19:19:03.194678,225.93
8368,208,2026-07-01 19:19:03.194678,52.07
8369,514,2026-05-03 19:19:03.194678,282.14
8370,488,2026-05-21 19:19:03.194678,461.04
8371,975,2025-12-26 19:19:03.194678,129.7
8372,422,2026-09-13 19:19:03.194678,18.32
8373,482,2026-06-01 19:19:03.194678,432.12
8374,580,2026-07-07 19:19:03.194678,161.91
8375,773,2026-05-07 19:19:03.194678,78.6
8376,552,2026-04-20 19:19:03.195689,371.11
8377,265,2026-08-12 19:19:03.195689,193.16
8378,56,2025-10-06 19:19:03.195689,422.14
8379,606,2025-11-18 19:19:03.195689,107.21
8380,928,2026-05-03 19:19:03.195689,349.15
8381,131,2026-06-12 19:19:03.195689,397.62
8382,487,2026-05-23 19:19:03.195689,297.14
8383,69,2026-04-23 19:19:03.195689,49.15
8384,155,2026-08-04 19:19:03.195689,255.12
8385,803,2026-03-06 19:19:03.195689,295.62
8386,895,2026-06-17 19:19:03.195689,280.59
8387,380,2025-10-23 19:19:03.195689,52.4
8388,236,2025-11-29 19:19:03.195689,441.6
8389,349,2026-04-16 19:19:03.195689,99.86
8390,416,2026-02-13 19:19:03.195689,91.37
8391,109,2025-11-09 19:19:03.195689,264.72
8392,855,2025-11-06 19:19:03.195689,487.52
8393,997,2026-03-14 19:19:03.195689,332.58
8394,581,2026-05-01 19:19:03.195689,181.91
8395,484,2026-08-01 19:19:03.195689,32.65
8396,102,2026-08-17 19:19:03.195689,31.67
8397,276,2026-04-15 19:19:03.195689,108.8
8398,468,2026-08-21 19:19:03.195689,57.23
8399,139,2025-10-11 19:19:03.195689,88.8
8400,803,2026-07-24 19:19:03.195689,367.29
8401,767,2026-08-18 19:19:03.195689,305.1
8402,345,2026-06-06 19:19:03.195689,49.36
8403,918,2026-09-08 19:19:03.195689,182.42
8404,889,2026-07-23 19:19:03.195689,192.82
8405,935,2026-04-12 19:19:03.195689,106.74
8406,249,2026-01-19 19:19:03.195689,380.82
8407,881,2026-03-17 19:19:03.195689,386.83
8408,829,2026-02-11 19:19:03.195689,392.85
8409,366,2026-07-04 19:19:03.195689,217.89
8410,747,2026-09-10 19:19:03.195689,369.2
8411,913,2026-05-03 19:19:03.195689,304.34
8412,779,2026-05-11 19:19:03.195689,320.1
8413,946,2026-03-23 19:19:03.195689,184.86
8414,182,2026-09-19 19:19:03.195689,336.33
8415,298,2026-06-26 19:19:03.195689,82.26
8416,358,2026-06-20 19:19:03.195689,194.45
8417,869,2025-12-30 19:19:03.195689,123.68
8418,852,2026-09-28 19:19:03.195689,169.81
8419,269,2026-06-26 19:19:03.195689,87.1
8420,29,2026-02-24 19:19:03.195689,210.54
8421,287,2025-10-06 19:19:03.195689,138.35
8422,562,2026-07-09 19:19:03.195689,278.47
8423,63,2026-06-30 19:19:03.195689,366.14
8424,394,2026-07-08 19:19:03.195689,470.68
8425,807,2025-12-12 19:19:03.195689,291.72
8426,288,2026-06-01 19:19:03.195689,105.9
8427,350,2026-06-26 19:19:03.195689,167.81
8428,59,2026-08-17 19:19:03.195689,457.02
8429,646,2026-04-04 19:19:03.195689,137.12
8430,262,2025-10-02 19:19:03.195689,442.29
8431,474,2025-12-04 19:19:03.195689,167.29
8432,126,2026-07-15 19:19:03.195689,299.27
8433,728,2026-08-30 19:19:03.195689,418.52
8434,799,2026-06-07 19:19:03.195689,259.52
8435,133,2025-11-09 19:19:03.195689,173.3
8436,976,2025-11-18 19:19:03.195689,247.24
8437,122,2026-04-30 19:19:03.195689,53.93
8438,244,2025-11-21 19:19:03.195689,253.82
8439,566,2026-02-25 19:19:03.195689,69.52
8440,232,2026-04-05 19:19:03.195689,232.56
8441,809,2026-07-27 19:19:03.195689,376.3
8442,247,2026-09-28 19:19:03.195689,283.3
8443,971,2025-12-17 19:19:03.195689,161.14
8444,707,2026-01-26 19:19:03.195689,206.77
8445,265,2025-12-05 19:19:03.195689,191.45
8446,785,2026-04-17 19:19:03.195689,295.72
8447,932,2025-10-25 19:19:03.195689,136.41
8448,343,2026-05-10 19:19:03.195689,40.38
8449,99,2026-08-28 19:19:03.195689,439.96
8450,51,2026-09-15 19:19:03.195689,313.04
8451,776,2026-06-04 19:19:03.195689,18.3
8452,281,2026-08-24 19:19:03.195689,427.11
8453,821,2026-09-06 19:19:03.195689,320.48
8454,640,2025-10-08 19:19:03.195689,68.98
8455,390,2026-08-10 19:19:03.195689,372.12
8456,891,2026-02-05 19:19:03.195689,466.27
8457,490,2026-05-24 19:19:03.195689,224.56
8458,515,2025-10-04 19:19:03.195689,192.21
8459,132,2026-08-15 19:19:03.195689,70.23
8460,641,2026-01-06 19:19:03.195689,191.81
8461,987,2025-11-12 19:19:03.195689,492.35
8462,760,2026-03-20 19:19:03.195689,359.38
8463,959,2025-11-11 19:19:03.195689,412.78
8464,188,2026-05-18 19:19:03.195689,474.7
8465,599,2026-02-28 19:19:03.195689,215.93
8466,524,2026-07-19 19:19:03.195689,210.6
8467,108,2026-03-01 19:19:03.195689,278.52
8468,587,2026-06-02 19:19:03.195689,352.73
8469,795,2026-07-16 19:19:03.195689,247.36
8470,31,2026-01-22 19:19:03.195689,37.05
8471,785,2026-09-26 19:19:03.195689,223.96
8472,107,2026-05-25 19:19:03.195689,145.33
8473,25,2026-08-01 19:19:03.195689,157.5
8474,582,2026-03-30 19:19:03.195689,62.46
8475,403,2025-10-19 19:19:03.195689,89.33
8476,775,2026-05-18 19:19:03.195689,499.0
8477,599,2026-05-18 19:19:03.195689,166.86
8478,51,2026-09-12 19:19:03.195689,291.77
8479,881,2026-09-30 19:19:03.195689,452.47
8480,295,2026-03-02 19:19:03.195689,202.27
8481,516,2026-05-25 19:19:03.195689,84.1
8482,652,2026-07-31 19:19:03.195689,43.29
8483,925,2025-10-16 19:19:03.195689,302.79
8484,107,2026-04-26 19:19:03.195689,414.28
8485,334,2026-04-01 19:19:03.195689,356.59
8486,579,2026-04-18 19:19:03.195689,330.45
8487,449,2026-03-18 19:19:03.195689,69.4
8488,515,2025-12-25 19:19:03.195689,124.28
8489,994,2026-06-24 19:19:03.195689,173.27
8490,87,2026-03-11 19:19:03.195689,362.66
8491,547,2025-12-17 19:19:03.195689,197.26
8492,189,2026-02-06 19:19:03.195689,294.68
8493,426,2026-01-11 19:19:03.195689,101.07
8494,876,2026-09-17 19:19:03.195689,100.92
8495,76,2026-09-09 19:19:03.195689,259.44
8496,888,2026-01-28 19:19:03.195689,21.78
8497,802,2026-07-06 19:19:03.195689,281.21
8498,786,2025-12-24 19:19:03.195689,450.89
8499,644,2026-03-21 19:19:03.195689,371.46
8500,915,2026-02-22 19:19:03.195689,79.84
8501,398,2026-09-05 19:19:03.195689,340.83
8502,238,2026-06-26 19:19:03.195689,324.95
8503,942,2025-11-17 19:19:03.195689,443.09
8504,740,2026-08-22 19:19:03.195689,91.27
8505,880,2026-03-14 19:19:03.195689,223.6
8506,851,2026-09-17 19:19:03.195689,51.57
8507,696,2025-10-27 19:19:03.195689,308.81
8508,992,2026-08-09 19:19:03.195689,396.53
8509,51,2026-05-03 19:19:03.195689,351.27
8510,358,2026-05-06 19:19:03.195689,88.25
8511,245,2026-03-06 19:19:03.195689,370.89
8512,702,2026-06-24 19:19:03.195689,124.7
8513,819,2026-03-18 19:19:03.195689,478.53
8514,8,2026-03-26 19:19:03.195689,216.11
8515,366,2025-12-13 19:19:03.195689,441.94
8516,893,2026-08-26 19:19:03.195689,498.68
8517,614,2026-06-19 19:19:03.195689,479.2
8518,262,2026-03-02 19:19:03.195689,155.23
8519,706,2026-03-20 19:19:03.195689,389.18
8520,94,2026-07-25 19:19:03.195689,280.0
8521,230,2025-12-04 19:19:03.195689,89.14
8522,462,2026-02-13 19:19:03.195689,275.53
8523,734,2026-06-10 19:19:03.195689,191.79
8524,460,2026-06-24 19:19:03.195689,220.06
8525,81,2026-06-15 19:19:03.195689,11.05
8526,944,2026-01-15 19:19:03.195689,101.34
8527,865,2026-09-09 19:19:03.195689,245.54
8528,391,2026-01-31 19:19:03.195689,496.78
8529,688,2026-03-01 19:19:03.195689,105.59
8530,616,2026-09-10 19:19:03.195689,453.53
8531,714,2026-09-02 19:19:03.195689,76.19
8532,919,2026-05-29 19:19:03.195689,363.5
8533,719,2026-06-14 19:19:03.195689,291.7
8534,165,2025-11-18 19:19:03.195689,286.88
8535,406,2026-09-28 19:19:03.195689,404.89
8536,611,2026-07-02 19:19:03.195689,451.02
8537,8,2026-05-14 19:19:03.195689,453.31
8538,395,2026-04-22 19:19:03.195689,138.19
8539,750,2026-01-30 19:19:03.195689,189.45
8540,923,2026-04-20 19:19:03.195689,88.6
8541,388,2026-09-12 19:19:03.195689,183.19
8542,147,2026-08-05 19:19:03.195689,223.86
8543,968,2026-03-16 19:19:03.195689,125.29
8544,358,2026-06-29 19:19:03.195689,196.69
8545,740,2026-01-09 19:19:03.195689,123.86
8546,21,2026-03-21 19:19:03.195689,404.45
8547,886,2025-12-20 19:19:03.195689,282.54
8548,919,2026-07-17 19:19:03.195689,495.1
8549,604,2026-04-04 19:19:03.195689,438.78
8550,481,2025-10-05 19:19:03.195689,283.69
8551,75,2026-06-20 19:19:03.195689,38.7
8552,825,2026-01-05 19:19:03.195689,116.03
8553,110,2026-09-01 19:19:03.195689,465.07
8554,427,2025-12-24 19:19:03.195689,356.6
8555,780,2026-04-15 19:19:03.195689,130.5
8556,53,2026-02-04 19:19:03.195689,92.69
8557,524,2026-08-12 19:19:03.195689,324.75
8558,905,2025-11-02 19:19:03.195689,212.06
8559,239,2026-01-24 19:19:03.195689,134.47
8560,782,2026-02-20 19:19:03.195689,296.57
8561,755,2026-04-13 19:19:03.195689,249.16
8562,440,2026-09-27 19:19:03.195689,255.45
8563,922,2026-07-24 19:19:03.195689,312.32
8564,208,2026-09-21 19:19:03.195689,488.67
8565,417,2026-07-19 19:19:03.195689,11.48
8566,369,2026-04-26 19:19:03.195689,157.8
8567,138,2026-02-04 19:19:03.195689,196.63
8568,534,2026-08-16 19:19:03.195689,80.9
8569,989,2026-05-27 19:19:03.195689,45.01
8570,426,2025-11-20 19:19:03.195689,306.68
8571,515,2026-07-14 19:19:03.195689,70.45
8572,514,2026-08-25 19:19:03.195689,475.5
8573,997,2026-03-21 19:19:03.195689,179.34
8574,937,2026-06-30 19:19:03.195689,146.2
8575,23,2026-07-06 19:19:03.195689,127.37
8576,422,2026-08-18 19:19:03.195689,194.57
8577,548,2026-09-18 19:19:03.195689,360.5
8578,686,2026-09-29 19:19:03.195689,338.32
8579,857,2026-08-02 19:19:03.195689,342.21
8580,467,2025-12-18 19:19:03.195689,90.48
8581,637,2026-03-28 19:19:03.195689,218.45
8582,231,2025-12-25 19:19:03.195689,378.25
8583,251,2025-11-13 19:19:03.195689,312.91
8584,702,2025-12-30 19:19:03.195689,29.12
8585,643,2026-07-14 19:19:03.195689,205.43
8586,311,2026-09-26 19:19:03.195689,253.36
8587,56,2026-04-22 19:19:03.195689,302.8
8588,611,2025-11-29 19:19:03.195689,406.92
8589,210,2026-05-30 19:19:03.195689,138.12
8590,254,2026-09-25 19:19:03.195689,214.15
8591,635,2026-03-01 19:19:03.195689,454.02
8592,171,2026-01-31 19:19:03.195689,85.63
8593,653,2025-10-02 19:19:03.195689,374.1
8594,965,2026-07-23 19:19:03.195689,457.9
8595,463,2025-11-11 19:19:03.195689,119.24
8596,237,2026-07-04 19:19:03.195689,220.92
8597,120,2026-03-18 19:19:03.195689,270.57
8598,694,2026-06-06 19:19:03.195689,86.31
8599,365,2025-12-30 19:19:03.195689,493.99
8600,842,2026-03-29 19:19:03.195689,109.8
8601,646,2025-12-08 19:19:03.195689,167.85
8602,23,2026-04-30 19:19:03.195689,46.32
8603,906,2026-05-03 19:19:03.195689,94.17
8604,813,2026-01-04 19:19:03.195689,42.55
8605,822,2025-12-17 19:19:03.195689,103.67
8606,195,2026-09-08 19:19:03.195689,117.14
8607,767,2026-07-01 19:19:03.195689,201.33
8608,436,2026-09-04 19:19:03.195689,48.48
8609,158,2025-10-07 19:19:03.195689,269.04
8610,85,2026-05-12 19:19:03.195689,91.51
8611,648,2025-12-30 19:19:03.195689,423.12
8612,809,2026-02-01 19:19:03.195689,319.88
8613,854,2026-10-01 19:19:03.195689,51.77
8614,392,2026-09-08 19:19:03.195689,102.07
8615,696,2026-03-11 19:19:03.195689,137.6
8616,519,2026-03-24 19:19:03.195689,148.23
8617,586,2026-03-20 19:19:03.195689,215.53
8618,724,2026-02-04 19:19:03.195689,489.64
8619,370,2026-08-04 19:19:03.195689,486.17
8620,423,2026-07-31 19:19:03.195689,267.9
8621,884,2026-04-26 19:19:03.195689,454.07
8622,81,2025-11-17 19:19:03.195689,179.1
8623,772,2026-08-03 19:19:03.195689,147.62
8624,619,2026-09-19 19:19:03.195689,341.52
8625,684,2026-04-28 19:19:03.195689,363.89
8626,537,2026-06-11 19:19:03.195689,90.39
8627,931,2026-04-21 19:19:03.195689,201.09
8628,658,2026-07-29 19:19:03.195689,370.91
8629,837,2025-10-12 19:19:03.195689,363.19
8630,206,2026-07-11 19:19:03.195689,49.56
8631,625,2026-04-03 19:19:03.195689,458.37
8632,273,2026-04-29 19:19:03.195689,234.57
8633,748,2026-01-26 19:19:03.195689,253.87
8634,664,2026-04-07 19:19:03.195689,70.95
8635,804,2025-10-10 19:19:03.195689,359.74
8636,84,2026-06-15 19:19:03.195689,365.99
8637,942,2026-01-21 19:19:03.195689,366.48
8638,449,2026-01-14 19:19:03.195689,23.62
8639,852,2026-06-04 19:19:03.195689,478.8
8640,647,2025-11-12 19:19:03.195689,408.4
8641,191,2026-01-28 19:19:03.195689,134.83
8642,673,2025-11-14 19:19:03.195689,412.26
8643,109,2026-09-04 19:19:03.195689,147.56
8644,932,2026-09-11 19:19:03.195689,193.44
8645,331,2026-07-19 19:19:03.195689,196.52
8646,983,2026-09-19 19:19:03.195689,278.19
8647,725,2026-04-22 19:19:03.195689,270.62
8648,890,2026-05-11 19:19:03.196696,452.06
8649,52,2026-07-08 19:19:03.196696,78.97
8650,530,2025-10-13 19:19:03.196696,162.78
8651,19,2026-01-28 19:19:03.196696,351.41
8652,816,2026-04-23 19:19:03.196696,364.2
8653,497,2026-05-22 19:19:03.196696,391.31
8654,61,2025-11-15 19:19:03.196696,62.94
8655,549,2026-04-08 19:19:03.196696,326.14
8656,889,2026-09-02 19:19:03.196696,248.03
8657,744,2026-06-21 19:19:03.196696,53.89
8658,221,2026-01-21 19:19:03.196696,115.32
8659,243,2026-06-24 19:19:03.196696,175.54
8660,305,2026-04-14 19:19:03.196696,254.33
8661,175,2025-12-12 19:19:03.196696,74.6
8662,658,2026-07-21 19:19:03.196696,163.98
8663,270,2026-01-09 19:19:03.196696,312.99
8664,914,2026-06-27 19:19:03.196696,333.56
8665,183,2025-10-24 19:19:03.196696,462.13
8666,889,2025-10-24 19:19:03.196696,459.76
8667,61,2026-03-09 19:19:03.196696,370.2
8668,766,2026-03-12 19:19:03.196696,440.28
8669,844,2026-03-26 19:19:03.196696,229.79
8670,345,2026-07-20 19:19:03.196696,353.98
8671,421,2026-08-06 19:19:03.196696,359.87
8672,881,2025-12-09 19:19:03.196696,339.46
8673,608,2025-11-04 19:19:03.196696,406.89
8674,772,2026-07-28 19:19:03.196696,391.78
8675,67,2025-12-07 19:19:03.196696,17.64
8676,53,2026-06-10 19:19:03.196696,262.83
8677,2,2026-05-01 19:19:03.196696,376.37
8678,926,2026-07-10 19:19:03.196696,356.18
8679,642,2026-03-26 19:19:03.196696,68.16
8680,251,2026-08-14 19:19:03.196696,286.35
8681,757,2026-02-17 19:19:03.196696,296.95
8682,193,2025-10-04 19:19:03.196696,76.57
8683,539,2026-01-27 19:19:03.196696,105.7
8684,263,2026-03-19 19:19:03.196696,36.17
8685,491,2026-03-05 19:19:03.196696,144.48
8686,611,2026-05-24 19:19:03.196696,276.71
8687,935,2026-02-05 19:19:03.196696,480.33
8688,116,2026-01-27 19:19:03.196696,23.2
8689,757,2026-08-30 19:19:03.196696,100.21
8690,78,2026-06-11 19:19:03.196696,101.83
8691,872,2025-10-07 19:19:03.196696,269.21
8692,243,2026-03-15 19:19:03.196696,229.04
8693,542,2026-03-27 19:19:03.196696,76.45
8694,511,2025-11-30 19:19:03.196696,50.69
8695,508,2026-03-19 19:19:03.196696,111.04
8696,958,2026-08-22 19:19:03.196696,297.64
8697,103,2026-03-09 19:19:03.196696,267.51
8698,64,2025-11-25 19:19:03.196696,298.08
8699,200,2026-07-02 19:19:03.196696,221.97
8700,694,2026-04-14 19:19:03.196696,397.42
8701,7,2025-10-14 19:19:03.196696,428.06
8702,276,2026-01-17 19:19:03.196696,375.4
8703,193,2026-06-23 19:19:03.196696,139.98
8704,994,2025-12-11 19:19:03.196696,408.84
8705,764,2026-06-09 19:19:03.196696,174.33
8706,365,2026-09-13 19:19:03.196696,23.15
8707,458,2026-01-21 19:19:03.196696,347.48
8708,493,2026-07-21 19:19:03.196696,21.74
8709,270,2026-01-16 19:19:03.196696,42.51
8710,75,2025-11-22 19:19:03.196696,475.57
8711,426,2026-08-30 19:19:03.196696,297.21
8712,135,2025-10-03 19:19:03.196696,483.7
8713,965,2026-04-07 19:19:03.196696,12.53
8714,518,2025-10-31 19:19:03.196696,258.18
8715,935,2026-01-08 19:19:03.196696,481.32
8716,444,2026-02-13 19:19:03.196696,497.72
8717,578,2026-09-12 19:19:03.196696,58.41
8718,861,2026-06-30 19:19:03.196696,303.31
8719,947,2025-10-30 19:19:03.196696,283.19
8720,65,2026-05-08 19:19:03.196696,40.3
8721,321,2026-09-23 19:19:03.196696,123.19
8722,310,2026-01-16 19:19:03.196696,161.12
8723,601,2025-10-05 19:19:03.196696,179.13
8724,242,2026-02-13 19:19:03.196696,218.66
8725,175,2026-08-06 19:19:03.196696,427.64
8726,521,2026-08-07 19:19:03.196696,268.08
8727,40,2026-03-25 19:19:03.196696,317.21
8728,10,2026-02-17 19:19:03.196696,63.43
8729,497,2026-05-28 19:19:03.196696,351.96
8730,348,2025-11-23 19:19:03.196696,212.86
8731,755,2026-06-20 19:19:03.196696,66.25
8732,23,2026-06-14 19:19:03.196696,448.97
8733,84,2026-01-25 19:19:03.196696,437.07
8734,226,2026-07-09 19:19:03.196696,223.56
8735,125,2025-11-02 19:19:03.196696,218.57
8736,90,2026-04-04 19:19:03.196696,411.22
8737,903,2026-06-02 19:19:03.196696,260.53
8738,986,2025-11-29 19:19:03.196696,475.77
8739,133,2025-12-01 19:19:03.196696,164.04
8740,529,2026-08-22 19:19:03.196696,427.49
8741,437,2026-07-10 19:19:03.196696,398.75
8742,787,2026-05-26 19:19:03.196696,411.93
8743,608,2026-04-28 19:19:03.196696,140.15
8744,755,2026-03-22 19:19:03.196696,139.96
8745,652,2025-12-22 19:19:03.196696,428.1
8746,463,2025-12-10 19:19:03.196696,340.62
8747,843,2026-09-30 19:19:03.196696,312.56
8748,607,2026-01-06 19:19:03.196696,204.1
8749,308,2025-11-03 19:19:03.196696,331.06
8750,739,2026-01-09 19:19:03.196696,103.6
8751,720,2026-01-13 19:19:03.196696,315.89
8752,533,2026-01-10 19:19:03.196696,142.5
8753,805,2026-05-20 19:19:03.196696,91.07
8754,557,2026-01-31 19:19:03.196696,337.65
8755,384,2026-08-28 19:19:03.196696,103.27
8756,540,2026-03-05 19:19:03.196696,194.74
8757,189,2026-03-31 19:19:03.196696,461.44
8758,896,2026-01-05 19:19:03.196696,132.59
8759,525,2025-11-13 19:19:03.196696,277.35
8760,691,2026-09-01 19:19:03.196696,122.81
8761,396,2026-06-24 19:19:03.196696,169.18
8762,786,2026-01-14 19:19:03.196696,233.94
8763,774,2026-04-10 19:19:03.196696,210.79
8764,394,2026-07-06 19:19:03.196696,14.93
8765,142,2026-01-06 19:19:03.196696,480.3
8766,246,2026-06-30 19:19:03.196696,420.82
8767,167,2025-10-10 19:19:03.196696,476.18
8768,683,2026-05-17 19:19:03.196696,97.9
8769,679,2026-04-04 19:19:03.196696,249.46
8770,11,2026-05-04 19:19:03.196696,239.69
8771,826,2026-05-15 19:19:03.196696,411.42
8772,953,2026-01-23 19:19:03.196696,478.7
8773,81,2026-07-08 19:19:03.196696,82.06
8774,679,2026-07-02 19:19:03.196696,324.16
8775,950,2025-11-08 19:19:03.196696,60.39
8776,745,2026-02-23 19:19:03.196696,433.33
8777,350,2026-08-20 19:19:03.196696,483.6
8778,212,2026-03-27 19:19:03.196696,189.65
8779,836,2026-08-15 19:19:03.196696,492.15
8780,465,2026-07-09 19:19:03.196696,345.11
8781,462,2026-02-04 19:19:03.196696,249.46
8782,609,2026-05-02 19:19:03.196696,380.74
8783,558,2026-03-21 19:19:03.196696,435.58
8784,8,2025-10-23 19:19:03.196696,86.36
8785,624,2026-02-27 19:19:03.196696,485.87
8786,735,2025-12-13 19:19:03.196696,166.09
8787,983,2026-04-23 19:19:03.196696,371.28
8788,665,2026-09-02 19:19:03.196696,88.63
8789,918,2026-05-27 19:19:03.196696,31.31
8790,504,2026-04-18 19:19:03.196696,376.88
8791,518,2026-05-20 19:19:03.196696,163.04
8792,266,2026-04-09 19:19:03.196696,270.65
8793,763,2026-03-07 19:19:03.196696,425.66
8794,96,2026-04-25 19:19:03.196696,112.85
8795,212,2026-09-22 19:19:03.196696,443.27
8796,114,2026-05-13 19:19:03.196696,86.51
8797,464,2026-01-08 19:19:03.196696,248.95
8798,591,2026-06-30 19:19:03.196696,48.33
8799,186,2025-11-30 19:19:03.196696,324.32
8800,369,2026-08-17 19:19:03.196696,459.12
8801,56,2026-08-30 19:19:03.196696,176.98
8802,715,2026-09-28 19:19:03.196696,334.56
8803,176,2025-10-30 19:19:03.196696,211.84
8804,135,2025-11-26 19:19:03.196696,209.47
8805,167,2026-03-22 19:19:03.196696,303.57
8806,516,2026-05-18 19:19:03.196696,494.45
8807,53,2026-05-13 19:19:03.196696,190.47
8808,455,2026-02-09 19:19:03.196696,447.38
8809,570,2025-11-18 19:19:03.196696,231.94
8810,819,2025-10-09 19:19:03.196696,248.77
8811,828,2026-06-16 19:19:03.196696,85.84
8812,186,2026-06-20 19:19:03.196696,213.84
8813,411,2025-11-18 19:19:03.196696,498.25
8814,516,2025-11-26 19:19:03.196696,91.83
8815,297,2025-12-09 19:19:03.196696,363.24
8816,251,2025-10-20 19:19:03.196696,453.86
8817,457,2025-11-15 19:19:03.196696,104.18
8818,335,2026-05-16 19:19:03.196696,108.77
8819,354,2026-04-20 19:19:03.196696,156.67
8820,621,2026-02-18 19:19:03.196696,366.13
8821,3,2025-12-08 19:19:03.196696,115.6
8822,218,2026-03-31 19:19:03.196696,53.77
8823,715,2026-03-24 19:19:03.196696,452.24
8824,516,2026-02-17 19:19:03.196696,490.99
8825,878,2026-02-06 19:19:03.196696,11.84
8826,918,2025-12-07 19:19:03.196696,214.45
8827,88,2025-11-01 19:19:03.196696,197.52
8828,96,2026-05-02 19:19:03.196696,172.4
8829,616,2026-06-22 19:19:03.196696,269.93
8830,630,2026-07-18 19:19:03.196696,90.18
8831,951,2026-05-17 19:19:03.196696,75.49
8832,496,2026-01-11 19:19:03.196696,106.53
8833,202,2025-11-10 19:19:03.196696,296.68
8834,354,2026-03-15 19:19:03.196696,411.74
8835,767,2026-02-05 19:19:03.196696,357.45
8836,419,2026-07-30 19:19:03.196696,62.08
8837,940,2026-08-26 19:19:03.196696,155.11
8838,408,2026-07-21 19:19:03.196696,96.48
8839,393,2025-11-06 19:19:03.196696,231.8
8840,737,2025-12-24 19:19:03.196696,81.46
8841,255,2026-06-17 19:19:03.196696,304.35
8842,803,2026-02-14 19:19:03.196696,86.34
8843,162,2026-06-15 19:19:03.196696,84.32
8844,949,2026-08-26 19:19:03.196696,236.39
8845,97,2025-10-25 19:19:03.196696,418.36
8846,728,2026-03-21 19:19:03.196696,400.7
8847,15,2026-06-05 19:19:03.196696,461.28
8848,124,2026-07-17 19:19:03.196696,284.06
8849,684,2026-01-02 19:19:03.196696,493.71
8850,404,2026-07-19 19:19:03.196696,491.68
8851,645,2026-03-24 19:19:03.196696,22.88
8852,141,2025-10-22 19:19:03.196696,378.82
8853,986,2026-02-25 19:19:03.196696,416.19
8854,822,2025-12-12 19:19:03.196696,28.86
8855,704,2025-10-31 19:19:03.196696,378.07
8856,296,2025-11-23 19:19:03.196696,245.61
8857,43,2026-02-15 19:19:03.196696,231.74
8858,690,2025-12-16 19:19:03.196696,301.32
8859,83,2025-12-04 19:19:03.196696,354.49
8860,391,2026-06-29 19:19:03.196696,314.71
8861,324,2026-07-26 19:19:03.196696,433.18
8862,676,2026-06-28 19:19:03.196696,340.03
8863,842,2026-04-23 19:19:03.196696,156.49
8864,571,2026-09-29 19:19:03.196696,19.45
8865,120,2025-11-27 19:19:03.196696,287.32
8866,574,2026-07-28 19:19:03.196696,425.07
8867,765,2026-01-10 19:19:03.196696,234.21
8868,316,2026-05-04 19:19:03.196696,65.97
8869,634,2026-05-31 19:19:03.196696,26.03
8870,577,2025-11-15 19:19:03.196696,293.3
8871,96,2025-11-09 19:19:03.196696,79.96
8872,28,2026-03-27 19:19:03.196696,171.34
8873,21,2026-04-30 19:19:03.196696,159.08
8874,351,2025-11-24 19:19:03.196696,259.53
8875,986,2026-03-18 19:19:03.196696,86.13
8876,552,2025-11-06 19:19:03.196696,381.75
8877,460,2025-10-27 19:19:03.196696,485.01
8878,913,2026-03-05 19:19:03.196696,157.85
8879,832,2025-11-01 19:19:03.196696,103.75
8880,755,2026-08-14 19:19:03.196696,277.1
8881,322,2026-05-08 19:19:03.196696,411.28
8882,457,2026-09-08 19:19:03.196696,286.15
8883,568,2026-02-25 19:19:03.196696,418.69
8884,360,2025-10-19 19:19:03.196696,198.19
8885,986,2026-02-03 19:19:03.196696,320.29
8886,209,2026-04-03 19:19:03.196696,118.38
8887,134,2026-01-16 19:19:03.196696,49.34
8888,987,2026-08-31 19:19:03.196696,419.7
8889,307,2026-05-03 19:19:03.196696,476.6
8890,703,2026-08-27 19:19:03.196696,222.68
8891,819,2025-12-11 19:19:03.196696,493.71
8892,925,2026-02-15 19:19:03.196696,321.27
8893,824,2026-02-01 19:19:03.196696,356.73
8894,712,2026-03-08 19:19:03.196696,60.2
8895,3,2026-01-28 19:19:03.196696,135.26
8896,641,2025-12-31 19:19:03.196696,303.97
8897,119,2026-04-11 19:19:03.196696,338.68
8898,592,2025-12-04 19:19:03.196696,428.05
8899,394,2025-12-14 19:19:03.196696,66.76
8900,255,2026-05-21 19:19:03.196696,205.51
8901,597,2026-03-07 19:19:03.196696,370.18
8902,759,2026-08-29 19:19:03.196696,435.24
8903,882,2026-07-18 19:19:03.196696,54.31
8904,298,2026-02-24 19:19:03.196696,244.83
8905,750,2025-10-02 19:19:03.196696,491.25
8906,260,2026-08-21 19:19:03.196696,402.62
8907,362,2026-09-14 19:19:03.196696,19.98
8908,36,2025-12-16 19:19:03.196696,496.68
8909,842,2026-08-16 19:19:03.196696,116.93
8910,838,2026-07-20 19:19:03.196696,18.5
8911,301,2025-10-29 19:19:03.196696,86.72
8912,584,2026-08-02 19:19:03.196696,327.48
8913,967,2026-05-26 19:19:03.196696,446.56
8914,812,2026-02-03 19:19:03.196696,321.22
8915,923,2026-05-14 19:19:03.196696,83.62
8916,694,2026-04-24 19:19:03.196696,474.78
8917,973,2026-09-12 19:19:03.196696,170.43
8918,821,2025-10-03 19:19:03.196696,277.92
8919,785,2026-06-28 19:19:03.196696,57.11
8920,874,2025-10-28 19:19:03.196696,499.74
8921,38,2026-09-25 19:19:03.196696,241.59
8922,990,2025-12-29 19:19:03.196696,204.01
8923,546,2026-06-09 19:19:03.196696,218.59
8924,562,2026-04-01 19:19:03.196696,197.14
8925,856,2026-03-15 19:19:03.196696,480.61
8926,356,2026-08-19 19:19:03.196696,132.62
8927,864,2026-08-08 19:19:03.196696,121.18
8928,548,2026-01-27 19:19:03.196696,394.71
8929,635,2026-05-19 19:19:03.196696,452.66
8930,901,2026-06-26 19:19:03.196696,448.55
8931,768,2025-12-06 19:19:03.196696,185.94
8932,342,2026-02-27 19:19:03.197723,471.96
8933,483,2025-12-28 19:19:03.197723,86.87
8934,545,2026-05-07 19:19:03.197723,277.22
8935,152,2026-06-05 19:19:03.197723,337.25
8936,810,2026-03-23 19:19:03.197723,91.78
8937,393,2025-10-10 19:19:03.197723,335.82
8938,93,2026-07-24 19:19:03.197723,474.59
8939,881,2026-07-01 19:19:03.197723,398.16
8940,690,2025-12-23 19:19:03.197723,185.6
8941,649,2026-05-15 19:19:03.197723,76.91
8942,576,2026-08-23 19:19:03.197723,202.81
8943,584,2025-11-04 19:19:03.197723,200.07
8944,277,2026-05-04 19:19:03.197723,360.66
8945,302,2026-04-03 19:19:03.197723,15.69
8946,549,2026-09-28 19:19:03.197723,393.14
8947,297,2026-01-22 19:19:03.197723,497.42
8948,173,2026-04-23 19:19:03.197723,136.94
8949,525,2026-08-02 19:19:03.197723,427.16
8950,894,2026-03-07 19:19:03.197723,385.73
8951,246,2025-12-31 19:19:03.197723,314.43
8952,478,2025-11-03 19:19:03.197723,483.81
8953,758,2025-10-12 19:19:03.197723,146.03
8954,883,2026-08-28 19:19:03.197723,299.74
8955,749,2025-12-28 19:19:03.197723,241.26
8956,543,2026-07-20 19:19:03.197723,111.92
8957,857,2025-10-16 19:19:03.197723,461.56
8958,724,2025-11-20 19:19:03.197723,63.7
8959,967,2025-10-23 19:19:03.197723,195.82
8960,840,2026-01-27 19:19:03.197723,240.41
8961,649,2026-01-06 19:19:03.197723,165.34
8962,387,2026-07-06 19:19:03.197723,472.08
8963,877,2026-03-09 19:19:03.197723,77.49
8964,861,2026-06-05 19:19:03.197723,276.9
8965,497,2026-06-16 19:19:03.197723,451.1
8966,560,2026-08-24 19:19:03.197723,207.14
8967,830,2026-02-24 19:19:03.197723,111.92
8968,416,2026-05-25 19:19:03.197723,29.82
8969,90,2026-07-07 19:19:03.197723,225.27
8970,269,2025-12-30 19:19:03.197723,405.68
8971,980,2025-12-18 19:19:03.197723,478.75
8972,750,2025-10-20 19:19:03.197723,282.34
8973,306,2026-03-02 19:19:03.197723,62.63
8974,936,2025-11-13 19:19:03.197723,165.04
8975,34,2026-01-07 19:19:03.197723,487.51
8976,863,2026-05-18 19:19:03.197723,153.46
8977,644,2026-06-05 19:19:03.197723,142.67
8978,885,2026-07-08 19:19:03.197723,23.19
8979,278,2025-11-10 19:19:03.197723,222.19
8980,466,2026-06-30 19:19:03.197723,382.46
8981,206,2025-10-16 19:19:03.197723,483.06
8982,193,2026-07-20 19:19:03.197723,73.79
8983,851,2026-09-12 19:19:03.197723,83.63
8984,869,2025-11-19 19:19:03.197723,338.13
8985,769,2026-01-11 19:19:03.197723,401.72
8986,802,2026-02-24 19:19:03.197723,493.81
8987,26,2026-07-31 19:19:03.197723,482.03
8988,124,2025-12-04 19:19:03.197723,88.22
8989,841,2026-05-03 19:19:03.197723,483.14
8990,208,2026-06-02 19:19:03.197723,485.56
8991,489,2026-02-22 19:19:03.197723,388.65
8992,122,2025-10-23 19:19:03.197723,223.77
8993,967,2026-07-20 19:19:03.197723,177.17
8994,475,2025-10-16 19:19:03.197723,471.76
8995,545,2026-08-27 19:19:03.197723,36.81
8996,526,2025-12-06 19:19:03.197723,169.39
8997,21,2026-09-18 19:19:03.197723,274.66
8998,51,2026-05-09 19:19:03.197723,449.39
8999,209,2026-04-13 19:19:03.197723,490.9
9000,699,2026-07-03 19:19:03.197723,246.11
9001,678,2026-01-25 19:19:03.197723,309.29
9002,876,2026-01-17 19:19:03.197723,261.61
9003,854,2025-11-09 19:19:03.197723,445.79
9004,994,2026-02-26 19:19:03.197723,434.88
9005,549,2026-02-20 19:19:03.197723,31.74
9006,485,2025-11-26 19:19:03.197723,58.6
9007,533,2026-08-11 19:19:03.197723,158.32
9008,678,2026-07-26 19:19:03.197723,418.28
9009,290,2026-04-25 19:19:03.197723,126.06
9010,350,2026-08-27 19:19:03.197723,57.33
9011,86,2026-01-30 19:19:03.197723,90.63
9012,804,2026-04-11 19:19:03.197723,52.81
9013,886,2026-05-17 19:19:03.197723,215.55
9014,663,2026-06-14 19:19:03.197723,127.29
9015,983,2026-08-16 19:19:03.197723,116.86
9016,95,2026-04-25 19:19:03.197723,447.18
9017,73,2026-06-28 19:19:03.197723,412.83
9018,347,2025-12-21 19:19:03.197723,388.34
9019,977,2025-11-23 19:19:03.197723,156.74
9020,892,2026-06-18 19:19:03.197723,269.71
9021,825,2026-03-01 19:19:03.197723,275.11
9022,786,2026-10-01 19:19:03.197723,328.53
9023,252,2026-09-16 19:19:03.197723,48.36
9024,391,2025-11-24 19:19:03.197723,203.39
9025,938,2026-03-13 19:19:03.197723,384.51
9026,990,2026-02-19 19:19:03.197723,405.52
9027,292,2026-06-30 19:19:03.197723,446.4
9028,323,2026-09-21 19:19:03.197723,117.01
9029,155,2026-01-30 19:19:03.197723,207.23
9030,395,2026-08-16 19:19:03.197723,101.1
9031,970,2026-03-03 19:19:03.197723,112.42
9032,407,2025-11-08 19:19:03.197723,46.29
9033,620,2026-01-16 19:19:03.197723,241.47
9034,732,2025-11-29 19:19:03.197723,319.78
9035,63,2026-09-28 19:19:03.197723,347.52
9036,787,2026-03-14 19:19:03.197723,65.12
9037,995,2026-03-20 19:19:03.197723,303.89
9038,934,2026-03-31 19:19:03.197723,265.65
9039,650,2025-12-28 19:19:03.197723,358.52
9040,591,2026-03-04 19:19:03.197723,411.12
9041,624,2026-04-02 19:19:03.197723,81.67
9042,239,2026-03-31 19:19:03.197723,374.85
9043,396,2026-05-12 19:19:03.197723,448.54
9044,328,2026-07-07 19:19:03.197723,140.87
9045,384,2026-01-22 19:19:03.197723,115.95
9046,189,2026-07-07 19:19:03.197723,21.05
9047,536,2026-09-03 19:19:03.197723,482.17
9048,87,2026-09-05 19:19:03.197723,90.38
9049,147,2026-04-22 19:19:03.197723,186.55
9050,99,2026-09-08 19:19:03.197723,27.83
9051,603,2026-06-22 19:19:03.197723,369.5
9052,870,2026-06-23 19:19:03.197723,317.18
9053,604,2025-12-24 19:19:03.197723,116.23
9054,583,2026-09-29 19:19:03.197723,134.08
9055,748,2026-03-24 19:19:03.197723,71.09
9056,518,2025-10-08 19:19:03.197723,80.17
9057,364,2026-07-08 19:19:03.197723,375.13
9058,783,2026-05-27 19:19:03.197723,91.21
9059,52,2026-05-19 19:19:03.197723,25.06
9060,31,2026-07-21 19:19:03.197723,123.08
9061,435,2025-10-18 19:19:03.197723,239.73
9062,860,2026-06-26 19:19:03.197723,28.1
9063,904,2025-10-24 19:19:03.197723,142.05
9064,180,2026-01-20 19:19:03.197723,22.98
9065,600,2026-07-28 19:19:03.197723,386.71
9066,798,2026-09-21 19:19:03.197723,333.2
9067,241,2026-07-15 19:19:03.197723,103.14
9068,374,2026-04-12 19:19:03.197723,379.54
9069,561,2026-08-23 19:19:03.197723,249.2
9070,632,2026-03-22 19:19:03.197723,107.85
9071,491,2026-07-22 19:19:03.197723,134.52
9072,886,2026-07-06 19:19:03.197723,69.55
9073,479,2026-08-29 19:19:03.197723,136.88
9074,249,2025-10-15 19:19:03.197723,261.63
9075,141,2026-06-28 19:19:03.197723,228.85
9076,988,2025-10-22 19:19:03.197723,352.79
9077,632,2025-12-18 19:19:03.197723,124.0
9078,836,2025-12-05 19:19:03.197723,65.16
9079,255,2026-03-28 19:19:03.197723,55.43
9080,198,2026-09-04 19:19:03.197723,31.91
9081,811,2026-09-23 19:19:03.197723,155.95
9082,734,2026-02-09 19:19:03.197723,320.13
9083,4,2026-02-22 19:19:03.197723,162.34
9084,760,2026-03-07 19:19:03.197723,281.07
9085,202,2026-09-24 19:19:03.197723,56.23
9086,512,2026-09-08 19:19:03.197723,119.14
9087,348,2025-10-30 19:19:03.197723,479.85
9088,44,2026-06-28 19:19:03.197723,430.69
9089,106,2025-12-09 19:19:03.197723,141.15
9090,206,2026-07-04 19:19:03.197723,476.01
9091,813,2025-12-23 19:19:03.197723,74.76
9092,517,2025-10-25 19:19:03.197723,347.8
9093,932,2025-10-14 19:19:03.197723,244.92
9094,306,2026-08-19 19:19:03.197723,441.77
9095,820,2026-05-20 19:19:03.197723,161.86
9096,503,2026-06-22 19:19:03.197723,494.19
9097,424,2026-03-22 19:19:03.197723,410.3
9098,11,2025-11-24 19:19:03.197723,418.61
9099,729,2026-02-13 19:19:03.197723,213.2
9100,311,2026-02-18 19:19:03.197723,281.33
9101,969,2025-10-19 19:19:03.197723,405.31
9102,53,2026-06-05 19:19:03.197723,290.87
9103,328,2026-09-06 19:19:03.197723,246.81
9104,17,2026-06-02 19:19:03.197723,413.45
9105,586,2026-08-11 19:19:03.197723,258.68
9106,876,2025-10-28 19:19:03.197723,307.48
9107,192,2026-05-06 19:19:03.197723,490.91
9108,442,2025-11-19 19:19:03.197723,424.43
9109,444,2026-06-19 19:19:03.197723,421.2
9110,907,2026-07-19 19:19:03.197723,243.48
9111,825,2026-08-06 19:19:03.197723,445.54
9112,16,2025-11-28 19:19:03.197723,95.48
9113,548,2025-10-07 19:19:03.197723,353.77
9114,753,2026-06-14 19:19:03.197723,64.33
9115,882,2026-02-15 19:19:03.197723,71.57
9116,9,2026-09-29 19:19:03.197723,372.56
9117,135,2026-09-10 19:19:03.197723,134.41
9118,693,2026-05-20 19:19:03.197723,440.24
9119,698,2026-08-16 19:19:03.197723,99.56
9120,67,2025-10-20 19:19:03.197723,281.52
9121,97,2026-03-19 19:19:03.197723,159.4
9122,810,2026-01-01 19:19:03.197723,439.5
9123,405,2025-12-21 19:19:03.197723,438.96
9124,290,2026-03-01 19:19:03.197723,236.99
9125,321,2025-11-11 19:19:03.197723,73.18
9126,894,2025-11-30 19:19:03.197723,201.98
9127,532,2026-08-06 19:19:03.197723,39.53
9128,803,2026-09-25 19:19:03.197723,134.95
9129,856,2026-01-21 19:19:03.197723,475.49
9130,267,2025-10-29 19:19:03.197723,363.59
9131,575,2026-05-09 19:19:03.197723,490.4
9132,39,2026-06-05 19:19:03.197723,392.14
9133,742,2026-03-14 19:19:03.197723,55.61
9134,951,2026-08-02 19:19:03.197723,141.39
9135,467,2026-03-13 19:19:03.197723,287.82
9136,236,2025-12-16 19:19:03.197723,393.5
9137,371,2026-05-04 19:19:03.197723,221.89
9138,229,2025-11-19 19:19:03.197723,476.07
9139,9,2025-12-07 19:19:03.197723,60.22
9140,650,2026-08-16 19:19:03.197723,438.42
9141,15,2026-01-08 19:19:03.197723,452.07
9142,863,2026-03-24 19:19:03.197723,307.64
9143,842,2026-02-07 19:19:03.197723,201.06
9144,253,2026-04-08 19:19:03.197723,224.11
9145,27,2026-07-30 19:19:03.197723,28.36
9146,579,2026-04-26 19:19:03.197723,465.91
9147,471,2026-09-18 19:19:03.197723,40.01
9148,246,2026-07-03 19:19:03.197723,437.26
9149,852,2026-05-16 19:19:03.197723,409.34
9150,983,2026-06-04 19:19:03.197723,181.15
9151,285,2026-09-22 19:19:03.197723,161.8
9152,83,2025-10-25 19:19:03.197723,68.26
9153,91,2026-08-06 19:19:03.197723,99.6
9154,195,2026-09-20 19:19:03.197723,45.34
9155,280,2026-08-30 19:19:03.197723,320.79
9156,543,2026-04-21 19:19:03.197723,336.08
9157,606,2026-01-09 19:19:03.197723,456.23
9158,734,2025-10-27 19:19:03.197723,30.7
9159,304,2026-06-23 19:19:03.197723,462.37
9160,116,2025-11-17 19:19:03.197723,90.79
9161,233,2026-01-29 19:19:03.197723,345.43
9162,365,2026-05-19 19:19:03.197723,76.58
9163,354,2026-02-22 19:19:03.197723,62.46
9164,747,2026-05-08 19:19:03.197723,470.19
9165,440,2026-06-17 19:19:03.197723,349.28
9166,383,2026-01-02 19:19:03.197723,26.16
9167,250,2025-11-03 19:19:03.197723,158.84
9168,881,2026-07-09 19:19:03.197723,109.07
9169,199,2026-01-09 19:19:03.197723,461.78
9170,652,2026-06-13 19:19:03.197723,210.64
9171,686,2025-11-24 19:19:03.197723,409.33
9172,486,2026-03-11 19:19:03.197723,154.02
9173,447,2026-07-19 19:19:03.197723,455.8
9174,239,2026-02-03 19:19:03.197723,338.27
9175,215,2026-02-09 19:19:03.197723,438.76
9176,180,2025-10-20 19:19:03.197723,119.69
9177,451,2026-09-09 19:19:03.197723,228.42
9178,383,2025-12-22 19:19:03.197723,98.95
9179,310,2026-08-06 19:19:03.197723,119.43
9180,965,2026-09-07 19:19:03.197723,463.54
9181,620,2026-03-29 19:19:03.197723,165.12
9182,888,2026-04-01 19:19:03.197723,314.28
9183,786,2025-10-18 19:19:03.197723,356.85
9184,321,2025-10-30 19:19:03.197723,124.02
9185,499,2026-09-05 19:19:03.197723,174.02
9186,141,2025-12-02 19:19:03.197723,28.5
9187,586,2025-12-30 19:19:03.197723,138.25
9188,807,2026-09-10 19:19:03.197723,444.55
9189,790,2026-07-30 19:19:03.197723,241.33
9190,832,2026-06-25 19:19:03.197723,288.19
9191,155,2026-03-13 19:19:03.197723,230.59
9192,395,2026-03-28 19:19:03.197723,198.24
9193,236,2026-01-27 19:19:03.197723,256.39
9194,736,2026-04-12 19:19:03.197723,347.58
9195,340,2026-06-08 19:19:03.197723,60.79
9196,312,2026-01-26 19:19:03.197723,246.9
9197,369,2026-06-22 19:19:03.197723,279.77
9198,322,2026-01-09 19:19:03.197723,400.03
9199,718,2025-11-27 19:19:03.197723,403.79
9200,284,2026-02-16 19:19:03.197723,197.81
9201,344,2026-08-05 19:19:03.197723,313.75
9202,735,2026-07-27 19:19:03.197723,182.38
9203,904,2025-10-30 19:19:03.197723,436.86
9204,984,2026-05-23 19:19:03.197723,252.13
9205,574,2026-02-22 19:19:03.197723,292.37
9206,154,2025-10-28 19:19:03.197723,497.03
9207,729,2026-09-28 19:19:03.197723,228.14
9208,43,2026-05-08 19:19:03.197723,60.35
9209,944,2026-04-14 19:19:03.197723,306.86
9210,719,2026-04-23 19:19:03.197723,439.86
9211,530,2026-01-20 19:19:03.197723,492.21
9212,216,2026-06-04 19:19:03.197723,59.08
9213,52,2026-05-03 19:19:03.197723,84.96
9214,737,2025-12-31 19:19:03.197723,97.07
9215,471,2026-01-17 19:19:03.197723,455.56
9216,100,2026-05-22 19:19:03.197723,44.74
9217,224,2026-01-28 19:19:03.197723,462.27
9218,56,2026-04-17 19:19:03.197723,299.99
9219,1000,2026-09-13 19:19:03.198726,176.82
9220,8,2026-04-27 19:19:03.198726,256.59
9221,831,2026-02-15 19:19:03.198726,206.73
9222,282,2026-07-21 19:19:03.198726,495.35
9223,354,2026-03-27 19:19:03.198726,383.23
9224,422,2026-07-20 19:19:03.198726,333.72
9225,532,2026-02-27 19:19:03.198726,389.97
9226,79,2025-10-27 19:19:03.198726,42.01
9227,586,2026-01-31 19:19:03.198726,324.97
9228,867,2026-06-01 19:19:03.198726,199.44
9229,280,2025-11-26 19:19:03.198726,47.2
9230,391,2026-08-17 19:19:03.198726,130.7
9231,6,2026-09-09 19:19:03.198726,193.83
9232,959,2025-11-30 19:19:03.198726,304.28
9233,483,2026-06-25 19:19:03.198726,239.84
9234,458,2026-05-24 19:19:03.198726,89.62
9235,406,2025-10-22 19:19:03.198726,153.09
9236,844,2025-11-14 19:19:03.198726,386.76
9237,319,2026-03-30 19:19:03.198726,123.99
9238,731,2026-09-15 19:19:03.198726,487.68
9239,149,2026-07-26 19:19:03.198726,31.83
9240,305,2026-05-10 19:19:03.198726,370.75
9241,49,2025-11-17 19:19:03.198726,416.07
9242,61,2026-05-30 19:19:03.198726,182.45
9243,679,2026-04-30 19:19:03.198726,90.61
9244,704,2026-08-11 19:19:03.198726,21.55
9245,926,2026-08-16 19:19:03.198726,83.81
9246,965,2026-07-10 19:19:03.198726,290.33
9247,234,2026-08-04 19:19:03.198726,247.46
9248,330,2026-02-26 19:19:03.198726,86.77
9249,504,2026-01-03 19:19:03.198726,235.57
9250,106,2025-10-05 19:19:03.198726,392.87
9251,621,2026-06-17 19:19:03.198726,384.12
9252,910,2026-07-13 19:19:03.198726,208.48
9253,858,2025-10-14 19:19:03.198726,416.72
9254,432,2026-03-02 19:19:03.198726,277.96
9255,865,2026-02-02 19:19:03.198726,362.72
9256,724,2026-04-30 19:19:03.198726,418.32
9257,447,2026-06-17 19:19:03.198726,187.66
9258,115,2026-01-06 19:19:03.198726,477.88
9259,455,2025-10-27 19:19:03.198726,274.12
9260,898,2025-11-09 19:19:03.198726,53.37
9261,840,2026-02-16 19:19:03.198726,306.49
9262,284,2026-09-13 19:19:03.198726,346.38
9263,54,2026-08-19 19:19:03.198726,460.82
9264,753,2026-05-26 19:19:03.198726,236.94
9265,424,2026-09-15 19:19:03.198726,268.74
9266,93,2026-06-27 19:19:03.198726,88.27
9267,516,2026-08-14 19:19:03.198726,491.21
9268,831,2025-10-28 19:19:03.198726,293.55
9269,898,2026-04-20 19:19:03.198726,416.84
9270,400,2026-04-03 19:19:03.198726,441.55
9271,353,2026-08-24 19:19:03.198726,323.49
9272,376,2026-09-15 19:19:03.198726,205.31
9273,942,2026-03-23 19:19:03.198726,237.11
9274,361,2026-01-13 19:19:03.198726,277.78
9275,305,2026-06-21 19:19:03.198726,319.81
9276,922,2026-06-02 19:19:03.198726,257.02
9277,734,2025-10-12 19:19:03.198726,499.42
9278,10,2026-09-15 19:19:03.198726,339.01
9279,494,2026-04-30 19:19:03.198726,227.72
9280,253,2026-02-19 19:19:03.198726,377.08
9281,893,2026-02-01 19:19:03.198726,400.11
9282,576,2026-08-07 19:19:03.198726,307.65
9283,473,2026-01-07 19:19:03.198726,371.38
9284,609,2026-02-09 19:19:03.198726,246.85
9285,852,2025-11-29 19:19:03.198726,431.68
9286,829,2026-06-18 19:19:03.198726,155.97
9287,777,2025-11-27 19:19:03.198726,107.07
9288,844,2026-01-09 19:19:03.198726,265.16
9289,349,2026-08-02 19:19:03.198726,178.16
9290,703,2025-12-26 19:19:03.198726,196.95
9291,463,2026-05-09 19:19:03.198726,48.73
9292,430,2026-02-11 19:19:03.198726,265.85
9293,476,2026-01-30 19:19:03.198726,189.78
9294,551,2026-05-17 19:19:03.198726,427.11
9295,984,2026-07-21 19:19:03.198726,82.27
9296,417,2026-07-07 19:19:03.198726,331.71
9297,157,2025-10-02 19:19:03.198726,143.72
9298,880,2026-03-30 19:19:03.198726,489.4
9299,672,2026-01-11 19:19:03.198726,134.25
9300,195,2025-10-03 19:19:03.198726,55.91
9301,693,2026-02-22 19:19:03.198726,121.73
9302,876,2026-01-23 19:19:03.198726,178.32
9303,986,2026-04-17 19:19:03.198726,482.74
9304,207,2026-03-23 19:19:03.198726,192.85
9305,371,2026-01-18 19:19:03.198726,376.8
9306,8,2026-07-15 19:19:03.198726,99.95
9307,108,2026-09-16 19:19:03.198726,123.05
9308,778,2025-11-28 19:19:03.198726,279.62
9309,190,2026-04-28 19:19:03.198726,166.96
9310,278,2025-12-24 19:19:03.198726,429.51
9311,765,2025-12-03 19:19:03.198726,25.7
9312,538,2025-12-05 19:19:03.198726,135.64
9313,120,2026-07-14 19:19:03.198726,405.67
9314,466,2025-10-06 19:19:03.198726,381.52
9315,84,2026-02-11 19:19:03.198726,469.65
9316,24,2026-05-06 19:19:03.198726,326.27
9317,924,2026-04-04 19:19:03.198726,105.14
9318,761,2026-08-04 19:19:03.198726,194.33
9319,162,2025-12-06 19:19:03.198726,21.2
9320,760,2025-11-22 19:19:03.198726,412.47
9321,673,2026-05-19 19:19:03.198726,64.12
9322,731,2025-11-23 19:19:03.198726,348.52
9323,267,2025-12-06 19:19:03.198726,472.06
9324,517,2026-09-10 19:19:03.198726,28.08
9325,888,2026-02-27 19:19:03.198726,69.28
9326,940,2026-04-30 19:19:03.198726,210.56
9327,800,2025-10-09 19:19:03.198726,457.03
9328,652,2026-06-04 19:19:03.198726,35.47
9329,865,2026-06-21 19:19:03.198726,84.78
9330,262,2025-11-21 19:19:03.198726,293.96
9331,218,2026-08-13 19:19:03.198726,332.97
9332,726,2026-01-22 19:19:03.198726,452.0
9333,350,2026-07-20 19:19:03.198726,48.05
9334,762,2026-06-28 19:19:03.198726,366.06
9335,428,2026-07-24 19:19:03.198726,224.32
9336,952,2026-01-26 19:19:03.198726,288.73
9337,739,2026-03-14 19:19:03.198726,79.43
9338,524,2026-01-18 19:19:03.198726,214.89
9339,673,2026-07-01 19:19:03.198726,369.1
9340,150,2026-07-31 19:19:03.198726,328.36
9341,829,2026-04-25 19:19:03.198726,322.36
9342,525,2025-10-17 19:19:03.198726,27.19
9343,309,2026-08-09 19:19:03.198726,12.33
9344,927,2026-03-22 19:19:03.198726,304.76
9345,725,2026-06-11 19:19:03.198726,378.3
9346,493,2025-11-23 19:19:03.198726,466.05
9347,50,2026-04-14 19:19:03.198726,126.35
9348,365,2025-10-11 19:19:03.198726,298.28
9349,985,2026-08-16 19:19:03.198726,108.87
9350,540,2026-06-23 19:19:03.198726,397.96
9351,215,2026-09-24 19:19:03.198726,465.4
9352,59,2026-04-19 19:19:03.198726,363.87
9353,530,2025-12-23 19:19:03.198726,194.67
9354,886,2026-08-30 19:19:03.198726,248.62
9355,339,2026-05-29 19:19:03.198726,301.94
9356,924,2025-12-02 19:19:03.198726,482.42
9357,882,2026-06-13 19:19:03.198726,467.75
9358,70,2026-08-31 19:19:03.198726,383.17
9359,283,2026-08-19 19:19:03.198726,300.51
9360,188,2025-11-20 19:19:03.198726,166.4
9361,345,2026-04-28 19:19:03.198726,428.99
9362,119,2026-05-04 19:19:03.198726,221.21
9363,919,2026-04-09 19:19:03.198726,380.24
9364,504,2026-08-18 19:19:03.198726,272.68
9365,618,2026-06-28 19:19:03.198726,37.62
9366,127,2026-08-06 19:19:03.198726,309.06
9367,939,2026-08-26 19:19:03.198726,382.61
9368,791,2026-06-07 19:19:03.198726,160.36
9369,948,2026-08-16 19:19:03.198726,386.21
9370,887,2025-11-16 19:19:03.198726,465.41
9371,446,2025-11-06 19:19:03.198726,169.04
9372,841,2026-08-13 19:19:03.198726,420.21
9373,330,2026-06-17 19:19:03.198726,216.52
9374,568,2025-12-19 19:19:03.198726,43.47
9375,401,2026-09-15 19:19:03.198726,454.68
9376,118,2025-11-04 19:19:03.198726,170.29
9377,260,2026-03-23 19:19:03.198726,74.93
9378,354,2026-07-28 19:19:03.198726,217.91
9379,43,2025-11-04 19:19:03.198726,49.62
9380,784,2026-01-19 19:19:03.198726,246.53
9381,726,2026-05-01 19:19:03.198726,395.77
9382,631,2026-09-21 19:19:03.198726,299.64
9383,130,2026-09-09 19:19:03.198726,229.57
9384,997,2025-12-08 19:19:03.198726,40.85
9385,983,2026-06-03 19:19:03.198726,328.57
9386,478,2026-07-27 19:19:03.198726,372.77
9387,243,2026-06-04 19:19:03.198726,399.24
9388,818,2026-04-10 19:19:03.198726,366.59
9389,295,2026-08-26 19:19:03.198726,350.29
9390,622,2026-09-25 19:19:03.198726,302.98
9391,468,2025-11-24 19:19:03.198726,454.37
9392,354,2026-03-07 19:19:03.198726,95.77
9393,155,2026-07-26 19:19:03.198726,466.11
9394,202,2026-06-01 19:19:03.198726,13.06
9395,618,2025-10-02 19:19:03.198726,244.54
9396,8,2026-04-05 19:19:03.198726,72.03
9397,318,2025-12-28 19:19:03.198726,12.77
9398,771,2026-04-27 19:19:03.198726,49.73
9399,596,2026-06-17 19:19:03.198726,182.67
9400,85,2026-09-10 19:19:03.198726,350.25
9401,461,2026-07-16 19:19:03.198726,242.08
9402,921,2026-04-08 19:19:03.198726,168.3
9403,65,2026-09-08 19:19:03.198726,224.05
9404,725,2026-08-04 19:19:03.198726,62.53
9405,299,2026-02-27 19:19:03.198726,148.03
9406,651,2026-04-15 19:19:03.198726,173.6
9407,564,2026-08-25 19:19:03.198726,96.17
9408,89,2026-08-15 19:19:03.198726,291.25
9409,511,2025-11-19 19:19:03.198726,53.42
9410,197,2026-04-23 19:19:03.198726,466.17
9411,43,2025-12-03 19:19:03.198726,350.91
9412,671,2026-02-23 19:19:03.198726,151.67
9413,604,2026-05-29 19:19:03.198726,40.63
9414,993,2026-01-24 19:19:03.198726,209.28
9415,105,2026-03-04 19:19:03.198726,424.29
9416,876,2025-12-09 19:19:03.198726,466.87
9417,119,2025-12-18 19:19:03.198726,194.49
9418,1000,2026-06-22 19:19:03.198726,440.73
9419,912,2025-10-24 19:19:03.198726,266.54
9420,625,2025-11-10 19:19:03.198726,273.8
9421,48,2026-09-04 19:19:03.198726,259.27
9422,595,2026-04-15 19:19:03.198726,420.19
9423,540,2025-12-30 19:19:03.198726,374.8
9424,898,2026-05-05 19:19:03.198726,328.79
9425,231,2026-02-14 19:19:03.198726,142.15
9426,975,2026-02-23 19:19:03.198726,311.71
9427,245,2025-10-31 19:19:03.198726,411.76
9428,562,2026-02-28 19:19:03.198726,83.79
9429,514,2025-10-20 19:19:03.198726,157.86
9430,323,2025-10-28 19:19:03.198726,230.58
9431,576,2026-02-24 19:19:03.198726,334.73
9432,99,2026-05-24 19:19:03.198726,284.21
9433,602,2025-11-23 19:19:03.198726,20.52
9434,15,2026-06-24 19:19:03.198726,10.04
9435,23,2026-08-12 19:19:03.198726,367.83
9436,11,2026-08-31 19:19:03.198726,437.6
9437,548,2026-05-22 19:19:03.198726,56.84
9438,838,2026-09-26 19:19:03.198726,499.23
9439,592,2026-05-10 19:19:03.198726,63.73
9440,445,2026-01-04 19:19:03.198726,433.58
9441,678,2026-04-29 19:19:03.198726,142.68
9442,990,2025-12-14 19:19:03.198726,25.39
9443,175,2025-10-23 19:19:03.198726,375.92
9444,968,2025-11-17 19:19:03.198726,417.01
9445,27,2026-09-03 19:19:03.198726,56.64
9446,407,2026-02-01 19:19:03.198726,86.54
9447,258,2026-08-03 19:19:03.198726,276.46
9448,811,2026-04-14 19:19:03.198726,498.5
9449,986,2026-09-03 19:19:03.198726,353.28
9450,922,2026-08-14 19:19:03.198726,174.93
9451,427,2026-07-20 19:19:03.198726,63.92
9452,866,2026-09-13 19:19:03.198726,156.16
9453,148,2026-05-23 19:19:03.198726,395.18
9454,964,2026-05-15 19:19:03.198726,26.59
9455,720,2025-11-15 19:19:03.198726,199.3
9456,119,2025-11-25 19:19:03.198726,468.82
9457,884,2026-03-10 19:19:03.198726,485.73
9458,625,2026-09-10 19:19:03.198726,120.58
9459,119,2026-05-15 19:19:03.198726,457.34
9460,35,2026-09-20 19:19:03.198726,485.38
9461,382,2025-10-27 19:19:03.198726,137.69
9462,852,2026-02-26 19:19:03.198726,34.56
9463,692,2025-10-12 19:19:03.198726,143.56
9464,883,2025-10-09 19:19:03.198726,76.89
9465,249,2026-05-31 19:19:03.198726,414.45
9466,557,2026-09-30 19:19:03.198726,328.75
9467,434,2026-03-24 19:19:03.198726,96.17
9468,387,2026-06-16 19:19:03.198726,248.66
9469,737,2026-07-14 19:19:03.198726,116.79
9470,889,2025-12-27 19:19:03.198726,231.25
9471,567,2026-03-14 19:19:03.198726,298.66
9472,260,2026-08-16 19:19:03.198726,231.7
9473,862,2026-08-28 19:19:03.198726,422.25
9474,134,2025-11-09 19:19:03.198726,36.43
9475,523,2026-06-25 19:19:03.198726,189.39
9476,79,2025-11-12 19:19:03.198726,481.47
9477,333,2025-10-05 19:19:03.198726,41.32
9478,735,2026-07-20 19:19:03.198726,204.03
9479,17,2026-08-07 19:19:03.199675,404.28
9480,776,2026-08-13 19:19:03.199675,323.98
9481,141,2026-07-31 19:19:03.199675,131.75
9482,351,2026-07-27 19:19:03.199675,206.2
9483,370,2026-04-05 19:19:03.199675,23.59
9484,850,2025-10-14 19:19:03.199675,84.68
9485,281,2026-08-30 19:19:03.199675,213.28
9486,501,2025-10-22 19:19:03.199675,76.82
9487,842,2025-11-09 19:19:03.199675,386.16
9488,934,2026-04-01 19:19:03.199675,466.06
9489,885,2026-07-04 19:19:03.199675,73.45
9490,532,2026-01-24 19:19:03.199675,483.54
9491,411,2026-07-23 19:19:03.199675,15.26
9492,380,2026-03-23 19:19:03.199675,264.85
9493,37,2026-02-13 19:19:03.199675,376.6
9494,941,2026-06-30 19:19:03.199675,173.95
9495,106,2026-04-03 19:19:03.199675,143.36
9496,502,2026-07-08 19:19:03.199675,276.99
9497,705,2026-01-11 19:19:03.199675,457.74
9498,477,2025-11-17 19:19:03.199675,323.58
9499,792,2026-03-05 19:19:03.199675,268.44
9500,503,2026-05-08 19:19:03.199675,228.37
9501,658,2025-10-02 19:19:03.199675,189.98
9502,572,2025-11-29 19:19:03.199675,182.16
9503,552,2025-12-22 19:19:03.199675,26.5
9504,64,2026-04-04 19:19:03.199675,234.97
9505,107,2026-09-23 19:19:03.199675,416.96
9506,29,2026-01-18 19:19:03.199675,448.2
9507,425,2025-10-06 19:19:03.199675,233.26
9508,856,2026-04-15 19:19:03.199675,32.77
9509,808,2026-09-02 19:19:03.199675,330.88
9510,744,2026-03-09 19:19:03.199675,232.65
9511,568,2026-05-15 19:19:03.199675,454.44
9512,495,2026-06-01 19:19:03.199675,491.37
9513,711,2026-04-08 19:19:03.199675,305.85
9514,372,2026-07-08 19:19:03.199675,311.64
9515,149,2026-09-14 19:19:03.199675,98.63
9516,428,2026-06-15 19:19:03.199675,272.19
9517,788,2025-12-08 19:19:03.199675,54.26
9518,259,2026-07-08 19:19:03.199675,419.97
9519,512,2026-09-03 19:19:03.199675,313.6
9520,142,2026-07-02 19:19:03.199675,494.42
9521,83,2025-12-15 19:19:03.199675,294.88
9522,871,2026-09-17 19:19:03.199675,492.57
9523,261,2026-06-05 19:19:03.199675,19.23
9524,692,2026-02-06 19:19:03.199675,474.51
9525,385,2025-10-14 19:19:03.199675,197.18
9526,132,2026-03-27 19:19:03.199675,291.96
9527,622,2026-09-22 19:19:03.199675,41.17
9528,682,2026-07-13 19:19:03.199675,410.24
9529,941,2025-10-29 19:19:03.199675,307.18
9530,616,2026-07-18 19:19:03.199675,200.68
9531,1,2025-12-24 19:19:03.199675,305.46
9532,672,2025-10-25 19:19:03.199675,84.66
9533,724,2026-06-01 19:19:03.199675,182.88
9534,341,2026-09-23 19:19:03.199675,62.89
9535,81,2026-05-02 19:19:03.199675,129.69
9536,82,2026-08-10 19:19:03.199675,360.96
9537,368,2025-12-29 19:19:03.199675,77.34
9538,733,2026-07-17 19:19:03.199675,67.05
9539,374,2026-03-19 19:19:03.199675,39.04
9540,582,2026-09-21 19:19:03.199675,103.66
9541,612,2026-08-07 19:19:03.199675,174.36
9542,1000,2026-05-08 19:19:03.199675,30.49
9543,217,2025-12-26 19:19:03.199675,204.35
9544,602,2026-08-07 19:19:03.199675,348.9
9545,389,2026-04-16 19:19:03.199675,459.2
9546,747,2026-01-31 19:19:03.199675,218.63
9547,267,2026-06-04 19:19:03.199675,127.98
9548,958,2026-08-21 19:19:03.199675,344.14
9549,160,2025-12-21 19:19:03.199675,61.45
9550,170,2026-09-15 19:19:03.199675,386.77
9551,941,2026-05-10 19:19:03.199675,407.32
9552,141,2026-01-28 19:19:03.199675,81.75
9553,831,2025-12-17 19:19:03.199675,308.78
9554,877,2026-03-25 19:19:03.199675,427.76
9555,713,2026-06-26 19:19:03.199675,18.45
9556,870,2026-05-22 19:19:03.199675,425.35
9557,389,2025-10-31 19:19:03.199675,320.2
9558,201,2025-11-06 19:19:03.199675,484.41
9559,439,2026-05-28 19:19:03.199675,346.51
9560,54,2026-04-17 19:19:03.199675,407.89
9561,304,2026-03-24 19:19:03.199675,405.15
9562,786,2025-10-14 19:19:03.199675,192.3
9563,30,2025-10-08 19:19:03.199675,213.0
9564,979,2025-12-08 19:19:03.199675,258.35
9565,313,2025-12-15 19:19:03.199675,359.34
9566,482,2026-04-07 19:19:03.199675,433.04
9567,340,2026-06-14 19:19:03.199675,212.3
9568,653,2026-08-30 19:19:03.199675,237.68
9569,840,2026-02-19 19:19:03.199675,155.42
9570,336,2026-05-14 19:19:03.199675,473.05
9571,618,2026-08-18 19:19:03.199675,64.03
9572,733,2026-06-25 19:19:03.199675,33.82
9573,964,2025-10-28 19:19:03.199675,175.47
9574,316,2026-04-27 19:19:03.199675,321.89
9575,45,2025-11-24 19:19:03.199675,34.12
9576,983,2025-12-20 19:19:03.199675,288.27
9577,727,2025-12-02 19:19:03.199675,377.42
9578,775,2026-03-12 19:19:03.199675,71.99
9579,105,2026-06-08 19:19:03.199675,117.58
9580,632,2026-07-03 19:19:03.199675,97.79
9581,264,2026-06-30 19:19:03.199675,21.86
9582,520,2026-07-06 19:19:03.199675,384.78
9583,445,2026-09-11 19:19:03.199675,297.39
9584,95,2025-11-03 19:19:03.199675,192.85
9585,119,2026-04-06 19:19:03.199675,217.09
9586,100,2026-06-02 19:19:03.199675,438.55
9587,934,2026-09-02 19:19:03.199675,15.7
9588,58,2025-10-02 19:19:03.199675,179.56
9589,445,2026-01-16 19:19:03.199675,239.44
9590,486,2026-05-11 19:19:03.199675,184.23
9591,103,2025-10-15 19:19:03.199675,186.01
9592,612,2026-04-23 19:19:03.199675,473.54
9593,451,2026-09-30 19:19:03.199675,20.39
9594,979,2026-08-14 19:19:03.199675,455.33
9595,579,2025-11-06 19:19:03.199675,393.31
9596,431,2026-06-12 19:19:03.199675,246.53
9597,52,2026-09-10 19:19:03.199675,427.38
9598,513,2025-12-25 19:19:03.199675,491.1
9599,955,2025-11-23 19:19:03.199675,355.66
9600,205,2026-03-11 19:19:03.199675,467.99
9601,900,2025-12-17 19:19:03.199675,355.43
9602,756,2026-05-13 19:19:03.199675,369.2
9603,689,2026-01-17 19:19:03.199675,498.33
9604,595,2026-05-31 19:19:03.199675,374.94
9605,613,2026-08-03 19:19:03.199675,121.5
9606,577,2026-08-08 19:19:03.199675,226.38
9607,922,2026-05-08 19:19:03.199675,455.04
9608,399,2026-08-09 19:19:03.199675,388.25
9609,306,2025-10-18 19:19:03.199675,299.85
9610,954,2026-05-14 19:19:03.199675,367.15
9611,167,2026-06-29 19:19:03.199675,378.74
9612,234,2026-05-18 19:19:03.199675,237.91
9613,977,2026-04-17 19:19:03.199675,96.77
9614,798,2025-12-31 19:19:03.199675,174.62
9615,528,2025-11-19 19:19:03.199675,48.05
9616,24,2026-06-01 19:19:03.199675,57.57
9617,438,2026-03-16 19:19:03.199675,220.38
9618,507,2026-04-16 19:19:03.199675,23.78
9619,215,2026-02-05 19:19:03.199675,135.09
9620,603,2026-03-30 19:19:03.199675,327.01
9621,84,2026-08-07 19:19:03.199675,333.44
9622,276,2026-03-28 19:19:03.199675,486.58
9623,488,2025-12-12 19:19:03.199675,247.36
9624,17,2026-05-28 19:19:03.199675,280.93
9625,203,2026-02-01 19:19:03.199675,344.24
9626,537,2026-03-19 19:19:03.199675,466.37
9627,59,2026-07-24 19:19:03.199675,55.77
9628,983,2026-05-04 19:19:03.199675,460.54
9629,226,2025-10-17 19:19:03.199675,136.09
9630,138,2025-11-07 19:19:03.199675,178.57
9631,226,2025-10-09 19:19:03.199675,150.81
9632,697,2025-12-31 19:19:03.199675,33.02
9633,391,2026-05-31 19:19:03.199675,424.16
9634,7,2026-06-24 19:19:03.199675,219.79
9635,530,2026-06-28 19:19:03.199675,123.74
9636,564,2025-10-15 19:19:03.199675,426.88
9637,45,2026-07-30 19:19:03.199675,22.82
9638,750,2026-05-08 19:19:03.199675,44.52
9639,468,2026-06-10 19:19:03.199675,239.46
9640,53,2025-12-17 19:19:03.199675,448.82
9641,527,2026-05-11 19:19:03.199675,46.86
9642,827,2026-07-21 19:19:03.199675,308.52
9643,108,2026-08-17 19:19:03.199675,311.45
9644,553,2026-08-07 19:19:03.199675,69.09
9645,217,2026-01-31 19:19:03.199675,164.98
9646,527,2026-04-23 19:19:03.199675,64.0
9647,456,2025-10-15 19:19:03.199675,75.54
9648,320,2025-11-21 19:19:03.199675,84.33
9649,410,2026-09-28 19:19:03.199675,273.16
9650,10,2026-09-21 19:19:03.199675,168.87
9651,563,2025-10-30 19:19:03.199675,426.65
9652,962,2026-08-20 19:19:03.199675,202.49
9653,347,2026-06-20 19:19:03.199675,83.96
9654,915,2026-08-06 19:19:03.199675,160.37
9655,346,2026-05-09 19:19:03.199675,196.0
9656,585,2026-04-03 19:19:03.199675,151.41
9657,153,2026-04-21 19:19:03.199675,235.74
9658,104,2026-02-05 19:19:03.199675,44.74
9659,614,2026-08-24 19:19:03.199675,360.98
9660,781,2026-02-16 19:19:03.199675,167.62
9661,116,2026-07-15 19:19:03.199675,363.35
9662,211,2026-05-26 19:19:03.199675,19.07
9663,770,2026-09-12 19:19:03.199675,371.83
9664,550,2026-09-05 19:19:03.199675,478.7
9665,968,2025-11-08 19:19:03.199675,108.72
9666,849,2025-11-02 19:19:03.199675,232.23
9667,298,2025-11-19 19:19:03.199675,192.12
9668,179,2026-05-04 19:19:03.199675,374.11
9669,67,2026-07-21 19:19:03.199675,217.79
9670,751,2026-02-27 19:19:03.199675,426.03
9671,604,2026-02-26 19:19:03.199675,19.06
9672,495,2026-07-03 19:19:03.199675,406.12
9673,614,2026-02-15 19:19:03.199675,397.87
9674,54,2026-01-03 19:19:03.199675,369.39
9675,495,2026-05-31 19:19:03.199675,385.14
9676,933,2026-06-13 19:19:03.199675,335.61
9677,1,2026-01-04 19:19:03.199675,498.78
9678,50,2026-02-21 19:19:03.199675,475.09
9679,786,2026-03-26 19:19:03.199675,484.64
9680,343,2026-08-05 19:19:03.199675,57.25
9681,658,2026-06-19 19:19:03.199675,245.66
9682,235,2026-08-01 19:19:03.199675,333.14
9683,555,2026-05-11 19:19:03.199675,383.14
9684,24,2026-02-05 19:19:03.199675,228.04
9685,404,2025-12-06 19:19:03.199675,38.58
9686,306,2026-03-19 19:19:03.199675,475.62
9687,95,2025-10-03 19:19:03.199675,45.04
9688,999,2025-12-10 19:19:03.199675,309.35
9689,518,2026-01-15 19:19:03.199675,280.91
9690,811,2025-12-03 19:19:03.199675,33.71
9691,955,2026-06-16 19:19:03.199675,171.95
9692,27,2025-10-08 19:19:03.199675,311.8
9693,204,2026-02-17 19:19:03.199675,330.58
9694,395,2026-04-30 19:19:03.199675,43.39
9695,504,2026-03-18 19:19:03.199675,203.63
9696,321,2026-05-19 19:19:03.199675,417.75
9697,483,2026-05-12 19:19:03.199675,16.45
9698,942,2025-11-13 19:19:03.199675,193.06
9699,441,2026-07-07 19:19:03.199675,205.96
9700,113,2026-01-14 19:19:03.199675,320.01
9701,559,2025-10-18 19:19:03.199675,360.91
9702,985,2026-06-02 19:19:03.199675,179.35
9703,886,2026-04-16 19:19:03.199675,190.44
9704,199,2026-01-24 19:19:03.199675,77.14
9705,498,2025-11-19 19:19:03.199675,296.92
9706,370,2026-05-12 19:19:03.199675,378.81
9707,508,2025-11-05 19:19:03.199675,497.52
9708,117,2026-08-05 19:19:03.199675,359.12
9709,911,2026-06-13 19:19:03.199675,176.27
9710,681,2026-03-09 19:19:03.199675,76.83
9711,459,2025-11-15 19:19:03.199675,277.42
9712,914,2026-08-04 19:19:03.199675,68.05
9713,225,2026-08-28 19:19:03.199675,142.92
9714,140,2026-07-02 19:19:03.199675,81.66
9715,245,2025-10-31 19:19:03.199675,369.3
9716,209,2026-02-07 19:19:03.199675,182.1
9717,190,2026-05-14 19:19:03.199675,433.79
9718,179,2026-04-11 19:19:03.199675,154.99
9719,231,2025-10-12 19:19:03.199675,347.74
9720,636,2026-03-08 19:19:03.199675,414.32
9721,689,2026-03-29 19:19:03.199675,17.77
9722,16,2026-08-09 19:19:03.199675,271.52
9723,639,2025-10-12 19:19:03.199675,438.25
9724,958,2026-06-17 19:19:03.199675,60.25
9725,164,2026-06-09 19:19:03.199675,402.88
9726,159,2026-01-22 19:19:03.199675,128.72
9727,256,2026-06-17 19:19:03.199675,134.86
9728,796,2026-03-26 19:19:03.199675,105.67
9729,593,2025-12-28 19:19:03.199675,61.09
9730,541,2026-07-06 19:19:03.199675,32.57
9731,557,2026-03-02 19:19:03.199675,344.92
9732,525,2025-10-28 19:19:03.199675,103.97
9733,697,2026-08-21 19:19:03.199675,443.95
9734,193,2026-01-13 19:19:03.199675,327.14
9735,169,2026-05-16 19:19:03.199675,390.95
9736,666,2025-10-05 19:19:03.199675,387.46
9737,228,2026-08-06 19:19:03.199675,448.24
9738,896,2026-09-18 19:19:03.199675,295.86
9739,427,2026-09-04 19:19:03.199675,412.18
9740,190,2025-12-27 19:19:03.199675,411.54
9741,263,2026-09-18 19:19:03.199675,33.94
9742,575,2026-08-28 19:19:03.199675,171.3
9743,124,2025-11-01 19:19:03.199675,429.82
9744,547,2026-03-29 19:19:03.199675,426.49
9745,30,2026-04-09 19:19:03.199675,147.58
9746,737,2026-07-09 19:19:03.199675,322.12
9747,99,2026-07-05 19:19:03.199675,429.23
9748,423,2026-03-18 19:19:03.199675,157.82
9749,730,2026-03-01 19:19:03.199675,167.86
9750,911,2026-03-17 19:19:03.199675,145.62
9751,321,2026-03-28 19:19:03.199675,341.51
9752,148,2026-07-08 19:19:03.199675,438.06
9753,371,2026-09-30 19:19:03.199675,327.45
9754,695,2026-09-18 19:19:03.199675,176.76
9755,208,2026-08-26 19:19:03.199675,35.43
9756,700,2026-07-29 19:19:03.199675,346.02
9757,939,2026-06-26 19:19:03.199675,155.33
9758,828,2026-05-11 19:19:03.200687,227.3
9759,810,2025-10-07 19:19:03.200687,83.01
9760,419,2026-06-11 19:19:03.200687,326.24
9761,160,2026-06-24 19:19:03.200687,226.83
9762,281,2026-04-28 19:19:03.200687,382.76
9763,829,2026-06-04 19:19:03.200687,283.52
9764,485,2025-12-11 19:19:03.200687,211.3
9765,983,2026-01-02 19:19:03.200687,270.59
9766,343,2025-10-31 19:19:03.200687,138.53
9767,197,2026-04-07 19:19:03.200687,97.19
9768,127,2026-05-10 19:19:03.200687,149.84
9769,617,2026-07-18 19:19:03.200687,202.81
9770,659,2026-02-25 19:19:03.200687,28.41
9771,198,2026-02-02 19:19:03.200687,214.3
9772,766,2026-01-18 19:19:03.200687,96.4
9773,220,2026-01-07 19:19:03.200687,426.01
9774,412,2026-06-18 19:19:03.200687,376.09
9775,960,2025-11-13 19:19:03.200687,219.8
9776,118,2025-10-02 19:19:03.200687,423.01
9777,714,2026-04-27 19:19:03.200687,212.0
9778,481,2026-01-18 19:19:03.200687,237.29
9779,188,2025-11-28 19:19:03.200687,280.97
9780,243,2026-08-09 19:19:03.200687,59.59
9781,896,2026-02-23 19:19:03.200687,124.42
9782,426,2026-03-21 19:19:03.200687,63.85
9783,262,2026-03-23 19:19:03.200687,75.27
9784,429,2026-06-20 19:19:03.200687,14.82
9785,381,2026-07-02 19:19:03.200687,335.12
9786,241,2025-12-15 19:19:03.200687,19.01
9787,274,2026-01-07 19:19:03.200687,357.44
9788,469,2026-08-20 19:19:03.200687,87.52
9789,821,2026-09-06 19:19:03.200687,491.8
9790,872,2025-12-25 19:19:03.200687,234.34
9791,579,2026-06-22 19:19:03.200687,493.93
9792,166,2025-10-25 19:19:03.200687,294.92
9793,776,2026-08-07 19:19:03.200687,64.01
9794,635,2025-10-29 19:19:03.200687,433.65
9795,48,2025-11-02 19:19:03.200687,496.53
9796,550,2026-01-31 19:19:03.200687,169.96
9797,21,2025-10-16 19:19:03.200687,97.19
9798,569,2026-01-02 19:19:03.200687,273.3
9799,79,2026-09-19 19:19:03.200687,315.83
9800,946,2026-06-24 19:19:03.200687,81.79
9801,605,2025-10-18 19:19:03.200687,435.12
9802,891,2026-07-16 19:19:03.200687,74.49
9803,691,2025-10-28 19:19:03.200687,422.85
9804,195,2025-12-04 19:19:03.200687,491.58
9805,773,2025-10-31 19:19:03.200687,454.68
9806,75,2025-11-15 19:19:03.200687,20.43
9807,137,2026-09-09 19:19:03.200687,160.74
9808,173,2025-12-23 19:19:03.200687,164.93
9809,398,2026-01-29 19:19:03.200687,336.34
9810,480,2025-12-13 19:19:03.200687,449.61
9811,570,2026-07-27 19:19:03.200687,51.25
9812,330,2025-11-23 19:19:03.200687,438.92
9813,663,2025-12-27 19:19:03.200687,16.88
9814,219,2025-10-17 19:19:03.200687,64.5
9815,972,2026-01-10 19:19:03.200687,84.34
9816,187,2026-05-27 19:19:03.200687,291.58
9817,864,2026-09-09 19:19:03.200687,182.02
9818,884,2026-09-25 19:19:03.200687,367.4
9819,452,2026-06-21 19:19:03.200687,237.67
9820,539,2025-11-11 19:19:03.200687,245.89
9821,729,2025-12-21 19:19:03.200687,337.8
9822,757,2026-01-27 19:19:03.200687,94.23
9823,354,2026-09-28 19:19:03.200687,49.18
9824,251,2025-11-15 19:19:03.200687,332.77
9825,953,2026-07-09 19:19:03.200687,359.15
9826,270,2026-09-06 19:19:03.200687,468.04
9827,422,2026-06-28 19:19:03.200687,248.53
9828,741,2026-08-08 19:19:03.200687,236.23
9829,24,2025-10-12 19:19:03.200687,84.65
9830,898,2026-03-16 19:19:03.200687,63.31
9831,151,2026-07-15 19:19:03.200687,211.56
9832,989,2025-10-28 19:19:03.200687,106.62
9833,312,2026-02-20 19:19:03.200687,458.66
9834,301,2026-07-26 19:19:03.200687,412.52
9835,223,2026-04-07 19:19:03.200687,393.4
9836,91,2025-10-28 19:19:03.200687,280.41
9837,914,2026-04-19 19:19:03.200687,92.33
9838,602,2026-05-10 19:19:03.200687,80.03
9839,643,2026-06-28 19:19:03.200687,127.09
9840,723,2026-01-16 19:19:03.200687,89.97
9841,178,2026-02-20 19:19:03.200687,428.84
9842,172,2026-03-22 19:19:03.200687,422.3
9843,309,2026-07-15 19:19:03.200687,498.32
9844,589,2025-12-15 19:19:03.200687,240.06
9845,542,2026-02-25 19:19:03.200687,445.31
9846,245,2026-01-09 19:19:03.200687,455.28
9847,895,2026-06-19 19:19:03.200687,492.76
9848,487,2026-04-01 19:19:03.200687,45.22
9849,826,2026-04-17 19:19:03.200687,310.71
9850,31,2026-07-17 19:19:03.200687,241.98
9851,452,2026-04-09 19:19:03.200687,184.38
9852,693,2026-01-30 19:19:03.200687,463.55
9853,75,2026-08-23 19:19:03.200687,212.37
9854,805,2026-06-24 19:19:03.200687,55.66
9855,90,2025-10-07 19:19:03.200687,316.89
9856,889,2026-02-21 19:19:03.200687,79.63
9857,141,2026-05-10 19:19:03.200687,83.18
9858,477,2026-07-25 19:19:03.200687,302.02
9859,423,2026-01-05 19:19:03.200687,38.34
9860,125,2025-12-11 19:19:03.200687,148.04
9861,67,2026-05-24 19:19:03.200687,462.48
9862,653,2026-01-26 19:19:03.200687,397.63
9863,955,2026-02-05 19:19:03.200687,83.07
9864,627,2025-12-12 19:19:03.200687,275.84
9865,458,2026-06-07 19:19:03.200687,409.59
9866,529,2025-12-06 19:19:03.200687,105.18
9867,642,2026-03-01 19:19:03.200687,17.44
9868,651,2025-12-23 19:19:03.200687,479.17
9869,833,2025-12-12 19:19:03.200687,425.25
9870,248,2026-05-21 19:19:03.200687,309.11
9871,831,2026-02-08 19:19:03.200687,317.1
9872,387,2026-03-11 19:19:03.200687,20.3
9873,695,2025-11-23 19:19:03.200687,116.06
9874,11,2026-06-25 19:19:03.200687,420.5
9875,576,2025-11-17 19:19:03.200687,370.47
9876,379,2026-04-06 19:19:03.200687,201.29
9877,786,2026-06-04 19:19:03.200687,383.93
9878,175,2026-04-17 19:19:03.200687,197.9
9879,904,2026-06-18 19:19:03.200687,363.87
9880,571,2026-01-17 19:19:03.200687,226.87
9881,709,2025-11-01 19:19:03.200687,230.42
9882,961,2026-07-03 19:19:03.200687,365.97
9883,471,2026-07-08 19:19:03.200687,93.54
9884,825,2026-06-13 19:19:03.200687,217.63
9885,12,2026-03-11 19:19:03.200687,67.72
9886,549,2026-03-08 19:19:03.200687,60.17
9887,300,2026-05-23 19:19:03.200687,189.68
9888,942,2025-10-11 19:19:03.200687,412.07
9889,114,2026-04-10 19:19:03.200687,237.55
9890,497,2026-02-26 19:19:03.200687,285.92
9891,244,2026-06-23 19:19:03.200687,127.01
9892,787,2026-02-15 19:19:03.200687,47.99
9893,402,2026-04-29 19:19:03.200687,327.11
9894,220,2026-04-07 19:19:03.200687,47.9
9895,334,2025-12-15 19:19:03.200687,103.77
9896,246,2025-11-28 19:19:03.200687,189.66
9897,899,2026-01-16 19:19:03.200687,482.83
9898,366,2026-04-01 19:19:03.200687,344.38
9899,660,2025-10-29 19:19:03.200687,357.68
9900,762,2025-10-20 19:19:03.200687,430.1
9901,277,2026-09-02 19:19:03.200687,271.47
9902,832,2026-03-03 19:19:03.200687,199.05
9903,590,2026-07-09 19:19:03.200687,297.34
9904,354,2026-04-01 19:19:03.200687,223.34
9905,718,2026-04-07 19:19:03.200687,178.52
9906,492,2026-09-01 19:19:03.200687,392.98
9907,565,2026-09-28 19:19:03.200687,24.92
9908,909,2026-06-09 19:19:03.200687,232.76
9909,712,2026-08-03 19:19:03.200687,408.1
9910,323,2026-08-27 19:19:03.200687,332.2
9911,969,2025-11-30 19:19:03.200687,181.24
9912,802,2026-07-20 19:19:03.200687,403.61
9913,7,2026-03-20 19:19:03.200687,185.67
9914,344,2025-10-31 19:19:03.200687,306.39
9915,374,2026-01-08 19:19:03.200687,199.01
9916,333,2026-02-25 19:19:03.200687,446.13
9917,241,2026-06-03 19:19:03.200687,386.98
9918,85,2026-02-22 19:19:03.200687,435.78
9919,615,2026-05-08 19:19:03.200687,344.0
9920,203,2026-08-15 19:19:03.200687,135.51
9921,384,2026-03-10 19:19:03.200687,150.88
9922,548,2026-08-28 19:19:03.200687,372.62
9923,89,2026-04-21 19:19:03.200687,64.53
9924,355,2026-09-02 19:19:03.200687,90.79
9925,773,2026-05-21 19:19:03.200687,335.18
9926,567,2025-10-28 19:19:03.200687,394.04
9927,135,2025-12-17 19:19:03.200687,350.17
9928,507,2026-07-28 19:19:03.200687,89.67
9929,327,2026-07-26 19:19:03.200687,210.32
9930,279,2026-04-07 19:19:03.200687,406.92
9931,213,2026-08-24 19:19:03.200687,276.61
9932,400,2026-03-27 19:19:03.200687,85.61
9933,777,2026-01-29 19:19:03.200687,124.06
9934,452,2026-04-23 19:19:03.200687,132.49
9935,913,2025-11-28 19:19:03.200687,303.53
9936,377,2026-07-27 19:19:03.200687,467.78
9937,826,2026-08-28 19:19:03.200687,169.86
9938,62,2026-09-10 19:19:03.200687,98.58
9939,8,2026-03-31 19:19:03.200687,92.13
9940,485,2026-09-13 19:19:03.200687,429.37
9941,339,2026-06-17 19:19:03.200687,396.86
9942,593,2026-03-20 19:19:03.200687,250.62
9943,726,2026-09-23 19:19:03.200687,292.48
9944,780,2025-11-08 19:19:03.200687,207.51
9945,404,2026-02-14 19:19:03.200687,413.92
9946,185,2025-10-13 19:19:03.200687,449.54
9947,38,2025-10-11 19:19:03.200687,12.55
9948,226,2026-03-01 19:19:03.200687,323.43
9949,29,2026-04-14 19:19:03.200687,66.38
9950,111,2025-10-18 19:19:03.200687,78.36
9951,543,2026-04-06 19:19:03.200687,31.8
9952,610,2025-11-15 19:19:03.200687,310.68
9953,211,2026-01-11 19:19:03.200687,236.25
9954,557,2026-09-05 19:19:03.200687,425.75
9955,701,2025-11-15 19:19:03.200687,97.73
9956,252,2026-03-29 19:19:03.200687,97.71
9957,898,2025-11-12 19:19:03.200687,148.04
9958,169,2026-03-21 19:19:03.200687,320.23
9959,324,2026-03-02 19:19:03.200687,205.7
9960,25,2026-06-30 19:19:03.200687,425.48
9961,431,2025-12-27 19:19:03.200687,416.54
9962,534,2025-12-13 19:19:03.200687,444.43
9963,646,2025-10-27 19:19:03.200687,219.51
9964,54,2026-02-04 19:19:03.200687,347.61
9965,295,2026-07-24 19:19:03.200687,124.15
9966,72,2026-09-02 19:19:03.200687,162.03
9967,68,2026-01-03 19:19:03.200687,481.2
9968,694,2026-05-13 19:19:03.200687,479.33
9969,315,2026-04-27 19:19:03.200687,16.67
9970,997,2026-01-19 19:19:03.200687,468.43
9971,636,2026-03-30 19:19:03.200687,244.13
9972,888,2026-01-23 19:19:03.200687,261.44
9973,135,2026-01-20 19:19:03.200687,430.71
9974,972,2026-05-28 19:19:03.200687,58.09
9975,623,2025-10-10 19:19:03.200687,11.86
9976,143,2026-05-18 19:19:03.200687,109.11
9977,444,2026-02-21 19:19:03.200687,394.61
9978,750,2025-10-20 19:19:03.200687,486.06
9979,569,2026-01-06 19:19:03.200687,377.22
9980,233,2026-07-25 19:19:03.200687,301.78
9981,588,2026-08-25 19:19:03.200687,438.1
9982,290,2026-06-08 19:19:03.200687,211.52
9983,677,2026-08-15 19:19:03.200687,96.49
9984,21,2026-08-10 19:19:03.200687,112.56
9985,359,2025-12-02 19:19:03.200687,333.97
9986,208,2025-11-04 19:19:03.200687,136.68
9987,941,2025-12-21 19:19:03.200687,170.77
9988,712,2026-01-10 19:19:03.200687,398.51
9989,240,2025-10-11 19:19:03.200687,426.62
9990,431,2025-11-22 19:19:03.200687,57.63
9991,784,2026-04-04 19:19:03.200687,91.93
9992,825,2026-05-11 19:19:03.200687,62.99
9993,848,2025-10-14 19:19:03.200687,431.67
9994,595,2026-01-26 19:19:03.200687,290.17
9995,521,2025-11-24 19:19:03.200687,32.06
9996,293,2026-08-10 19:19:03.200687,427.26
9997,251,2025-11-18 19:19:03.200687,148.03
9998,866,2025-10-12 19:19:03.200687,464.18
9999,259,2026-05-23 19:19:03.200687,107.07
10000,864,2026-09-14 19:19:03.200687,307.2
